{"ecm_psm_transform": [[-0.5568349575140591, 0.12685656823926814, -0.8208789442937808, 0.038673634974009746], [0.6342512291374436, -0.5731955427793263, -0.5188181262018086, 0.20909099558573163], [-0.5363396390608829, -0.8095395486524855, 0.23871638138086027, -0.17210704913390262], [0.0, 0.0, 0.0, 1.0]], "suj_ecm_transform": [[0.9905313713929671, 0.13728656950871115, -1.0904014230488687e-05, -0.06327773658667213], [-0.13728656991717292, 0.9905313665889014, -9.759047389125995e-05, 1.0298304124062128], [-2.597093260229732e-06, 9.81634006504311e-05, 0.9999999951786008, 0.7495784915837147], [0.0, 0.0, 0.0, 1.0]], "suj_psm2_transform": [[0.1456900986340533, -0.9887325023261042, -0.03438653812119463, 0.03804319148666165], [-0.8027373098788115, -0.13845639096275492, 0.5800367567060711, 0.27281599813554974], [-0.5782622298650753, -0.056902255188430895, -0.8138641943628814, -0.21732641288625354], [0.0, 0.0, 0.0, 1.0]], "ecm_transform": [[0.9938601414283611, 0.11050989114016403, 0.005439047728002831, -0.06217484806995106], [0.09239060647802273, -0.8018509802549855, -0.5903380229146198, 0.9113239279555273], [-0.060876884895841574, 0.5872159478627161, -0.8071378045049499, 0.5875706640621146], [0.0, 0.0, 0.0, 1.0]], "psm2_transform": [[-0.2801175096998576, 0.9467333385521105, 0.15884006558020902, 0.025097636376201944], [0.8235442806286568, 0.32201861075716565, -0.4669891135453301, -0.0737869436190027], [-0.493263619784977, 0.0, -0.8698798775673695, -0.005626710124624536], [0.0, 0.0, 0.0, 1.0]]}