{"ecm_psm_transform": [[-0.5386319997435484, 0.13786143148157418, -0.8311857762029603, 0.03707019695479898], [0.545863754894007, -0.6943776963188323, -0.4689055085493955, 0.2170073009853989], [-0.6418008491310071, -0.7062817005733639, 0.29876048850193593, -0.1627119087283812], [0.0, 0.0, 0.0, 1.0]], "suj_ecm_transform": [[0.990525395841675, 0.13732967659505785, -1.0908261287770803e-05, -0.06323996419202953], [-0.13732967700372872, 0.9905253910376269, -9.75899992639623e-05, 1.0298068618745586], [-2.597093260222097e-06, 9.816340065044686e-05, 0.999999995178601, 0.7495760221970746], [0.0, 0.0, 0.0, 1.0]], "suj_psm2_transform": [[0.14565419500787546, -0.9887412572207281, -0.03428675759213423, 0.03806885728680519], [-0.8027727223565206, -0.13837169820645634, 0.5800079563038443, 0.27282029206152925], [-0.5782221127879048, -0.05695611824058372, -0.8138889290794268, -0.2173892696083568], [0.0, 0.0, 0.0, 1.0]], "ecm_transform": [[0.9938579308376849, 0.11052907418692728, 0.005453170675532335, -0.06219976135167252], [0.09241438306029107, -0.8018483362426292, -0.5903378926246505, 0.9113373287818374], [-0.060876884895841615, 0.5872159478627164, -0.8071378045049495, 0.5875692119906717], [0.0, 0.0, 0.0, 1.0]], "psm2_transform": [[-0.1455550999065409, 0.9858952665715651, 0.08260893561219271, 0.013044028592614464], [0.8574278714844912, 0.16736344688068092, -0.4866281145287358, -0.07683903675604337], [-0.493590070901727, 0.0, -0.8696946831545127, -0.005596144798027277], [0.0, 0.0, 0.0, 1.0]]}