{"ecm_psm_transform": [[-0.5331248793167891, 0.14021154788179355, -0.8343372129385404, 0.03641664552914211], [0.5175758315928388, -0.7260488969379707, -0.45273420216075805, 0.21963877987014704], [-0.6692481763923165, -0.673196643705053, 0.3145046220643049, -0.1601692644428549], [0.0, 0.0, 0.0, 1.0]], "suj_ecm_transform": [[0.9905314080241573, 0.1372863052120775, -1.0903988191099017e-05, -0.06328589603321601], [-0.13728630562053798, 0.9905314032200915, -9.759047680073261e-05, 1.0298272187743802], [-2.597093260232928e-06, 9.816340065046447e-05, 0.999999995178601, 0.7495803811580284], [0.0, 0.0, 0.0, 1.0]], "suj_psm2_transform": [[0.14547746237384532, -0.9887684646021866, -0.03425246486753386, 0.03791054420929789], [-0.8028104860764975, -0.13820937322096588, 0.5799943901448412, 0.27291251559640534], [-0.5782141743220109, -0.05687787409971451, -0.813900040576859, -0.21731434318502751], [0.0, 0.0, 0.0, 1.0]], "ecm_transform": [[0.9938558647079784, 0.11054699911310303, 0.0054663674084762665, -0.06219586106072474], [0.09243660027789485, -0.8018458652152417, -0.5903377705740038, 0.911327975374667], [-0.060876884895841574, 0.5872159478627161, -0.8071378045049499, 0.5875718272573787], [0.0, 0.0, 0.0, 1.0]], "psm2_transform": [[-0.10610417778466842, 0.9925291295436949, 0.06023147403039975, 0.009509290563003946], [0.8631530379188987, 0.1220078973150314, -0.4899805160658338, -0.07735768005825297], [-0.49366865060282644, 0.0, -0.8696500810164882, -0.005589758933998837], [0.0, 0.0, 0.0, 1.0]]}