{"ecm_psm_transform": [[-0.530049834382498, 0.141612982956518, -0.8360579741436855, 0.03620729802179618], [0.5018639229163733, -0.7423426020212407, -0.4439144783619053, 0.22098635467173347], [-0.6835055054248468, -0.6548841304249865, 0.3224081260939836, -0.15894769347939872], [0.0, 0.0, 0.0, 1.0]], "suj_ecm_transform": [[0.9905313590751934, 0.13728665838220575, -1.090402298660893e-05, -0.06327745062045488], [-0.13728665879066795, 0.9905313542711277, -9.759047291295235e-05, 1.0298299089424092], [-2.5970932602291434e-06, 9.816340065046571e-05, 0.9999999951786009, 0.7495760202744379], [0.0, 0.0, 0.0, 1.0]], "suj_psm2_transform": [[0.1456509759197834, -0.9887431817328586, -0.03424490897050475, 0.037975712953572785], [-0.802787008579784, -0.1383458991768721, 0.5799943370727552, 0.27285626023946025], [-0.5782030889481105, -0.05698537319107605, -0.8139003963465906, -0.21736231734167366], [0.0, 0.0, 0.0, 1.0]], "ecm_transform": [[0.9938632363418547, 0.1104830257202754, 0.005419268934830135, -0.06215565625361091], [0.09235730795921622, -0.8018546823479833, -0.5903382048141063, 0.9113238359050214], [-0.060876884895841574, 0.587215947862716, -0.8071378045049498, 0.5875774998255934], [0.0, 0.0, 0.0, 1.0]], "psm2_transform": [[-0.08488711850639499, 0.9952250931033179, 0.048178741880351164, 0.007607399008477492], [0.8655351433712333, 0.09760642426342771, -0.49124525598915075, -0.0775673777993619], [-0.4936021603488176, 0.0, -0.8696878217492643, -0.005595717791647227], [0.0, 0.0, 0.0, 1.0]]}