{"ecm_psm_transform": [[-0.5267663944681319, 0.142944071876651, -0.8379046234353689, 0.03589188721610407], [0.48342042304887445, -0.7604345780943785, -0.433640342931411, 0.22259230047066164], [-0.699157965154007, -0.6334873674776375, 0.3314692972327314, -0.1575384463274324], [0.0, 0.0, 0.0, 1.0]], "suj_ecm_transform": [[0.9905304262870326, 0.13729338833577265, -1.0904686044275607e-05, -0.06326963579462913], [-0.1372933887442675, 0.9905304214829697, -9.759039882560837e-05, 1.0298223053069373], [-2.597093260231405e-06, 9.81634006504623e-05, 0.9999999951786009, 0.7495786397984121], [0.0, 0.0, 0.0, 1.0]], "suj_psm2_transform": [[0.14568431873314555, -0.9887374327413161, -0.03426905851304518, 0.03795442337141644], [-0.8027755924889635, -0.1383864719036315, 0.5800004590498693, 0.2728185344393765], [-0.578210538972832, -0.05698660798974314, -0.8138950172660908, -0.2173643239479106], [0.0, 0.0, 0.0, 1.0]], "ecm_transform": [[0.9938612397733393, 0.1105003580710223, 0.005432029305595512, -0.062175162803835816], [0.09237879064795908, -0.8018522940304331, -0.5903380875367544, 0.9113251373050067], [-0.060876884895841574, 0.587215947862716, -0.8071378045049498, 0.5875724094043355], [0.0, 0.0, 0.0, 1.0]], "psm2_transform": [[-0.06055921598508379, 0.9975721008888266, 0.03438727798946269, 0.005427962614615797], [0.867477039797909, 0.06964124875569516, -0.49257860478831644, -0.07775254128488723], [-0.49377744661206335, 0.0, -0.8695883124888875, -0.005580664183475945], [0.0, 0.0, 0.0, 1.0]]}