{"ecm_psm_transform": [[-0.523879859604272, 0.1439709947147605, -0.8395369231795891, 0.0357412723256542], [0.46829174654155614, -0.7746157860556409, -0.42505673046601783, 0.2239005110662381], [-0.7115143939668879, -0.6158268723222822, 0.33838518067978146, -0.15650769369357845], [0.0, 0.0, 0.0, 1.0]], "suj_ecm_transform": [[0.9905229194872807, 0.13734753675026667, -1.0910020932666718e-05, -0.06323004864038193], [-0.13734753715902415, 0.9905229146832399, -9.758980256108473e-05, 1.0298129109977205], [-2.597093260229654e-06, 9.816340065044811e-05, 0.999999995178601, 0.7495734061063803], [0.0, 0.0, 0.0, 1.0]], "suj_psm2_transform": [[0.1457427410334911, -0.9887289881019573, -0.034264289324672625, 0.03805982588674196], [-0.8027669641290548, -0.13843106405281919, 0.5800017601768339, 0.2727679274928642], [-0.578207795467223, -0.05702480681321426, -0.813894290844241, -0.21743336844343708], [0.0, 0.0, 0.0, 1.0]], "ecm_transform": [[0.9938606151312774, 0.11050577979408883, 0.005436020877411976, -0.062187780743401755], [0.0923855106402393, -0.8018515468637524, -0.5903380507945849, 0.9113332539525665], [-0.060876884895841574, 0.587215947862716, -0.80713780450495, 0.5875737191663228], [0.0, 0.0, 0.0, 1.0]], "psm2_transform": [[-0.04087766123003349, 0.998894588572317, 0.023208139376175878, 0.0036635350939382533], [0.8686579114543858, 0.0470063923412698, -0.49317728247230036, -0.07785080279744866], [-0.49372304957340934, 0.0, -0.8696191984540893, -0.0055829147371891374], [0.0, 0.0, 0.0, 1.0]]}