{"ecm_psm_transform": [[-0.5212447800299974, 0.14460876828036268, -0.8410660993215193, 0.035376468822721475], [0.4543103011274323, -0.7872641990237892, -0.4169139374318557, 0.2252355135395186], [-0.7224306399793556, -0.5994192064589421, 0.3446601011825285, -0.15543368758423814], [0.0, 0.0, 0.0, 1.0]], "suj_ecm_transform": [[0.9905229684422315, 0.13734718369650803, -1.0909986148571299e-05, -0.06323227340629628], [-0.13734718410526378, 0.9905229636381907, -9.758980644975356e-05, 1.0298230279353346], [-2.5970932602265125e-06, 9.816340065044641e-05, 0.9999999951786009, 0.7495712228492954], [0.0, 0.0, 0.0, 1.0]], "suj_psm2_transform": [[0.14556043501415053, -0.9887548789913481, -0.03429211322295378, 0.03793383123730077], [-0.8027871060090457, -0.13829883927480158, 0.5800054253891629, 0.27284253245244083], [-0.5782257536500016, -0.05689657569702439, -0.8138905070645808, -0.21734275586851437], [0.0, 0.0, 0.0, 1.0]], "ecm_transform": [[0.993861232505035, 0.11050042116022331, 0.005432075753000757, -0.06215824545465613], [0.09237886884429534, -0.8018522853363365, -0.5903380871093642, 0.9113309322569351], [-0.060876884895841574, 0.5872159478627161, -0.8071378045049499, 0.5875718257467359], [0.0, 0.0, 0.0, 1.0]], "psm2_transform": [[-0.022859067540295257, 0.999654485623595, 0.012975839233507324, 0.002048632486822727], [0.8693564643695447, 0.02628515498576351, -0.49348599624129047, -0.07791183487241184], [-0.49365656168035765, 0.0, -0.8696569433460111, -0.005590186031786473], [0.0, 0.0, 0.0, 1.0]]}