{"ecm_psm_transform": [[-0.5149780707249959, 0.14627615944965855, -0.8446306126639143, 0.03478207011936335], [0.4197948003771213, -0.8160524492865817, -0.39727915322818513, 0.22844937910278879], [-0.7473753489704448, -0.5591615913043644, 0.35884314478791013, -0.15317186038894262], [0.0, 0.0, 0.0, 1.0]], "suj_ecm_transform": [[0.990537469706849, 0.13724256259612252, -1.0899678524393178e-05, -0.0632971469095792], [-0.13724256300437085, 0.9905374649027651, -9.75909582325187e-05, 1.0298345160613467], [-2.5970932602344958e-06, 9.816340065051727e-05, 0.999999995178601, 0.7495723859072285], [0.0, 0.0, 0.0, 1.0]], "suj_psm2_transform": [[0.14552210262800713, -0.9887635399163553, -0.034204967165627875, 0.03790075540562504], [-0.8028190043205946, -0.13821920975556082, 0.5799802551434293, 0.27296056647714895], [-0.5781911136885562, -0.05693954852847183, -0.8139121106513656, -0.21731659909967194], [0.0, 0.0, 0.0, 1.0]], "ecm_transform": [[0.9938536687779698, 0.11056604535340306, 0.005480389719618423, -0.062210126013439566], [0.09246020734320323, -0.8018432391624943, -0.590337640564661, 0.9113533567725167], [-0.06087688489584159, 0.5872159478627161, -0.8071378045049498, 0.5875696503175292], [0.0, 0.0, 0.0, 1.0]], "psm2_transform": [[0.020165850047655552, 0.9997310923052357, -0.011449085991279681, -0.0018073284236986109], [0.8693853511601104, -0.023189288005030388, -0.4935902836462966, -0.07791711495353196], [-0.49372304957340934, 0.0, -0.8696191984540893, -0.0055835709850292], [0.0, 0.0, 0.0, 1.0]]}