{"ecm_psm_transform": [[-0.5088266262077304, 0.1477480049483262, -0.8480955084752235, 0.034310508735529946], [0.3836559301804275, -0.842999985870001, -0.3770399860234576, 0.23150246827161616], [-0.7706514073817354, -0.5172248552196302, 0.37225644043264466, -0.15114446733931414], [0.0, 0.0, 0.0, 1.0]], "suj_ecm_transform": [[0.9905246693619817, 0.13733491641361878, -1.0908777532915028e-05, -0.06324423567481469], [-0.13733491682231502, 0.9905246645579359, -9.758994155852673e-05, 1.0298117902408839], [-2.5970932602224027e-06, 9.816340065043082e-05, 0.999999995178601, 0.7495707853464253], [0.0, 0.0, 0.0, 1.0]], "suj_psm2_transform": [[0.14563144423804575, -0.9887441753574869, -0.0342992440993114, 0.03798366786955949], [-0.8027731011538776, -0.1383602750688332, 0.5800101571064624, 0.27279154797660654], [-0.5782273173354294, -0.05693320629931187, -0.8138868345830106, -0.21739030090319433], [0.0, 0.0, 0.0, 1.0]], "ecm_transform": [[0.9938575190613441, 0.11053264694422747, 0.005455801016613613, -0.06219829331332693], [0.09241881134600564, -0.8018478437554066, -0.590337868321351, 0.9113403235573693], [-0.060876884895841546, 0.587215947862716, -0.8071378045049498, 0.5875648502830941], [0.0, 0.0, 0.0, 1.0]], "psm2_transform": [[0.06352187860269262, 0.9973280087663029, -0.036080657824185056, -0.005694315537331922], [0.8671997395161665, -0.07305369894975301, -0.49257260262102676, -0.07773871080833841], [-0.49389227845946104, 0.0, -0.8695230976104787, -0.005572995415492037], [0.0, 0.0, 0.0, 1.0]]}