{"ecm_psm_transform": [[-0.5060524035941127, 0.14811034482333998, -0.8496907028871934, 0.03399388343242594], [0.3687465353178389, -0.8534198068653491, -0.36837565872489486, 0.23288322641966644], [-0.7797031213915404, -0.49973789030472937, 0.3772599680406962, -0.15030729659749228], [0.0, 0.0, 0.0, 1.0]], "suj_ecm_transform": [[0.9905233489882203, 0.13734443923995912, -1.0909715755072975e-05, -0.0632385206590425], [-0.13734443964870155, 0.9905233441841783, -9.758983667786949e-05, 1.0298065064423674], [-2.597093260227479e-06, 9.816340065048383e-05, 0.999999995178601, 0.7495758789263001], [0.0, 0.0, 0.0, 1.0]], "suj_psm2_transform": [[0.14554548464044642, -0.988757226808895, -0.03428787444507131, 0.03791532345486455], [-0.8027909644737315, -0.13828438823171743, 0.5800035304467687, 0.2728259886931489], [-0.5782241600453181, -0.05689089913653189, -0.8138920360436778, -0.21735672246901183], [0.0, 0.0, 0.0, 1.0]], "ecm_transform": [[0.9938572445028541, 0.11053502904121017, 0.005457554768693213, -0.06217999504459533], [0.09242176385772409, -0.801847515385906, -0.5903378521108709, 0.9113452430408965], [-0.06087688489584159, 0.5872159478627161, -0.8071378045049497, 0.5875716843985983], [0.0, 0.0, 0.0, 1.0]], "psm2_transform": [[0.08116315338261348, 0.9956350236362672, -0.04608082292884877, -0.007274657195360526], [0.8658199145803938, -0.0933322008141325, -0.4915739779597677, -0.07760347902941325], [-0.493729093784223, 0.0, -0.8696157668482156, -0.005586310482538267], [0.0, 0.0, 0.0, 1.0]]}