{"ecm_psm_transform": [[-0.5550671212006633, 0.1280485049800547, -0.821890547052575, 0.03840357911882007], [0.6259666813530264, -0.5863946663497098, -0.5141079741771094, 0.20985009348230263], [-0.5477829906065786, -0.7998405313867167, 0.2453343016235757, -0.17108850559202982], [0.0, 0.0, 0.0, 1.0]], "suj_ecm_transform": [[0.9905266110322568, 0.1373209114373368, -1.0907397714108279e-05, -0.06325702189663872], [-0.13732091184596515, 0.9905266062282052, -9.759009578728917e-05, 1.029818311641878], [-2.597093260230597e-06, 9.81634006504648e-05, 0.9999999951786009, 0.7495742749322172], [0.0, 0.0, 0.0, 1.0]], "suj_psm2_transform": [[0.14556925911890456, -0.9887528316606684, -0.03431368069127899, 0.03793023616826601], [-0.8027792482858447, -0.13831800362364907, 0.5800117312565172, 0.27282934025636574], [-0.5782344414864851, -0.056885567208018906, -0.8138851042513523, -0.2173368561126776], [0.0, 0.0, 0.0, 1.0]], "ecm_transform": [[0.9938586282111891, 0.11052302306427186, 0.005448715711792292, -0.062184875191537536], [0.09240688294468091, -0.8018491703234635, -0.5903379337599962, 0.9113380856505676], [-0.06087688489584158, 0.587215947862716, -0.8071378045049499, 0.587568045499459], [0.0, 0.0, 0.0, 1.0]], "psm2_transform": [[-0.26656677987381955, 0.9518807383969303, 0.1512124721595987, 0.023884947432534435], [0.8279468309365253, 0.3064686931301708, -0.46966050001383997, -0.07418578767846908], [-0.49340267227678, 0.0, -0.8698010134451055, -0.0056122808490002805], [0.0, 0.0, 0.0, 1.0]]}