{"ecm_psm_transform": [[-0.5518301959044002, 0.13007394562248228, -0.8237500856196078, 0.0380506264295209], [0.6107636961049933, -0.6095398150374615, -0.5053997639535114, 0.21136417277631214], [-0.5678478162397732, -0.78201149771234, 0.2569180317483069, -0.16917923139133012], [0.0, 0.0, 0.0, 1.0]], "suj_ecm_transform": [[0.9905397709956746, 0.13722595219953668, -1.0898042014705935e-05, -0.0633227037843986], [-0.13722595260770445, 0.9905397661915838, -9.759114099602022e-05, 1.0298258746504563], [-2.5970932602252402e-06, 9.816340065043126e-05, 0.999999995178601, 0.7495747103751194], [0.0, 0.0, 0.0, 1.0]], "suj_psm2_transform": [[0.14537567551932173, -0.9887818352121724, -0.034298619822806464, 0.03786719708281575], [-0.8028119711012331, -0.1381525516019363, 0.5800058719896097, 0.27297562562870353], [-0.578237712384668, -0.05678340285966371, -0.8138899146296282, -0.21723286367760108], [0.0, 0.0, 0.0, 1.0]], "ecm_transform": [[0.9938565651421807, 0.11054092291123768, 0.005461893968042763, -0.0622007821411448], [0.09242906907009715, -0.8018467028912843, -0.5903378119798964, 0.9113401265899472], [-0.060876884895841574, 0.587215947862716, -0.8071378045049495, 0.5875674654124701], [0.0, 0.0, 0.0, 1.0]], "psm2_transform": [[-0.24220007200357016, 0.9604439875829286, 0.13742806058905427, 0.02170265566703899], [0.8353391549170528, 0.2784732423695378, -0.4739843347059695, -0.07485166248874157], [-0.49350544210163416, 0.0, -0.8697427082856577, -0.005601759052411913], [0.0, 0.0, 0.0, 1.0]]}