{"ecm_psm_transform": [[-0.5493414356263802, 0.13212318859762806, -0.8250863289006451, 0.03794615505167233], [0.5971397833623185, -0.6286344145113054, -0.4982397535504687, 0.2123424781215717], [-0.5845066862149236, -0.7663956131964902, 0.26643891953546306, -0.16779039563774176], [0.0, 0.0, 0.0, 1.0]], "suj_ecm_transform": [[0.9905289759230149, 0.13730385186865182, -1.0905716946979505e-05, -0.06326003252650116], [-0.1373038522771974, 0.9905289711189562, -9.759028362765257e-05, 1.029810579099185], [-2.5970932602247507e-06, 9.816340065040026e-05, 0.9999999951786009, 0.7495725326112828], [0.0, 0.0, 0.0, 1.0]], "suj_psm2_transform": [[0.145675118787289, -0.9887349075982637, -0.03438084151039028, 0.037984725406843826], [-0.8027428231322014, -0.13844122323360541, 0.5800327470232406, 0.27276164542366943], [-0.57825835028649, -0.056897365547416645, -0.8138672926943993, -0.21734244313121787], [0.0, 0.0, 0.0, 1.0]], "ecm_transform": [[0.9938585238112909, 0.11052392897575787, 0.005449382662602354, -0.062195633795251205], [0.0924080057842409, -0.8018490454564711, -0.5903379276037802, 0.9113301431875943], [-0.06087688489584156, 0.587215947862716, -0.8071378045049498, 0.5875668838148378], [0.0, 0.0, 0.0, 1.0]], "psm2_transform": [[-0.22137918228840664, 0.9670534887701836, 0.12569330732673406, 0.019841548953416156], [0.8409583240053837, 0.25457327011572994, -0.47747413273248607, -0.07537256024280403], [-0.49374118213429646, 0.0, -0.8696089035104387, -0.005583258324755532], [0.0, 0.0, 0.0, 1.0]]}