{"ecm_psm_transform": [[-0.39914350044343877, 0.04078293453593401, -0.9159810141615365, 0.011098726156806956], [0.6082817608191003, -0.735728835872692, -0.2978193739840119, -0.0844803775850563], [-0.6860595932632778, -0.6760472116028966, 0.2688538676965144, 0.17502179505763948], [0.0, 0.0, 0.0, 1.0]], "suj_ecm_transform": [[0.9680002294867495, 0.25094930807695764, -2.2120050706471538e-05, 0.0035265448414146666], [-0.25094930903841023, 0.9680002247621862, -9.567393311350896e-05, 0.9073957463807945], [-2.5970932602207916e-06, 9.816340065046023e-05, 0.9999999951786009, 1.0884732393383227], [0.0, 0.0, 0.0, 1.0]], "suj_psm2_transform": [[0.0377562233139371, -0.9989742658413007, 0.0249976756500101, 0.024421509994274365], [-0.8203302035684331, -0.016699871649010573, 0.5716462817164827, -0.03242103602665747], [-0.5706424666237536, -0.04208955302377976, -0.8201192869405142, 0.11917034579205388], [0.0, 0.0, 0.0, 1.0]], "ecm_transform": [[0.9461671410826271, -0.3003406514534321, -0.12067822595669749, -0.00594787170484039], [-0.31826659509466754, -0.795374871743354, -0.5158344577925075, 0.8669407268250003], [0.05894162860300585, 0.5264734622787469, -0.8481459649929688, 1.0219542767678396], [0.0, 0.0, 0.0, 1.0]], "psm2_transform": [[-0.12256731326610054, 0.9908616436695352, 0.05630680974124298, 0.010331623483083963], [0.9003950514720767, 0.13488218230925447, -0.41363697632113283, -0.07589741840587758], [-0.4174517996168252, 0.0, -0.9086990673466514, -0.011827739989834798], [0.0, 0.0, 0.0, 1.0]]}