{"ecm_psm_transform": [[-0.39846388572810976, 0.04041672246072812, -0.9162930864717841, 0.011088103554439743], [0.5941691245009615, -0.749679512908337, -0.29145098973117234, -0.0833271588442909], [-0.6987056485103131, -0.6605657548428099, 0.2747058431645234, 0.17610839009836943], [0.0, 0.0, 0.0, 1.0]], "suj_ecm_transform": [[0.968009799075828, 0.2509123918901573, -2.2116402034891685e-05, 0.003499281988231809], [-0.2509123928514298, 0.9680097943512281, -9.567477662212182e-05, 0.9074067376528112], [-2.5970932602285047e-06, 9.816340065044376e-05, 0.9999999951786009, 1.088470887621633], [0.0, 0.0, 0.0, 1.0]], "suj_psm2_transform": [[0.0378124559391334, -0.9989727172745844, 0.02497455338708643, 0.024468938906717336], [-0.8203158352333368, -0.016758289053084303, 0.5716651906609729, -0.03245179948024063], [-0.5706593981012529, -0.04210308645511168, -0.8201068110128518, 0.11918838653672648], [0.0, 0.0, 0.0, 1.0]], "ecm_transform": [[0.9461601900753902, -0.3003580219670438, -0.12068949149178701, -0.005945659241709681], [-0.31828725883096015, -0.7953683122656281, -0.515831822118023, 0.8669558713652277], [0.058941628603005836, 0.5264734622787469, -0.8481459649929688, 1.021944321360211], [0.0, 0.0, 0.0, 1.0]], "psm2_transform": [[-0.10375029492845575, 0.9934602873908716, 0.04767109899619832, 0.008745965689921928], [0.902727609492222, 0.11417818257989086, -0.41478452922356146, -0.07609833500144372], [-0.4175149570526987, 0.0, -0.9086700504788761, -0.011823165598189744], [0.0, 0.0, 0.0, 1.0]]}