{"ecm_psm_transform": [[-0.39755704142669673, 0.039738164380708284, -0.9167165740313109, 0.010953827563705346], [0.5763301896767825, -0.7665885912113137, -0.2831703450076959, -0.08173150455887682], [-0.7139971367443825, -0.6409078015723519, 0.2818603884984886, 0.1774412734744754], [0.0, 0.0, 0.0, 1.0]], "suj_ecm_transform": [[0.9680141370623627, 0.2508956555190769, -2.2114747869617236e-05, 0.0034725209472597773], [-0.2508956564802677, 0.9680141323377461, -9.567515898768365e-05, 0.907413731076598], [-2.5970932602312423e-06, 9.816340065041016e-05, 0.9999999951786009, 1.0884614198713736], [0.0, 0.0, 0.0, 1.0]], "suj_psm2_transform": [[0.03767845352727768, -0.9989777099542521, 0.0249773728472642, 0.02441448509918906], [-0.8203127238381389, -0.01664624424039044, 0.5716729289217242, -0.03236075995879373], [-0.5706727339281649, -0.04202900863983999, -0.8201013310461741, 0.11922362089375294], [0.0, 0.0, 0.0, 1.0]], "ecm_transform": [[0.9461730555132188, -0.3003258703359601, -0.12066863978568591, -0.0059778672858458795], [-0.3182490116848831, -0.795380453068327, -0.5158367003601222, 0.8669528523680473], [0.058941628603005905, 0.5264734622787471, -0.848145964992969, 1.021940496285742], [0.0, 0.0, 0.0, 1.0]], "psm2_transform": [[-0.08029162419095194, 0.996088255218856, 0.03689773570063746, 0.0067690462602929425], [0.9050924393139941, 0.08836395087961581, -0.4159320719559734, -0.07630450440244321], [-0.41756548154920947, 0.0, -0.9086468338241084, -0.0118219040889125], [0.0, 0.0, 0.0, 1.0]]}