{"ecm_psm_transform": [[-0.396601560085585, 0.03909862693501712, -0.9171578380570473, 0.010855081239619915], [0.5597763022112027, -0.7815479127979994, -0.27537856031986885, -0.08027016372104953], [-0.7275697176356594, -0.6226187897685771, 0.2880766366901001, 0.17864331531905292], [0.0, 0.0, 0.0, 1.0]], "suj_ecm_transform": [[0.9680169052973905, 0.2508849747781792, -2.2113692222407795e-05, 0.0034846534861262823], [-0.25088497573931784, 0.9680169005727634, -9.567540298819606e-05, 0.9074093959963683], [-2.5970932602304783e-06, 9.816340065043977e-05, 0.9999999951786009, 1.0884640206095841], [0.0, 0.0, 0.0, 1.0]], "suj_psm2_transform": [[0.03756060825059789, -0.9989825070406778, 0.024962999310332024, 0.024397156893420258], [-0.8202999272666346, -0.01655661618901009, 0.5716938934313749, -0.03230221887806589], [-0.5706988961214132, -0.041950316889057315, -0.8200871544407391, 0.11928151767226591], [0.0, 0.0, 0.0, 1.0]], "ecm_transform": [[0.9461538483835501, -0.3003738686974931, -0.1206997688179199, -0.005933601012461626], [-0.3183061099109212, -0.7953623278229427, -0.5158294174176636, 0.8669402535512283], [0.05894162860300585, 0.5264734622787466, -0.8481459649929688, 1.0219385776887677], [0.0, 0.0, 0.0, 1.0]], "psm2_transform": [[-0.05885782111334673, 0.9979001202584081, 0.02703898818454345, 0.00496174067849301], [0.9067909085839267, 0.06477152142920996, -0.41657520103971873, -0.07644287968703352], [-0.4174517996168252, 0.0, -0.9086990673466514, -0.01183223731692206], [0.0, 0.0, 0.0, 1.0]]}