{"ecm_psm_transform": [[-0.3911515925640342, 0.03503593889062313, -0.9196591295804508, 0.010355984966516772], [0.441921882043122, -0.8693841117024912, -0.2210798871239428, -0.07036417685262819], [-0.8072827768546068, -0.4928932433147392, 0.32457783178860555, 0.18532536387388526], [0.0, 0.0, 0.0, 1.0]], "suj_ecm_transform": [[0.9679743424118225, 0.25104914248542454, -2.2129918022679516e-05, 0.0035917906444426356], [-0.2510491434473644, 0.9679743376873583, -9.567165122945723e-05, 0.9073790275635861], [-2.597093260241105e-06, 9.816340065044116e-05, 0.999999995178601, 1.088465910927775], [0.0, 0.0, 0.0, 1.0]], "suj_psm2_transform": [[0.03749136169153759, -0.9989842780791536, 0.02499619869473685, 0.024366739788502373], [-0.8203268900394838, -0.016482653449185383, 0.5716573410824206, -0.03233170321164025], [-0.570664692509238, -0.04193726607620618, -0.8201116231571105, 0.11923813544404882], [0.0, 0.0, 0.0, 1.0]], "ecm_transform": [[0.9461461643555924, -0.3003930682637576, -0.12071222065013223, -0.005927100361462665], [-0.31832894950479457, -0.7953550767143658, -0.515826503634565, 0.8669417215943753], [0.0589416286030059, 0.5264734622787471, -0.848145964992969, 1.0219538598074278], [0.0, 0.0, 0.0, 1.0]], "psm2_transform": [[0.08350256865186906, 0.9957694807958813, -0.038346605378321005, -0.007039869344882616], [0.9049125736004278, -0.09188656656715813, -0.41555997524346533, -0.0762906625453359], [-0.4173254786954545, 0.0, -0.9087570879127215, -0.01185188219112392], [0.0, 0.0, 0.0, 1.0]]}