{"ecm_psm_transform": [[-0.39042215448910983, 0.03431340982834245, -0.919996266943532, 0.010377755996210367], [0.41774049354685927, -0.8839059663207451, -0.21024538699770814, -0.06843163317517642], [-0.8204044254727716, -0.466404151577301, 0.33076237097975647, 0.18637206681491048], [0.0, 0.0, 0.0, 1.0]], "suj_ecm_transform": [[0.9679809676404264, 0.25102359609463465, -2.2127393095758723e-05, 0.0035719712003255966], [-0.25102359705644983, 0.967980962915937, -9.567223523809757e-05, 0.9073887833551992], [-2.597093260227092e-06, 9.81634006504756e-05, 0.9999999951786009, 1.0884637150304977], [0.0, 0.0, 0.0, 1.0]], "suj_psm2_transform": [[0.03764303982516577, -0.9989781012141399, 0.025015092390655747, 0.02444854052618517], [-0.8203502232937552, -0.016598298032399803, 0.5716205101676406, -0.032427287718134856], [-0.5706211639035195, -0.04203867025751046, -0.8201367187904548, 0.11917361015285732], [0.0, 0.0, 0.0, 1.0]], "ecm_transform": [[0.9461731210714772, -0.3003257064901247, -0.1206685335249732, -0.005969741335169993], [-0.3182488167762536, -0.7953805149344786, -0.5158367252174649, 0.8669540918883578], [0.05894162860300589, 0.526473462278747, -0.8481459649929688, 1.021939037067354], [0.0, 0.0, 0.0, 1.0]], "psm2_transform": [[0.11074994426480082, 0.9925441977170841, -0.05089661504946357, -0.0093383558202246], [0.9018663813614406, -0.1218852557865379, -0.41446473262736233, -0.07604472604803124], [-0.41757811247162396, 0.0, -0.9086410292214611, -0.011829082707275316], [0.0, 0.0, 0.0, 1.0]]}