{"ecm_psm_transform": [[-0.38975194331653573, 0.033651897849867884, -0.9203048258333141, 0.010244803555878342], [0.3986769994353006, -0.8946686866755447, -0.20155542960565892, -0.06681460756969011], [-0.8301506325976329, -0.4454609869038572, 0.3352826215961578, 0.18719866648250372], [0.0, 0.0, 0.0, 1.0]], "suj_ecm_transform": [[0.967998308151025, 0.2509567192314728, -2.2120783200485523e-05, 0.003516198696091641], [-0.25095672019296156, 0.9679983034264692, -9.567376375610666e-05, 0.9073945341014713], [-2.597093260224783e-06, 9.816340065044552e-05, 0.999999995178601, 1.0884820996841287], [0.0, 0.0, 0.0, 1.0]], "suj_psm2_transform": [[0.03768037413753695, -0.9989777662312742, 0.024972224178657965, 0.024373684580653088], [-0.8203067869051999, -0.016650332867500554, 0.5716813288648395, -0.03241368143755513], [-0.5706811410605073, -0.042026051336942705, -0.8200956323788724, 0.119174824590776], [0.0, 0.0, 0.0, 1.0]], "ecm_transform": [[0.9461514363988917, -0.3003798955292867, -0.12070367750043656, -0.0059333289817990464], [-0.31831327936160614, -0.7953600517237736, -0.515828502803031, 0.8669429985924647], [0.05894162860300591, 0.5264734622787471, -0.8481459649929688, 1.021954916204795], [0.0, 0.0, 0.0, 1.0]], "psm2_transform": [[0.1320278627981421, 0.9893869961171649, -0.06067961238511833, -0.011132992051234188], [0.8989861319323276, -0.14530441120025653, -0.41317134784384396, -0.07580525238278121], [-0.4176033740743804, 0.0, -0.9086294194894271, -0.011828451405049432], [0.0, 0.0, 0.0, 1.0]]}