{"ecm_psm_transform": [[-0.40616059454752756, 0.04346734203401667, -0.9127673096760734, 0.011718556823341083], [0.7131058534549474, -0.6095300538447312, -0.3463425403099225, -0.09327226746355913], [-0.5714136970751491, -0.7915704034617115, 0.21657027302557702, 0.16538464780090717], [0.0, 0.0, 0.0, 1.0]], "suj_ecm_transform": [[0.9679958045524749, 0.25096637599374905, -2.212173764318079e-05, 0.0035311183439176025], [-0.250966376955285, 0.9679957998279286, -9.567354307383714e-05, 0.9073965211721228], [-2.5970932602283743e-06, 9.816340065040925e-05, 0.999999995178601, 1.0884724986196075], [0.0, 0.0, 0.0, 1.0]], "suj_psm2_transform": [[0.03768212591223048, -0.9989772511641435, 0.024990178936264817, 0.024418288545371064], [-0.8203230541677609, -0.016642696992012526, 0.571658208580712, -0.03239698120629081], [-0.570657641837566, -0.04204131650369414, -0.8201112019226566, 0.11920645219398596], [0.0, 0.0, 0.0, 1.0]], "ecm_transform": [[0.9461469597378651, -0.3003910809673555, -0.12071093179185897, -0.005921078316025076], [-0.3183265854376924, -0.7953558272820365, -0.5158268052477374, 0.8669274646093441], [0.058941628603005905, 0.5264734622787471, -0.8481459649929688, 1.0219406904835031], [0.0, 0.0, 0.0, 1.0]], "psm2_transform": [[-0.27420057342880655, 0.9533651970204164, 0.12613027646658123, 0.02310690764673848], [0.866125562683242, 0.30181915298771633, -0.3984114814565654, -0.07298848115865585], [-0.4179001737232845, 0.0, -0.9084929525329566, -0.011758479892597255], [0.0, 0.0, 0.0, 1.0]]}