{"ecm_psm_transform": [[-0.387203166462866, 0.03153219309916801, -0.9214550605859667, 0.010158842325275657], [0.34026982560929414, -0.9239752975816918, -0.17460267821154699, -0.06195140041881499], [-0.8569073191780726, -0.38115006264879614, 0.3470367071101675, 0.18944630436488297], [0.0, 0.0, 0.0, 1.0]], "suj_ecm_transform": [[0.9679980474289239, 0.2509577248949656, -2.2120882596948185e-05, 0.003533095136657019], [-0.25095772585645937, 0.9679980427043691, -9.567374077451557e-05, 0.9074002359583593], [-2.5970932602241543e-06, 9.816340065041995e-05, 0.9999999951786009, 1.0884649962104287], [0.0, 0.0, 0.0, 1.0]], "suj_psm2_transform": [[0.037773317432422855, -0.9989751296603562, 0.02493725747199277, 0.0245017388668545], [-0.8202849395413203, -0.01674516789185697, 0.5717099066082085, -0.032480203887601145], [-0.5707063995189141, -0.04205103651931258, -0.8200767743789662, 0.11918947581926931], [0.0, 0.0, 0.0, 1.0]], "ecm_transform": [[0.9461732439202604, -0.3003253994612013, -0.12066833440419134, -0.005979068050900722], [-0.31824845153910364, -0.7953806308646816, -0.5158367717973044, 0.866935092464963], [0.05894162860300591, 0.5264734622787471, -0.8481459649929688, 1.0219440581992991], [0.0, 0.0, 0.0, 1.0]], "psm2_transform": [[0.19529832940422603, 0.9766388765844494, -0.08963853677845826, -0.01646302178003317], [0.8876096354179059, -0.21488719073938442, -0.4073973863065734, -0.07482264085222681], [-0.4171422990362047, 0.0, -0.9088411865418455, -0.011867324603315198], [0.0, 0.0, 0.0, 1.0]]}