{"ecm_psm_transform": [[-0.3864040596583067, 0.03006615403309243, -0.9218394269400926, 0.009960249127004514], [0.3042804739036652, -0.9393572074375691, -0.15818163621625983, -0.05889899264690661], [-0.870692423235979, -0.3416197640897707, 0.3538228948255169, 0.19063510784343174], [0.0, 0.0, 0.0, 1.0]], "suj_ecm_transform": [[0.9679897708978863, 0.25098964709243454, -2.2124037683356486e-05, 0.0035445798410906337], [-0.2509896480540841, 0.9679897661733631, -9.567301122702131e-05, 0.9073914174981459], [-2.597093260217683e-06, 9.81634006504362e-05, 0.999999995178601, 1.0884694183036796], [0.0, 0.0, 0.0, 1.0]], "suj_psm2_transform": [[0.03771427269862391, -0.9989771182585595, 0.02494696034866767, 0.024371259677994306], [-0.8202825844645701, -0.016690885616145193, 0.5717148729580808, -0.03245741770133115], [-0.5707136893915719, -0.042025367733940444, -0.8200730169978084, 0.11919661714851015], [0.0, 0.0, 0.0, 1.0]], "ecm_transform": [[0.9461550225179637, -0.30037093482968014, -0.12069786606885734, -0.005942059805347587], [-0.31830261981588703, -0.7953634358114364, -0.5158298626413268, 0.8669461448658465], [0.05894162860300585, 0.5264734622787469, -0.8481459649929689, 1.021945553776122], [0.0, 0.0, 0.0, 1.0]], "psm2_transform": [[0.23274716357668207, 0.9666393569172644, -0.10694443185873055, -0.019624861937176667], [0.8783534281268603, -0.25614127675674897, -0.4035924945278531, -0.0740613311635752], [-0.4175212726853589, 0.0, -0.9086671485506661, -0.011835374252537046], [0.0, 0.0, 0.0, 1.0]]}