{"ecm_psm_transform": [[-0.3851864442605557, 0.02859594784592209, -0.922395617359874, 0.009888761518254192], [0.2672416585087684, -0.9532357788023291, -0.1411504373659531, -0.055722688296216114], [-0.8832968352232404, -0.3008717696592858, 0.3595314716498363, 0.19170184304765106], [0.0, 0.0, 0.0, 1.0]], "suj_ecm_transform": [[0.9680050679932806, 0.2509306435055494, -2.2118205962576276e-05, 0.003502560272143851], [-0.25093064446691093, 0.9680050632686988, -9.56743596040783e-05, 0.9074055990400092], [-2.597093260238947e-06, 9.816340065040054e-05, 0.9999999951786008, 1.0884620189100682], [0.0, 0.0, 0.0, 1.0]], "suj_psm2_transform": [[0.0377309655827391, -0.998976080777796, 0.02496325840167002, 0.024401513001145847], [-0.8202986221295822, -0.0166964673089645, 0.5716916988305056, -0.032405024371769175], [-0.5706895344830698, -0.04204780628326604, -0.8200886764358242, 0.1192050924516539], [0.0, 0.0, 0.0, 1.0]], "ecm_transform": [[0.9461533652223345, -0.3003750759858238, -0.12070055180057127, -0.005941301804418908], [-0.3183075460872349, -0.7953618718814345, -0.5158292342056462, 0.8669479359821716], [0.05894162860300586, 0.5264734622787469, -0.8481459649929689, 1.0219478529750725], [0.0, 0.0, 0.0, 1.0]], "psm2_transform": [[0.2703368389822203, 0.9547213188061053, -0.1241982161958537, -0.02279326938737218], [0.8675460615084425, -0.2975016023774173, -0.39856822219547133, -0.07314656470928187], [-0.4174707470593486, 0.0, -0.9086903627472392, -0.011838884885890459], [0.0, 0.0, 0.0, 1.0]]}