{"ecm_psm_transform": [[-0.38453678416079956, 0.027630651140622194, -0.9226960543672094, 0.009877813350759324], [0.24357830538876105, -0.9610897355932685, -0.1302924759193748, -0.053823866537113504], [-0.8903937728731095, -0.2748509910020457, 0.3628441290333677, 0.19225133862424476], [0.0, 0.0, 0.0, 1.0]], "suj_ecm_transform": [[0.9679803422186379, 0.25102600779332934, -2.21276314605817e-05, 0.0035759833775171335], [-0.2510260087551563, 0.9679803374941509, -9.567218010794669e-05, 0.9073767725999566], [-2.597093260222164e-06, 9.816340065044824e-05, 0.999999995178601, 1.0884672890635334], [0.0, 0.0, 0.0, 1.0]], "suj_psm2_transform": [[0.037729444745757235, -0.998976129222591, 0.0249636183800811, 0.024444638091338067], [-0.8203023457259945, -0.016695284957318306, 0.5716863904770038, -0.03250109111258165], [-0.5706842827655306, -0.04204712479639261, -0.8200923659568774, 0.11915496859116415], [0.0, 0.0, 0.0, 1.0]], "ecm_transform": [[0.9461731321253237, -0.3003256788638956, -0.12066851560823617, -0.00597865455315077], [-0.31824878391249234, -0.7953805253657957, -0.5158367294086867, 0.8669495864125321], [0.05894162860300588, 0.526473462278747, -0.8481459649929688, 1.0219368755085985], [0.0, 0.0, 0.0, 1.0]], "psm2_transform": [[0.2938175170219157, 0.946279794353231, -0.1350030277063561, -0.02477342501613116], [0.8598561085020908, -0.3233489613386858, -0.39508596769922577, -0.07249935621452416], [-0.4175149570526987, 0.0, -0.9086700504788761, -0.011834407813256453], [0.0, 0.0, 0.0, 1.0]]}