{"ecm_psm_transform": [[-0.4050726101830536, 0.04305290085425937, -0.9132702930718383, 0.01163059159220766], [0.6966018874389615, -0.6324321733593613, -0.3387851184990734, -0.09187986336077889], [-0.5921671984296027, -0.7734183821373708, 0.22619021923161844, 0.16712848984096415], [0.0, 0.0, 0.0, 1.0]], "suj_ecm_transform": [[0.9680046230335358, 0.2509323600026112, -2.2118375615382494e-05, 0.003496615984349513], [-0.2509323609639811, 0.9680046183089557, -9.567432038322274e-05, 0.9073955131139657], [-2.597093260225569e-06, 9.816340065040732e-05, 0.999999995178601, 1.0884693920448099], [0.0, 0.0, 0.0, 1.0]], "suj_psm2_transform": [[0.037646190968241344, -0.9989783972084074, 0.0249985242865311, 0.024425166175653712], [-0.8203350282874879, -0.01660925081363867, 0.5716419982401364, -0.032390577466487436], [-0.5706428004190969, -0.042027308958952236, -0.8201222467605178, 0.1191957076949548], [0.0, 0.0, 0.0, 1.0]], "ecm_transform": [[0.9461728810552145, -0.3003263063478687, -0.12066892255722278, -0.00597727832085344], [-0.31824953035833414, -0.7953802884354596, -0.5158366342118645, 0.866938508662792], [0.05894162860300592, 0.526473462278747, -0.8481459649929687, 1.0219494296345246], [0.0, 0.0, 0.0, 1.0]], "psm2_transform": [[-0.24878042144811374, 0.9617726740284417, 0.11446233177897297, 0.020966980993092948], [0.873730170663956, 0.2738490889014984, -0.40199784250584447, -0.07363716073301926], [-0.4179759452117231, 0.0, -0.9084580943688965, -0.011755090235964424], [0.0, 0.0, 0.0, 1.0]]}