{"ecm_psm_transform": [[-0.4043742966823427, 0.04272923816824576, -0.9135948994977052, 0.01155985267810071], [0.68531108511216, -0.6473440488237655, -0.33360815199099686, -0.09098810178009156], [-0.6056650434068773, -0.7609992737565625, 0.2324864738795139, 0.16829363616258614], [0.0, 0.0, 0.0, 1.0]], "suj_ecm_transform": [[0.9679901378306264, 0.25098823194161557, -2.2123897814364867e-05, 0.0035476826831423447], [-0.2509882329032582, 0.9679901331061018, -9.567304357110258e-05, 0.9073829858536713], [-2.597093260231344e-06, 9.816340065042679e-05, 0.9999999951786009, 1.088474154055669], [0.0, 0.0, 0.0, 1.0]], "suj_psm2_transform": [[0.03762611793636828, -0.9989818131362859, 0.024892012212300307, 0.024418766717223067], [-0.8202393573335528, -0.016646662808934447, 0.5717781784034487, -0.03244390090588767], [-0.5707816324393059, -0.04193120127380612, -0.8200305496929104, 0.11921502371644088], [0.0, 0.0, 0.0, 1.0]], "ecm_transform": [[0.94617117887285, -0.3003305604630817, -0.12067168152591742, -0.005973812813295206], [-0.31825459099278763, -0.7953786821182474, -0.5158359888025006, 0.8669621917795551], [0.05894162860300592, 0.526473462278747, -0.8481459649929686, 1.0219468187967486], [0.0, 0.0, 0.0, 1.0]], "psm2_transform": [[-0.23163167681616315, 0.966949209695452, 0.10656449767475731, 0.01952325615462696], [0.8784440724284863, 0.25496906845604, -0.4041370878129294, -0.07404034231961443], [-0.41795068837195226, 0.0, -0.908469714459107, -0.01176246165641905], [0.0, 0.0, 0.0, 1.0]]}