{"ecm_psm_transform": [[-0.40321855402013507, 0.04253047422142744, -0.9141148486138992, 0.011479732645199033], [0.670274757621115, -0.6663505735400267, -0.3266629186773934, -0.08976161270032837], [-0.6230140824972314, -0.7444246583136391, 0.24017781143301886, 0.16970236923835272], [0.0, 0.0, 0.0, 1.0]], "suj_ecm_transform": [[0.9679949729086748, 0.2509695836832607, -2.212205468076462e-05, 0.0035332933992659743], [-0.25096958464481234, 0.9679949681841317, -9.567346976755338e-05, 0.9073966235886779], [-2.5970932602215353e-06, 9.816340065044305e-05, 0.9999999951786012, 1.0884667872667728], [0.0, 0.0, 0.0, 1.0]], "suj_psm2_transform": [[0.03779550814572274, -0.9989739563580985, 0.024950632902888292, 0.02443938154688069], [-0.8202920129795993, -0.016756283481075614, 0.5716994318746337, -0.032481933629243176], [-0.570694763429527, -0.04207447542334808, -0.82008366982398, 0.11917050336371937], [0.0, 0.0, 0.0, 1.0]], "ecm_transform": [[0.9461667043848478, -0.30034174279524223, -0.12067893373838186, -0.005954500022590788], [-0.31826789334009414, -0.7953744596420891, -0.5158342922081793, 0.8669518669475478], [0.05894162860300593, 0.5264734622787473, -0.8481459649929686, 1.0219582071638953], [0.0, 0.0, 0.0, 1.0]], "psm2_transform": [[-0.2095100058973906, 0.9730487684715449, 0.09634132864396919, 0.01765797549144022], [0.8840588151372586, 0.23059942362462646, -0.40652665005150207, -0.07451046943471937], [-0.41778651104000675, 0.0, -0.908545227929253, -0.011780044527706767], [0.0, 0.0, 0.0, 1.0]]}