{"ecm_psm_transform": [[-0.40230581487228995, 0.042188825686484424, -0.9145327409705671, 0.011389990584870616], [0.6543681429246393, -0.6853739422775817, -0.31947596587575283, -0.08842521330241446], [-0.6402752258562735, -0.7269681301364467, 0.24812289882358013, 0.17113400379428936], [0.0, 0.0, 0.0, 1.0]], "suj_ecm_transform": [[0.9680036266911629, 0.25093620349307266, -2.211875549307224e-05, 0.0035030401285779944], [-0.2509362044544613, 0.9680036219665866, -9.567423256078886e-05, 0.9074052617604553], [-2.5970932602304054e-06, 9.816340065042516e-05, 0.999999995178601, 1.0884628083928038], [0.0, 0.0, 0.0, 1.0]], "suj_psm2_transform": [[0.03785883284952467, -0.9989702199574254, 0.025004167922266896, 0.02442955306160341], [-0.8203377723413262, -0.016781102894590956, 0.571633041256112, -0.03247760221226448], [-0.570624787443853, -0.04215322317278147, -0.820128317844716, 0.11914422683059178], [0.0, 0.0, 0.0, 1.0]], "ecm_transform": [[0.9461449824007239, -0.3003960213974896, -0.12071413590169551, -0.005916372499416863], [-0.3183324625223752, -0.7953539613560668, -0.5158260554292046, 0.8669176952750342], [0.05894162860300588, 0.5264734622787469, -0.8481459649929689, 1.0219331352704786], [0.0, 0.0, 0.0, 1.0]], "psm2_transform": [[-0.18667681859776988, 0.9786613874661314, 0.08586998358612818, 0.01573562060411169], [0.8891069734291055, 0.20547965515560562, -0.40898276383836696, -0.07494583481463699], [-0.4179001737232845, 0.0, -0.9084929525329566, -0.011773460542886839], [0.0, 0.0, 0.0, 1.0]]}