{"ecm_psm_transform": [[-0.4012149193960172, 0.0415416980697077, -0.9150414612330597, 0.011193729268792009], [0.6434200581965831, -0.6982331646688337, -0.3138169473862932, -0.08735952987925436], [-0.6519487841574316, -0.7146640714895574, 0.25341280109263586, 0.17222915385025203], [0.0, 0.0, 0.0, 1.0]], "suj_ecm_transform": [[0.967986472661476, 0.251002367030403, -2.2125294881533755e-05, 0.003549184783206427], [-0.2510023679921146, 0.9679864679369654, -9.567272049579749e-05, 0.9073942714069694], [-2.5970932602436463e-06, 9.816340065044308e-05, 0.999999995178601, 1.088465649786776], [0.0, 0.0, 0.0, 1.0]], "suj_psm2_transform": [[0.037520755200701264, -0.998984243381823, 0.024953444732464525, 0.024336283110566292], [-0.8202890519622712, -0.016528512013416798, 0.5717103108406049, -0.03235059981509231], [-0.5707171489976517, -0.04192004014155337, -0.8200760001820094, 0.11924888405542466], [0.0, 0.0, 0.0, 1.0]], "ecm_transform": [[0.9461804576427588, -0.3003073699216276, -0.12065664153163835, -0.005984724790096926], [-0.3182270038707666, -0.7953874383512625, -0.515839506940339, 0.8669563590924028], [0.05894162860300597, 0.5264734622787473, -0.8481459649929686, 1.021948619952658], [0.0, 0.0, 0.0, 1.0]], "psm2_transform": [[-0.17076596493829665, 0.9821827379502825, 0.07846052823668065, 0.014393356015950827], [0.8924857383910103, 0.1879283620757828, -0.41006357738302796, -0.07522497223883107], [-0.41750232572687007, 0.0, -0.9086758542036069, -0.01181748493063096], [0.0, 0.0, 0.0, 1.0]]}