{"ecm_psm_transform": [[-0.5986983919617478, 0.11097864894923105, -0.7932489993311186, -0.0020850951733714885], [0.6728048295827974, -0.4677008907469534, -0.5732273005401691, 0.20867540230044335], [-0.4346192549260566, -0.8768920208736704, 0.20534480021566176, -0.1831906063589264], [0.0, 0.0, 0.0, 1.0]], "suj_ecm_transform": [[0.9779258828167473, 0.2089520696095266, -1.7971681093207035e-05, 0.059134578125769686], [-0.2089520703662466, 0.9779258780551022, -9.653919825309721e-05, 1.0329986817349832], [-2.5970932602282896e-06, 9.81634006504686e-05, 0.999999995178601, 0.6492839210531611], [0.0, 0.0, 0.0, 1.0]], "suj_psm2_transform": [[0.1480224743660365, -0.9852300524061424, -0.08608769318750659, -0.006795305340686883], [-0.7296420112739157, -0.16755297654301932, 0.6629845665139797, 0.2769208606862606], [-0.6676165684483206, -0.03532341839862929, -0.7436668431804153, -0.22018626108594108], [0.0, 0.0, 0.0, 1.0]], "ecm_transform": [[0.9909361670092754, -0.07447070735514794, -0.11180172923076512, 0.048672472674025906], [-0.12819777231363436, -0.7729148545076451, -0.6214241376509667, 0.9749545142334571], [-0.040135322183669636, 0.6301243856790896, -0.7754562621358881, 0.5768494029520135], [0.0, 0.0, 0.0, 1.0]], "psm2_transform": [[-0.2893684708734418, 0.9431091946938669, 0.16374044994518566, 0.025793058424339654], [0.8208117110648039, 0.33248315278204066, -0.4644599962267829, -0.07316361853443301], [-0.4924774340446829, 0.0, -0.8703252133293422, -0.005487276087244777], [0.0, 0.0, 0.0, 1.0]]}