{"ecm_psm_transform": [[-0.5825775482996666, 0.13095645273159387, -0.8021557253458381, -0.0037266662300594446], [0.5939798497790832, -0.6050702347288845, -0.530167849932029, 0.21558111677727548], [-0.5547894540035592, -0.7853282234410595, 0.2747148397763435, -0.17223129064911893], [0.0, 0.0, 0.0, 1.0]], "suj_ecm_transform": [[0.97793911949117, 0.20889011045541117, -1.7965564595028415e-05, 0.05909738271972043], [-0.2088901112118295, 0.9779391147294769, -9.654033669631997e-05, 1.033014752687448], [-2.5970932602195397e-06, 9.816340065041901e-05, 0.9999999951786009, 0.6492853742232536], [0.0, 0.0, 0.0, 1.0]], "suj_psm2_transform": [[0.14792189536855913, -0.9852434156805925, -0.08610763455473819, -0.006939117247121526], [-0.7296319644544906, -0.1674904751009772, 0.6630114155855311, 0.27699816082485373], [-0.6676498403481079, -0.0352470226897002, -0.743640597382, -0.22008684368567866], [0.0, 0.0, 0.0, 1.0]], "ecm_transform": [[0.9909407375440232, -0.07444314738194889, -0.1117795709580994, 0.048649257935814885], [-0.12816243829188168, -0.7729175094280242, -0.6214281237847704, 0.9749697197223681], [-0.04013532218366964, 0.6301243856790893, -0.7754562621358884, 0.5768569660558602], [0.0, 0.0, 0.0, 1.0]], "psm2_transform": [[-0.14915756939206043, 0.9851741736982628, 0.0847576956446904, 0.013336277998015454], [0.8565437566565346, 0.17155712598998996, -0.48672471218828217, -0.07658414992141921], [-0.49404940281895293, 0.0, -0.8694338316250617, -0.0054349579103619115], [0.0, 0.0, 0.0, 1.0]]}