{"ecm_psm_transform": [[-0.5804061612139451, 0.1330268109252879, -0.8033881724297041, -0.003874220305469452], [0.5836886864262978, -0.6199781452107134, -0.5243420799430716, 0.21650343587865212], [-0.5678346637559519, -0.7732599608386117, 0.2821928907698312, -0.1710525635107582], [0.0, 0.0, 0.0, 1.0]], "suj_ecm_transform": [[0.9779397957373148, 0.2088869445190599, -1.796525205966663e-05, 0.0591036792182876], [-0.20888694527546284, 0.9779397909756193, -9.654039485672607e-05, 1.0330156380380795], [-2.5970932602303766e-06, 9.816340065043389e-05, 0.999999995178601, 0.649276214403878], [0.0, 0.0, 0.0, 1.0]], "suj_psm2_transform": [[0.14789182586548802, -0.9852451685545128, -0.08613922266982593, -0.00689153630569761], [-0.7296166354555015, -0.16748838579681743, 0.6630288122621597, 0.2770032275835449], [-0.6676732532524918, -0.035207931821766014, -0.7436214281662867, -0.22007867955429972], [0.0, 0.0, 0.0, 1.0]], "ecm_transform": [[0.9909427118731166, -0.07443123994971662, -0.11176999733873678, 0.04862944299030116], [-0.12814717202797163, -0.7729186561935851, -0.6214298457663068, 0.9749669982566086], [-0.04013532218366965, 0.6301243856790897, -0.7754562621358879, 0.5768463529290602], [0.0, 0.0, 0.0, 1.0]], "psm2_transform": [[-0.1325782852098347, 0.9883049399843972, 0.07534151507141874, 0.011854464448843891], [0.8592521756763596, 0.15249047708770896, -0.48829535426113313, -0.07682988472075644], [-0.4940735743654606, 0.0, -0.8694200958764053, -0.005434108291322161], [0.0, 0.0, 0.0, 1.0]]}