{"ecm_psm_transform": [[-0.5776304786008902, 0.13539773591754836, -0.8049909833654717, -0.0041461593330764865], [0.571264517672548, -0.6373710705176023, -0.5171218128406472, 0.21768059017072905], [-0.5830950874768697, -0.7585681060891291, 0.2908170342065509, -0.1696777887315304], [0.0, 0.0, 0.0, 1.0]], "suj_ecm_transform": [[0.9779478705023608, 0.20884913755455534, -1.796151982852743e-05, 0.059071938496897805], [-0.20884913831077415, 0.9779478657406361, -9.654108931489654e-05, 1.0330122426405481], [-2.597093260226924e-06, 9.816340065042113e-05, 0.9999999951786009, 0.6492818835388121], [0.0, 0.0, 0.0, 1.0]], "suj_psm2_transform": [[0.1478308960155839, -0.9852607556877424, -0.08606549532099944, -0.00691471982567772], [-0.7296799853276383, -0.16739644441786777, 0.6629823145518392, 0.277061630571362], [-0.6676175141467515, -0.0352090002396413, -0.7436714201222456, -0.22006563631466936], [0.0, 0.0, 0.0, 1.0]], "ecm_transform": [[0.9909423374072375, -0.07443349851187406, -0.11177181323197533, 0.048634155832308], [-0.12815006768275142, -0.7729184386931347, -0.6214295191581047, 0.9749716538359524], [-0.04013532218366963, 0.6301243856790895, -0.7754562621358883, 0.5768434463142125], [0.0, 0.0, 0.0, 1.0]], "psm2_transform": [[-0.11294742327849491, 0.9915262353009506, 0.06417635300227312, 0.010098625919907721], [0.8620834771714058, 0.1299065999475156, -0.4898329854941728, -0.07707885930448598], [-0.49401918784881915, 0.0, -0.8694510003658592, -0.005438315288162448], [0.0, 0.0, 0.0, 1.0]]}