{"ecm_psm_transform": [[-0.5744525390710353, 0.13846275648877046, -0.8067418083999193, -0.004357285080009586], [0.5550800168481602, -0.6584482176723061, -0.5082638286756296, 0.21901629961498043], [-0.6015733166046239, -0.7397797034994235, 0.30138934128402467, -0.16805864856712643], [0.0, 0.0, 0.0, 1.0]], "suj_ecm_transform": [[0.9779448307809231, 0.2088633707144588, -1.796292489835919e-05, 0.05908335595328364], [-0.20886337147074693, 0.9779448260192094, -9.654082789034666e-05, 1.0330145114734495], [-2.5970932602202377e-06, 9.816340065042239e-05, 0.999999995178601, 0.649282319256377], [0.0, 0.0, 0.0, 1.0]], "suj_psm2_transform": [[0.1479829687775573, -0.9852333692837791, -0.08611764628409735, -0.00684140606113319], [-0.7296212628664684, -0.16754242409808512, 0.6630100669676723, 0.2769695145566417], [-0.667648001363683, -0.03528093220239226, -0.7436406404292398, -0.22010542565911906], [0.0, 0.0, 0.0, 1.0]], "ecm_transform": [[0.990939113557759, -0.07445294077529402, -0.11178744487317563, 0.04865093141529994], [-0.12817499418597902, -0.7729165661198243, -0.6214267074104263, 0.9749656426583937], [-0.040135322183669636, 0.6301243856790895, -0.775456262135888, 0.576845191519102], [0.0, 0.0, 0.0, 1.0]], "psm2_transform": [[-0.08836815253343357, 0.9948203903713835, 0.0502340573630678, 0.007902578767606076], [0.8648485061346406, 0.10164836890638318, -0.4916346921600961, -0.07734159022040932], [-0.4941944263693273, 0.0, -0.869351407053265, -0.005425924417726741], [0.0, 0.0, 0.0, 1.0]]}