{"ecm_psm_transform": [[-0.569209269332656, 0.14269625975514835, -0.8097151259286659, -0.0048484416374828315], [0.529949708599968, -0.6892782877541004, -0.4940129030557654, 0.22124521087665805], [-0.6286128491055467, -0.7103050186241593, 0.3167217492638294, -0.16563176917180475], [0.0, 0.0, 0.0, 1.0]], "suj_ecm_transform": [[0.9779447024342179, 0.20886397166141463, -1.7962984222677e-05, 0.05908325943125338], [-0.2088639724177057, 0.9779446976725047, -9.654081685211767e-05, 1.0330330392867237], [-2.597093260228696e-06, 9.816340065042544e-05, 0.9999999951786009, 0.6492746132937497], [0.0, 0.0, 0.0, 1.0]], "suj_psm2_transform": [[0.14802605819293704, -0.9852237412397113, -0.086153733485484, -0.006863442358749], [-0.7295854776112489, -0.16759711509377706, 0.6630356233800786, 0.27695347141570054], [-0.6676775546284504, -0.0352900369774507, -0.7436136741181559, -0.22009573393355297], [0.0, 0.0, 0.0, 1.0]], "ecm_transform": [[0.9909392602806629, -0.0744520560077786, -0.11178673351801224, 0.04865153897686972], [-0.12817385984523336, -0.7729166513465501, -0.6214268353745356, 0.9749682987944893], [-0.040135322183669636, 0.6301243856790897, -0.7754562621358879, 0.5768514390930506], [0.0, 0.0, 0.0, 1.0]], "psm2_transform": [[-0.05119072578623016, 0.9982649115038634, 0.029097698425523198, 0.004577843678800009], [0.867860149410481, 0.058882649907962735, -0.4933067956201637, -0.07761031003256225], [-0.4941642142635347, 0.0, -0.8693685808339886, -0.005429281873648783], [0.0, 0.0, 0.0, 1.0]]}