{"ecm_psm_transform": [[-0.5658310987379437, 0.14508570454593328, -0.8116559037162374, -0.0051558315498648295], [0.5132431863870289, -0.7084514386021961, -0.4844357447275838, 0.22278128228986943], [-0.6453034939687691, -0.6906856719803078, 0.32639960660639555, -0.16417215895807802], [0.0, 0.0, 0.0, 1.0]], "suj_ecm_transform": [[0.9779361074321464, 0.20890421120133038, -1.7966956594799423e-05, 0.05910742043595386], [-0.20890421195781736, 0.9779361026704643, -9.654007764331762e-05, 1.033011719507708], [-2.5970932602249116e-06, 9.81634006504201e-05, 0.999999995178601, 0.6492785402450809], [0.0, 0.0, 0.0, 1.0]], "suj_psm2_transform": [[0.14787025323525968, -0.9852573882965953, -0.08603642841908732, -0.00686512246968915], [-0.7297042849840557, -0.16740766919585884, 0.6629527349444441, 0.27699641855251356], [-0.6675822381430235, -0.035249838317110926, -0.7437011524897412, -0.2201408673371381], [0.0, 0.0, 0.0, 1.0]], "ecm_transform": [[0.9909394939564847, -0.07445064688096947, -0.11178560057660279, 0.0486745538675072], [-0.1281720532350154, -0.7729167870809609, -0.6214270391751275, 0.9749677335968708], [-0.04013532218366962, 0.6301243856790899, -0.7754562621358881, 0.5768515886810603], [0.0, 0.0, 0.0, 1.0]], "psm2_transform": [[-0.027392189419066362, 0.999503397077096, 0.015576494797446506, 0.002450054917345911], [0.8688510131009726, 0.031511255629455476, -0.4940697904163628, -0.0777131270714457], [-0.49431526882369664, 0.0, -0.8692827014313332, -0.005419050168180544], [0.0, 0.0, 0.0, 1.0]]}