{"ecm_psm_transform": [[-0.5634743629987236, 0.14672628619545852, -0.8129994090910959, -0.005261791058375501], [0.5020143993364486, -0.7207521441761445, -0.47801452857037224, 0.22374152020178462], [-0.6561083638409495, -0.6774863420060798, 0.3324666468883361, -0.1631915086742073], [0.0, 0.0, 0.0, 1.0]], "suj_ecm_transform": [[0.9779213776611705, 0.208973153276258, -1.7973762437933337e-05, 0.05916215775299857], [-0.20897315403308067, 0.9779213728995417, -9.653881076789376e-05, 1.0329848033489697], [-2.5970932602327466e-06, 9.816340065040593e-05, 0.999999995178601, 0.6492878415499257], [0.0, 0.0, 0.0, 1.0]], "suj_psm2_transform": [[0.1478859096861775, -0.9852480698227934, -0.08611619259321462, -0.006759047488524364], [-0.7296437761453016, -0.16746988489533765, 0.663003618078791, 0.2769524847399738], [-0.6676449038588679, -0.03521474923383988, -0.7436465583781592, -0.22012491274231838], [0.0, 0.0, 0.0, 1.0]], "ecm_transform": [[0.9909353937773304, -0.07447536912376315, -0.11180547729537366, 0.048670586939082466], [-0.12820374905820864, -0.7729144053298715, -0.6214234633170771, 0.9749646003193896], [-0.0401353221836696, 0.6301243856790896, -0.775456262135888, 0.5768376288272492], [0.0, 0.0, 0.0, 1.0]], "psm2_transform": [[-0.011574195270477594, 0.9999113701247397, 0.0065795059925977655, 0.001035175141772025], [0.8692743565465006, 0.013313598133704346, -0.49415062597896386, -0.07774633002538572], [-0.4941944263693273, 0.0, -0.869351407053265, -0.005431169551259097], [0.0, 0.0, 0.0, 1.0]]}