{"ecm_psm_transform": [[-0.5375578244165421, 0.16087062660850218, -0.8277392263890496, -0.007784191535491701], [0.37073424169036656, -0.8365774157605728, -0.4033538762397494, 0.235514082509162], [-0.7573557337518634, -0.5236973065941337, 0.39006848580630915, -0.15411743543235645], [0.0, 0.0, 0.0, 1.0]], "suj_ecm_transform": [[0.9779318975195633, 0.20892391794838908, -1.7968902009646417e-05, 0.05911367405746602], [-0.20892391870497204, 0.9779318927578965, -9.65397155642358e-05, 1.0330085005593097], [-2.597093260228532e-06, 9.816340065041301e-05, 0.999999995178601, 0.6492815935639833], [0.0, 0.0, 0.0, 1.0]], "suj_psm2_transform": [[0.14785496195969658, -0.9852583889264517, -0.08605124795114777, -0.006952172626746134], [-0.7296858883889787, -0.1674052077888252, 0.6629736048223696, 0.27699534500534434], [-0.6676057328317992, -0.03523355581308085, -0.7436808334459636, -0.22012587111280335], [0.0, 0.0, 0.0, 1.0]], "ecm_transform": [[0.9909359603187846, -0.07447195350116087, -0.11180273113305074, 0.04866531274821578], [-0.12819936996842587, -0.7729147344398803, -0.6214239573957766, 0.9749526850702541], [-0.040135322183669594, 0.6301243856790898, -0.7754562621358878, 0.5768568222357611], [0.0, 0.0, 0.0, 1.0]], "psm2_transform": [[0.1556148934614833, 0.983847579353858, -0.0884756776324732, -0.013922336323604532], [0.855275481573162, -0.1790082137767821, -0.48627143656628813, -0.07651859432555944], [-0.49425484879034515, 0.0, -0.869317056342065, -0.005438221074422024], [0.0, 0.0, 0.0, 1.0]]}