{"ecm_psm_transform": [[-0.5275652836275182, 0.16463894091141185, -0.8334079977097565, -0.00865566801987037], [0.3182467487761198, -0.8712958458479001, -0.3735807220690358, 0.24023480626921884], [-0.7876508607272935, -0.4623176052712697, 0.40726963237122504, -0.15135550985439827], [0.0, 0.0, 0.0, 1.0]], "suj_ecm_transform": [[0.9779408027962777, 0.20888222974546808, -1.796478662603582e-05, 0.0590873487051115], [-0.20888223050184804, 0.9779407980345787, -9.654048146834155e-05, 1.0330229815301883], [-2.597093260221825e-06, 9.816340065042522e-05, 0.999999995178601, 0.6492850831497754], [0.0, 0.0, 0.0, 1.0]], "suj_psm2_transform": [[0.14790264764974265, -0.9852465127028167, -0.08610526130925383, -0.0069272234683394746], [-0.729636935313974, -0.1674747136065498, 0.6630099267190774, 0.27702629307256427], [-0.6676486721651054, -0.03523534460372052, -0.7436421996140545, -0.22007818009597857], [0.0, 0.0, 0.0, 1.0]], "ecm_transform": [[0.9909361708311474, -0.07447068431276771, -0.1118017107046737, 0.0486713826539316], [-0.12819774277153437, -0.7729148567277889, -0.6214241409840348, 0.974956618539567], [-0.04013532218366964, 0.6301243856790896, -0.7754562621358881, 0.5768511504915337], [0.0, 0.0, 0.0, 1.0]], "psm2_transform": [[0.21564116658703808, 0.9687459012612198, -0.12259798555672985, -0.019293813383081202], [0.8421573187882252, -0.2480551930308794, -0.4787897989951757, -0.07534937046140389], [-0.49423672231473154, 0.0, -0.8693273619963835, -0.0054431207142954935], [0.0, 0.0, 0.0, 1.0]]}