{"ecm_psm_transform": [[-0.5250205214649609, 0.1654094207991731, -0.8348611714240534, -0.008860811594433166], [0.30489932450728563, -0.8792704359496506, -0.3659506829887227, 0.24136272213079277], [-0.7946004366696898, -0.4466802256377527, 0.41120180212219976, -0.15073953272793933], [0.0, 0.0, 0.0, 1.0]], "suj_ecm_transform": [[0.9779254643008539, 0.20895402831477394, -1.797187445328802e-05, 0.05913908754895021], [-0.2089540290715035, 0.9779254595392104, -9.653916225704902e-05, 1.0330017580831778], [-2.597093260231295e-06, 9.816340065042186e-05, 0.999999995178601, 0.6492818846374617], [0.0, 0.0, 0.0, 1.0]], "suj_psm2_transform": [[0.14786274060115476, -0.9852487302020548, -0.08614841598749323, -0.006899630369564244], [-0.7296131908766833, -0.16747259153520314, 0.6630365923410468, 0.27696305924142445], [-0.6676834591635921, -0.03518338698479101, -0.7436134262098946, -0.22009099335394477], [0.0, 0.0, 0.0, 1.0]], "ecm_transform": [[0.9909403430782755, -0.07444552628339915, -0.11178148360214846, 0.0486534292687747], [-0.12816548822956472, -0.7729172803016748, -0.6214277797443076, 0.9749669406983758], [-0.040135322183669615, 0.6301243856790896, -0.775456262135888, 0.5768498418281962], [0.0, 0.0, 0.0, 1.0]], "psm2_transform": [[0.23045202598295683, 0.9642261968911608, -0.13099505696460073, -0.02062033320397006], [0.838264648593358, -0.26508082018284235, -0.4764919072658482, -0.07500605079680339], [-0.494170256732439, 0.0, -0.8693651461618388, -0.005454312749777323], [0.0, 0.0, 0.0, 1.0]]}