{"ecm_psm_transform": [[-0.5208424845751517, 0.1665879897442324, -0.837240436155922, -0.009286187530692457], [0.28199368525359936, -0.8921402262967411, -0.35293820719821967, 0.24347406863965013], [-0.8057311386180113, -0.4199217287735599, 0.41768777090686776, -0.14971952273399503], [0.0, 0.0, 0.0, 1.0]], "suj_ecm_transform": [[0.9779353710853286, 0.2089076582066267, -1.796729687692552e-05, 0.05910133872923837], [-0.20890765896313046, 0.9779353663236492, -9.654001431322932e-05, 1.0330149279739183], [-2.59709326022904e-06, 9.816340065044492e-05, 0.9999999951786008, 0.6492878480044924], [0.0, 0.0, 0.0, 1.0]], "suj_psm2_transform": [[0.14782429512554635, -0.9852584800475369, -0.08610287605563915, -0.006954590644629249], [-0.7296510716590704, -0.16741512656927898, 0.6630094185021524, 0.2770217187542883], [-0.6676505758234659, -0.0351838441647539, -0.74364292890633, -0.22006785220275593], [0.0, 0.0, 0.0, 1.0]], "ecm_transform": [[0.9909422011537325, -0.07443432030159162, -0.111772473954169, 0.04865299380400737], [-0.12815112128190048, -0.7729183595527993, -0.6214294003186535, 0.974968009834745], [-0.04013532218366963, 0.6301243856790893, -0.775456262135888, 0.5768542042224296], [0.0, 0.0, 0.0, 1.0]], "psm2_transform": [[0.2551966908570725, 0.955937808364358, -0.1451122169741322, -0.022834690486447005], [0.8309867690080832, -0.2935692533961073, -0.4725231033441205, -0.07435568856674435], [-0.49430318500805365, 0.0, -0.8692895727494342, -0.005438485032810605], [0.0, 0.0, 0.0, 1.0]]}