{"ecm_psm_transform": [[-0.5174082280129866, 0.1676706316005061, -0.8391515267716246, -0.00946089424955902], [0.2640975172803783, -0.9014607585573702, -0.3429591843755039, 0.244952307254855], [-0.8139663549255594, -0.3990677387109336, 0.42214181618188495, -0.14910865504125476], [0.0, 0.0, 0.0, 1.0]], "suj_ecm_transform": [[0.9779351146120622, 0.20890885880178628, -1.796741539751455e-05, 0.05911154590332659], [-0.2089088595582959, 0.9779351098503837, -9.653999225496394e-05, 1.0330064904224274], [-2.597093260221937e-06, 9.816340065041068e-05, 0.9999999951786008, 0.6492759211331003], [0.0, 0.0, 0.0, 1.0]], "suj_psm2_transform": [[0.1480741699768077, -0.9852209909312193, -0.0861024924969398, -0.0068238058530666335], [-0.729619023506485, -0.16760046848859142, 0.6629978608561629, 0.2769071466687443], [-0.6676302275385101, -0.0353508414455837, -0.7436532776005, -0.22018398574129616], [0.0, 0.0, 0.0, 1.0]], "ecm_transform": [[0.9909314049624404, -0.07449941395296099, -0.11182480932167649, 0.0486960976872234], [-0.12823457635278007, -0.7729120880754908, -0.6214199848205783, 0.9749479186148274], [-0.0401353221836696, 0.6301243856790896, -0.7754562621358879, 0.5768480993699308], [0.0, 0.0, 0.0, 1.0]], "psm2_transform": [[0.27412317617685233, 0.948980293190635, -0.15586175739587532, -0.024527665153641152], [0.8249549747815816, -0.3153353819916444, -0.46905531278017065, -0.07381433292316328], [-0.4942729750510688, 0.0, -0.8693067503097889, -0.005441188153141405], [0.0, 0.0, 0.0, 1.0]]}