{"ecm_psm_transform": [[-0.5144742153017029, 0.16820427065256785, -0.840846957016516, -0.009768516429979161], [0.24827271954443664, -0.9093558719309218, -0.33381515081667956, 0.24645759011151672], [-0.8207782517341129, -0.38049864851138526, 0.4260796169277554, -0.1484017335190731], [0.0, 0.0, 0.0, 1.0]], "suj_ecm_transform": [[0.9779420605541532, 0.2088763411121142, -1.7964205311239167e-05, 0.0590943229816586], [-0.20887634186846546, 0.9779420557924496, -9.654058964080766e-05, 1.0330097928129194], [-2.5970932602271037e-06, 9.816340065043008e-05, 0.9999999951786009, 0.6492817384827323], [0.0, 0.0, 0.0, 1.0]], "suj_psm2_transform": [[0.14791356987632265, -0.9852422157096945, -0.08613566177776866, -0.006865285550154046], [-0.7296184636873608, -0.1675023832991691, 0.6630232643245586, 0.27699230221533483], [-0.66766643864503, -0.035223968722308485, -0.743626787262611, -0.2200934044970686], [0.0, 0.0, 0.0, 1.0]], "ecm_transform": [[0.9909348864859022, -0.07447842743356294, -0.11180793617715981, 0.04868760947002472], [-0.1282076700450694, -0.7729141106355697, -0.6214230209141285, 0.9749615848754531], [-0.04013532218366963, 0.6301243856790897, -0.775456262135888, 0.5768508580447436], [0.0, 0.0, 0.0, 1.0]], "psm2_transform": [[0.2907640142485194, 0.9424087059248277, -0.1652940380509183, -0.02601686015167598], [0.8192778603497592, -0.33446349725656405, -0.46574451853309984, -0.07330699974401164], [-0.4942065110445302, 0.0, -0.8693445372469955, -0.005449757499320279], [0.0, 0.0, 0.0, 1.0]]}