{"ecm_psm_transform": [[-0.5878718700302401, 0.12527522741206182, -0.7991950837086055, -0.0032118608828992203], [0.6197663013743483, -0.5651816627780121, -0.5444808717854488, 0.21330191853880764], [-0.5199003713288819, -0.8153991693988522, 0.25461303665710655, -0.17540534020843357], [0.0, 0.0, 0.0, 1.0]], "suj_ecm_transform": [[0.9779429180313622, 0.20887232643317283, -1.7963808989748432e-05, 0.059077474555441455], [-0.20887232718950455, 0.9779429132696555, -9.654066338717056e-05, 1.0330180873882513], [-2.5970932602259365e-06, 9.816340065040958e-05, 0.9999999951786009, 0.6492833390435353], [0.0, 0.0, 0.0, 1.0]], "suj_psm2_transform": [[0.1479399602525747, -0.9852469544261655, -0.08603607937622659, -0.006901296136568688], [-0.7296876897500779, -0.1674588096947918, 0.6629580850120147, 0.27699874208983605], [-0.6675849336134398, -0.03529852475060741, -0.7436964236587199, -0.22012266744774767], [0.0, 0.0, 0.0, 1.0]], "ecm_transform": [[0.990936526804209, -0.07446853809824207, -0.11179998514633942, 0.048673444295721784], [-0.1281949911596552, -0.7729150635134889, -0.6214244514303532, 0.9749595526552789], [-0.04013532218366962, 0.6301243856790896, -0.775456262135888, 0.5768398068657481], [0.0, 0.0, 0.0, 1.0]], "psm2_transform": [[-0.1921279268414849, 0.9752875143371543, 0.10909227335447752, 0.017171988989722595], [0.8481053180032193, 0.22093950388750086, -0.4815631892042863, -0.07580186505053066], [-0.49376535854821907, 0.0, -0.8695951763307732, -0.005453133723626085], [0.0, 0.0, 0.0, 1.0]]}