{"ecm_psm_transform": [[-0.5883226824777448, 0.12467017359140847, -0.7989579269891994, -0.0031932520126835683], [0.6220763287548903, -0.5614694126332351, -0.545685935204608, 0.21313298510492357], [-0.5166211982536414, -0.8180522272410105, 0.25277082707661036, -0.1756616508621492], [0.0, 0.0, 0.0, 1.0]], "suj_ecm_transform": [[0.9779411550954061, 0.2088805803513939, -1.7964623800950205e-05, 0.059098387079182836], [-0.2088805811077658, 0.9779411503337058, -9.654051176759826e-05, 1.0330076055100397], [-2.5970932602229837e-06, 9.816340065043157e-05, 0.9999999951786009, 0.6492797063243001], [0.0, 0.0, 0.0, 1.0]], "suj_psm2_transform": [[0.14787158406018536, -0.985255992375012, -0.08605012560514774, -0.006921652857206931], [-0.7296839275280421, -0.16741680853481217, 0.6629728336268907, 0.277032693600871], [-0.6676041945155695, -0.03524544948143249, -0.7436816508130808, -0.220087362286137], [0.0, 0.0, 0.0, 1.0]], "ecm_transform": [[0.990934275331351, -0.0744821117776121, -0.11181089838954747, 0.04869009593458748], [-0.1282123936549952, -0.7729137556012944, -0.6214224879384068, 0.9749585011959355], [-0.04013532218366963, 0.6301243856790896, -0.775456262135888, 0.5768453354765322], [0.0, 0.0, 0.0, 1.0]], "psm2_transform": [[-0.19601682685482474, 0.9742654804900044, 0.11128421772806132, 0.01751912351111841], [0.8472466526927105, 0.22540357922087417, -0.4810055467200112, -0.07572318658080497], [-0.4937109610802291, 0.0, -0.8696260615398073, -0.005458651820982784], [0.0, 0.0, 0.0, 1.0]]}