{"ecm_psm_transform": [[-0.5854618099086327, 0.12789091097421787, -0.8005488017783132, -0.003439194817372336], [0.6084275434040534, -0.5832842942989069, -0.5381406474626638, 0.2142812901956204], [-0.5357708405333542, -0.8021367382899321, 0.2636783258437676, -0.17398219080125993], [0.0, 0.0, 0.0, 1.0]], "suj_ecm_transform": [[0.9779380011094054, 0.20889534619842715, -1.7966081457908985e-05, 0.05909774111436225], [-0.20889534695487094, 0.9779379963477165, -9.654024050990235e-05, 1.033007804553029], [-2.597093260228093e-06, 9.81634006504445e-05, 0.999999995178601, 0.6492846485308603], [0.0, 0.0, 0.0, 1.0]], "suj_psm2_transform": [[0.14795786948933204, -0.9852388831365024, -0.08609768877336721, -0.006911782540594019], [-0.72963528545987, -0.16751092173450272, 0.6630025952525009, 0.2769729008495523], [-0.6676382396688135, -0.03527653973386713, -0.7436496128394965, -0.22012288292939375], [0.0, 0.0, 0.0, 1.0]], "ecm_transform": [[0.9909332141410119, -0.0744885088350812, -0.11181604162055411, 0.04869414432790539], [-0.1282205951685473, -0.7729131391198341, -0.6214215625085338, 0.9749586819406343], [-0.04013532218366961, 0.6301243856790897, -0.7754562621358878, 0.576847515437668], [0.0, 0.0, 0.0, 1.0]], "psm2_transform": [[-0.17285278553514416, 0.9800444292154107, 0.09815717649047029, 0.015450517447035367], [0.8522217271315171, 0.19877856213344505, -0.48394752922309037, -0.07617619017838144], [-0.49380162245350645, 0.0, -0.8695745843010159, -0.0054525170764339985], [0.0, 0.0, 0.0, 1.0]]}