{"ecm_psm_transform": [[-0.4777162757536314, 0.26731960330477944, -0.8368556563524299, 0.10025949978871025], [0.7589778629311819, -0.3541417554033532, -0.5463846819414394, -0.08746376711405028], [-0.4424248675882685, -0.8961717730261353, -0.03371038075572941, 0.16638626523964245], [0.0, 0.0, 0.0, 1.0]], "suj_ecm_transform": [[0.9941969898046094, 0.10757483627599515, -7.977889490173376e-06, -0.10586476574293474], [-0.1075748365404707, 0.9941969849904696, -9.787313931793913e-05, 0.9752609185805203], [-2.5970932602274417e-06, 9.816340065046556e-05, 0.9999999951786012, 1.0565526708271835], [0.0, 0.0, 0.0, 1.0]], "suj_psm2_transform": [[0.2801833674930627, -0.9598952373877684, 0.009920374011467115, 0.10520702984631518], [-0.6411263283138436, -0.17942655077909617, 0.7461656277384574, -0.014888414658949634], [-0.7144608538772834, -0.21542341125280806, -0.6656864443273174, 0.1391823388508362], [0.0, 0.0, 0.0, 1.0]], "ecm_transform": [[0.9943301905458779, -0.10220568719030734, -0.029350803650925704, -0.10817633622119431], [-0.0924177576997395, -0.6940813282834077, -0.7139398208463319, 0.9179437738696149], [0.05259686521790425, 0.7126044535605269, -0.6995916398406661, 1.0004015935312511], [0.0, 0.0, 0.0, 1.0]], "psm2_transform": [[-0.30435359670579487, 0.9422277601721856, 0.13991331649686806, 0.025707613136747586], [0.8561003063936155, 0.3349729063087139, -0.39355484678993785, -0.07231159980111089], [-0.41768547205403755, 0.0, -0.9085916830100284, -0.011910693079576786], [0.0, 0.0, 0.0, 1.0]]}