{"ecm_psm_transform": [[-0.43102257431935365, 0.2784843569652794, -0.8582924928908283, 0.0963983991501037], [0.6843923697847004, -0.5190081596959216, -0.512091412102893, -0.08116728849595951], [-0.5880702548230098, -0.8081317919093937, 0.033111664073450314, 0.17870344890166331], [0.0, 0.0, 0.0, 1.0]], "suj_ecm_transform": [[0.9941997671705044, 0.10754916501074535, -7.975362298389706e-06, -0.10586744023663688], [-0.10754916527509659, 0.9941997623563579, -9.787334528290032e-05, 0.9752767225318293], [-2.597093260219399e-06, 9.816340065041617e-05, 0.999999995178601, 1.0565605922166865], [0.0, 0.0, 0.0, 1.0]], "suj_psm2_transform": [[0.2802826865712982, -0.9598662909055138, 0.00991560344442971, 0.10529558914653306], [-0.6411083030311175, -0.17949675969172063, 0.7461642292717694, -0.01488196000904407], [-0.7144380724688013, -0.21549389050148143, -0.6656880829364451, 0.13919887992232605], [0.0, 0.0, 0.0, 1.0]], "ecm_transform": [[0.994342611767078, -0.10211233212689491, -0.02925477827351735, -0.10827402289732001], [-0.09228401916624335, -0.6940950686997488, -0.7139437620801904, 0.9179697754329426], [0.05259686521790429, 0.7126044535605273, -0.699591639840666, 1.000390850946907], [0.0, 0.0, 0.0, 1.0]], "psm2_transform": [[-0.13943801657123195, 0.9881549039727702, 0.0640852969818059, 0.011778778031663523], [0.8978666167624088, 0.15345972030003643, -0.4126568220071742, -0.07584568284132523], [-0.4176033740743804, 0.0, -0.9086294194894271, -0.011925121177915384], [0.0, 0.0, 0.0, 1.0]]}