{"ecm_psm_transform": [[-0.39940645907722555, 0.280387420914017, -0.8728444160562515, 0.09361749476500084], [0.6200895308388674, -0.6186337060869556, -0.48247415623756673, -0.07566522513987581], [-0.6752506602673012, -0.7339449787867647, 0.07322099372631918, 0.18612805999897886], [0.0, 0.0, 0.0, 1.0]], "suj_ecm_transform": [[0.9942063277267102, 0.10748850098805077, -7.96939027321567e-06, -0.10591215903496634], [-0.10748850125210827, 0.9942063229125476, -9.787383173930742e-05, 0.9752918436513234], [-2.5970932602260856e-06, 9.816340065043984e-05, 0.999999995178601, 1.0565463745750465], [0.0, 0.0, 0.0, 1.0]], "suj_psm2_transform": [[0.28021407138040133, -0.9598855441571051, 0.009990811710649306, 0.10518991618396745], [-0.6411863876778224, -0.1794121496854081, 0.7461174819034373, -0.014809785677988407], [-0.7143949121159002, -0.21547858980297557, -0.6657393535607133, 0.1392547034820748], [0.0, 0.0, 0.0, 1.0]], "ecm_transform": [[0.9943390201330111, -0.10213934011698789, -0.029282558655111583, -0.10822793641853327], [-0.09232271015396695, -0.6940910948615959, -0.7139426232013732, 0.9179631400219678], [0.05259686521790428, 0.7126044535605274, -0.6995916398406663, 1.0003846092324227], [0.0, 0.0, 0.0, 1.0]], "psm2_transform": [[-0.027116640251205807, 0.9995545706980825, 0.01246386850294687, 0.0022908366681046724], [0.9082101826333197, 0.029843930648828176, -0.41744892377940124, -0.07672636320164822], [-0.417634950623914, 0.0, -0.908614906336761, -0.011926200483272933], [0.0, 0.0, 0.0, 1.0]]}