{"ecm_psm_transform": [[-0.3954067079607037, 0.28028292571791535, -0.8746971000584628, 0.09319855401754613], [0.6112409878956542, -0.6305255558891116, -0.4783534029220152, -0.07492249059415183], [-0.6855931665470592, -0.7237948638403927, 0.0779936219331035, 0.18698580681185073], [0.0, 0.0, 0.0, 1.0]], "suj_ecm_transform": [[0.994204344168223, 0.10750684617034358, -7.971196250190783e-06, -0.10590451532777723], [-0.10750684643448989, 0.9942043393540652, -9.787368467064134e-05, 0.975285206925244], [-2.5970932602288223e-06, 9.816340065047085e-05, 0.999999995178601, 1.0565624360768768], [0.0, 0.0, 0.0, 1.0]], "suj_psm2_transform": [[0.28016987680647965, -0.9598987352987358, 0.00996283604852155, 0.10510948868550017], [-0.641163312006696, -0.1793949245235022, 0.7461414533396542, -0.014816883366343792], [-0.7144329551937301, -0.21543416402022836, -0.6657129062186334, 0.1392378998852577], [0.0, 0.0, 0.0, 1.0]], "ecm_transform": [[0.9943367824786011, -0.10215616079484355, -0.029299860439280997, -0.10820843683141813], [-0.0923468070880249, -0.6940886193976679, -0.7139419133538012, 0.9179515408745615], [0.05259686521790427, 0.7126044535605272, -0.6995916398406661, 1.000386878132677], [0.0, 0.0, 0.0, 1.0]], "psm2_transform": [[-0.0128759928543857, 0.999899590015609, 0.005917659556858612, 0.0010877468519032466], [0.9085410862310095, 0.014170740510540432, -0.41755512778980497, -0.07675234970605965], [-0.4175970587039511, 0.0, -0.9086323219882775, -0.011929401583620589], [0.0, 0.0, 0.0, 1.0]]}