{"ecm_psm_transform": [[-0.39511604036129677, 0.2803914807681253, -0.8747936511897353, 0.09329047631680615], [0.6104990865285181, -0.631416103989851, -0.47812610153611446, -0.07494778817808456], [-0.6864212846328812, -0.7229760169846136, 0.07830388794950752, 0.18695906790619535], [0.0, 0.0, 0.0, 1.0]], "suj_ecm_transform": [[0.9941989595329058, 0.10755663066529003, -7.976097249941457e-06, -0.10588229767737181], [-0.10755663092967743, 0.9941989547187613, -9.787328539151744e-05, 0.9752615319902991], [-2.5970932602269843e-06, 9.816340065048494e-05, 0.999999995178601, 1.0565548323859386], [0.0, 0.0, 0.0, 1.0]], "suj_psm2_transform": [[0.2802861689903731, -0.9598649513534243, 0.009946790235475789, 0.10522365158421954], [-0.6411329616119605, -0.17948247707517712, 0.7461464775482326, -0.014900912542087585], [-0.7144145778239528, -0.21551175277985912, -0.665707514909045, 0.13914475211252997], [0.0, 0.0, 0.0, 1.0]], "ecm_transform": [[0.9943385182284726, -0.10214311337204648, -0.029286439829227903, -0.10822371709125714], [-0.09232811563362128, -0.6940905395957851, -0.7139424640033514, 0.9179681852643051], [0.05259686521790424, 0.7126044535605269, -0.6995916398406662, 1.000397665155109], [0.0, 0.0, 0.0, 1.0]], "psm2_transform": [[-0.011767276396563673, 0.9999161366734397, 0.005408403301336772, 0.000994083000785227], [0.9085474141611514, 0.01295066098942579, -0.41758098208733363, -0.07675281087888133], [-0.41761600475471716, 0.0, -0.9086236143600429, -0.011927051672658947], [0.0, 0.0, 0.0, 1.0]]}