{"ecm_psm_transform": [[-0.387570990803166, 0.28009946809337594, -0.878255666114179, 0.09266977509067051], [0.5929850935638575, -0.6536938472550844, -0.47016277274143015, -0.07344765438719728], [-0.7058026678179359, -0.7030139700138643, 0.08725796276804934, 0.18865049087358726], [0.0, 0.0, 0.0, 1.0]], "suj_ecm_transform": [[0.9942013160991013, 0.10753484553032401, -7.973952626778896e-06, -0.10588317346195708], [-0.10753484579460591, 0.994201311284951, -9.787346014196976e-05, 0.9752744088353315], [-2.5970932602173836e-06, 9.816340065041346e-05, 0.9999999951786008, 1.056556376726782], [0.0, 0.0, 0.0, 1.0]], "suj_psm2_transform": [[0.2803087096040428, -0.9598589740955804, 0.009888233830990467, 0.10523789278332957], [-0.6410694472601185, -0.17952516491627937, 0.7461907791921507, -0.014879369161278078], [-0.7144627289857203, -0.21550281903019886, -0.6656587292902535, 0.13919855094253597], [0.0, 0.0, 0.0, 1.0]], "ecm_transform": [[0.9943303169556899, -0.10220473781275478, -0.02934982711062277, -0.10818020128930124], [-0.09241639763617172, -0.6940814680816139, -0.7139398609922438, 0.9179626975232011], [0.052596865217904284, 0.7126044535605272, -0.6995916398406659, 1.0003997193723646], [0.0, 0.0, 0.0, 1.0]], "psm2_transform": [[0.015485549698136546, 0.9998547533303809, -0.007118285832266098, -0.0013081825726048099], [0.9084713234219327, -0.01704324624721761, -0.417599547745635, -0.07674550637067871], [-0.4176602115003878, 0.0, -0.9086032950245401, -0.011921069157181469], [0.0, 0.0, 0.0, 1.0]]}