{"ecm_psm_transform": [[-0.3698793461639119, 0.27826024161356744, -0.8864313324891652, 0.09111135290291553], [0.5498054166103348, -0.7035441600695711, -0.4502661642827923, -0.06971821123883076], [-0.7489347589391844, -0.6539089025003111, 0.10723746585753155, 0.19241599732538694], [0.0, 0.0, 0.0, 1.0]], "suj_ecm_transform": [[0.9942100708555162, 0.10745387357379399, -7.965981407205874e-06, -0.10594006035201839], [-0.10745387383768382, 0.9942100660413443, -9.787410924693565e-05, 0.9752873858066781], [-2.597093260225652e-06, 9.816340065043965e-05, 0.999999995178601, 1.0565558140465228], [0.0, 0.0, 0.0, 1.0]], "suj_psm2_transform": [[0.2801785880246283, -0.9598976031083286, 0.009826004244437692, 0.10517814208619926], [-0.6410290907049025, -0.1794671362680369, 0.7462394065377386, -0.014797119779362156], [-0.7145499728378499, -0.21537905781815458, -0.6656051365267492, 0.1393119871623325], [0.0, 0.0, 0.0, 1.0]], "ecm_transform": [[0.9943411284090508, -0.10212348791682188, -0.029266253089838747, -0.10826171312007081], [-0.09230000066882649, -0.6940934274155067, -0.7139432917922329, 0.917961054990211], [0.05259686521790429, 0.7126044535605273, -0.699591639840666, 1.0003949795805493], [0.0, 0.0, 0.0, 1.0]], "psm2_transform": [[0.07907777243528524, 0.9962054233188478, -0.03635189756792051, -0.006680664832220052], [0.9051468542505372, -0.08703306584347896, -0.4160942413567407, -0.07646880496203698], [-0.41767915694589103, 0.0, -0.9085945860794956, -0.011921716550125614], [0.0, 0.0, 0.0, 1.0]]}