{"ecm_psm_transform": [[-0.35196342907432343, 0.2749864085463826, -0.8947090139866735, 0.08961556780668394], [0.5028629328666865, -0.7506597227305274, -0.4285310390378298, -0.06577690606899289], [-0.7894622317394024, -0.6007432528001371, 0.1259242981801064, 0.19574991897956964], [0.0, 0.0, 0.0, 1.0]], "suj_ecm_transform": [[0.9941923433139263, 0.10761777005797063, -7.982116083604317e-06, -0.10583361778167426], [-0.10761777032265407, 0.9941923384997979, -9.787279470565217e-05, 0.9752672003082323], [-2.5970932602284158e-06, 9.816340065046924e-05, 0.999999995178601, 1.0565546503076562], [0.0, 0.0, 0.0, 1.0]], "suj_psm2_transform": [[0.28004644534653234, -0.9599348050793859, 0.009957833397519933, 0.10519694855062772], [-0.6411877334178324, -0.17931677679067617, 0.746139252469608, -0.01482910720370223], [-0.7144594312928301, -0.21533848601354078, -0.6657154478289667, 0.13922029092184585], [0.0, 0.0, 0.0, 1.0]], "ecm_transform": [[0.9943404529276683, -0.10212856731499796, -0.02927147775199418, -0.1082512074866594], [-0.09230727729084622, -0.6940926800535274, -0.7139430776016127, 0.917969487027221], [0.05259686521790427, 0.7126044535605272, -0.6995916398406661, 1.0003903246250827], [0.0, 0.0, 0.0, 1.0]], "psm2_transform": [[0.14304308576682695, 0.9875294551662601, -0.06575903583032167, -0.012084532527185592], [0.8972581827815341, -0.15743435196623812, -0.41248294298376725, -0.07580195601192397], [-0.4176917871420066, 0.0, -0.9085887798966685, -0.01191990024355016], [0.0, 0.0, 0.0, 1.0]]}