{"ecm_psm_transform": [[-0.3245728965478084, 0.26765899945514465, -0.9071995893061444, 0.08739449735283811], [0.4237399607638817, -0.8163466063710686, -0.3924572128503491, -0.05920029507974394], [-0.8456340109517773, -0.5117976927235125, 0.1515461686896085, 0.20043512547252385], [0.0, 0.0, 0.0, 1.0]], "suj_ecm_transform": [[0.9942029344118108, 0.10751988254915659, -7.972479606743605e-06, -0.1058850366770891], [-0.10751988281336605, 0.9942029295976564, -9.787358014085845e-05, 0.9752754457763255], [-2.597093260228503e-06, 9.816340065048001e-05, 0.999999995178601, 1.0565528104872919], [0.0, 0.0, 0.0, 1.0]], "suj_psm2_transform": [[0.2803740464103288, -0.9598398805075451, 0.009889281407707728, 0.10528230313107675], [-0.6410653607773064, -0.17957044204573502, 0.7461833953894725, -0.01492693015285218], [-0.7144407584334486, -0.21555013368300507, -0.6656669907380702, 0.13917150615686724], [0.0, 0.0, 0.0, 1.0]], "ecm_transform": [[0.9943354003356384, -0.10216654828291047, -0.029310545053303314, -0.10821016108081054], [-0.09236168799137234, -0.6940870904848024, -0.7139414747818802, 0.9179526616359754], [0.05259686521790426, 0.7126044535605272, -0.6995916398406661, 1.0003894179873891], [0.0, 0.0, 0.0, 1.0]], "psm2_transform": [[0.24150857695841718, 0.9640253002218526, -0.11103525470627412, -0.020402382476019384], [0.8758885773097522, -0.26581049740777146, -0.40269588973086307, -0.07399411642314849], [-0.4177233622791747, 0.0, -0.9085742636714852, -0.011914235738106325], [0.0, 0.0, 0.0, 1.0]]}