{"ecm_psm_transform": [[-0.3076694225572921, 0.2609524617699921, -0.9150100213218669, 0.08592865893110378], [0.3702457518201653, -0.8530314909858432, -0.3677707963468415, -0.05462804267681645], [-0.8765030574289991, -0.4519304018127682, 0.16583516585744668, 0.2030149311003573], [0.0, 0.0, 0.0, 1.0]], "suj_ecm_transform": [[0.9941988000616868, 0.10755810472615156, -7.976242362926098e-06, -0.10587111477197562], [-0.10755810499054609, 0.9941987952475426, -9.787327356551568e-05, 0.975259813891552], [-2.597093260227477e-06, 9.816340065044654e-05, 0.999999995178601, 1.0565533226697241], [0.0, 0.0, 0.0, 1.0]], "suj_psm2_transform": [[0.28027996230989566, -0.9598659803634186, 0.01002209900852663, 0.1052444663746683], [-0.6412093990568142, -0.17944250322573624, 0.7460904064503717, -0.014879065240529399], [-0.7143484088935614, -0.21554045508223024, -0.6657692264848101, 0.1391408879548277], [0.0, 0.0, 0.0, 1.0]], "ecm_transform": [[0.9943403685957117, -0.102129201435119, -0.029272130007385606, -0.10825267345434354], [-0.09230818571607835, -0.6940925867490069, -0.7139430508590153, 0.9179621561620669], [0.052596865217904264, 0.712604453560527, -0.6995916398406661, 1.0003958175411993], [0.0, 0.0, 0.0, 1.0]], "psm2_transform": [[0.30248993427853554, 0.9429473193267174, -0.13910496984193238, -0.02555473693783073], [0.856702072603341, -0.33294196637636064, -0.39396853405136617, -0.07237528796351173], [-0.4178054552747096, 0.0, -0.9085365163507149, -0.011905802132629286], [0.0, 0.0, 0.0, 1.0]]}