{"ecm_psm_transform": [[-0.4591400305096523, 0.27304524859905877, -0.8453618897259767, 0.09868714944702965], [0.7322189484537908, -0.4225249229344139, -0.534161118974877, -0.08516190188357071], [-0.5030366228306054, -0.8642447464212588, -0.00593079880231151, 0.17156373220394228], [0.0, 0.0, 0.0, 1.0]], "suj_ecm_transform": [[0.9942098274277558, 0.10745612584963123, -7.966203130467882e-06, -0.10594592380463369], [-0.10745612611353196, 0.9942098226135845, -9.787409120065692e-05, 0.9752929982592912], [-2.597093260229822e-06, 9.816340065048713e-05, 0.999999995178601, 1.0565609889779672], [0.0, 0.0, 0.0, 1.0]], "suj_psm2_transform": [[0.28028360762336396, -0.9598657931311962, 0.009937729833916331, 0.10520426841398851], [-0.6411234095709446, -0.17948478343269436, 0.7461541303351779, -0.01484022155151743], [-0.7144241548252404, -0.2155060827279327, -0.6656990726368053, 0.13924280192336536], [0.0, 0.0, 0.0, 1.0]], "ecm_transform": [[0.994332066612916, -0.10219159588025183, -0.029336309187341918, -0.10818877260398185], [-0.09239757071772849, -0.6940834031275708, -0.7139404165813226, 0.9179589850055044], [0.052596865217904264, 0.7126044535605272, -0.6995916398406662, 1.000383482138098], [0.0, 0.0, 0.0, 1.0]], "psm2_transform": [[-0.23875061882879436, 0.9648580490663364, 0.10975922357948296, 0.02016738054700748], [0.87665639644002, 0.26277165971980915, -0.4030193759968562, -0.07405159091399963], [-0.4176981022097975, 0.0, -0.9085858767394164, -0.011911874056282322], [0.0, 0.0, 0.0, 1.0]]}