{"ecm_psm_transform": [[-0.4486968596873846, 0.27536231001281436, -0.8502039322016136, 0.09773847194602311], [0.7155633236475409, -0.45923543682112133, -0.5263762375128636, -0.08375711256493808], [-0.5353879508890392, -0.8445581162904781, 0.009018328598767611, 0.1742492948038911], [0.0, 0.0, 0.0, 1.0]], "suj_ecm_transform": [[0.9941977738261756, 0.10756759017214018, -7.97717615179491e-06, -0.10586923157357697], [-0.10756759043658065, 0.9941977690120339, -9.787319746136435e-05, 0.9752751176208939], [-2.5970932602304906e-06, 9.816340065047486e-05, 0.999999995178601, 1.056558956979755], [0.0, 0.0, 0.0, 1.0]], "suj_psm2_transform": [[0.2801617706790056, -0.9599012850650311, 0.009945108370750355, 0.10513949187729954], [-0.6411499617417119, -0.1793988077896959, 0.74615199143488, -0.014847825494392564], [-0.7144481148471215, -0.21541956896748599, -0.6657013598433288, 0.13919235315233092], [0.0, 0.0, 0.0, 1.0]], "ecm_transform": [[0.9943397511343743, -0.10213384414024138, -0.02927690549166425, -0.10824750806284109], [-0.09231483674513305, -0.694091903602714, -0.7139428550450522, 0.9179481302167727], [0.05259686521790429, 0.7126044535605274, -0.6995916398406661, 1.0003919517823616], [0.0, 0.0, 0.0, 1.0]], "psm2_transform": [[-0.20198419206398285, 0.9749777291623196, 0.0928483375928, 0.01706133804488918], [0.8858651469927343, 0.22230255877404217, -0.4072155617189191, -0.07482785945070781], [-0.4176665266690657, 0.0, -0.9086003920867515, -0.011914541229020522], [0.0, 0.0, 0.0, 1.0]]}