{"ecm_psm_transform": [[-0.43555624195584786, 0.27779586090517466, -0.8562243980156438, 0.0966780540830744], [0.6925669381374073, -0.5041941957357734, -0.5158868569612265, -0.08185963399832247], [-0.575014605286053, -0.8176904503846852, 0.027212700296282782, 0.1776225429244167], [0.0, 0.0, 0.0, 1.0]], "suj_ecm_transform": [[0.9941981922034105, 0.10756372323344546, -7.976795473380262e-06, -0.1058631634734028], [-0.10756372349786719, 0.9941981873892679, -9.787322848791513e-05, 0.9752769756826336], [-2.5970932602282968e-06, 9.816340065049426e-05, 0.999999995178601, 1.0565602462393384], [0.0, 0.0, 0.0, 1.0]], "suj_psm2_transform": [[0.2802263910340219, -0.9598830864979869, 0.009880790613379653, 0.10519225924421025], [-0.6410748939027574, -0.1794729729696917, 0.7461986547702887, -0.014883152907280373], [-0.7144901330148763, -0.21543888281486778, -0.6656500113391917, 0.1392168821398556], [0.0, 0.0, 0.0, 1.0]], "ecm_transform": [[0.9943411806484961, -0.102123095076438, -0.029265849014915565, -0.10826739767335992], [-0.09229943789538832, -0.6940934852148604, -0.7139433083561215, 0.9179801245964253], [0.05259686521790426, 0.7126044535605272, -0.6995916398406661, 1.0004005027953617], [0.0, 0.0, 0.0, 1.0]], "psm2_transform": [[-0.15519936834629597, 0.9853037307436913, 0.07134223326665848, 0.013110569842106245], [0.8952473560782569, 0.17081146970436023, -0.41152838693378985, -0.07562661570655207], [-0.4176665266690657, 0.0, -0.9086003920867515, -0.011919037056413225], [0.0, 0.0, 0.0, 1.0]]}