{"ecm_psm_transform": [[-0.4351419923436411, 0.2778556666527792, -0.8564155971303576, 0.09668927810494829], [0.6918735966961209, -0.5054968905016464, -0.5155422581010607, -0.08171910644184857], [-0.5761617591388558, -0.8168654247806713, 0.02772192460694503, 0.17772803584681082], [0.0, 0.0, 0.0, 1.0]], "suj_ecm_transform": [[0.9942063297748717, 0.10748848204374259, -7.969388408263005e-06, -0.10591041040808412], [-0.10748848230779998, 0.9942063249607089, -9.787383189120149e-05, 0.9752769248729264], [-2.597093260226056e-06, 9.81634006504798e-05, 0.9999999951786009, 1.0565660040501734], [0.0, 0.0, 0.0, 1.0]], "suj_psm2_transform": [[0.2802159915191098, -0.9598851005657256, 0.009979569574364577, 0.10523579299639474], [-0.6411792501886977, -0.17942012626393417, 0.7461216974588621, -0.01480641464932908], [-0.7144005649664773, -0.21547392418425326, -0.6657347976275667, 0.13922786300385193], [0.0, 0.0, 0.0, 1.0]], "ecm_transform": [[0.9943457533676145, -0.10208869883708033, -0.029230469198128717, -0.10828776122035888], [-0.09225016275888326, -0.6940985451183819, -0.7139447577617648, 0.9179667000449219], [0.05259686521790427, 0.7126044535605272, -0.6995916398406661, 1.0003992074760388], [0.0, 0.0, 0.0, 1.0]], "psm2_transform": [[-0.15393845255027244, 0.9855428393197683, 0.07076909418635288, 0.013003614176978706], [0.8954503047276055, 0.16942642021104432, -0.4116593736303225, -0.07564120649798739], [-0.4176981022097975, 0.0, -0.9085858767394164, -0.011913372591891729], [0.0, 0.0, 0.0, 1.0]]}