{"ecm_psm_transform": [[-0.42765081152804374, 0.2789474672237339, -0.8598273628635401, 0.09606882032209961], [0.6779743322362588, -0.5301583892105785, -0.5091982788447386, -0.08061453167125478], [-0.5978842598933383, -0.8006999393525074, 0.037603442564297734, 0.17949817338876567], [0.0, 0.0, 0.0, 1.0]], "suj_ecm_transform": [[0.9941973678492994, 0.10757134236349249, -7.977545534023119e-06, -0.10585630518122217], [-0.10757134262795111, 0.9941973630351587, -9.787316735407139e-05, 0.9752838780227436], [-2.5970932602255176e-06, 9.816340065046223e-05, 0.9999999951786009, 1.056559487341405], [0.0, 0.0, 0.0, 1.0]], "suj_psm2_transform": [[0.2803140808737672, -0.9598559307156532, 0.010030370575522252, 0.10524813574796164], [-0.6412126533792447, -0.1794617726963085, 0.7460829748004221, -0.014871962120292959], [-0.7143321000838783, -0.21556916386785396, -0.6657774300613312, 0.13916667540848016], [0.0, 0.0, 0.0, 1.0]], "ecm_transform": [[0.9943352553493912, -0.10216763782796506, -0.029311665764923764, -0.10822893506529847], [-0.09236324885207564, -0.6940869301077179, -0.7139414287706893, 0.9179434764537371], [0.052596865217904284, 0.7126044535605272, -0.6995916398406659, 1.000395262940592], [0.0, 0.0, 0.0, 1.0]], "psm2_transform": [[-0.12751434568793374, 0.9901028395585779, 0.058621316445632746, 0.010771792443304822], [0.8995934565425161, 0.14034374620210505, -0.4135640770761496, -0.07599328487279448], [-0.4176981022097975, 0.0, -0.9085858767394164, -0.011914871127501121], [0.0, 0.0, 0.0, 1.0]]}