{"ecm_psm_transform": [[-0.42299116207749116, 0.27932174716864633, -0.8620080268553122, 0.09558451865030744], [0.6690127769347831, -0.5453426892631058, -0.5049982728339713, -0.07983845559665356], [-0.611146775416793, -0.7903041900597128, 0.04380532013029387, 0.18072079582626877], [0.0, 0.0, 0.0, 1.0]], "suj_ecm_transform": [[0.9942032652786928, 0.10751682308192229, -7.97217841974548e-06, -0.10590552625964647], [-0.10751682334611692, 0.9942032604645377, -9.787360467419436e-05, 0.975290906279802], [-2.597093260229373e-06, 9.816340065051946e-05, 0.9999999951786008, 1.0565511449516645], [0.0, 0.0, 0.0, 1.0]], "suj_psm2_transform": [[0.2802092642707249, -0.959888389523972, 0.00985128793277229, 0.10515980387777747], [-0.6410443466672584, -0.17947429454145836, 0.7462245796037502, -0.014855352279966039], [-0.7145242569869878, -0.21541415286819288, -0.6656213855648508, 0.13926400572936437], [0.0, 0.0, 0.0, 1.0]], "ecm_transform": [[0.994334271251206, -0.102175032652119, -0.029319272123836546, -0.10820827669465259], [-0.09237384253446845, -0.6940858415702202, -0.7139411164425091, 0.9179619667295221], [0.05259686521790427, 0.7126044535605272, -0.6995916398406661, 1.0004020552158575], [0.0, 0.0, 0.0, 1.0]], "psm2_transform": [[-0.11071370520628146, 0.9925489034134926, 0.05088368905818532, 0.009352085240229043], [0.9018591339234692, 0.12184692992715689, -0.4144917709993008, -0.07618084391102914], [-0.4176033740743804, 0.0, -0.9086294194894271, -0.011923622421746927], [0.0, 0.0, 0.0, 1.0]]}