{"ecm_psm_transform": [[-0.38720727835501134, 0.2798743976141255, -0.8784878173025713, 0.09254493841288292], [0.5922776080779608, -0.6547116958413347, -0.4696379779127893, -0.07335499032975946], [-0.7065958948071768, -0.7021559063973576, 0.08774579507276278, 0.18874545345827853], [0.0, 0.0, 0.0, 1.0]], "suj_ecm_transform": [[0.9941968186598831, 0.10757641796843095, -7.978045198963804e-06, -0.10586799238403106], [-0.10757641823291417, 0.9941968138457438, -9.78731266255926e-05, 0.9752684579971811], [-2.5970932602247697e-06, 9.816340065046487e-05, 0.999999995178601, 1.056557629341823], [0.0, 0.0, 0.0, 1.0]], "suj_psm2_transform": [[0.280103389937262, -0.9599184184133767, 0.009935841001968204, 0.10514803837765913], [-0.6411516516085549, -0.17936423770812585, 0.746158850293291, -0.014853209648709398], [-0.7144694889113721, -0.21537200426737263, -0.665693810390767, 0.13922010629266413], [0.0, 0.0, 0.0, 1.0]], "ecm_transform": [[0.9943369797939211, -0.10215467773420205, -0.0292983349582367, -0.10823365456538583], [-0.09234468248661275, -0.6940888376733371, -0.7139419759572363, 0.9179638836163809], [0.05259686521790428, 0.7126044535605272, -0.6995916398406662, 1.0003875397886766], [0.0, 0.0, 0.0, 1.0]], "psm2_transform": [[0.01664336992418842, 0.9998322242242957, -0.0076499438079081685, -0.0014060071957300866], [0.9084624627660338, -0.01831729790928597, -0.4175648815961118, -0.07674556087606788], [-0.417634950623914, 0.0, -0.908614906336761, -0.011924701800622339], [0.0, 0.0, 0.0, 1.0]]}