{"ecm_psm_transform": [[-0.38121094294190977, 0.2795640658294816, -0.881204942154905, 0.09203344511868922], [0.5780042141152475, -0.6718392094895773, -0.4631880882076257, -0.07209123435564915], [-0.7215187769187683, -0.6859125379298073, 0.09452325039023601, 0.19004657822278093], [0.0, 0.0, 0.0, 1.0]], "suj_ecm_transform": [[0.9942086091731664, 0.10746739683494656, -7.967312692641159e-06, -0.10593492760686507], [-0.10746739709890187, 0.9942086043589982, -9.787400088439513e-05, 0.9752899555198438], [-2.597093260224705e-06, 9.816340065043893e-05, 0.9999999951786009, 1.056553075668117], [0.0, 0.0, 0.0, 1.0]], "suj_psm2_transform": [[0.28022699582025634, -0.9598822064175168, 0.009948900270583316, 0.10514069054523967], [-0.6411392282082242, -0.17943986604576337, 0.7461513415695513, -0.014791394414328751], [-0.7144321667353148, -0.21547037911629174, -0.6657020315857274, 0.13926464551177808], [0.0, 0.0, 0.0, 1.0]], "ecm_transform": [[0.9943384788214564, -0.10214340961954463, -0.029286744549810437, -0.10824198908010353], [-0.0923285400311385, -0.6940904959996186, -0.7139424515034263, 0.9179670220782217], [0.052596865217904284, 0.7126044535605272, -0.6995916398406661, 1.0003820330192754], [0.0, 0.0, 0.0, 1.0]], "psm2_transform": [[0.03806945008092058, 0.999121851222974, -0.017499810836512766, -0.0032160750706568255], [0.9078025057636352, -0.04189900247950343, -0.41729975331946645, -0.0766903908950719], [-0.4176665266690657, 0.0, -0.9086003920867515, -0.01192128497010957], [0.0, 0.0, 0.0, 1.0]]}