{"ecm_psm_transform": [[-0.3643973853418463, 0.27743272659528784, -0.8889576074087732, 0.09060893762913666], [0.5361274854198403, -0.7180257865767593, -0.44385390523034207, -0.06855810416458125], [-0.7614340844310984, -0.6383338092446074, 0.11290740915389191, 0.19340661459013817], [0.0, 0.0, 0.0, 1.0]], "suj_ecm_transform": [[0.9942002717101502, 0.1075445008722642, -7.97490314035718e-06, -0.10587271516222385], [-0.10754450113659285, 0.9942002668960024, -9.787338269708203e-05, 0.9752797205897625], [-2.5970932602249124e-06, 9.816340065047283e-05, 0.9999999951786009, 1.0565596734595142], [0.0, 0.0, 0.0, 1.0]], "suj_psm2_transform": [[0.28014819701404536, -0.9599052172277989, 0.009947946955630671, 0.10513759855737333], [-0.641149724498411, -0.1793866986266346, 0.7461551066175511, -0.014799588010191767], [-0.7144536503408683, -0.2154121312616571, -0.665697825758744, 0.1392511330361148], [0.0, 0.0, 0.0, 1.0]], "ecm_transform": [[0.9943399860490709, -0.10213207785152803, -0.02927508868753502, -0.10825044709452725], [-0.09231230640160193, -0.6940921635052739, -0.7139429295450617, 0.9179570042956451], [0.052596865217904284, 0.7126044535605272, -0.6995916398406659, 1.0003980295977808], [0.0, 0.0, 0.0, 1.0]], "psm2_transform": [[0.09818610104264813, 0.9941442335456054, -0.04513017250203784, -0.008294501824483266], [0.9032942696482713, -0.10806129236697477, -0.41518937788986776, -0.07630790802446137], [-0.417634950623914, 0.0, -0.908614906336761, -0.011923952459297057], [0.0, 0.0, 0.0, 1.0]]}