{"ecm_psm_transform": [[-0.3469063073003502, 0.27399106363043924, -0.896986572366552, 0.08918620678400895], [0.4889059396642432, -0.7633330909366766, -0.4222482379383994, -0.06456666903363163], [-0.8003917766420758, -0.5850226400163675, 0.13084920539315964, 0.19668867357650377], [0.0, 0.0, 0.0, 1.0]], "suj_ecm_transform": [[0.9942049446556056, 0.10750129282391642, -7.970649555296196e-06, -0.10591865791717432], [-0.10750129308803584, 0.9942049398414462, -9.787372919399638e-05, 0.9752867781988497], [-2.5970932602319945e-06, 9.816340065050079e-05, 0.9999999951786012, 1.056565081253175], [0.0, 0.0, 0.0, 1.0]], "suj_psm2_transform": [[0.280202641014077, -0.9598889563699755, 0.009983556865948873, 0.10519123009696672], [-0.6411807940925054, -0.17940782216693857, 0.7461233293713718, -0.014793840065951525], [-0.7144044157587779, -0.21546699233125122, -0.6657329088756871, 0.13924130022583436], [0.0, 0.0, 0.0, 1.0]], "ecm_transform": [[0.9943393442918083, -0.102136903012978, -0.029280051848557698, -0.10823733207604994], [-0.0923192188148617, -0.6940914534905469, -0.7139427260143447, 0.9179702000840819], [0.05259686521790426, 0.7126044535605272, -0.6995916398406661, 1.000389017186282], [0.0, 0.0, 0.0, 1.0]], "psm2_transform": [[0.16112225744965136, 0.9841502943939207, -0.07407979615716884, -0.013611924995516413], [0.894167914309743, -0.17733639796826656, -0.41111499969546816, -0.07554106288999185], [-0.4177359921927873, 0.0, -0.9085684568741683, -0.01191466721953197], [0.0, 0.0, 0.0, 1.0]]}