{"ecm_psm_transform": [[-0.3418607974329536, 0.27270768597256295, -0.8993117997613481, 0.08872710759120267], [0.47493118328435807, -0.7756289207390976, -0.41574048210057946, -0.06352563774647518], [-0.8109078654955967, -0.5692365899383074, 0.13563973736624066, 0.1974743180020579], [0.0, 0.0, 0.0, 1.0]], "suj_ecm_transform": [[0.9941920811265923, 0.10762019216419123, -7.982354526709985e-06, -0.10584309637463435], [-0.10762019242888642, 0.9941920763124646, -9.787277525885348e-05, 0.9752453195680224], [-2.597093260228513e-06, 9.816340065043492e-05, 0.999999995178601, 1.0565657247299565], [0.0, 0.0, 0.0, 1.0]], "suj_psm2_transform": [[0.28016119885792395, -0.9599015754696155, 0.009933180026603983, 0.10515940656921047], [-0.6411389445532051, -0.17940434401945587, 0.7461601269996616, -0.014936188754654411], [-0.7144582258128835, -0.21541366427851982, -0.6656924190723581, 0.139139755118582], [0.0, 0.0, 0.0, 1.0]], "ecm_transform": [[0.9943456318516006, -0.10208961312795167, -0.02923140963119096, -0.10827119340603683], [-0.09225147254592164, -0.6940984106429633, -0.7139447192577459, 0.9179678659765697], [0.052596865217904284, 0.7126044535605274, -0.6995916398406661, 1.0003979464952384], [0.0, 0.0, 0.0, 1.0]], "psm2_transform": [[0.17908678644201614, 0.9803837839625489, -0.08231378417462017, -0.015128712839931004], [0.8907941658171823, -0.19709803688335975, -0.4094363418198196, -0.07525161069600973], [-0.41762863535435657, 0.0, -0.9086178090550823, -0.011924485955406575], [0.0, 0.0, 0.0, 1.0]]}