{"ecm_psm_transform": [[-0.45285758646322116, 0.2745212016880456, -0.8482677149381898, 0.09816712464381264], [0.7223113996835914, -0.4447855489364484, -0.5295583606595534, -0.08434584495731248], [-0.5226722187660614, -0.8525279615831106, 0.0031347167509651053, 0.17317578936155836], [0.0, 0.0, 0.0, 1.0]], "suj_ecm_transform": [[0.9942001109768999, 0.10754598676807367, -7.975049418374731e-06, -0.10587513006743263], [-0.10754598703240953, 0.9942001061627523, -9.787337077796003e-05, 0.9752697435723943], [-2.5970932602319055e-06, 9.816340065046249e-05, 0.9999999951786009, 1.0565515922107724], [0.0, 0.0, 0.0, 1.0]], "suj_psm2_transform": [[0.28022127005409597, -0.9598834081473077, 0.009994126914278478, 0.10521370479594552], [-0.641192898516786, -0.1794167511189259, 0.7461107801858731, -0.014866307484443508], [-0.7143862447590325, -0.21548427362904865, -0.6657468145756682, 0.1391956035272175], [0.0, 0.0, 0.0, 1.0]], "ecm_transform": [[0.9943447227177207, -0.10209645306660002, -0.029238445147418912, -0.10827736039908199], [-0.0922612712500142, -0.6940974045744026, -0.7139444311642253, 0.9179732287152738], [0.05259686521790427, 0.7126044535605272, -0.6995916398406661, 1.0004039940119616], [0.0, 0.0, 0.0, 1.0]], "psm2_transform": [[-0.21665142442303686, 0.9711542641621728, 0.0996070052511259, 0.018300207025656996], [0.8823657704725691, 0.23845208155859884, -0.4056738245175806, -0.07453205680508959], [-0.4177233622791747, 0.0, -0.9085742636714852, -0.011907492592547274], [0.0, 0.0, 0.0, 1.0]]}