{"ecm_psm_transform": [[-0.45304220075133195, 0.27446608281864937, -0.8481869686104454, 0.09817782578990837], [0.7226641082081728, -0.4440559936162565, -0.5296894007257138, -0.08429166820198308], [-0.5220242820464163, -0.8529259310840923, 0.0028293176311984802, 0.17317681508991106], [0.0, 0.0, 0.0, 1.0]], "suj_ecm_transform": [[0.9942088116044149, 0.10746552407475728, -7.967128330399027e-06, -0.10593005456262233], [-0.1074655243387035, 0.994208806790246, -9.787401589205737e-05, 0.9752897488561403], [-2.5970932602302856e-06, 9.816340065049404e-05, 0.999999995178601, 1.0565682507313838], [0.0, 0.0, 0.0, 1.0]], "suj_psm2_transform": [[0.28021398423229543, -0.9598855679886504, 0.009990966308070226, 0.10521030611391982], [-0.6411894233568087, -0.17941288202425906, 0.7461146970400145, -0.014781546279383884], [-0.714392221693396, -0.21547787387770334, -0.665742472321782, 0.1392509982339063], [0.0, 0.0, 0.0, 1.0]], "ecm_transform": [[0.9943366230525812, -0.10215735904681474, -0.029301092965444746, -0.10822166232139804], [-0.09234852367871978, -0.6940884430375445, -0.7139418627704069, 0.9179386290022572], [0.05259686521790429, 0.7126044535605275, -0.6995916398406661, 1.0003854431532457], [0.0, 0.0, 0.0, 1.0]], "psm2_transform": [[-0.2173832562915196, 0.9709568919352599, 0.09993614905285995, 0.01836221598586185], [0.8821977189351768, 0.2392544963076346, -0.40556685108888146, -0.07451864202272653], [-0.4176981022097975, 0.0, -0.9085858767394164, -0.011911124788477633], [0.0, 0.0, 0.0, 1.0]]}