{"ecm_psm_transform": [[-0.5500517504514837, 0.12081116249954534, -0.826346013992182, -0.02231096970278096], [0.6088936698767773, -0.6191926858296278, -0.495831540544853, 0.2235216203290584], [-0.5715693926455905, -0.7758898638534987, 0.2670268686109145, -0.1617113245882258], [0.0, 0.0, 0.0, 1.0]], "suj_ecm_transform": [[0.9779203942472436, 0.20897775525697332, -1.7974216738041944e-05, 0.05915185367802805], [-0.2089777560138184, 0.9779203894856184, -9.65387261844539e-05, 1.032993285017624], [-2.597093260229875e-06, 9.816340065044987e-05, 0.999999995178601, 0.6492859599408218], [0.0, 0.0, 0.0, 1.0]], "suj_psm2_transform": [[0.13231615209815967, -0.9902644213041158, -0.04322975587672656, -0.022333103218739075], [-0.7632826049867816, -0.1296178799825582, 0.6329288033526521, 0.28448556573373557], [-0.6323702244876255, -0.050750183133185134, -0.7730021462411465, -0.21036655882751987], [0.0, 0.0, 0.0, 1.0]], "ecm_transform": [[0.9909880627357958, -0.07373300601990013, -0.11183069050320892, 0.04821509110349956], [-0.12766097670666385, -0.7726924274321879, -0.6218111350042342, 0.9726830632926936], [-0.04056272354583408, 0.6304838272408125, -0.7751417993156621, 0.5740663443323427], [0.0, 0.0, 0.0, 1.0]], "psm2_transform": [[-0.17609521244055776, 0.9792539217639552, 0.10026082418087523, 0.015767526282017514], [0.850989311976487, 0.20263700725660538, -0.48451566970725707, -0.0761973943319703], [-0.494780423074014, 0.0, -0.8690180279733556, -0.005410837277322788], [0.0, 0.0, 0.0, 1.0]]}