{"ecm_psm_transform": [[-0.5470084157998937, 0.12271927916234532, -0.8280831912108619, -0.022576877970605015], [0.5930416545767833, -0.6413533071200529, -0.48679310942432463, 0.22500635744161512], [-0.5908327927433631, -0.7573677534514165, 0.27804801213285535, -0.15994242893506339], [0.0, 0.0, 0.0, 1.0]], "suj_ecm_transform": [[0.9779315543885556, 0.20892552407089132, -1.7969060563237405e-05, 0.05911245732387875], [-0.2089255248274821, 0.97793154962689, -9.653968605259998e-05, 1.032989874147911], [-2.5970932602325772e-06, 9.816340065043343e-05, 0.999999995178601, 0.6492894458186715], [0.0, 0.0, 0.0, 1.0]], "suj_psm2_transform": [[0.13227242439143472, -0.9902705577784693, -0.0432230047860101, -0.022330345860363213], [-0.7632938957021612, -0.12958030691616929, 0.6329228806444981, 0.2845438394850976], [-0.632365744272593, -0.05072638816859165, -0.7730073731950678, -0.21031994578794655], [0.0, 0.0, 0.0, 1.0]], "ecm_transform": [[0.990983259283231, -0.07376207553643796, -0.11185408366680868, 0.048254407639034436], [-0.12769825871533588, -0.7726896529657516, -0.6218069273663147, 0.9726636473555389], [-0.04056272354583405, 0.6304838272408129, -0.7751417993156613, 0.5740616905899684], [0.0, 0.0, 0.0, 1.0]], "psm2_transform": [[-0.15139678543212667, 0.9847068639868691, 0.08620559945829648, 0.013554971270076627], [0.8557110848470768, 0.17421937899426015, -0.4872434168387433, -0.0766141707532376], [-0.4948106229969781, 0.0, -0.869000832778279, -0.005403549211680712], [0.0, 0.0, 0.0, 1.0]]}