{"ecm_psm_transform": [[-0.5447160787533462, 0.12425854038260396, -0.8293637372646352, -0.022737538497380923], [0.5801867805517343, -0.6582473392483131, -0.4796808731287182, 0.22614063005900648], [-0.6055309184679107, -0.74247576089358, 0.286464746984524, -0.1586371355566168], [0.0, 0.0, 0.0, 1.0]], "suj_ecm_transform": [[0.9779429930178529, 0.20887197534515436, -1.7963774331013728e-05, 0.05907870046860536], [-0.20887197610148442, 0.9779429882561459, -9.654066983631777e-05, 1.0330133118745364], [-2.5970932602254435e-06, 9.81634006504369e-05, 0.999999995178601, 0.649289297741305], [0.0, 0.0, 0.0, 1.0]], "suj_psm2_transform": [[0.13236285834757716, -0.9902586994101605, -0.04321784321962763, -0.02228510064786708], [-0.7632869547323526, -0.12964710688595332, 0.6329175715774632, 0.28453887979952], [-0.6323551996034115, -0.050787162931190455, -0.7730120087139203, -0.2103348141386907], [0.0, 0.0, 0.0, 1.0]], "ecm_transform": [[0.9909865764657573, -0.07374200154151597, -0.11183792949321134, 0.04823124668547935], [-0.12767251357759704, -0.7726915689953062, -0.621809833052156, 0.9726744684236589], [-0.04056272354583403, 0.6304838272408126, -0.7751417993156615, 0.5740643057193445], [0.0, 0.0, 0.0, 1.0]], "psm2_transform": [[-0.13203855326116526, 0.9883872305952129, 0.07520972576085977, 0.011823440380349317], [0.8588345339221879, 0.15195618577841874, -0.48919583087587015, -0.07690465138866871], [-0.4949434955581867, 0.0, -0.868925161452149, -0.005393616217172353], [0.0, 0.0, 0.0, 1.0]]}