{"ecm_psm_transform": [[-0.5370032700609828, 0.12830818448081133, -0.8337652533771418, -0.023416122742726343], [0.5384036589163149, -0.7087535242669805, -0.45583982044645843, 0.22987908228563678], [-0.6494220415179452, -0.6936897372993007, 0.31152136420523624, -0.15470714101778948], [0.0, 0.0, 0.0, 1.0]], "suj_ecm_transform": [[0.9779332710931247, 0.20891748841646254, -1.7968267297646394e-05, 0.05910941084480039], [-0.2089174891730142, 0.9779332663314528, -9.653983370084673e-05, 1.0329964501130315], [-2.597093260219899e-06, 9.816340065046917e-05, 0.999999995178601, 0.6492807166356058], [0.0, 0.0, 0.0, 1.0]], "suj_psm2_transform": [[0.13230300211954477, -0.9902673825042269, -0.04320216173275454, -0.022270917668456347], [-0.7633081728369121, -0.12959202154549415, 0.6329032637237124, 0.2845366492092976], [-0.6323421138201462, -0.05075843870707153, -0.7730245998605024, -0.21033979914433498], [0.0, 0.0, 0.0, 1.0]], "ecm_transform": [[0.9909824160190599, -0.0737671779129792, -0.11185818970366683, 0.04825070796440206], [-0.12770480257050196, -0.7726891658684827, -0.6218061887356039, 0.9726672616840066], [-0.040562723545834026, 0.6304838272408129, -0.7751417993156613, 0.574070124716951], [0.0, 0.0, 0.0, 1.0]], "psm2_transform": [[-0.07135815141834889, 0.9966221504224522, 0.04064853642485866, 0.006390180833669023], [0.8659763488381169, 0.0821236219812976, -0.49329572668499483, -0.07754889044579535], [-0.4949676529624538, 0.0, -0.8689114008463924, -0.005393416954095526], [0.0, 0.0, 0.0, 1.0]]}