{"ecm_psm_transform": [[-0.5344539724687142, 0.12959655554696545, -0.8352027802293125, -0.02367236276214289], [0.5248977453834682, -0.7236203936447424, -0.4481694799880733, 0.23101188854763843], [-0.6624509855104473, -0.6779220151992341, 0.31871685412674167, -0.15358179121488316], [0.0, 0.0, 0.0, 1.0]], "suj_ecm_transform": [[0.9779384174398668, 0.20889339714896601, -1.7965889051342513e-05, 0.059091191417935125], [-0.20889339790540037, 0.9779384126781763, -9.654027631646708e-05, 1.03300758250257], [-2.597093260224554e-06, 9.816340065045964e-05, 0.9999999951786008, 0.6492895890894459], [0.0, 0.0, 0.0, 1.0]], "suj_psm2_transform": [[0.13245123597069777, -0.9902468369726413, -0.043218884246517875, -0.022298908020638844], [-0.7632745229413905, -0.1297158242332402, 0.6329184841447468, 0.2844618347252917], [-0.6323517001783323, -0.05084296223835211, -0.7730112033291641, -0.21037221139079465], [0.0, 0.0, 0.0, 1.0]], "ecm_transform": [[0.9909806165441991, -0.07377806519173821, -0.11186695101880291, 0.04826531442874872], [-0.12771876562284754, -0.7726881264031048, -0.6218046125781281, 0.9726645777636912], [-0.040562723545834053, 0.6304838272408132, -0.7751417993156614, 0.5740580532014724], [0.0, 0.0, 0.0, 1.0]], "psm2_transform": [[-0.0525281584511655, 0.9981713736091494, 0.02991156092471759, 0.004703547639849754], [0.8673980231663383, 0.0604475715577048, -0.4939299145626884, -0.07766973076863784], [-0.494834782505088, 0.0, -0.868987075866576, -0.005405969848652058], [0.0, 0.0, 0.0, 1.0]]}