{"ecm_psm_transform": [[-0.531685745755124, 0.13069318912105055, -0.8367972024799005, -0.0238998334808595], [0.5090803331959776, -0.7402998577065771, -0.4390823784128606, 0.23250794437773772], [-0.6768659262467644, -0.6594508404703049, 0.32707354966294405, -0.15222962630803233], [0.0, 0.0, 0.0, 1.0]], "suj_ecm_transform": [[0.9779375797187781, 0.2088973189176722, -1.7966276201114355e-05, 0.05909627264002265], [-0.20889731967412564, 0.9779375749570907, -9.654020426808181e-05, 1.0330101635284188], [-2.5970932602396415e-06, 9.816340065042218e-05, 0.999999995178601, 0.6492753411834424], [0.0, 0.0, 0.0, 1.0]], "suj_psm2_transform": [[0.13231328094987227, -0.9902642202628502, -0.043243146873117755, -0.022278315826662135], [-0.7632718354806265, -0.12962333155103212, 0.6329406742180874, 0.28453726490201586], [-0.632383823991661, -0.050740181166616494, -0.772991677295987, -0.2103164083946718], [0.0, 0.0, 0.0, 1.0]], "ecm_transform": [[0.9909798163311477, -0.07378290629638537, -0.11187084679550835, 0.04826505469943182], [-0.12772497438962171, -0.7726876641478341, -0.6218039116883513, 0.9726564526440685], [-0.04056272354583405, 0.630483827240813, -0.7751417993156616, 0.5740520938170469], [0.0, 0.0, 0.0, 1.0]], "psm2_transform": [[-0.030876703011136236, 0.9993685200792798, 0.017583807486213868, 0.0027648252751112205], [0.8684211417522506, 0.035532535436556455, -0.4945524840531763, -0.07776195279954569], [-0.49486498135236795, 0.0, -0.8689698787824125, -0.005402610933707766], [0.0, 0.0, 0.0, 1.0]]}