{"ecm_psm_transform": [[-0.5262544300289432, 0.13296194043479057, -0.8398674879233791, -0.024343687938159365], [0.4777474403812981, -0.7708377472382212, -0.4213864623381041, 0.23520771200290477], [-0.7034299240749078, -0.6230010351745169, 0.34213455260679293, -0.14989852160532122], [0.0, 0.0, 0.0, 1.0]], "suj_ecm_transform": [[0.9779305206997175, 0.20893036246815636, -1.796953820136112e-05, 0.05910904712081347], [-0.20893036322477068, 0.9779305159380557, -9.653959714791916e-05, 1.032994717539486], [-2.597093260218857e-06, 9.81634006503973e-05, 0.999999995178601, 0.6492845019641369], [0.0, 0.0, 0.0, 1.0]], "suj_psm2_transform": [[0.13244492121545098, -0.9902435686172811, -0.04331301947850069, -0.022237413476209833], [-0.7631949670516288, -0.12976466936613446, 0.6330044019209986, 0.2844369555311715], [-0.632449037560574, -0.05078193966765954, -0.7729355791347, -0.21036022666407805], [0.0, 0.0, 0.0, 1.0]], "ecm_transform": [[0.9909825241103444, -0.07376652389496116, -0.11185766339569767, 0.048252637673943534], [-0.12770396378513596, -0.772689228306071, -0.6218062834141624, 0.9726642184403267], [-0.04056272354583405, 0.6304838272408129, -0.7751417993156616, 0.5740714326936321], [0.0, 0.0, 0.0, 1.0]], "psm2_transform": [[0.01056940992721269, 0.9999260279265296, -0.006018824541682648, -0.0009464016363209535], [0.8689159168918591, -0.012163004360478683, -0.4948102572672751, -0.0778041017648978], [-0.4948468621157161, 0.0, -0.8689801971588476, -0.0054035785907811835], [0.0, 0.0, 0.0, 1.0]]}