{"ecm_psm_transform": [[-0.5233573680641544, 0.13383767868630023, -0.8415370111033881, -0.02467023260376833], [0.4603663640041453, -0.7866404149854422, -0.4114117990592079, 0.23684689686120647], [-0.7170494238102169, -0.6027307303227485, 0.3500796916961082, -0.14861552332154485], [0.0, 0.0, 0.0, 1.0]], "suj_ecm_transform": [[0.9779326211441088, 0.20892053077508588, -1.796856763388963e-05, 0.05911919728966505], [-0.20892053153165235, 0.9779326163824393, -9.653977780091306e-05, 1.032999788282952], [-2.5970932602211084e-06, 9.816340065045142e-05, 0.9999999951786009, 0.6492817399933752], [0.0, 0.0, 0.0, 1.0]], "suj_psm2_transform": [[0.1322943665955217, -0.9902647425730609, -0.043289030756061, -0.02230066897323721], [-0.7632349189805876, -0.12963492210054608, 0.632982816054813, 0.2845202911026999], [-0.6324323355235606, -0.05070036083397067, -0.7729546004750341, -0.2103092115032834], [0.0, 0.0, 0.0, 1.0]], "ecm_transform": [[0.9909794848173243, -0.0737849118088695, -0.11187246068871355, 0.048268770251228166], [-0.127727546479742, -0.7726874726415165, -0.6218036213251986, 0.9726610742637128], [-0.040562723545834026, 0.6304838272408128, -0.7751417993156613, 0.5740656152066693], [0.0, 0.0, 0.0, 1.0]], "psm2_transform": [[0.03393980120235031, 0.999236891755003, -0.01933194377566358, -0.00303948797639751], [0.8682655149185303, -0.039059367068610795, -0.4945597652938004, -0.0777577504706395], [-0.49493745614734436, 0.0, -0.8689286014986477, -0.0053993945008209004], [0.0, 0.0, 0.0, 1.0]]}