{"ecm_psm_transform": [[-0.5151518963929363, 0.13620399156484164, -0.846207419209124, -0.02543589146893531], [0.41083085719739176, -0.8272440367766054, -0.3832561941991319, 0.2413022041473194], [-0.7522210648587409, -0.5450832746464993, 0.370199531716926, -0.14540117477991182], [0.0, 0.0, 0.0, 1.0]], "suj_ecm_transform": [[0.977942174852731, 0.2088758059747464, -1.796415248350393e-05, 0.059070875663951875], [-0.2088758067310951, 0.977942170091027, -9.654059947097044e-05, 1.033027282280908], [-2.5970932602201767e-06, 9.816340065045952e-05, 0.999999995178601, 0.6492879933352345], [0.0, 0.0, 0.0, 1.0]], "suj_psm2_transform": [[0.13229286213694177, -0.9902637985394438, -0.04331521591598242, -0.022325480817073376], [-0.7632125667820167, -0.12964869323652053, 0.6330069464453518, 0.28454903589239094], [-0.6324596244295931, -0.05068358357786723, -0.7729333721751723, -0.21025738110421877], [0.0, 0.0, 0.0, 1.0]], "ecm_transform": [[0.9909847685905041, -0.07375294244196942, -0.11184673398350367, 0.04824038045862131], [-0.12768654541559704, -0.7726905247697352, -0.6218082494233265, 0.9726680462114371], [-0.04056272354583405, 0.6304838272408125, -0.7751417993156616, 0.5740679435198343], [0.0, 0.0, 0.0, 1.0]], "psm2_transform": [[0.09404726032461545, 0.9941250237077564, -0.05357751453256167, -0.008423891560009372], [0.8637894663243006, -0.10823787339953074, -0.492089748551143, -0.07737034305814615], [-0.4949978491797859, 0.0, -0.868894199144744, -0.005399877335717132], [0.0, 0.0, 0.0, 1.0]]}