{"ecm_psm_transform": [[-0.5590215929663114, 0.11429584575986476, -0.8212376746347216, -0.02140847071950547], [0.6538963041373951, -0.5482250028479623, -0.5214105577065036, 0.21951073392270404], [-0.5098180871966618, -0.8284840408205755, 0.23173198327539524, -0.16722246188627887], [0.0, 0.0, 0.0, 1.0]], "suj_ecm_transform": [[0.9779354376330568, 0.20890734668416852, -1.7967266123996008e-05, 0.05909407408234216], [-0.20890734744067077, 0.9779354328713771, -9.654002003674458e-05, 1.0330174469277091], [-2.5970932602275103e-06, 9.81634006504625e-05, 0.999999995178601, 0.6492802854499706], [0.0, 0.0, 0.0, 1.0]], "suj_psm2_transform": [[0.13239746351816745, -0.9902533350401368, -0.04323475564684032, -0.022237735721816893], [-0.7632682518471923, -0.1296834514662884, 0.632932680573473, 0.2844952621280866], [-0.6323705301293591, -0.050798965124078, -0.7729986919563552, -0.21033847009554707], [0.0, 0.0, 0.0, 1.0]], "ecm_transform": [[0.9909792598381367, -0.07378627281048868, -0.1118735559254069, 0.04826857829003621], [-0.12772929197800809, -0.7726873426765274, -0.6218034242735268, 0.9726488314193232], [-0.04056272354583405, 0.6304838272408128, -0.7751417993156616, 0.5740650319610631], [0.0, 0.0, 0.0, 1.0]], "psm2_transform": [[-0.2507173958388257, 0.9574841117093769, 0.1427058626963279, 0.02244512685497064], [0.8321302171066849, 0.28848600628818305, -0.4736402917340078, -0.07449530265072046], [-0.49467169840387987, 0.0, -0.8690799219854415, -0.005415986878099358], [0.0, 0.0, 0.0, 1.0]]}