{"ecm_psm_transform": [[-0.5043863214126137, 0.1383068993330156, -0.8523295374259529, -0.026341777957892634], [0.345625997372028, -0.8722267963862588, -0.34606803609457354, 0.24704179959085867], [-0.7912882589249274, -0.46913923014671366, 0.39213680524136774, -0.142047037345728], [0.0, 0.0, 0.0, 1.0]], "suj_ecm_transform": [[0.9779202767479198, 0.20897830509935134, -1.7974271017599958e-05, 0.05914366863881299], [-0.2089783058561991, 0.977920271986295, -9.65387160782858e-05, 1.0329849610315598], [-2.5970932602209322e-06, 9.816340065042431e-05, 0.9999999951786009, 0.6492895934840441], [0.0, 0.0, 0.0, 1.0]], "suj_psm2_transform": [[0.13240023094174705, -0.9902507877540078, -0.04328459540228202, -0.022265036753700812], [-0.7632249918791546, -0.12971399648052293, 0.6329785864372629, 0.2844488217894416], [-0.6324221617065903, -0.05077062605107496, -0.7729583125322773, -0.21039255961053094], [0.0, 0.0, 0.0, 1.0]], "ecm_transform": [[0.9909849468290294, -0.07375186383204757, -0.1118458659922894, 0.048230392110503235], [-0.1276851620855387, -0.7726906277217785, -0.6218084055511903, 0.9726696605706215], [-0.04056272354583402, 0.6304838272408126, -0.7751417993156616, 0.5740686661909412], [0.0, 0.0, 0.0, 1.0]], "psm2_transform": [[0.16985696676596757, 0.9807112010719616, -0.0967168596112146, -0.015213010196860492], [0.852238850446521, -0.19546237513135462, -0.4852663203825319, -0.0763296234994423], [-0.4948106229969781, 0.0, -0.869000832778279, -0.00541926558156227], [0.0, 0.0, 0.0, 1.0]]}