{"ecm_psm_transform": [[-0.5011689548002236, 0.13876691666678706, -0.8541507019157945, -0.026561843366648304], [0.32529675397710967, -0.8844514196908572, -0.3345559864339346, 0.24884064307542444], [-0.8018801036292192, -0.44552152478373064, 0.3981191660269229, -0.14111851491291558], [0.0, 0.0, 0.0, 1.0]], "suj_ecm_transform": [[0.9779215158563559, 0.2089725065700118, -1.7973698596141932e-05, 0.05914500803378297], [-0.20897250732683134, 0.9779215110947266, -9.653882265404969e-05, 1.0329888200268946], [-2.597093260234317e-06, 9.81634006504087e-05, 0.999999995178601, 0.649285375733897], [0.0, 0.0, 0.0, 1.0]], "suj_psm2_transform": [[0.13247745168394132, -0.9902417515540606, -0.04325503756182886, -0.022201214608428277], [-0.7632405028282968, -0.12975667986100847, 0.6329511346651149, 0.28442612818980134], [-0.6323872703001996, -0.050837756742346474, -0.77298244666465, -0.21040477855029271], [0.0, 0.0, 0.0, 1.0]], "ecm_transform": [[0.9909866725486159, -0.07374142003315498, -0.11183746153465858, 0.04823791281857878], [-0.12767176778586045, -0.7726916244914727, -0.6218099172184073, 0.9726761132562983], [-0.040562723545834026, 0.6304838272408126, -0.7751417993156616, 0.5740634367561762], [0.0, 0.0, 0.0, 1.0]], "psm2_transform": [[0.1941120494940361, 0.9747316346665506, -0.11053846670503076, -0.01738459776666789], [0.847022488069505, -0.22337914043230248, -0.48234289081966514, -0.07585899635181079], [-0.4948468621157161, 0.0, -0.8689801971588476, -0.005412745820053796], [0.0, 0.0, 0.0, 1.0]]}