{"ecm_psm_transform": [[-0.49599450727621003, 0.13903244289667144, -0.8571227616707034, -0.02712129220946846], [0.29133001484805715, -0.9032386976841252, -0.31509788551260726, 0.2519833301000418], [-0.8179952757812606, -0.40599240735273495, 0.4074971091571944, -0.13955761284259624], [0.0, 0.0, 0.0, 1.0]], "suj_ecm_transform": [[0.9779237957341745, 0.20896183721878142, -1.797264533529181e-05, 0.05915181942760681], [-0.20896183797554901, 0.9779237909725371, -9.653901874530562e-05, 1.0329975665654594], [-2.5970932602239883e-06, 9.816340065040714e-05, 0.9999999951786009, 0.6492890102384377], [0.0, 0.0, 0.0, 1.0]], "suj_psm2_transform": [[0.13229287722613714, -0.9902641273104112, -0.04330765287313321, -0.02229422729071487], [-0.7632190780467835, -0.12964439234493874, 0.6329999766500229, 0.28452344762792725], [-0.6324517638054685, -0.05068816129690634, -0.7729395039482009, -0.21029877506770056], [0.0, 0.0, 0.0, 1.0]], "ecm_transform": [[0.9909807545085387, -0.07377723051518174, -0.11186627933026674, 0.048249840643079175], [-0.1277176951414007, -0.772688206099515, -0.6218047334191671, 0.9726613534751001], [-0.04056272354583405, 0.6304838272408128, -0.7751417993156615, 0.5740679448931459], [0.0, 0.0, 0.0, 1.0]], "psm2_transform": [[0.22937738915677894, 0.9645326221231002, -0.13062478403410407, -0.020543720630408588], [0.838153113238709, -0.26396367337256227, -0.4773075925521435, -0.07506748362243433], [-0.4948589416307231, 0.0, -0.8689733182832029, -0.00541297355177912], [0.0, 0.0, 0.0, 1.0]]}