{"ecm_psm_transform": [[-0.49270240544459054, 0.13927849457593466, -0.8589795344580545, -0.027331048832887624], [0.26990290268459216, -0.9139684728335792, -0.3030083394705284, 0.25383811736249295], [-0.8272827586693356, -0.38113400742378895, 0.4127227950980382, -0.1387756665655081], [0.0, 0.0, 0.0, 1.0]], "suj_ecm_transform": [[0.9779332340818616, 0.20891766166442596, -1.7968284400371805e-05, 0.0591077468007383], [-0.20891766242097845, 0.9779332293201899, -9.65398305176263e-05, 1.0330039760578282], [-2.5970932602232887e-06, 9.816340065045811e-05, 0.9999999951786009, 0.6492863876931769], [0.0, 0.0, 0.0, 1.0]], "suj_psm2_transform": [[0.13240940723232508, -0.9902485511228705, -0.04330768841026078, -0.022211846226727755], [-0.7632044798419795, -0.12973428042534915, 0.6329991614778417, 0.28446248296377497], [-0.6324449943082151, -0.05076242194352831, -0.7729401695428367, -0.21034290878579198], [0.0, 0.0, 0.0, 1.0]], "ecm_transform": [[0.9909819256022094, -0.07377014517861168, -0.1118605775510915, 0.04825809634877347], [-0.12770860812130652, -0.7726888825834779, -0.6218057591753352, 0.9726605307584858], [-0.04056272354583403, 0.6304838272408126, -0.7751417993156615, 0.5740622723249317], [0.0, 0.0, 0.0, 1.0]], "psm2_transform": [[0.25198130169981897, 0.9570329109637352, -0.14350411466555235, -0.02256752166202884], [0.8316261890795045, -0.2899793222494997, -0.4736136339938085, -0.0744806932504853], [-0.49487706072393906, 0.0, -0.8689629996548961, -0.005409386451498629], [0.0, 0.0, 0.0, 1.0]]}