{"ecm_psm_transform": [[-0.4896073262946883, 0.13924470659263027, -0.8607529132826095, -0.027677187706766946], [0.24893079833285955, -0.9237605308156343, -0.2910325400167195, 0.2557498536847012], [-0.8356543087185828, -0.3567595736531124, 0.4176176276534764, -0.13798630261693512], [0.0, 0.0, 0.0, 1.0]], "suj_ecm_transform": [[0.9779358515847123, 0.208905408887534, -1.7967074828202973e-05, 0.05909292833397737], [-0.20890540964402682, 0.9779358468230311, -9.654005563897134e-05, 1.0329990006527292], [-2.597093260233148e-06, 9.816340065042358e-05, 0.9999999951786009, 0.6492885728728988], [0.0, 0.0, 0.0, 1.0]], "suj_psm2_transform": [[0.13235253855106685, -0.9902578088323096, -0.04326982303779148, -0.022273186956739008], [-0.7632437441506178, -0.1296687990369261, 0.6329652356735465, 0.2844999318092775], [-0.6324095133329631, -0.050749134011869534, -0.7729700724109638, -0.21031991560520824], [0.0, 0.0, 0.0, 1.0]], "ecm_transform": [[0.9909833566057371, -0.07376148664572582, -0.1118536097684788, 0.0482513007765646], [-0.12769750345629693, -0.772689709181887, -0.6218070126135922, 0.9726640476894366], [-0.04056272354583402, 0.6304838272408131, -0.7751417993156613, 0.5740598006036611], [0.0, 0.0, 0.0, 1.0]], "psm2_transform": [[0.27368008760903595, 0.9491019849864596, -0.15589942828975567, -0.024516380932702378], [0.8246855353206762, -0.31496892242689956, -0.469774781930754, -0.07387568788889755], [-0.4949676529624538, 0.0, -0.8689114008463924, -0.00540847382517785], [0.0, 0.0, 0.0, 1.0]]}