{"ecm_psm_transform": [[-0.5594781237232074, 0.1138915522535522, -0.8209829129771437, -0.02139370758902103], [0.6561765109579378, -0.5442840461696933, -0.5226731900071159, 0.21928611694308792], [-0.5063759626426071, -0.831133919059031, 0.22978205553817585, -0.1675345134465504], [0.0, 0.0, 0.0, 1.0]], "suj_ecm_transform": [[0.9779295820573796, 0.2089347558788614, -1.7969971911244712e-05, 0.05911124701511068], [-0.2089347566354971, 0.977929577295721, -9.653951641776155e-05, 1.0330052455148282], [-2.5970932602288164e-06, 9.816340065046569e-05, 0.999999995178601, 0.6492842088306907], [0.0, 0.0, 0.0, 1.0]], "suj_psm2_transform": [[0.13238511690422972, -0.9902521889750606, -0.04329876502112334, -0.022263063938452357], [-0.7632148532472349, -0.12971043236545587, 0.6329915414271886, 0.2844742674536259], [-0.6324375610327515, -0.05075239861984382, -0.7729469098387529, -0.21034335790638736], [0.0, 0.0, 0.0, 1.0]], "ecm_transform": [[0.9909865212280877, -0.07374233584690296, -0.11183819851953626, 0.04822943667083423], [-0.12767294232842316, -0.7726915370907201, -0.6218097846653616, 0.9726633045439647], [-0.040562723545834053, 0.6304838272408126, -0.7751417993156615, 0.574063145545367], [0.0, 0.0, 0.0, 1.0]], "psm2_transform": [[-0.25461905755019887, 0.95612352354299, 0.14490322032303465, 0.022793733386500106], [0.8309806284743566, 0.2929638334807514, -0.4729094917345452, -0.07439015396974547], [-0.49461129246370006, 0.0, -0.8691143016700325, -0.00542204962132202], [0.0, 0.0, 0.0, 1.0]]}