{"ecm_psm_transform": [[-0.48742972084570974, 0.13913411580424143, -0.8620057801753106, -0.027933915127791573], [0.23487453931085633, -0.9299434443240251, -0.28291189643117254, 0.2571149243488646], [-0.8409793208038987, -0.340362877203348, 0.42060301211721274, -0.1374252498721099], [0.0, 0.0, 0.0, 1.0]], "suj_ecm_transform": [[0.9779457576533177, 0.20885903084431734, -1.79624964747674e-05, 0.059070967777269175], [-0.20885903160058433, 0.9779457528916007, -9.654090760427562e-05, 1.0330294870970747], [-2.5970932602306613e-06, 9.816340065045108e-05, 0.9999999951786012, 0.6492865365945304], [0.0, 0.0, 0.0, 1.0]], "suj_psm2_transform": [[0.13225990977075477, -0.9902689789553074, -0.04329740853960001, -0.022335610512840318], [-0.7632319843236801, -0.12961312348421572, 0.6329908185163539, 0.28459998560090793], [-0.6324430838998636, -0.05067334150693714, -0.7729475778393718, -0.21023177204395305], [0.0, 0.0, 0.0, 1.0]], "ecm_transform": [[0.9909768142062247, -0.07380106633771219, -0.11188546068680577, 0.04827194548362139], [-0.12774826481884752, -0.7726859298545521, -0.6218012822764039, 0.9726463647862607], [-0.04056272354583405, 0.6304838272408129, -0.7751417993156617, 0.5740693980632389], [0.0, 0.0, 0.0, 1.0]], "psm2_transform": [[0.2881403835412574, 0.9434245936260417, -0.16408886468689807, -0.02580893483497202], [0.8198107996732036, -0.3315871471295866, -0.466862095910178, -0.07343102430049496], [-0.4948589416307231, 0.0, -0.8689733182832029, -0.005416902271014677], [0.0, 0.0, 0.0, 1.0]]}