{"ecm_psm_transform": [[-0.4875209761788545, 0.13922252694187812, -0.8619398968475327, -0.027859161214171174], [0.2356141335741599, -0.9296024804466354, -0.2834170220850557, 0.25696101648970704], [-0.840719500098407, -0.34125696526134225, 0.4203979136662124, -0.1375265265478878], [0.0, 0.0, 0.0, 1.0]], "suj_ecm_transform": [[0.9779341181477348, 0.20891352335300803, -1.79678758736368e-05, 0.059120625811592185], [-0.20891352410954037, 0.9779341133860598, -9.65399065529376e-05, 1.032998339235028], [-2.597093260228559e-06, 9.816340065043599e-05, 0.9999999951786009, 0.6492786818678813], [0.0, 0.0, 0.0, 1.0]], "suj_psm2_transform": [[0.13235263118814633, -0.9902568462671605, -0.043291563134083055, -0.022273541777557374], [-0.7632251228011887, -0.12968127364547355, 0.6329851334674446, 0.2845131268811469], [-0.6324319670468004, -0.05073603932813031, -0.7729525608797798, -0.21030120556404164], [0.0, 0.0, 0.0, 1.0]], "ecm_transform": [[0.9909804356058465, -0.07377915984793892, -0.11186783192043806, 0.048263566658884996], [-0.12772016953085893, -0.7726880218819943, -0.6218044540971861, 0.9726656390217215], [-0.040562723545834005, 0.6304838272408129, -0.7751417993156615, 0.5740644499514372], [0.0, 0.0, 0.0, 1.0]], "psm2_transform": [[0.2873465771943193, 0.9437442488652452, -0.16364210127129009, -0.025735841993698577], [0.820082079489324, -0.33067626575515524, -0.46703168004610984, -0.07344964058969222], [-0.49487102105010666, 0.0, -0.8689664392396435, -0.005411891678276701], [0.0, 0.0, 0.0, 1.0]]}