{"ecm_psm_transform": [[-0.5574155504211917, 0.11556628707549482, -0.8221510429600055, -0.021583139034818503], [0.646041779107721, -0.5615938094965855, -0.5169549427004676, 0.2202212083135517], [-0.5214574995107186, -0.8193026464174868, 0.23838047272654672, -0.16616545133795865], [0.0, 0.0, 0.0, 1.0]], "suj_ecm_transform": [[0.9779397980202976, 0.20888693383088758, -1.7965251004553942e-05, 0.05908229903856607], [-0.20888693458729046, 0.9779397932586021, -9.654039505309878e-05, 1.033004190763652], [-2.5970932602320165e-06, 9.816340065045964e-05, 0.9999999951786012, 0.6492834850609339], [0.0, 0.0, 0.0, 1.0]], "suj_psm2_transform": [[0.1323944121161942, -0.9902521209430986, -0.04327189166309536, -0.02226809711482354], [-0.7632365354563493, -0.12970225694012325, 0.6329670729897625, 0.2845042224981648], [-0.6324094485260292, -0.0507746148418044, -0.7729684520746435, -0.21032508031288133], [0.0, 0.0, 0.0, 1.0]], "ecm_transform": [[0.9909830210054358, -0.07376351732146698, -0.1118552439150982, 0.04824043120609575], [-0.12770010782095964, -0.7726895153295033, -0.6218067186532911, 0.9726621316739482], [-0.040562723545834, 0.630483827240813, -0.7751417993156613, 0.5740640179418149], [0.0, 0.0, 0.0, 1.0]], "psm2_transform": [[-0.23710674365333578, 0.9620639789285174, 0.13495663215396503, 0.021226863050137074], [0.8361137954795773, 0.2728239367215225, -0.47590001109529956, -0.07485267081616223], [-0.4946656579173927, 0.0, -0.8690833601428307, -0.005417182678417495], [0.0, 0.0, 0.0, 1.0]]}