{"ecm_psm_transform": [[-0.5571993632438565, 0.11570705803282415, -0.8222777792948257, -0.021615489583550248], [0.6453058581397835, -0.5628728224855402, -0.5164828507875552, 0.22024079877198866], [-0.5225985256878545, -0.8184045835823203, 0.23896593589951384, -0.1661572045690435], [0.0, 0.0, 0.0, 1.0]], "suj_ecm_transform": [[0.9779206593430451, 0.20897651472592882, -1.797409427481227e-05, 0.05914983582412645], [-0.20897651548276786, 0.9779206545814189, -9.653874898538358e-05, 1.0329943972539997], [-2.5970932602342137e-06, 9.816340065044805e-05, 0.9999999951786012, 0.6492922079267645], [0.0, 0.0, 0.0, 1.0]], "suj_psm2_transform": [[0.1324059245064788, -0.9902526311189349, -0.04322496636912254, -0.02227981044696739], [-0.7632753194088496, -0.12968437300320557, 0.6329239687198491, 0.2844576272992881], [-0.6323602279847332, -0.05081033320883244, -0.7730063726142911, -0.2104174333893325], [0.0, 0.0, 0.0, 1.0]], "ecm_transform": [[0.9909787531742156, -0.07378933778246693, -0.11187602239489203, 0.048271915968231646], [-0.12773322283502295, -0.7726870499868637, -0.6218029805065076, 0.9726729664761328], [-0.04056272354583402, 0.6304838272408128, -0.7751417993156615, 0.5740616905899686], [0.0, 0.0, 0.0, 1.0]], "psm2_transform": [[-0.2358520089643119, 0.9624737424178383, 0.13423160962939684, 0.021114671936233086], [0.8364864591846564, 0.2713748241016484, -0.47607363762816757, -0.07488652414852995], [-0.494635455126515, 0.0, -0.8691005503000131, -0.005421196686653109], [0.0, 0.0, 0.0, 1.0]]}