{"ecm_psm_transform": [[-0.5562857719014476, 0.16814583081898826, -0.8138016463231095, -0.019304688212593284], [0.5395123868573668, -0.6717718225022395, -0.5075913739608732, 0.22033813597284935], [-0.6320383883970009, -0.7214219279105758, 0.2829803482970332, -0.16627184993572708], [0.0, 0.0, 0.0, 1.0]], "suj_ecm_transform": [[0.977937430755469, 0.20889801627732857, -1.7966345043200077e-05, 0.059089432838814036], [-0.2088980170337854, 0.9779374259937821, -9.654019145646911e-05, 1.0330106660120992], [-2.59709326022667e-06, 9.816340065044974e-05, 0.999999995178601, 0.6492856677686938], [0.0, 0.0, 0.0, 1.0]], "suj_psm2_transform": [[0.17551728422666943, -0.9824110214271461, -0.06373592327852656, -0.020259235621299804], [-0.7413402330004194, -0.17449114638849775, 0.6480489941099453, 0.27732823550174923], [-0.6477718285573852, -0.06649379527820276, -0.7589270276626878, -0.21956222648908796], [0.0, 0.0, 0.0, 1.0]], "ecm_transform": [[0.9912837264779055, -0.06956099252220899, -0.11188316200126971, 0.04769607920189073], [-0.12444848159951899, -0.7731032454904174, -0.6219517242035412, 0.9693950141638895], [-0.04323365642241425, 0.6304543124854557, -0.7750214260398482, 0.5700268580920659], [0.0, 0.0, 0.0, 1.0]], "psm2_transform": [[-0.08818334394714311, 0.9948407804003402, 0.050154954917157074, 0.007896588567831302], [0.8647568623664699, 0.10144861582319493, -0.49183711464026003, -0.07743672271500382], [-0.49438776971158815, 0.0, -0.8692414699953068, -0.005463030515966801], [0.0, 0.0, 0.0, 1.0]]}