{"ecm_psm_transform": [[-0.5429565010529163, 0.17463508768150482, -0.8214017434330461, -0.020521616706251817], [0.4853130165373626, -0.7329990325433138, -0.47663790687478025, 0.22523541245465878], [-0.68532438592522, -0.657430608080457, 0.3132339087889124, -0.16147669017316196], [0.0, 0.0, 0.0, 1.0]], "suj_ecm_transform": [[0.9779535553397031, 0.20882251620913012, -1.7958891822669475e-05, 0.0590406932164202], [-0.2088225169652193, 0.9779535505779579, -9.654157821975114e-05, 1.033015629127718], [-2.5970932602239206e-06, 9.816340065042762e-05, 0.9999999951786009, 0.6492826126644857], [0.0, 0.0, 0.0, 1.0]], "suj_psm2_transform": [[0.17546457360983636, -0.9824201813324083, -0.0637398675768655, -0.020282882902274035], [-0.7413472557976497, -0.17445373215306725, 0.6480510332212734, 0.27736490320121876], [-0.6477780713556245, -0.0664566223085698, -0.7589249551978927, -0.21953479473397475], [0.0, 0.0, 0.0, 1.0]], "ecm_transform": [[0.9912875418647888, -0.06953728751377311, -0.11186409159731221, 0.04767350436706639], [-0.12441808669166088, -0.7731053780137083, -0.6219551544848457, 0.9693995438777194], [-0.04323365642241424, 0.6304543124854559, -0.7750214260398485, 0.5700223481697907], [0.0, 0.0, 0.0, 1.0]], "psm2_transform": [[-0.011116994991175053, 0.9999182238281831, 0.006321240278433131, 0.000995398587003511], [0.869225356164203, 0.012788497030202439, -0.4942506798628838, -0.07782909788124479], [-0.49429110109689467, 0.0, -0.8692964438995592, -0.005470375596220812], [0.0, 0.0, 0.0, 1.0]]}