{"ecm_psm_transform": [[-0.5851990646958332, 0.147084440173963, -0.797438538156913, -0.016774222136301642], [0.6488969791896939, -0.5048054531684362, -0.5693014709711368, 0.2106039315137922], [-0.48628671077627894, -0.8506101468417375, 0.1999690301328332, -0.17929240873644253], [0.0, 0.0, 0.0, 1.0]], "suj_ecm_transform": [[0.9779330862516862, 0.20891835364895733, -1.796835271184244e-05, 0.05910749860260647], [-0.2089183544055132, 0.977933081490015, -9.653981780328092e-05, 1.0329918250518477], [-2.5970932602402022e-06, 9.816340065047393e-05, 0.9999999951786012, 0.6492815967226007], [0.0, 0.0, 0.0, 1.0]], "suj_psm2_transform": [[0.17536799033310532, -0.982436494102019, -0.06375423925561213, -0.02032002927150757], [-0.7413482171934415, -0.1743886703318253, 0.6480674444253502, 0.27735572438307726], [-0.6478031250546994, -0.0663861937185129, -0.7589097340612613, -0.21952024076229093], [0.0, 0.0, 0.0, 1.0]], "ecm_transform": [[0.9912899443886056, -0.06952235762174591, -0.11185208064559982, 0.04766779045187371], [-0.12439894334914722, -0.773106720743783, -0.6219573146401691, 0.9694056707187072], [-0.043233656422414245, 0.6304543124854558, -0.7750214260398485, 0.5700283082408723], [0.0, 0.0, 0.0, 1.0]], "psm2_transform": [[-0.2686657516715661, 0.9510584367458389, 0.1526648740651021, 0.024048428409000108], [0.8268856465343242, 0.3090110837729953, -0.46986410552515245, -0.07401501735665773], [-0.49404335987265846, 0.0, -0.8694372654572238, -0.005486653420322632], [0.0, 0.0, 0.0, 1.0]]}