{"ecm_psm_transform": [[-0.5432625215563688, 0.17457230276742153, -0.8212127274821647, -0.0204791893851877], [0.4867063435338207, -0.7315251107662263, -0.47748083467548663, 0.22503933764965148], [-0.6840926602706354, -0.6590868860969246, 0.31244472909445126, -0.16162050747553244], [0.0, 0.0, 0.0, 1.0]], "suj_ecm_transform": [[0.977939174988778, 0.2088898506378604, -1.7965538946315705e-05, 0.059075099589725504], [-0.20888985139427743, 0.9779391702270849, -9.654034146938782e-05, 1.0330101283580855], [-2.5970932602260974e-06, 9.816340065042202e-05, 0.9999999951786009, 0.6492807199315547], [0.0, 0.0, 0.0, 1.0]], "suj_psm2_transform": [[0.1755484425343507, -0.9824052889603516, -0.06373846991018983, -0.02026679563500662], [-0.7413323867615587, -0.17451610137368506, 0.6480512500564602, 0.2772983294935451], [-0.6477723648490841, -0.06651299560279988, -0.7589248874254734, -0.21956686862564134], [0.0, 0.0, 0.0, 1.0]], "ecm_transform": [[0.9912909478691809, -0.0695161210511333, -0.1118470633795311, 0.04766100057173708], [-0.12439094671626752, -0.773107281547972, -0.6219582169185766, 0.9694046992854383], [-0.043233656422414245, 0.6304543124854557, -0.7750214260398482, 0.5700217669841524], [0.0, 0.0, 0.0, 1.0]], "psm2_transform": [[-0.013043744531012522, 0.9998874230488195, 0.007416330453855443, 0.0011679463647330422], [0.8692123214055402, 0.015004706887876975, -0.49421128992365304, -0.07782990295103279], [-0.4942669329880381, 0.0, -0.8693101856958759, -0.005474506197460094], [0.0, 0.0, 0.0, 1.0]]}