{"ecm_psm_transform": [[-0.5389006955208991, 0.17632900403493335, -0.823707546829055, -0.020930624312150183], [0.4681266670423063, -0.7502584965902345, -0.4668721579812005, 0.22675520758161], [-0.7003166883424621, -0.637197199170092, 0.3217705166711787, -0.16010519739209822], [0.0, 0.0, 0.0, 1.0]], "suj_ecm_transform": [[0.9779521273273524, 0.20882920373683508, -1.795955200180749e-05, 0.05903355326360335], [-0.20882920449295686, 0.9779521225656123, -9.654145540938609e-05, 1.0330243558589427], [-2.597093260242142e-06, 9.81634006504752e-05, 0.9999999951786009, 0.6492767981988092], [0.0, 0.0, 0.0, 1.0]], "suj_psm2_transform": [[0.1754573359859576, -0.9824181544532956, -0.06379101072480092, -0.020329906792395935], [-0.741301564996086, -0.17447719038195847, 0.648096983306335, 0.27734448891675023], [-0.6478323185694466, -0.06642499406848817, -0.7588814183915277, -0.21950457059306983], [0.0, 0.0, 0.0, 1.0]], "ecm_transform": [[0.9912856143120019, -0.0695492641360402, -0.11187372665739119, 0.04768759429967798], [-0.1244334432957073, -0.7731043006778755, -0.6219534214577064, 0.9693859792390903], [-0.043233656422414266, 0.6304543124854557, -0.7750214260398485, 0.5700255509393716], [0.0, 0.0, 0.0, 1.0]], "psm2_transform": [[0.012110672649833683, 0.9999029539032958, -0.006885810295969028, -0.0010843205322867086], [0.8692258225355288, -0.01393135942625495, -0.4942189663114616, -0.07782552082951565], [-0.4942669329880381, 0.0, -0.8693101856958759, -0.005471228455356001], [0.0, 0.0, 0.0, 1.0]]}