{"ecm_psm_transform": [[-0.5349589681323227, 0.17786918804240098, -0.8259427670001946, -0.021218758857695412], [0.4513134363404248, -0.7662665207409036, -0.45733117253280275, 0.22825831366695806], [-0.7142374147252427, -0.6174124805482699, 0.32964639277540164, -0.15890218048626192], [0.0, 0.0, 0.0, 1.0]], "suj_ecm_transform": [[0.9779414763993477, 0.20887907605871364, -1.7964475299995853e-05, 0.059075726680071106], [-0.20887907681507822, 0.9779414716376461, -9.654053940107445e-05, 1.0330113256875366], [-2.5970932602301767e-06, 9.816340065040653e-05, 0.9999999951786009, 0.6492897355188381], [0.0, 0.0, 0.0, 1.0]], "suj_psm2_transform": [[0.1754973898006863, -0.9824145676176158, -0.06373604557735996, -0.02026189549519676], [-0.741343104977174, -0.1744761465786493, 0.6480497473017552, 0.27734787277364525], [-0.6477739319206579, -0.0664807611851656, -0.758926374239486, -0.2195512446561001], [0.0, 0.0, 0.0, 1.0]], "ecm_transform": [[0.9912935492567638, -0.06949995169763293, -0.11183405526026016, 0.047636810735479235], [-0.12437021409596782, -0.773108735290527, -0.6219605560348703, 0.9694071671667371], [-0.04323365642241425, 0.6304543124854557, -0.7750214260398485, 0.5700296173162033], [0.0, 0.0, 0.0, 1.0]], "psm2_transform": [[0.03420237168919616, 0.9992256900951655, -0.019447828276554394, -0.0030626036170067813], [0.8686233390528104, -0.03934488853511058, -0.4939083666014438, -0.07777966405879286], [-0.49429110109689467, 0.0, -0.8692964438995592, -0.005472997665539072], [0.0, 0.0, 0.0, 1.0]]}