{"ecm_psm_transform": [[-0.5324089919897019, 0.17868275138830308, -0.8274135239436298, -0.02148836717084948], [0.4402847051578078, -0.7763863448396879, -0.45096964637386827, 0.22923711453198817], [-0.7229730587322132, -0.6043978142769671, 0.3346837887388825, -0.1580755323689556], [0.0, 0.0, 0.0, 1.0]], "suj_ecm_transform": [[0.9779288756834862, 0.20893806206984128, -1.7970298292712046e-05, 0.05912498767873521], [-0.20893806282649308, 0.9779288709218303, -9.653945566418884e-05, 1.033010482329169], [-2.597093260232591e-06, 9.816340065046944e-05, 0.9999999951786008, 0.6492773819937401], [0.0, 0.0, 0.0, 1.0]], "suj_psm2_transform": [[0.17539432282066786, -0.9824311637127188, -0.06376394034525101, -0.02030285370462713], [-0.7413376491599368, -0.17441433617257865, 0.6480726265438908, 0.27733441820037386], [-0.6478080899929376, -0.06639764983455443, -0.7589044937514536, -0.21950900897444003], [0.0, 0.0, 0.0, 1.0]], "ecm_transform": [[0.9912953018276061, -0.06948905676756788, -0.11182529035987182, 0.04762421773093593], [-0.12435624442248387, -0.7731097146317885, -0.6219621319783789, 0.9693993707381235], [-0.04323365642241426, 0.6304543124854557, -0.7750214260398485, 0.5700259841849747], [0.0, 0.0, 0.0, 1.0]], "psm2_transform": [[0.04856665339723361, 0.9984381615654836, -0.02761372317399917, -0.004348693440574881], [0.8679524636363396, -0.05586803674496967, -0.4934949678951869, -0.07771709437078805], [-0.4942669329880381, 0.0, -0.8693101856958759, -0.005474506197460094], [0.0, 0.0, 0.0, 1.0]]}