{"ecm_psm_transform": [[-0.5282114716095827, 0.18006187818826988, -0.8298013986993226, -0.021924087902473043], [0.42202527841467996, -0.7923324797439188, -0.4405722482429696, 0.23088099707567297], [-0.7368088664226639, -0.5829124819097337, 0.3425284408553303, -0.15686540120707165], [0.0, 0.0, 0.0, 1.0]], "suj_ecm_transform": [[0.9779317583642504, 0.2089245693060576, -1.796896631053345e-05, 0.059086621959728566], [-0.20892457006264373, 0.977931753602584, -9.653970359594482e-05, 1.0330189976879316], [-2.5970932602315e-06, 9.816340065044419e-05, 0.9999999951786009, 0.6492817379334073], [0.0, 0.0, 0.0, 1.0]], "suj_psm2_transform": [[0.17539858530088076, -0.9824322720355723, -0.06373513267793063, -0.020365616262719405], [-0.7413588729404956, -0.17440080292709864, 0.6480519897745719, 0.27733882473053184], [-0.6477826470251022, -0.06641679607905715, -0.7589245360454127, -0.2195324834748167], [0.0, 0.0, 0.0, 1.0]], "ecm_transform": [[0.9912909427016463, -0.06951615316808653, -0.11184708921734612, 0.047643318643271475], [-0.12439098789715632, -0.7731072786600854, -0.6219582122721486, 0.9693976369415386], [-0.04323365642241426, 0.6304543124854557, -0.7750214260398485, 0.5700207537888912], [0.0, 0.0, 0.0, 1.0]], "psm2_transform": [[0.07177226822491514, 0.9965859033934006, -0.04080782610493221, -0.00642607940411412], [0.8663422767408093, -0.08256232286920924, -0.49257945792936936, -0.07756734459096903], [-0.4942669329880381, 0.0, -0.8693101856958759, -0.005471228455356001], [0.0, 0.0, 0.0, 1.0]]}