{"ecm_psm_transform": [[-0.5240269796884486, 0.18135998309672122, -0.8321684211082272, -0.02219193386006224], [0.40325345948218166, -0.807778044396151, -0.42997823015494957, 0.2325181629916558], [-0.7501882243638959, -0.5608949879636002, 0.3501634482681736, -0.155705043341357], [0.0, 0.0, 0.0, 1.0]], "suj_ecm_transform": [[0.9779268161206797, 0.20894770156454215, -1.7971249887174776e-05, 0.05912615371219838], [-0.2089477023212409, 0.9779268113590313, -9.653927852513672e-05, 1.0329926183754858], [-2.5970932602252995e-06, 9.816340065044047e-05, 0.9999999951786012, 0.6492817368347577], [0.0, 0.0, 0.0, 1.0]], "suj_psm2_transform": [[0.17544218175724005, -0.9824244574869231, -0.06373559595535899, -0.02025754905390141], [-0.7413547838998608, -0.17443438154626864, 0.6480476301348241, 0.2773009224489147], [-0.6477755207238465, -0.06644420114724842, -0.7589282198501078, -0.2195738790950199], [0.0, 0.0, 0.0, 1.0]], "ecm_transform": [[0.9912899036577922, -0.06952261075270748, -0.11185228428714963, 0.047662616992314624], [-0.1243992679177593, -0.7731066979806986, -0.6219572780174751, 0.9693989433472281], [-0.04323365642241423, 0.6304543124854558, -0.7750214260398485, 0.5700224980324627], [0.0, 0.0, 0.0, 1.0]], "psm2_transform": [[0.0950632497507382, 0.9940023515598221, -0.05405833553091172, -0.00851212806923014], [0.8640656342772319, -0.10935869921292891, -0.4913565452576582, -0.07736993379117313], [-0.494321310695699, 0.0, -0.8692792657092923, -0.005468326123768807], [0.0, 0.0, 0.0, 1.0]]}