{"ecm_psm_transform": [[-0.5098468611337321, 0.18459082792084386, -0.8402275908583213, -0.023489095169416482], [0.339229486560289, -0.8544235620682143, -0.3935527055309199, 0.23827882268916972], [-0.7905564708736016, -0.48568158584628446, 0.37300651941985496, -0.15206632201050868], [0.0, 0.0, 0.0, 1.0]], "suj_ecm_transform": [[0.9779304396189756, 0.20893074197860706, -1.796957566597709e-05, 0.059114950803968544], [-0.20893074273522322, 0.9779304348573141, -9.653959017441161e-05, 1.033004689535486], [-2.597093260220075e-06, 9.816340065042747e-05, 0.9999999951786009, 0.6492874085789848], [0.0, 0.0, 0.0, 1.0]], "suj_psm2_transform": [[0.1754714395911283, -0.9824176822611811, -0.06375948139991683, -0.020282739016122778], [-0.741326693579827, -0.17446986735652972, 0.6480702112970449, 0.27733063864691054], [-0.6477997431875213, -0.06645120740185434, -0.7589069308953618, -0.21954865758596687], [0.0, 0.0, 0.0, 1.0]], "ecm_transform": [[0.9912936849204819, -0.06949910838263627, -0.1118333768192259, 0.04764226747363846], [-0.12436913278270069, -0.7731088111013289, -0.6219606780242373, 0.9694074415117305], [-0.043233656422414224, 0.6304543124854556, -0.7750214260398485, 0.5700293270667124], [0.0, 0.0, 0.0, 1.0]], "psm2_transform": [[0.17117884247647666, 0.9804218190774471, -0.09731834649891621, -0.015327509983296331], [0.85231088150273, -0.19690875215913978, -0.4845545424358021, -0.07631669519497081], [-0.4942306801084416, 0.0, -0.8693307971304981, -0.00547906345351502], [0.0, 0.0, 0.0, 1.0]]}