{"ecm_psm_transform": [[-0.5830911570755203, 0.1489669499168697, -0.7986322998556946, -0.017011123013555833], [0.6414289584412719, -0.5188750695438791, -0.565099596070268, 0.21130467884042148], [-0.49857155335345454, -0.8417704616095174, 0.20699974915063046, -0.17816931816350912], [0.0, 0.0, 0.0, 1.0]], "suj_ecm_transform": [[0.9779401545347081, 0.20888526474092803, -1.79650862351045e-05, 0.05907605811789444], [-0.20888526549732275, 0.9779401497730112, -9.654042571497206e-05, 1.0330195589624411], [-2.597093260230678e-06, 9.816340065044835e-05, 0.9999999951786012, 0.6492827564845849], [0.0, 0.0, 0.0, 1.0]], "suj_psm2_transform": [[0.1753444207757622, -0.9824431493946097, -0.06371649951475222, -0.020367386664379927], [-0.7413848316870246, -0.17434931360032976, 0.6480361472877083, 0.27739190748316317], [-0.647767601418298, -0.06639107661948879, -0.7589396283618944, -0.21950004821861513], [0.0, 0.0, 0.0, 1.0]], "ecm_transform": [[0.991288050094019, -0.06953412944224374, -0.11186155096147853, 0.04766685480427034], [-0.12441403736374287, -0.7731056620612741, -0.6219556114351351, 0.969391037636552], [-0.04323365642241424, 0.6304543124854559, -0.7750214260398484, 0.5700245303282258], [0.0, 0.0, 0.0, 1.0]], "psm2_transform": [[-0.25482898233887963, 0.9560782625098576, 0.14483281988645635, 0.02281186311712225], [0.831207387827791, 0.29311150771699795, -0.4724192232163807, -0.07440829131379123], [-0.49412191631279756, 0.0, -0.869392622363089, -0.005480933054467837], [0.0, 0.0, 0.0, 1.0]]}