{"ecm_psm_transform": [[-0.5700987876801012, 0.15921202194928297, -0.8060018017054924, -0.01813020202480858], [0.5939019733109473, -0.598010873738329, -0.5382039027990072, 0.21552110661476087], [-0.567686373258194, -0.785515453035484, 0.2463689401272343, -0.17198802799510549], [0.0, 0.0, 0.0, 1.0]], "suj_ecm_transform": [[0.9779366309208563, 0.20890176059660723, -1.7966714675563423e-05, 0.059089681335555276], [-0.20890176135308228, 0.9779366261591722, -9.654012266632906e-05, 1.0330120965763925], [-2.597093260223587e-06, 9.81634006504495e-05, 0.9999999951786009, 0.649285083561769], [0.0, 0.0, 0.0, 1.0]], "suj_psm2_transform": [[0.17535253786807842, -0.9824370911792608, -0.06378753278233124, -0.020322977430305714], [-0.741323405431312, -0.17439614959515887, 0.6480938138619328, 0.27736080895146564], [-0.6478357014112042, -0.06635770401103269, -0.7588844174809739, -0.2195108749204282], [0.0, 0.0, 0.0, 1.0]], "ecm_transform": [[0.9912930524511847, -0.06950303988520612, -0.11183653968506042, 0.04765293587089104], [-0.12437417382383406, -0.7731084576663267, -0.6219601093080102, 0.9693964319109077], [-0.04323365642241424, 0.6304543124854557, -0.7750214260398482, 0.5700287456064116], [0.0, 0.0, 0.0, 1.0]], "psm2_transform": [[-0.17247420280116332, 0.9801226439991497, 0.09804209345081927, 0.015440730588509515], [0.852077732733463, 0.1983925470377252, -0.4843593032653397, -0.07628214827450516], [-0.4941823415986295, 0.0, -0.8693582766915464, -0.005476835078613847], [0.0, 0.0, 0.0, 1.0]]}