{"ecm_psm_transform": [[-0.3975387994058536, 0.03819953442715583, -0.9167898878895326, 0.010734310821339093], [0.6221721214654212, -0.723153587189664, -0.2999178897730822, -0.08553968790623762], [-0.6744366198822321, -0.6896301073070041, 0.2637149234638803, 0.17151418575835808], [0.0, 0.0, 0.0, 1.0]], "suj_ecm_transform": [[0.9680015291086196, 0.25094429492239895, -2.2119555222913672e-05, 0.0035232441102974466], [-0.2509442958838271, 0.9680015243840514, -9.567404766916845e-05, 0.9074069693203533], [-2.597093260233824e-06, 9.816340065044351e-05, 0.9999999951786012, 1.0884655952491231], [0.0, 0.0, 0.0, 1.0]], "suj_psm2_transform": [[0.03443326898089605, -0.9990358075842056, 0.027236100158871124, 0.02424171562158456], [-0.8204168850599909, -0.012693040900034543, 0.5716248957324832, -0.03244805259268746], [-0.5707280304100645, -0.0420278702444562, -0.8200629082131227, 0.11658991613796466], [0.0, 0.0, 0.0, 1.0]], "ecm_transform": [[0.9449489860771503, -0.30412403503030794, -0.12074760879061042, -0.0062183568512015515], [-0.3214789123265088, -0.7940480472491567, -0.5158866228050173, 0.865564602852813], [0.06101411837543103, 0.5263043510903985, -0.8481043611385239, 1.0197090615052626], [0.0, 0.0, 0.0, 1.0]], "psm2_transform": [[-0.13920919057230374, 0.9881939811207853, 0.0639801292344507, 0.011745349741804665], [0.897902123408725, 0.15320788385932688, -0.4126731407560345, -0.07575774580678248], [-0.4176033740743804, 0.0, -0.9086294194894271, -0.011859925284587184], [0.0, 0.0, 0.0, 1.0]]}