{"ecm_psm_transform": [[-0.3977747796213247, 0.03834935876215596, -0.9166812703332269, 0.01086104019814531], [0.6242155342048193, -0.7209290288296392, -0.3010254179436439, -0.08576379144488619], [-0.6724062697169018, -0.6919470081395573, 0.2628291200991938, 0.1713279763394699], [0.0, 0.0, 0.0, 1.0]], "suj_ecm_transform": [[0.9680140681076533, 0.25089592156232465, -2.2114774164428742e-05, 0.0034744475734824615], [-0.2508959225235168, 0.9680140633830371, -9.567515290980635e-05, 0.9074124167790463], [-2.59709326021532e-06, 9.816340065042702e-05, 0.9999999951786009, 1.0884636746322363], [0.0, 0.0, 0.0, 1.0]], "suj_psm2_transform": [[0.03451853916956082, -0.9990334262510643, 0.02721550452699656, 0.024341586546301447], [-0.8204015415599883, -0.012773799275946914, 0.5716451177593076, -0.032499226891797905], [-0.5707449352027525, -0.04205999625674367, -0.8200494958569808, 0.11657956346905007], [0.0, 0.0, 0.0, 1.0]], "ecm_transform": [[0.9449714131495155, -0.30406863408013984, -0.12071161542637975, -0.0062556232216347], [-0.3214129830748551, -0.794069263850423, -0.5158950460306537, 0.8655607145992448], [0.06101411837543104, 0.5263043510903984, -0.8481043611385239, 1.0197079990481561], [0.0, 0.0, 0.0, 1.0]], "psm2_transform": [[-0.14206551799884987, 0.9877003007740904, 0.06531082947329407, 0.011985622746547912], [0.8974105437346122, 0.15635893275016693, -0.4125605411853837, -0.07571171651987062], [-0.4176981022097975, 0.0, -0.9085858767394164, -0.011845189221664047], [0.0, 0.0, 0.0, 1.0]]}