{"ecm_psm_transform": [[-0.39674732447843375, 0.03792934524509024, -0.917143895628425, 0.010798110256181158], [0.6045112940045949, -0.741088488105785, -0.2921539803219737, -0.08431859387778781], [-0.6907659921710787, -0.6703351531632222, 0.2710961572828813, 0.17277095014648763], [0.0, 0.0, 0.0, 1.0]], "suj_ecm_transform": [[0.9680041145187436, 0.2509343216571857, -2.2118569498722846e-05, 0.003500374725613195], [-0.25093432261856524, 0.9680041097941655, -9.567427556031944e-05, 0.9074024520705892], [-2.5970932602398346e-06, 9.816340065044297e-05, 0.9999999951786009, 1.0884660566476227], [0.0, 0.0, 0.0, 1.0]], "suj_psm2_transform": [[0.034755566039855634, -0.9990258506595124, 0.02719191687408079, 0.024368013773533398], [-0.8203868997305488, -0.01298108565610534, 0.5716614611513422, -0.0327055325766375], [-0.5707515969138832, -0.04217631004754374, -0.8200388853530214, 0.11647799305978057], [0.0, 0.0, 0.0, 1.0]], "ecm_transform": [[0.9449844515392678, -0.30403641981688323, -0.12069068635964188, -0.006284967846372896], [-0.3213746469588079, -0.7940815987341898, -0.5158999426670399, 0.865585856136956], [0.06101411837543104, 0.5263043510903984, -0.8481043611385239, 1.0197074727263322], [0.0, 0.0, 0.0, 1.0]], "psm2_transform": [[-0.11546653105213198, 0.9918924021820403, 0.053074878241297835, 0.009741754516358917], [0.901242463605669, 0.12708053546291637, -0.41426146248527995, -0.07603660350895122], [-0.4176475811025027, 0.0, -0.9086091007684375, -0.011852448762932347], [0.0, 0.0, 0.0, 1.0]]}