{"ecm_psm_transform": [[-0.39511942700895347, 0.036782839657654304, -0.9178930553756446, 0.010631284872040424], [0.5743716937980958, -0.7699079816105725, -0.27809864655521266, -0.08168477954483708], [-0.7169224475238748, -0.6370939668204793, 0.28307857862671854, 0.1750354026415173], [0.0, 0.0, 0.0, 1.0]], "suj_ecm_transform": [[0.9680171343465339, 0.25088409101119424, -2.2113604873973215e-05, 0.0034661705751643512], [-0.2508840919723285, 0.9680171296219059, -9.567542317721329e-05, 0.9074066457507435], [-2.5970932602299582e-06, 9.816340065043958e-05, 0.999999995178601, 1.0884592828376816], [0.0, 0.0, 0.0, 1.0]], "suj_psm2_transform": [[0.03463924584570752, -0.9990301995607268, 0.027180563145296266, 0.02434708769488364], [-0.8203758814764731, -0.012891138135034425, 0.5716793083970099, -0.03261564687235541], [-0.5707745051585089, -0.04210081855781744, -0.8200268198893383, 0.11652878876591255], [0.0, 0.0, 0.0, 1.0]], "ecm_transform": [[0.9449772679470958, -0.3040541690281219, -0.12070221770895993, -0.0062743914280235565], [-0.3213957691415862, -0.7940748027232278, -0.5158972448636989, 0.8655808844697386], [0.06101411837543104, 0.5263043510903984, -0.8481043611385239, 1.019708587987285], [0.0, 0.0, 0.0, 1.0]], "psm2_transform": [[-0.07568626834285924, 0.9965250625467806, 0.03477626346328284, 0.006385944320173198], [0.9055124788878481, 0.08329345542198954, -0.416064118691157, -0.07640160359346573], [-0.4175149570526987, 0.0, -0.9086700504788761, -0.011871881863478807], [0.0, 0.0, 0.0, 1.0]]}