{"ecm_psm_transform": [[-0.3952774737595877, 0.03684418676802668, -0.9178225452883804, 0.010637739650189963], [0.5753966598420839, -0.7689344577781285, -0.2786727175093185, -0.08183593767453999], [-0.7160128508489294, -0.6382650746694966, 0.28274244795631664, 0.17490852046577376], [0.0, 0.0, 0.0, 1.0]], "suj_ecm_transform": [[0.9679861794752223, 0.2510034976956085, -2.2125406632927717e-05, 0.003539485077321089], [-0.25100349865732563, 0.9679861747507128, -9.567269465207858e-05, 0.9073876303730447], [-2.597093260223912e-06, 9.816340065044591e-05, 0.9999999951786009, 1.0884638728698235], [0.0, 0.0, 0.0, 1.0]], "suj_psm2_transform": [[0.034662636332468806, -0.9990291021538212, 0.02719107743750865, 0.02433565270633925], [-0.8203829381774629, -0.012904872189438352, 0.5716688718314887, -0.032680026028532316], [-0.570762942376076, -0.0421226462072819, -0.8200337470413641, 0.11647984046875148], [0.0, 0.0, 0.0, 1.0]], "ecm_transform": [[0.9449838779697016, -0.30403783704033793, -0.12069160710330014, -0.006283651316169798], [-0.32137633350359407, -0.7940810561089767, -0.5158997272655212, 0.8655717546599827], [0.06101411837543104, 0.5263043510903984, -0.848104361138524, 1.0197009661171295], [0.0, 0.0, 0.0, 1.0]], "psm2_transform": [[-0.0770733602124751, 0.996395878419069, 0.03542528214495896, 0.006502940131913845], [0.9053430400006486, 0.08482483993201453, -0.4161234509768612, -0.07638685496180257], [-0.41762863535435657, 0.0, -0.9086178090550823, -0.011857793923139927], [0.0, 0.0, 0.0, 1.0]]}