{"ecm_psm_transform": [[-0.3921210742383011, 0.03420237096751228, -0.9192775755768233, 0.010322515314901339], [0.5040322519272648, -0.8279691505246192, -0.2458019015318456, -0.0756768228107687], [-0.7695404811673857, -0.5597296522427068, 0.30742505467988024, 0.17949267024038765], [0.0, 0.0, 0.0, 1.0]], "suj_ecm_transform": [[0.9680093966183327, 0.2509139445496596, -2.21165554944466e-05, 0.0034942593917444698], [-0.25091394551093965, 0.9680093918937344, -9.567474114793525e-05, 0.9074054956469935], [-2.5970932602327754e-06, 9.81634006504512e-05, 0.999999995178601, 1.0884639963706273], [0.0, 0.0, 0.0, 1.0]], "suj_psm2_transform": [[0.034568964511851874, -0.9990314279819565, 0.027224852559959545, 0.024290815671958538], [-0.8204097288473418, -0.012810510921361318, 0.5716325459791152, -0.03254213037113607], [-0.5707301144194249, -0.04209627910239688, -0.8200579490380686, 0.11654005458816807], [0.0, 0.0, 0.0, 1.0]], "ecm_transform": [[0.9449626548648793, -0.3040902709465872, -0.12072567260674223, -0.006247913914316998], [-0.3214387317508393, -0.7940609782245602, -0.5158917566616724, 0.8655618700782836], [0.06101411837543104, 0.5263043510903985, -0.8481043611385237, 1.019704793211512], [0.0, 0.0, 0.0, 1.0]], "psm2_transform": [[0.012131744233385974, 0.9999108552924885, -0.005576939133599994, -0.0010237018852148642], [0.9085135896808729, -0.013352208365816229, -0.41764192305961134, -0.07666227185536839], [-0.41767915694589103, 0.0, -0.9085945860794956, -0.011857277622057447], [0.0, 0.0, 0.0, 1.0]]}