{"ecm_psm_transform": [[-0.390712871560518, 0.03291574843318728, -0.9199239128873745, 0.010195459767691062], [0.47144698022928866, -0.8511871467536613, -0.23069067175342337, -0.07295137109050512], [-0.7906207667583864, -0.5238291655744688, 0.3170517441427139, 0.18126523698625674], [0.0, 0.0, 0.0, 1.0]], "suj_ecm_transform": [[0.9679829119813779, 0.2510160983332817, -2.212665204035442e-05, 0.0035637180666360374], [-0.25101609929506036, 0.967982907256881, -9.567240662880584e-05, 0.9073935267439459], [-2.5970932602343696e-06, 9.816340065044678e-05, 0.9999999951786012, 1.0884628528308915], [0.0, 0.0, 0.0, 1.0]], "suj_psm2_transform": [[0.034497446935787754, -0.9990337544360266, 0.027230197435380077, 0.024288000354466377], [-0.8204153548355115, -0.012749069279227428, 0.5716258450968039, -0.03256798250996751], [-0.5707263544861358, -0.042059704349540206, -0.8200624424792269, 0.11653047800393601], [0.0, 0.0, 0.0, 1.0]], "ecm_transform": [[0.9449672824106258, -0.30407883909027983, -0.12071824547674707, -0.006249187585521947], [-0.32142512741281654, -0.7940653560260783, -0.5158934946544997, 0.8655672712354484], [0.06101411837543107, 0.5263043510903984, -0.8481043611385238, 1.0197117228408654], [0.0, 0.0, 0.0, 1.0]], "psm2_transform": [[0.05096716986831685, 0.9984256243620881, -0.023422643164009237, -0.0043008376018391576], [0.9072104869214475, -0.056091644807175815, -0.41692068766442336, -0.0765544758521124], [-0.41757811247162396, 0.0, -0.9086410292214611, -0.011871049526756307], [0.0, 0.0, 0.0, 1.0]]}