{"ecm_psm_transform": [[-0.3899651794590411, 0.0320488790248094, -0.9202717143119912, 0.01016222122147197], [0.4486661235085981, -0.8661252856419542, -0.22028549472766165, -0.07102575525318464], [-0.8041305045981314, -0.4987984151186693, 0.32337945613452074, 0.18242811061551661], [0.0, 0.0, 0.0, 1.0]], "suj_ecm_transform": [[0.9679940238960646, 0.25097324401637716, -2.2122416456182916e-05, 0.0035342665388611583], [-0.25097324497794665, 0.967994019171525, -9.56733861154719e-05, 0.9073941539329715], [-2.59709326022461e-06, 9.816340065043927e-05, 0.9999999951786009, 1.0884710474808716], [0.0, 0.0, 0.0, 1.0]], "suj_psm2_transform": [[0.034492962067222625, -0.9990344336328485, 0.027210953377686253, 0.024316474017470002], [-0.8203990570645407, -0.01275519256271386, 0.5716490988624932, -0.032563050915001834], [-0.5707500527686717, -0.04204171117570693, -0.8200468717006224, 0.11655000866102783], [0.0, 0.0, 0.0, 1.0]], "ecm_transform": [[0.9449698405392621, -0.3040725192726506, -0.12071413957936072, -0.006264820304413306], [-0.321417606596264, -0.7940677761038399, -0.5158944554106307, 0.865577837695083], [0.061014118375431074, 0.5263043510903985, -0.8481043611385237, 1.0197083450255036], [0.0, 0.0, 0.0, 1.0]], "psm2_transform": [[0.07742120912640704, 0.9963630501588253, -0.03558972682681403, -0.00653338590040924], [0.9052929656113776, -0.08520957855899829, -0.41615378664185554, -0.07639545240901777], [-0.4176728418175669, 0.0, -0.9085974891050701, -0.011861556990687916], [0.0, 0.0, 0.0, 1.0]]}