{"ecm_psm_transform": [[-0.38801440997554054, 0.029899959565319267, -0.9211681768652918, 0.009938158919188316], [0.39127347941367113, -0.8995912892722963, -0.19401179493249304, -0.06621163062361915], [-0.834475812686535, -0.43570804982625755, 0.3373553221126752, 0.1849623805783984], [0.0, 0.0, 0.0, 1.0]], "suj_ecm_transform": [[0.968000028824634, 0.2509500821004209, -2.2120127208372716e-05, 0.003519466316193459], [-0.2509500830618774, 0.9680000241000715, -9.567391542604704e-05, 0.9073868168871175], [-2.597093260233797e-06, 9.816340065045955e-05, 0.999999995178601, 1.0884657813672323], [0.0, 0.0, 0.0, 1.0]], "suj_psm2_transform": [[0.03457116727718057, -0.9990321577606611, 0.027195259755535273, 0.024257020127005313], [-0.8203793642280572, -0.012827016164625678, 0.5716757528574056, -0.03258748085697594], [-0.5707736268800988, -0.04207392798860443, -0.8200288113485696, 0.11652238072066079], [0.0, 0.0, 0.0, 1.0]], "ecm_transform": [[0.9450015757923662, -0.30399410391369897, -0.12066319461895504, -0.006313176191029588], [-0.32132428963402926, -0.7940977992722442, -0.5159063733684291, 0.8655844391209578], [0.06101411837543112, 0.5263043510903987, -0.8481043611385237, 1.0197105126439985], [0.0, 0.0, 0.0, 1.0]], "psm2_transform": [[0.14188998679690315, 0.9877304703222057, -0.06523610690291823, -0.011974208080240772], [0.8974236170252419, -0.15616823619761583, -0.41260433057380475, -0.07573428801402277], [-0.41772967724607085, 0.0, -0.9085713602947725, -0.011856760696144816], [0.0, 0.0, 0.0, 1.0]]}