{"ecm_psm_transform": [[-0.38741489292012643, 0.029095424868878242, -0.9214462312014667, 0.009929238038195724], [0.37177922196530966, -0.9096932948024974, -0.1850359951637678, -0.0645162511099723], [-0.8436171589403313, -0.4142602631716882, 0.34161165597556475, 0.18576537284281372], [0.0, 0.0, 0.0, 1.0]], "suj_ecm_transform": [[0.9680054700755232, 0.25092909240392486, -2.2118052656930263e-05, 0.0035035161176023843], [-0.25092909336527885, 0.9680054653509398, -9.567439504552153e-05, 0.9074027919625263], [-2.5970932602389147e-06, 9.816340065044037e-05, 0.999999995178601, 1.0884677141035972], [0.0, 0.0, 0.0, 1.0]], "suj_psm2_transform": [[0.034543514996922264, -0.9990322925895252, 0.027225428095351722, 0.02429566309054626], [-0.8204092959482148, -0.012789226379126661, 0.5716336438754968, -0.032539588952808285], [-0.5707322775990615, -0.0420822296455548, -0.8200571646261294, 0.11655536053248672], [0.0, 0.0, 0.0, 1.0]], "ecm_transform": [[0.9449805014063384, -0.30404617996392264, -0.12069702735018352, -0.006283241585746814], [-0.32138626187298963, -0.7940778617192779, -0.5158984592016586, 0.8655842394623696], [0.061014118375430956, 0.5263043510903983, -0.8481043611385237, 1.019708723607567], [0.0, 0.0, 0.0, 1.0]], "psm2_transform": [[0.16308574063931258, 0.9837575972817926, -0.07499353965830244, -0.01376270389064718], [0.8937882704495206, -0.17950206068553787, -0.41100065427746013, -0.07542623443907168], [-0.41778651104000675, 0.0, -0.908545227929253, -0.011848967695727308], [0.0, 0.0, 0.0, 1.0]]}