{"ecm_psm_transform": [[-0.3866781826083717, 0.028502304669992828, -0.92177415982614, 0.009852395933234295], [0.3583289630552162, -0.9163428259926059, -0.1786509991230359, -0.0633306657235057], [-0.8497531037486483, -0.3993788225236593, 0.3441165773239578, 0.18626606378591126], [0.0, 0.0, 0.0, 1.0]], "suj_ecm_transform": [[0.9680100706768768, 0.25091134406203575, -2.21162984711476e-05, 0.003500240806015839], [-0.25091134502330315, 0.9680100659522759, -9.567480056208972e-05, 0.9074000863706337], [-2.59709326022534e-06, 9.816340065043704e-05, 0.9999999951786009, 1.0884742432179504], [0.0, 0.0, 0.0, 1.0]], "suj_psm2_transform": [[0.03449220884612433, -0.9990338929612684, 0.027231750651931896, 0.024283664249201364], [-0.8204143469232424, -0.012743799796435619, 0.5716274091829909, -0.032495891391854936], [-0.5707281199410326, -0.04205801090639, -0.8200613006520752, 0.11654804602110214], [0.0, 0.0, 0.0, 1.0]], "ecm_transform": [[0.9449829582844307, -0.3040401094577571, -0.12069308345104525, -0.006285405956860507], [-0.32137903775895965, -0.7940801860418316, -0.5158993818807067, 0.8655865569269611], [0.061014118375430984, 0.5263043510903982, -0.8481043611385237, 1.0197110874437356], [0.0, 0.0, 0.0, 1.0]], "psm2_transform": [[0.1776623844771273, 0.980700633112986, -0.08162319127361904, -0.014990508279766977], [0.8911503684284011, -0.19551539124014866, -0.40942001983065823, -0.07519203919140906], [-0.41747706283318886, 0.0, -0.9086874611263069, -0.011878077205395778], [0.0, 0.0, 0.0, 1.0]]}