{"ecm_psm_transform": [[-0.38459042886916506, 0.024886104605181564, -0.9227517996838653, 0.009605179367926413], [0.27182925288910187, -0.9522575080213, -0.13897660123494457, -0.05598291780712918], [-0.8821559155251328, -0.3042800029818653, 0.3594643521816476, 0.18906924802461617], [0.0, 0.0, 0.0, 1.0]], "suj_ecm_transform": [[0.9679955154148928, 0.250967491216054, -2.2121847868120426e-05, 0.0035293867653813094], [-0.2509674921775954, 0.9679955106903477, -9.567351758747298e-05, 0.9074107976527298], [-2.597093260227707e-06, 9.816340065043818e-05, 0.9999999951786012, 1.0884701085245685], [0.0, 0.0, 0.0, 1.0]], "suj_psm2_transform": [[0.034411892639289086, -0.9990374337214433, 0.027203449565366522, 0.024210248645281318], [-0.8203802373002199, -0.012691452277802912, 0.5716775256089008, -0.03244517741676001], [-0.5707819968185903, -0.041989678045367906, -0.8200273038414208, 0.11660136807623434], [0.0, 0.0, 0.0, 1.0]], "ecm_transform": [[0.9449740846554452, -0.30406203387991376, -0.1207073273766506, -0.006255186121528372], [-0.3214051285970288, -0.7940717911978267, -0.5158960493504509, 0.8655557470393931], [0.06101411837543105, 0.5263043510903987, -0.8481043611385238, 1.019699810457915], [0.0, 0.0, 0.0, 1.0]], "psm2_transform": [[0.26728088343012013, 0.9557471660552692, -0.1229157594864718, -0.022556052251146916], [0.868328425320527, -0.2941893175785308, -0.39932241510219835, -0.07327894565945138], [-0.41781176997924385, 0.0, -0.908533612403422, -0.011846836091401296], [0.0, 0.0, 0.0, 1.0]]}