{"ecm_psm_transform": [[-0.3839772676287916, 0.02401822133524968, -0.9230301094700099, 0.009588466785247439], [0.2516120134184217, -0.9591080797934364, -0.129626717841946, -0.05435679451879617], [-0.8883990390853962, -0.2820191772182142, 0.36223242681088924, 0.18957485650731176], [0.0, 0.0, 0.0, 1.0]], "suj_ecm_transform": [[0.9679842918946067, 0.2510107769712921, -2.2126126093605898e-05, 0.003551465994640346], [-0.25101077793304477, 0.9679842871701045, -9.567252826566105e-05, 0.907390610866742], [-2.5970932602165294e-06, 9.81634006504033e-05, 0.999999995178601, 1.0884724683209113], [0.0, 0.0, 0.0, 1.0]], "suj_psm2_transform": [[0.03438337513276163, -0.9990392069198383, 0.027174373064716872, 0.024243549595488356], [-0.8203588586163956, -0.012683075127939474, 0.5717083895614126, -0.03252806685739318], [-0.5708144414817171, -0.0419500016958243, -0.8200067504317484, 0.11658648652454207], [0.0, 0.0, 0.0, 1.0]], "ecm_transform": [[0.9449678272097899, -0.3040774931862933, -0.12071737106128724, -0.006262186706747479], [-0.32142352573711475, -0.7940658714243136, -0.515893699265525, 0.8655687148956683], [0.06101411837543105, 0.5263043510903984, -0.8481043611385237, 1.0197259485621575], [0.0, 0.0, 0.0, 1.0]], "psm2_transform": [[0.2874964227309814, 0.948619256274246, -0.1321639646143577, -0.024259316746885112], [0.8619075665939386, -0.3164198265369861, -0.3962244818564585, -0.07272886551393633], [-0.41768547205403755, 0.0, -0.9085916830100284, -0.011855995456411902], [0.0, 0.0, 0.0, 1.0]]}