{"ecm_psm_transform": [[-0.38354548703342817, 0.02376899149546834, -0.9232160605294835, 0.009698093243351087], [0.2385696545521506, -0.963187763107453, -0.12391066510566644, -0.05344733999838722], [-0.8921756437513625, -0.26777671303410494, 0.36375575961555934, 0.18973026557410314], [0.0, 0.0, 0.0, 1.0]], "suj_ecm_transform": [[0.9679750130986094, 0.25104655649306407, -2.212966243105618e-05, 0.0035701214631231742], [-0.2510465574549914, 0.9679750083741429, -9.567171035028069e-05, 0.9073879817603103], [-2.5970932602212456e-06, 9.816340065043702e-05, 0.9999999951786012, 1.0884703592798957], [0.0, 0.0, 0.0, 1.0]], "suj_psm2_transform": [[0.034720693255419904, -0.9990252290784758, 0.02725922090893218, 0.024390649200331654], [-0.8204484897186981, -0.012918457793131867, 0.5715744826062081, -0.032706590064580265], [-0.5706651813262926, -0.04221024890883729, -0.8200972781986802, 0.11643035433863091], [0.0, 0.0, 0.0, 1.0]], "ecm_transform": [[0.944962911853708, -0.30408963609754264, -0.12072526015306637, -0.006240289997214422], [-0.3214379762564317, -0.7940612213434042, -0.5158918531812564, 0.8655659224961689], [0.06101411837543105, 0.5263043510903984, -0.8481043611385237, 1.019708590007198], [0.0, 0.0, 0.0, 1.0]], "psm2_transform": [[0.30008249754146143, 0.9438820679183119, -0.13797513011963447, -0.02532312590608722], [0.8575759928221669, -0.33028266963655734, -0.3943054332276234, -0.07236844873724427], [-0.4177486220256793, 0.0, -0.9085626499012858, -0.011852165085043664], [0.0, 0.0, 0.0, 1.0]]}