{"ecm_psm_transform": [[-0.3834609492775049, 0.023526896735672556, -0.9232573777171694, 0.009617383641575923], [0.2349717355823994, -0.9642946127885617, -0.12216457434278256, -0.05306773125079943], [-0.8931662688752808, -0.2637847320770238, 0.36424117184423715, 0.18986114842533197], [0.0, 0.0, 0.0, 1.0]], "suj_ecm_transform": [[0.9679929478731064, 0.25097739415834663, -2.2122826642765618e-05, 0.0035373925694993924], [-0.25097739511993633, 0.9679929431485711, -9.567329126771824e-05, 0.9073905175719603], [-2.5970932602281083e-06, 9.816340065045216e-05, 0.9999999951786009, 1.088462802333065], [0.0, 0.0, 0.0, 1.0]], "suj_psm2_transform": [[0.03462362134873934, -0.9990290070703614, 0.02724422648392144, 0.024317966181232747], [-0.8204330224034253, -0.012846081807343666, 0.5715983151936157, -0.03263423911265784], [-0.570693315708779, -0.042142866706088244, -0.8200811656117419, 0.11647537226808957], [0.0, 0.0, 0.0, 1.0]], "ecm_transform": [[0.944958006540463, -0.30410175358384967, -0.12073313274450276, -0.006234377813506246], [-0.321452396528542, -0.7940565807866227, -0.5158900108312962, 0.8655685542191528], [0.06101411837543105, 0.5263043510903985, -0.8481043611385237, 1.0197127146010148], [0.0, 0.0, 0.0, 1.0]], "psm2_transform": [[0.3036686415506138, 0.9424939134039355, -0.13960866497227103, -0.02562544761134574], [0.8563311860914937, -0.33422331336478456, -0.3936898227419663, -0.0722625485301934], [-0.4177107322848439, 0.0, -0.9085800702932348, -0.011856111706848034], [0.0, 0.0, 0.0, 1.0]]}