{"ecm_psm_transform": [[-0.40207386634823344, 0.04056554315309579, -0.9147081735222866, 0.011236613776773485], [0.6957623717722107, -0.6358748709011689, -0.33403273878817685, -0.09186873483729328], [-0.5951901612305862, -0.7707253630607447, 0.22744468934049078, 0.16482140457407435], [0.0, 0.0, 0.0, 1.0]], "suj_ecm_transform": [[0.9680029425719329, 0.25093884251512044, -2.2119016325177852e-05, 0.0035131823163906117], [-0.25093884347652196, 0.9680029378473592, -9.567417225912045e-05, 0.9074075705013469], [-2.5970932602300666e-06, 9.816340065044103e-05, 0.9999999951786009, 1.0884657409689709], [0.0, 0.0, 0.0, 1.0]], "suj_psm2_transform": [[0.03452151720759476, -0.999034783803551, 0.027161840885295885, 0.02435383427739643], [-0.8203575720582615, -0.012803716982504834, 0.5717075465638936, -0.032563869384241384], [-0.5708079526568988, -0.04201863374771142, -0.8200077533789638, 0.11658325351354715], [0.0, 0.0, 0.0, 1.0]], "ecm_transform": [[0.9449690621526372, -0.30407444228258085, -0.1207153889315817, -0.006258093271593374], [-0.32141989504888235, -0.7940670397226244, -0.5158941630731187, 0.8655724387090731], [0.06101411837543104, 0.5263043510903985, -0.8481043611385237, 1.0197088023841767], [0.0, 0.0, 0.0, 1.0]], "psm2_transform": [[-0.24491485255885234, 0.9629813158707866, 0.11262193516293308, 0.02066364883426571], [0.8749120791194358, 0.26956814589963757, -0.4023206041543706, -0.07381698486185935], [-0.41778651104000675, 0.0, -0.908545227929253, -0.011836981057810683], [0.0, 0.0, 0.0, 1.0]]}