{"ecm_psm_transform": [[-0.4009764842202277, 0.039965607706936766, -0.915216154415448, 0.01108258203073738], [0.6769918393362883, -0.6601334649056125, -0.32543180235462577, -0.09020747193936492], [-0.617170890900126, -0.7500843677296083, 0.23764160560225794, 0.16671964105591755], [0.0, 0.0, 0.0, 1.0]], "suj_ecm_transform": [[0.9680135102652414, 0.25089807383655394, -2.2114986887747628e-05, 0.003485219921449817], [-0.2508980747977565, 0.9680135055406274, -9.567510373975329e-05, 0.9074203615750457], [-2.597093260222987e-06, 9.81634006504232e-05, 0.999999995178601, 1.0884658442706439], [0.0, 0.0, 0.0, 1.0]], "suj_psm2_transform": [[0.034478561150898826, -0.9990363262241077, 0.027159670572421746, 0.02429176564520355], [-0.8203462464021357, -0.01276881198543648, 0.5717245783193228, -0.03248578848491834], [-0.5708268256090376, -0.04199257464265932, -0.8199959505021902, 0.11662380722026344], [0.0, 0.0, 0.0, 1.0]], "ecm_transform": [[0.9449746598580413, -0.30406061276533475, -0.12070640410081149, -0.0062738629798773805], [-0.32140343741946525, -0.7940723353625183, -0.5158962653740268, 0.8655782845263049], [0.06101411837543106, 0.5263043510903985, -0.8481043611385237, 1.0197149468567273], [0.0, 0.0, 0.0, 1.0]], "psm2_transform": [[-0.21689510596484057, 0.9710842452790656, 0.09975921801662367, 0.018300286908218423], [0.8822401159573849, 0.23873706995518662, -0.40577948349406784, -0.07443804309064139], [-0.4178622868888752, 0.0, -0.9085103792450582, -0.011829838552498702], [0.0, 0.0, 0.0, 1.0]]}