{"ecm_psm_transform": [[-0.40030779749177403, 0.03986245539534807, -0.9155133270013815, 0.0111072180088947], [0.6674896417337257, -0.6718221717533117, -0.32111142570585394, -0.08960024220656942], [-0.6278624414993044, -0.7396390702163573, 0.24232787781024112, 0.16744916060939338], [0.0, 0.0, 0.0, 1.0]], "suj_ecm_transform": [[0.9679856989818462, 0.25100535069413354, -2.212558977742901e-05, 0.0035575994307192743], [-0.2510053516558597, 0.9679856942573386, -9.567265229765612e-05, 0.9073762950148789], [-2.5970932602533753e-06, 9.816340065047066e-05, 0.9999999951786009, 1.0884721566820856], [0.0, 0.0, 0.0, 1.0]], "suj_psm2_transform": [[0.03465657483355156, -0.9990288540159655, 0.027207915472396427, 0.024372377091599562], [-0.8204001917058075, -0.012891527345576186, 0.5716444121757621, -0.03267815368584792], [-0.5707385104142534, -0.0421326164182203, -0.8200502395365021, 0.11646113031585137], [0.0, 0.0, 0.0, 1.0]], "ecm_transform": [[0.9449751917099289, -0.3040592987469311, -0.12070555040389586, -0.0062523451959451415], [-0.3214018736903253, -0.7940728385159883, -0.5158964651163148, 0.865564623086938], [0.061014118375431026, 0.5263043510903985, -0.8481043611385237, 1.0197088875066325], [0.0, 0.0, 0.0, 1.0]], "psm2_transform": [[-0.20313665257384794, 0.974685035846554, 0.09340546706640643, 0.017138334897573156], [0.8855539287126657, 0.22358238055983243, -0.4071917956501102, -0.0747128576150082], [-0.41776756662366055, 0.0, -0.9085539391127779, -0.011837830215187903], [0.0, 0.0, 0.0, 1.0]]}