{"ecm_psm_transform": [[-0.6840067708794091, 0.23555333511186002, -0.6903979748730464, 0.014996036065828576], [0.424610375655993, -0.6410112617077155, -0.6393829769779296, 0.21315084293025285], [-0.593161669594724, -0.730492428900918, 0.33843765310916135, -0.18254399381415787], [0.0, 0.0, 0.0, 1.0]], "suj_ecm_transform": [[0.9935024734023096, 0.11381052354538233, -8.591809484753353e-06, -0.09253144593916333], [-0.11381052384005762, 0.993502468589924, -9.78211578874785e-05, 1.0067481965442067], [-2.597093260232656e-06, 9.81634006504815e-05, 0.9999999951786009, 0.742548836123609], [0.0, 0.0, 0.0, 1.0]], "suj_psm2_transform": [[0.2736681158078081, -0.9381708642235477, -0.2119933770480722, 0.00042121975987279014], [-0.7438732381032734, -0.3461703025889828, 0.5716806164627266, 0.2684082179244234], [-0.6097199094862781, 0.001245442689997045, -0.7926159731222625, -0.23573242495455815], [0.0, 0.0, 0.0, 1.0]], "ecm_transform": [[0.959489990082551, 0.2810351378669686, 0.019955205222708647, -0.08832759540067774], [0.23840326616313176, -0.7721115036095066, -0.589073602087734, 0.8837974356298455], [-0.15014273746717627, 0.5699676107271018, -0.8078329537150003, 0.5739518502299508], [0.0, 0.0, 0.0, 1.0]], "psm2_transform": [[-0.14138465976179704, 0.98669033792937, 0.08032779731118386, 0.012663099562054324], [0.8578958405586088, 0.16261050715382983, -0.4874141459943613, -0.07683733483652913], [-0.49398897228205324, 0.0, -0.869468168056612, -0.00552103735510313], [0.0, 0.0, 0.0, 1.0]]}