{"ecm_psm_transform": [[-0.6784661211042924, 0.24265185229203995, -0.6934001738483615, 0.014751893386998345], [0.4089115121570196, -0.6594004826335792, -0.6308584458720217, 0.21445580602152936], [-0.6103073797187409, -0.7115553963549465, 0.348157751858263, -0.18113072237273004], [0.0, 0.0, 0.0, 1.0]], "suj_ecm_transform": [[0.9934881185701608, 0.11393576341909115, -8.604140737553311e-06, -0.09243739421127377], [-0.11393576371437308, 0.9934881137578123, -9.78200740279456e-05, 1.006742676959243], [-2.5970932602273985e-06, 9.816340065045659e-05, 0.999999995178601, 0.7425414195864857], [0.0, 0.0, 0.0, 1.0]], "suj_psm2_transform": [[0.2739268788406648, -0.9381077455250045, -0.2119384883276402, 0.0006693900470343961], [-0.7438048131247493, -0.3463419742017515, 0.5716656687946987, 0.2683310092050407], [-0.6096871862037685, 0.001046275311189282, -0.7926414323557057, -0.23585939241167508], [0.0, 0.0, 0.0, 1.0]], "ecm_transform": [[0.9595107742834691, 0.2809678116431042, 0.01990384019286387, -0.08826227251286067], [0.23831960141750932, -0.7721360058581158, -0.5890753398655181, 0.8837836405607729], [-0.15014273746717632, 0.569967610727102, -0.8078329537150003, 0.57395490203821], [0.0, 0.0, 0.0, 1.0]], "psm2_transform": [[-0.11790386877762796, 0.9907603247346578, 0.06702728294465862, 0.010562842781430234], [0.8613086728009758, 0.13562440389426764, -0.4896461898413446, -0.0771634399396854], [-0.4942125533463203, 0.0, -0.8693411022808657, -0.005505600027771857], [0.0, 0.0, 0.0, 1.0]]}