{"ecm_psm_transform": [[-0.6748603821806295, 0.2465213447591044, -0.6955506388043776, 0.014275182717347512], [0.39970553497811295, -0.670201248767155, -0.6253525177520332, 0.21530605990464297], [-0.6203216503322091, -0.7000410793154279, 0.3537563248904758, -0.18019749659667084], [0.0, 0.0, 0.0, 1.0]], "suj_ecm_transform": [[0.9934932387497762, 0.11389110801342026, -8.599743913470523e-06, -0.09246447385851322], [-0.1138911083084859, 0.9934932339374145, -9.782046066796727e-05, 1.0067296312549496], [-2.5970932602305634e-06, 9.816340065048822e-05, 0.9999999951786009, 0.7425364773799257], [0.0, 0.0, 0.0, 1.0]], "suj_psm2_transform": [[0.2738079422877485, -0.9381327263391313, -0.21198159946480724, 0.0005180070799232356], [-0.7438272569346716, -0.34627398156016376, 0.571677655270445, 0.2683389566189183], [-0.6097132297901953, 0.001147809209046391, -0.7926212588322551, -0.23581444850461564], [0.0, 0.0, 0.0, 1.0]], "ecm_transform": [[0.9594946189303613, 0.28102014587888946, 0.01994376729427977, -0.08829289551470722], [0.23838463589238146, -0.7721169602671907, -0.5890739894429308, 0.883798240651736], [-0.15014273746717627, 0.5699676107271018, -0.807832953715, 0.5739559247093236], [0.0, 0.0, 0.0, 1.0]], "psm2_transform": [[-0.10387568730794164, 0.9928377660583868, 0.05901704732104804, 0.009303746664374496], [0.8632408336322046, 0.1194703741025033, -0.4904509076979922, -0.07731716857524425], [-0.49398897228205324, 0.0, -0.869468168056612, -0.005521693261036964], [0.0, 0.0, 0.0, 1.0]]}