{"ecm_psm_transform": [[-0.6629500540016944, 0.2595437474517805, -0.7022351949723377, 0.01330078960093032], [0.36671909190870133, -0.7051738183553499, -0.6068335797694403, 0.218313363270518], [-0.6526977351950964, -0.6598234074847774, 0.3723153735831617, -0.17727385142123875], [0.0, 0.0, 0.0, 1.0]], "suj_ecm_transform": [[0.993499211771902, 0.11383899215445599, -8.59461253100422e-06, -0.09250497765487184], [-0.11383899244926916, 0.9934992069595249, -9.782091165035766e-05, 1.006742797877096], [-2.5970932602297088e-06, 9.816340065046056e-05, 0.9999999951786012, 0.7425402583138585], [0.0, 0.0, 0.0, 1.0]], "suj_psm2_transform": [[0.2738673174512646, -0.9381201573869289, -0.21196052164582949, 0.0006057390021371456], [-0.7438163115461041, -0.3463081943647657, 0.5716711722605619, 0.26839865452209727], [-0.6096999156224294, 0.0010976429927691544, -0.7926315714566655, -0.2357952022005494], [0.0, 0.0, 0.0, 1.0]], "ecm_transform": [[0.9594991773905774, 0.2810053806145907, 0.019932502413257336, -0.088274491841004], [0.23836628740798912, -0.7721223340816454, -0.5890743707204075, 0.8837974636230801], [-0.15014273746717627, 0.5699676107271018, -0.8078329537150002, 0.573954756570136], [0.0, 0.0, 0.0, 1.0]], "psm2_transform": [[-0.056382241135281, 0.9978946143129988, 0.03205279410089668, 0.005050553421605294], [0.8675108039670016, 0.06485629287209878, -0.4931720453101685, -0.07770903694201413], [-0.4942125533463203, 0.0, -0.8693411022808657, -0.005499699462403224], [0.0, 0.0, 0.0, 1.0]]}