{"ecm_psm_transform": [[-0.6591681998905812, 0.26333683785125567, -0.7043798649049475, 0.013079537141982393], [0.3565443638389765, -0.7152610327571395, -0.6010638665182341, 0.2191328921040927], [-0.6620977275808082, -0.6473448577456158, 0.3775860620873579, -0.17657371811248684], [0.0, 0.0, 0.0, 1.0]], "suj_ecm_transform": [[0.993482094853004, 0.11398827629351524, -8.609311224065637e-06, -0.09240979069034462], [-0.11398827658905153, 0.9934820900406711, -9.781961910022805e-05, 1.0067216479607168], [-2.5970932602278766e-06, 9.816340065046749e-05, 0.999999995178601, 0.7425505817404925], [0.0, 0.0, 0.0, 1.0]], "suj_psm2_transform": [[0.2739226088548419, -0.9381280726797763, -0.21185401485052271, 0.0007226618229113357], [-0.7438310690339076, -0.3462870713624209, 0.5716647662285228, 0.2683064841922112], [-0.6096570717198574, 0.0009916941896793152, -0.7926646651924145, -0.23593307545316478], [0.0, 0.0, 0.0, 1.0]], "ecm_transform": [[0.9594959707479093, 0.2810157673490349, 0.019940426769763556, -0.08828739961629843], [0.238379194780899, -0.7721185538654488, -0.5890741025306903, 0.8838126606389004], [-0.15014273746717627, 0.5699676107271019, -0.8078329537150001, 0.573951559568466], [0.0, 0.0, 0.0, 1.0]], "psm2_transform": [[-0.042117286511250955, 0.9988256626319402, 0.023946395235916768, 0.003772821120346096], [0.8682927535702175, 0.04844889748864817, -0.4936804618673743, -0.07778072878550893], [-0.4942608909011301, 0.0, -0.8693136210399681, -0.005494713894918287], [0.0, 0.0, 0.0, 1.0]]}