{"ecm_psm_transform": [[-0.7149971192425386, 0.18981049022481533, -0.6728678156038423, 0.01791049714933899], [0.5096979853124215, -0.517230730029548, -0.687517516636165, 0.2055071966565381], [-0.47852594834902074, -0.8345324138184905, 0.27307245749609055, -0.19289890000106744], [0.0, 0.0, 0.0, 1.0]], "suj_ecm_transform": [[0.9934863110285587, 0.1139515235738799, -8.605692502305211e-06, -0.09242922574131124], [-0.11395152386923817, 0.9934863062162149, -9.781993752412208e-05, 1.0067346202404983], [-2.5970932602276746e-06, 9.816340065047185e-05, 0.9999999951786012, 0.7425434543542107], [0.0, 0.0, 0.0, 1.0]], "suj_psm2_transform": [[0.27371943066103016, -0.9381714644648348, -0.21192445951920857, 0.0005633671369524168], [-0.7438785566219496, -0.3461689470271036, 0.5716745167594854, 0.2683764308340692], [-0.6096903855865258, 0.001167637809209754, -0.7926388019427891, -0.23580983617169826], [0.0, 0.0, 0.0, 1.0]], "ecm_transform": [[0.9594937461245915, 0.28102297283424604, 0.01994592407487375, -0.08828973214418936], [0.23838814889515922, -0.7721159313609854, -0.5890739164187273, 0.883798373367429], [-0.1501427374671763, 0.5699676107271017, -0.8078329537150003, 0.5739543214018963], [0.0, 0.0, 0.0, 1.0]], "psm2_transform": [[-0.2831093360685918, 0.9455180573781744, 0.1607628906265513, 0.025352936506751782], [0.8222049618979328, 0.32556965947674443, -0.4668869214902208, -0.07362989325609579], [-0.49378953458049324, 0.0, -0.8695814484789679, -0.005538898659155144], [0.0, 0.0, 0.0, 1.0]]}