{"ecm_psm_transform": [[-0.6334371240181607, 0.28585898353357736, -0.719056361802572, 0.010678326214886107], [0.28715863651878926, -0.7760616786082993, -0.5614874784608634, 0.2254220463982906], [-0.7185383270141344, -0.5621502579638461, 0.409499401810198, -0.17145795350290594], [0.0, 0.0, 0.0, 1.0]], "suj_ecm_transform": [[0.9934955080069199, 0.1138713111198349, -8.597794689589424e-06, -0.09248726961388569], [-0.11387131141480464, 0.9934955031945523, -9.78206320115522e-05, 1.0067391020470036], [-2.5970932602292484e-06, 9.81634006504538e-05, 0.9999999951786009, 0.7425446233173847], [0.0, 0.0, 0.0, 1.0]], "suj_psm2_transform": [[0.2739028347357472, -0.9381198019332542, -0.21191619651275795, 0.0006248642911409891], [-0.7438170065986123, -0.3463093202592908, 0.5716695858590239, 0.2683673348370511], [-0.6096831126236005, 0.0010449508408855723, -0.7926445674193054, -0.2358572213636807], [0.0, 0.0, 0.0, 1.0]], "ecm_transform": [[0.9594910279243672, 0.28103177659900835, 0.01995264078377336, -0.08829819656235048], [0.2383990891729744, -0.7721127270442084, -0.5890736889539815, 0.8838082603677706], [-0.15014273746717627, 0.5699676107271018, -0.8078329537150003, 0.5739575175795797], [0.0, 0.0, 0.0, 1.0]], "psm2_transform": [[0.050986982423553984, 0.9982789796804032, -0.02897251027427939, -0.004566038466183657], [0.8679409462567573, -0.05864365889210041, -0.49319310121155574, -0.07772673648467225], [-0.49404335987265846, 0.0, -0.8694372654572238, -0.005508296008022575], [0.0, 0.0, 0.0, 1.0]]}