{"ecm_psm_transform": [[-0.6291603994292121, 0.28877044384295175, -0.721643140723183, 0.010229235623805434], [0.27690890503969134, -0.7842385800606154, -0.5552398651521969, 0.22633197003788197], [-0.7262772542905321, -0.5491643472652383, 0.41344875086635724, -0.17076010510254164], [0.0, 0.0, 0.0, 1.0]], "suj_ecm_transform": [[0.993484709062488, 0.11396548944721047, -8.607067600385788e-06, -0.092420385204791], [-0.1139654897426364, 0.9934847042501483, -9.781981654032409e-05, 1.0067291550623627], [-2.59709326022406e-06, 9.816340065043575e-05, 0.999999995178601, 0.7425465056131451], [0.0, 0.0, 0.0, 1.0]], "suj_psm2_transform": [[0.2737870167396423, -0.9381432524888231, -0.2119620420606007, 0.0005627247915067773], [-0.7438422693407174, -0.3462454585293217, 0.571675398097445, 0.2683354311386144], [-0.6097043117830636, 0.001149024591903025, -0.7926281170483601, -0.23582648731155853], [0.0, 0.0, 0.0, 1.0]], "ecm_transform": [[0.9594911679134155, 0.2810313232102579, 0.019952294876565177, -0.08830236228389642], [0.23839852575469597, -0.7721128920674298, -0.589073700670177, 0.8837981758400183], [-0.15014273746717632, 0.5699676107271019, -0.807832953715, 0.5739668239656788], [0.0, 0.0, 0.0, 1.0]], "psm2_transform": [[0.06458187635507909, 0.9972392738443209, -0.0366471274305217, -0.005780738796572571], [0.8673279040953289, -0.0742551729002877, -0.4921671220989393, -0.07763472273532862], [-0.4935296222356478, 0.0, -0.8697289876599139, -0.005549698609474844], [0.0, 0.0, 0.0, 1.0]]}