{"ecm_psm_transform": [[-0.6223333840257099, 0.29409777413288984, -0.7254017220665998, 0.009686562144265262], [0.25759422247108654, -0.7981636817927171, -0.5445915475074975, 0.22803188828074034], [-0.7391524711969955, -0.5257767932470718, 0.4209660176382426, -0.16962976941104518], [0.0, 0.0, 0.0, 1.0]], "suj_ecm_transform": [[0.9934910644320278, 0.11391007339006093, -8.601611266254887e-06, -0.0924667405301307], [-0.11391007368521841, 0.9934910596196718, -9.782029648434738e-05, 1.0067431676291232], [-2.5970932602214527e-06, 9.816340065044151e-05, 0.9999999951786012, 0.742552179829334], [0.0, 0.0, 0.0, 1.0]], "suj_psm2_transform": [[0.27392473284417335, -0.9380975922557702, -0.21198619799452867, 0.0006249142681761383], [-0.7437888879115164, -0.34636937548635044, 0.5716697875037176, 0.268317639126889], [-0.6097075782336958, 0.0010784846418998573, -0.792625703541892, -0.23585489409645055], [0.0, 0.0, 0.0, 1.0]], "ecm_transform": [[0.959494587147553, 0.28102024882192633, 0.01994384583298542, -0.08830118054220017], [0.23838476381767737, -0.7721169227999743, -0.5890739867839089, 0.8837968150889584], [-0.15014273746717638, 0.569967610727102, -0.8078329537150001, 0.5739530147985263], [0.0, 0.0, 0.0, 1.0]], "psm2_transform": [[0.0885986369355175, 0.9947960267635348, -0.05031050256807937, -0.007931657096040011], [0.8650561698941568, -0.10188653068725212, -0.4912198670580899, -0.07744282695238176], [-0.49378953458049324, 0.0, -0.8695814484789679, -0.005524463087031518], [0.0, 0.0, 0.0, 1.0]]}