{"ecm_psm_transform": [[-0.6038145735648287, 0.3064772786339691, -0.7358530005591067, 0.008011858906505069], [0.20683099244046643, -0.8312801983221334, -0.5159400860987704, 0.23254128092505655], [-0.7698239417664379, -0.46372934946866506, 0.43855009876244794, -0.16681879160729995], [0.0, 0.0, 0.0, 1.0]], "suj_ecm_transform": [[0.9934980757361606, 0.11384890616366096, -8.595588674257848e-06, -0.09251019047955623], [-0.11384890645852215, 0.9934980709237864, -9.78208258808716e-05, 1.0067438455607607], [-2.597093260233646e-06, 9.816340065049945e-05, 0.9999999951786009, 0.742550289568364], [0.0, 0.0, 0.0, 1.0]], "suj_psm2_transform": [[0.2739683825304005, -0.938059412735502, -0.2120987118112732, 0.0006022433735977106], [-0.7437381268948515, -0.3464726128186824, 0.5716732695950838, 0.2682850763541986], [-0.6097498864096771, 0.001125497632496586, -0.7925930918690026, -0.235790031391927], [0.0, 0.0, 0.0, 1.0]], "ecm_transform": [[0.9594848011464294, 0.2810519423596424, 0.019968026063409625, -0.08831531219040176], [0.238424148850026, -0.7721053868597934, -0.5890731676347426, 0.8837917386348675], [-0.15014273746717632, 0.5699676107271018, -0.8078329537150002, 0.5739535955721715], [0.0, 0.0, 0.0, 1.0]], "psm2_transform": [[0.15014586407822006, 0.9849787800979033, -0.08528201602360772, -0.013441181780905306], [0.8564651811274548, -0.17267542603638253, -0.4864674611517915, -0.07667147050119782], [-0.4938862348927338, 0.0, -0.8695265303505577, -0.005511213566084354], [0.0, 0.0, 0.0, 1.0]]}