{"ecm_psm_transform": [[-0.592766868168132, 0.31270728135522186, -0.7421870358538817, 0.007086226407369679], [0.17742156849482493, -0.8482005742293526, -0.4990765200946977, 0.23518565357359159], [-0.785588331783881, -0.4275160138105041, 0.44730418162654845, -0.16546591494945018], [0.0, 0.0, 0.0, 1.0]], "suj_ecm_transform": [[0.993487958637946, 0.11393715797479424, -8.604278047244657e-06, -0.09243634104506544], [-0.11393715827008292, 0.9934879538255981, -9.782006195026002e-05, 1.0067311514483], [-2.59709326022733e-06, 9.816340065046997e-05, 0.9999999951786009, 0.7425483977967513], [0.0, 0.0, 0.0, 1.0]], "suj_psm2_transform": [[0.2739382622932092, -0.9380889758676945, -0.21200684377462262, 0.0006681615499936067], [-0.7437775592941074, -0.3463926952199476, 0.5716703971597282, 0.26828981081543785], [-0.6097153194256134, 0.001083537613931207, -0.7926197418711961, -0.23583974849749567], [0.0, 0.0, 0.0, 1.0]], "ecm_transform": [[0.9594941551588386, 0.28102164800728163, 0.019944913318903273, -0.0882979943910142], [0.23838650255811383, -0.7721164135499975, -0.5890739506418529, 0.883796951670234], [-0.15014273746717635, 0.569967610727102, -0.8078329537150003, 0.5739563591909074], [0.0, 0.0, 0.0, 1.0]], "psm2_transform": [[0.18464153365846472, 0.9771981050730875, -0.10483972286217286, -0.016527721590808037], [0.8497701120961951, -0.21232961037398237, -0.4825006664725482, -0.0760650301729758], [-0.49375931448051724, 0.0, -0.8695986081887033, -0.005522575056565556], [0.0, 0.0, 0.0, 1.0]]}