{"ecm_psm_transform": [[-0.5795887189636186, 0.3196481574544951, -0.7496012088344428, 0.005903529616340953], [0.14055256937051472, -0.8668618929213976, -0.47832565668598415, 0.2384747634624635], [-0.8026966376492792, -0.3825905305109859, 0.4574960042119102, -0.16390729625248993], [0.0, 0.0, 0.0, 1.0]], "suj_ecm_transform": [[0.9934899490811786, 0.11391980074013917, -8.602569032689832e-06, -0.09245427281291801], [-0.11391980103534378, 0.9934899442688254, -9.78202122605796e-05, 1.006734144822905], [-2.597093260227604e-06, 9.816340065047016e-05, 0.999999995178601, 0.7425441852651897], [0.0, 0.0, 0.0, 1.0]], "suj_psm2_transform": [[0.2739334802362341, -0.9380880325156657, -0.21201719660572851, 0.0006658431268296433], [-0.7437775508277746, -0.34639521586190947, 0.5716688808327932, 0.26829163963239233], [-0.6097174782555458, 0.0010943851554995332, -0.792618066303582, -0.23584146178608711], [0.0, 0.0, 0.0, 1.0]], "ecm_transform": [[0.9594944070628366, 0.28102083210679807, 0.019944290840700707, -0.08830347571773169], [0.23838548865440243, -0.7721167105069298, -0.5890739717174406, 0.8837904271710882], [-0.1501427374671763, 0.5699676107271018, -0.8078329537150002, 0.5739597012486579], [0.0, 0.0, 0.0, 1.0]], "psm2_transform": [[0.22610956901140708, 0.9655868813132251, -0.12851629249739321, -0.020247617190099022], [0.8394641621711463, -0.26008070792698135, -0.4771351441620033, -0.07517217902260068], [-0.4941400441491979, 0.0, -0.869382319102608, -0.005493735926263992], [0.0, 0.0, 0.0, 1.0]]}