{"ecm_psm_transform": [[-0.5641907703508813, 0.3261237497917495, -0.7585064762232739, 0.004459486359313874], [0.10098187480854862, -0.8845307627923518, -0.45542067435957656, 0.24209929821096599], [-0.8194458100515436, -0.3335395471240993, 0.46611150478530455, -0.16242574328787962], [0.0, 0.0, 0.0, 1.0]], "suj_ecm_transform": [[0.9934944220401706, 0.11388078547819008, -8.598727545191608e-06, -0.09248535740781325], [-0.1138807857732057, 0.9934944172278057, -9.78205500151764e-05, 1.0067346762597114], [-2.597093260226049e-06, 9.81634006504754e-05, 0.999999995178601, 0.7425427264645179], [0.0, 0.0, 0.0, 1.0]], "suj_psm2_transform": [[0.27386104444865045, -0.9381245546326814, -0.21194916449169612, 0.0006097143324162307], [-0.7438226376140079, -0.346296292616023, 0.5716701509553725, 0.2683576952289656], [-0.6096950156483445, 0.0010944019515425896, -0.7926353450218669, -0.23582592100108468], [0.0, 0.0, 0.0, 1.0]], "ecm_transform": [[0.9594990340787403, 0.28100584483344215, 0.019932856579226707, -0.08829087075017418], [0.23836686428240642, -0.7721221651341726, -0.589074358736391, 0.8837880937465067], [-0.15014273746717627, 0.5699676107271018, -0.8078329537150001, 0.5739562150961457], [0.0, 0.0, 0.0, 1.0]], "psm2_transform": [[0.2699895478744627, 0.9506039951715853, -0.1531590297774304, -0.02416582978182419], [0.8268297983822832, -0.31040625696628704, -0.46904204517643444, -0.074006672938083], [-0.49341476320197003, 0.0, -0.8697941546448469, -0.005561949166935084], [0.0, 0.0, 0.0, 1.0]]}