{"ecm_psm_transform": [[-0.5582499036809292, 0.3287607094650374, -0.7617568122125847, 0.003959629091170299], [0.0823186014400358, -0.8916629096478711, -0.44515267427619654, 0.2437680955902176], [-0.8255790046368612, -0.3112131929567546, 0.47070761161518526, -0.16179473875379613], [0.0, 0.0, 0.0, 1.0]], "suj_ecm_transform": [[0.9934925158835582, 0.11389741353249376, -8.600364762024581e-06, -0.09246340590984325], [-0.11389741382758993, 0.9934925110711984, -9.782040608497203e-05, 1.0067408946139231], [-2.597093260224478e-06, 9.816340065047871e-05, 0.9999999951786012, 0.7425476721043578], [0.0, 0.0, 0.0, 1.0]], "suj_psm2_transform": [[0.2738347734336578, -0.9381289356722426, -0.21196371602942599, 0.0006393826583353385], [-0.7438279997395756, -0.3462843379687317, 0.5716704156076119, 0.26837313443252936], [-0.6097002736279193, 0.001121308174899971, -0.7926312629501929, -0.23579856513461572], [0.0, 0.0, 0.0, 1.0]], "ecm_transform": [[0.9594839198190963, 0.2810547963996629, 0.019970203537430314, -0.08832639153003521], [0.23842769552727072, -0.7721043479626202, -0.58907309382009, 0.8838056679531924], [-0.15014273746717643, 0.5699676107271022, -0.8078329537150002, 0.5739549010768916], [0.0, 0.0, 0.0, 1.0]], "psm2_transform": [[0.2892566284842296, 0.9430167218179443, -0.16446904039871524, -0.02590903743862813], [0.8197675622652194, -0.33274534162289615, -0.4661133783598168, -0.07342749092043872], [-0.49427901709022204, 0.0, -0.8693033148817069, -0.00548850142949452], [0.0, 0.0, 0.0, 1.0]]}