{"ecm_psm_transform": [[-0.7056484148095425, 0.20570470639775093, -0.6780456389083228, 0.01710457401627595], [0.4835000361410249, -0.5597366402704699, -0.6729952515362607, 0.20777726548147996], [-0.5179652784969355, -0.8027331233383497, 0.2955190399399845, -0.18939071804419227], [0.0, 0.0, 0.0, 1.0]], "suj_ecm_transform": [[0.9934902505910082, 0.11391717125445325, -8.602310130384e-06, -0.09244838257317763], [-0.11391717154964512, 0.9934902457786541, -9.78202350287729e-05, 1.0067295728205443], [-2.5970932602241823e-06, 9.81634006504531e-05, 0.999999995178601, 0.7425347338230104], [0.0, 0.0, 0.0, 1.0]], "suj_psm2_transform": [[0.27388182892432333, -0.9381158255474221, -0.21196094367252394, 0.0005898881144074664], [-0.7438094207126059, -0.34631996011282784, 0.5716730104584503, 0.26831895884935963], [-0.6097018037075549, 0.001087697075723093, -0.7926301328304558, -0.23583772710949724], [0.0, 0.0, 0.0, 1.0]], "ecm_transform": [[0.9594968341091746, 0.28101297086945753, 0.019938293246738653, -0.0882910274776664], [0.2383757196535211, -0.7721195716501174, -0.5890741747475489, 0.883800233581888], [-0.15014273746717635, 0.569967610727102, -0.8078329537150003, 0.5739579561810992], [0.0, 0.0, 0.0, 1.0]], "psm2_transform": [[-0.23709179566469904, 0.962104000552946, 0.13469733682781415, 0.02123572904789968], [0.8365287126181502, 0.27268276828581783, -0.47525132387548724, -0.07492581947909356], [-0.4939708426556257, 0.0, -0.8694784681670336, -0.005524628909775828], [0.0, 0.0, 0.0, 1.0]]}