{"ecm_psm_transform": [[-0.6926452619100713, 0.22477491404115169, -0.6853603279818008, 0.016020542010282135], [0.44751642439544875, -0.6112680216563365, -0.6527483861310274, 0.21101561273011404], [-0.5656603141902755, -0.7588330802740094, 0.3228014331319137, -0.18509737566442686], [0.0, 0.0, 0.0, 1.0]], "suj_ecm_transform": [[0.9934862129148567, 0.11395237897489063, -8.605776726195465e-06, -0.092430590151385], [-0.11395237927025303, 0.9934862081025132, -9.781993011455389e-05, 1.0067374920222223], [-2.597093260226168e-06, 9.816340065052262e-05, 0.9999999951786012, 0.7425483997193885], [0.0, 0.0, 0.0, 1.0]], "suj_psm2_transform": [[0.27388387582608986, -0.9381039116617172, -0.21201102208956923, 0.0006680114180163121], [-0.7437976922729636, -0.34635212001681903, 0.5716687869118522, 0.2683448807292257], [-0.6097151921445723, 0.001122445918436743, -0.7926197856370149, -0.2358258072229371], [0.0, 0.0, 0.0, 1.0]], "ecm_transform": [[0.9594907579445531, 0.2810326509913272, 0.01995330789051454, -0.08830108813175645], [0.23840017576513942, -0.7721124087843854, -0.5890736663578882, 0.8838023154893337], [-0.15014273746717627, 0.5699676107271017, -0.8078329537150002, 0.5739506825027572], [0.0, 0.0, 0.0, 1.0]], "psm2_transform": [[-0.17767436546900747, 0.9788940258592352, 0.1009866624474957, 0.015916292424896016], [0.8510331583571902, 0.2043685057368157, -0.4837107371554684, -0.07623661734173265], [-0.4941400441491979, 0.0, -0.869382319102608, -0.005510784428945495], [0.0, 0.0, 0.0, 1.0]]}