{"ecm_psm_transform": [[-0.5487054495517127, 0.25650222010416596, -0.7956939994205607, -0.03160795180377942], [0.5406469927741887, -0.6170891174860414, -0.5717533124386123, 0.2278696955946316], [-0.6376701018837874, -0.7439137262895025, 0.19992300768442767, -0.16090029399061126], [0.0, 0.0, 0.0, 1.0]], "suj_ecm_transform": [[0.9779418919802491, 0.20887713035987346, -1.7964283224300146e-05, 0.05907504644024596], [-0.2088771311162286, 0.977941887218546, -9.654057514275243e-05, 1.0330046824878432], [-2.597093260209306e-06, 9.816340065041591e-05, 0.9999999951786009, 0.6492863934610871], [0.0, 0.0, 0.0, 1.0]], "suj_psm2_transform": [[0.26762000953206955, -0.9629744233337104, -0.032554423711119385, -0.03287117660663559], [-0.7493040327010275, -0.2292420549775636, 0.6212821796958621, 0.2876735457388576], [-0.6057416917102807, -0.14187438188331175, -0.7829103797301423, -0.2109441683789477], [0.0, 0.0, 0.0, 1.0]], "ecm_transform": [[0.9910615156694913, -0.07273236219970261, -0.11183503765699732, 0.047909277321555734], [-0.12688698950068497, -0.7727667230418394, -0.621877225547479, 0.9710567903552195], [-0.04119179595919314, 0.6305089969604148, -0.7750881502755849, 0.5720451559455528], [0.0, 0.0, 0.0, 1.0]], "psm2_transform": [[-0.16449108274932406, 0.9819190894818282, 0.09368876884201521, 0.014728305161747845], [0.8532277145029414, 0.1893010874537638, -0.48597074551140385, -0.07639683526681404], [-0.4949193377713606, 0.0, -0.8689389213862837, -0.005393160580670037], [0.0, 0.0, 0.0, 1.0]]}