{"ecm_psm_transform": [[-0.542399703804791, 0.2588957329540705, -0.7992343591029166, -0.032143471517778646], [0.5251609845043532, -0.638071478337417, -0.5630903381223319, 0.22919103656214226], [-0.6557503348583924, -0.7251467354890856, 0.2101278428543643, -0.15933898469998786], [0.0, 0.0, 0.0, 1.0]], "suj_ecm_transform": [[0.9779395552823997, 0.20888807024650383, -1.796536318939202e-05, 0.059078371776087296], [-0.2088880710029122, 0.9779395505207051, -9.654037417648128e-05, 1.0330160876113375], [-2.5970932602253317e-06, 9.816340065044338e-05, 0.999999995178601, 0.6492837733877881], [0.0, 0.0, 0.0, 1.0]], "suj_psm2_transform": [[0.26777421545432534, -0.9629309971233704, -0.03257091212742341, -0.03284429947664398], [-0.749249751025034, -0.22936856699242872, 0.6213009504779182, 0.2876150873235409], [-0.6057406871977029, -0.14196462677312094, -0.7828947979252533, -0.210997717994299], [0.0, 0.0, 0.0, 1.0]], "ecm_transform": [[0.9910531871322845, -0.07278307147761834, -0.11187584538775512, 0.04795673367686577], [-0.1269520233024948, -0.7727619486350603, -0.6218698855236097, 0.9710258001276831], [-0.04119179595919316, 0.6305089969604148, -0.7750881502755849, 0.5720519911597066], [0.0, 0.0, 0.0, 1.0]], "psm2_transform": [[-0.14150273356968818, 0.9866513799310632, 0.08059795823986171, 0.012670072538246606], [0.8573329978154184, 0.16284672081478535, -0.48832476527071533, -0.07676509843821604], [-0.4949314167125923, 0.0, -0.8689320415031698, -0.005392079044093705], [0.0, 0.0, 0.0, 1.0]]}