{"ecm_psm_transform": [[-0.5362691114428519, 0.2606412425147824, -0.8027961028883018, -0.032747463421998385], [0.5099032540070182, -0.657907491180362, -0.5542169291909234, 0.2306463544466297], [-0.6726173590276638, -0.7065577653307001, 0.21991364802016877, -0.15775811394748745], [0.0, 0.0, 0.0, 1.0]], "suj_ecm_transform": [[0.9779311955817857, 0.20892720355445912, -1.7969226358925104e-05, 0.05911200674928905], [-0.20892720431105807, 0.9779311908201214, -9.653965519270503e-05, 1.0329961906458285], [-2.5970932602236377e-06, 9.816340065045817e-05, 0.999999995178601, 0.6492845059467418], [0.0, 0.0, 0.0, 1.0]], "suj_psm2_transform": [[0.2675496631629169, -0.9629950266627876, -0.03252316657625909, -0.03289246931692211], [-0.749353460494163, -0.22917480533969298, 0.6212473741135146, 0.287703008985826], [-0.6057116219677752, -0.14184317826476958, -0.7829392976424904, -0.21093960427059644], [0.0, 0.0, 0.0, 1.0]], "ecm_transform": [[0.9910627374662825, -0.07272492093372919, -0.11182904936116383, 0.047911361199416275], [-0.12687744618920646, -0.7727674233733942, -0.621878302420458, 0.9710501088963959], [-0.04119179595919315, 0.6305089969604148, -0.7750881502755852, 0.572054752306481], [0.0, 0.0, 0.0, 1.0]], "psm2_transform": [[-0.11816423653827732, 0.9907099818946161, 0.06731229440225252, 0.010581751039236337], [0.8608357899042203, 0.1359916606795044, -0.4903753776910175, -0.07708889154020862], [-0.4949736922537435, 0.0, -0.8689079605900136, -0.00539287612941923], [0.0, 0.0, 0.0, 1.0]]}