{"ecm_psm_transform": [[-0.5320141896023424, 0.26199956536652913, -0.8051814266421656, -0.03311997487447819], [0.4990654119392157, -0.6711709798115912, -0.5481452640173861, 0.23154845640886124], [-0.6840282279757933, -0.6934592587935494, 0.22631756389153138, -0.15679419482153703], [0.0, 0.0, 0.0, 1.0]], "suj_ecm_transform": [[0.9779269684432503, 0.20894698865604894, -1.7971179510045793e-05, 0.05913851106688647], [-0.2089469894127442, 0.9779269636816014, -9.653929162612575e-05, 1.0329977236664687], [-2.597093260231007e-06, 9.816340065041606e-05, 0.999999995178601, 0.6492866797279739], [0.0, 0.0, 0.0, 1.0]], "suj_psm2_transform": [[0.2676725391502964, -0.962959806975853, -0.03255490644835485, -0.03288561030469066], [-0.7492910671210872, -0.22928313282082358, 0.6212826584867883, 0.2876389804514897], [-0.6057345198330502, -0.14190720613449012, -0.7829099797101374, -0.21099338257166322], [0.0, 0.0, 0.0, 1.0]], "ecm_transform": [[0.9910529579617773, -0.07278446643754424, -0.11187696796308877, 0.04797708484454033], [-0.12695381231325112, -0.7727618172486097, -0.6218696835686383, 0.9710298368154298], [-0.041191795959193145, 0.6305089969604148, -0.7750881502755851, 0.5720543124689803], [0.0, 0.0, 0.0, 1.0]], "psm2_transform": [[-0.10201133384483672, 0.9930847197507588, 0.05810703197336828, 0.009135076688636182], [0.8629128841457911, 0.11739991225531973, -0.491526820201742, -0.07727352515823432], [-0.494949534945119, 0.0, -0.8689217213636741, -0.005395039426561079], [0.0, 0.0, 0.0, 1.0]]}