{"ecm_psm_transform": [[-0.5201641295642173, 0.2648944185972728, -0.8119484129615089, -0.03417497495594815], [0.4681128582744245, -0.7067400058425664, -0.5304610410386401, 0.23436044387868296], [-0.714352595174714, -0.6560102980423875, 0.24362031653679725, -0.15401989160070373], [0.0, 0.0, 0.0, 1.0]], "suj_ecm_transform": [[0.9779334666091537, 0.208916573212726, -1.796817695035901e-05, 0.059103654539535935], [-0.20891657396927316, 0.9779334618474812, -9.653985051647339e-05, 1.0330057203876657], [-2.5970932602177355e-06, 9.816340065044697e-05, 0.9999999951786012, 0.6492846514148156], [0.0, 0.0, 0.0, 1.0]], "suj_psm2_transform": [[0.26762107584388417, -0.9629742583738905, -0.03255053722164336, -0.03287640867749403], [-0.7493087062238213, -0.22924153133849773, 0.621276736315439, 0.28768047438478445], [-0.6057354393968913, -0.141876347637075, -0.7829148609138921, -0.21093883909816236], [0.0, 0.0, 0.0, 1.0]], "ecm_transform": [[0.9910550020468833, -0.07277202339725189, -0.11186695458678504, 0.0479577776761661], [-0.12693785433631768, -0.7727629891258001, -0.6218714849338651, 0.9710367856037649], [-0.04119179595919313, 0.630508996960415, -0.7750881502755851, 0.572048644158033], [0.0, 0.0, 0.0, 1.0]], "psm2_transform": [[-0.057259241047252524, 0.9978264548381429, 0.03261510907288491, 0.005127815697465409], [0.8670365133714588, 0.0658966313641566, -0.4938677135180236, -0.07764691536642673], [-0.4949434955581867, 0.0, -0.868925161452149, -0.00539819896089196], [0.0, 0.0, 0.0, 1.0]]}