{"ecm_psm_transform": [[-0.5788098933056702, 0.242454153292945, -0.7785853138625722, -0.02885890109834846], [0.6093210901808124, -0.5059455891725843, -0.6105299909567697, 0.22170163692344194], [-0.5419473373606936, -0.8277892511671121, 0.1451138834841349, -0.16951658536538916], [0.0, 0.0, 0.0, 1.0]], "suj_ecm_transform": [[0.9779258155732508, 0.2089523843185584, -1.797171216075205e-05, 0.059125543460498954], [-0.20895238507527997, 0.9779258108116059, -9.653919246953825e-05, 1.0330028979689787], [-2.597093260221991e-06, 9.816340065043174e-05, 0.9999999951786012, 0.6492783950516698], [0.0, 0.0, 0.0, 1.0]], "suj_psm2_transform": [[0.26768026062690736, -0.9629556993804314, -0.032612867114921895, -0.032822987183730765], [-0.7492297655671423, -0.2293126090676551, 0.621345705473845, 0.2876247539043126], [-0.6058069300188933, -0.14188744959766317, -0.7828575318586101, -0.2109699134292784], [0.0, 0.0, 0.0, 1.0]], "ecm_transform": [[0.9910487618207301, -0.07281000481446806, -0.11189751959947584, 0.04796555482977524], [-0.12698656479822637, -0.77275941142822, -0.6218659858923442, 0.9710296244988298], [-0.04119179595919316, 0.6305089969604148, -0.7750881502755852, 0.5720508270031242], [0.0, 0.0, 0.0, 1.0]], "psm2_transform": [[-0.28314202796638466, 0.9454501510612231, 0.161104326004591, 0.025339955664064856], [0.8217432476972069, 0.32576680594914903, -0.4675617852281521, -0.07354237593567012], [-0.4945388021815175, 0.0, -0.8691555517494379, -0.005418055667681651], [0.0, 0.0, 0.0, 1.0]]}