{"ecm_psm_transform": [[-0.5673893808785453, 0.24856949240836249, -0.7850366220184319, -0.029939456968543266], [0.5840579753663827, -0.5505592061648463, -0.5964569070084242, 0.22394684980933713], [-0.5804701300473462, -0.7969302152327913, 0.16720245264897776, -0.16608770113072516], [0.0, 0.0, 0.0, 1.0]], "suj_ecm_transform": [[0.9779400822925706, 0.20888560295734912, -1.7965119623201e-05, 0.059069299897622655], [-0.2088856037137455, 0.9779400775308741, -9.654041950182411e-05, 1.0330094409901074], [-2.59709326022934e-06, 9.816340065045513e-05, 0.9999999951786012, 0.6492877013004374], [0.0, 0.0, 0.0, 1.0]], "suj_psm2_transform": [[0.2677070543352173, -0.9629514064246206, -0.03251956217427038, -0.03287937113803387], [-0.749318595686297, -0.229295563273594, 0.6212448686482337, 0.28763042526162125], [-0.6056852113250553, -0.1419441211459301, -0.7829414353923494, -0.21100048149145945], [0.0, 0.0, 0.0, 1.0]], "ecm_transform": [[0.9910650911424821, -0.07271058444026691, -0.11181751217541294, 0.04789594221617329], [-0.1268590598435918, -0.7727687724425247, -0.6218803769803913, 0.9710606321775822], [-0.041191795959193145, 0.630508996960415, -0.7750881502755851, 0.5720502447188363], [0.0, 0.0, 0.0, 1.0]], "psm2_transform": [[-0.23795746833138848, 0.961776903640443, 0.13550435745435724, 0.02130331622451342], [0.8357683912595955, 0.27383423384193945, -0.47592647388808473, -0.07482277591162052], [-0.49484082232235455, 0.0, -0.8689836365337014, -0.005396261683804644], [0.0, 0.0, 0.0, 1.0]]}