{"ecm_psm_transform": [[-0.5477381267996583, 0.256825319041299, -0.7962560517505265, -0.03176572413871528], [0.5382004401123536, -0.6205055438681267, -0.5703623026566447, 0.22812785229908625], [-0.6405647747986704, -0.7409545367485484, 0.20165104452710814, -0.16060377469216747], [0.0, 0.0, 0.0, 1.0]], "suj_ecm_transform": [[0.9779391881250749, 0.2088897891389363, -1.7965532875257437e-05, 0.05909192143450881], [-0.20888978989535306, 0.9779391833633816, -9.654034259918964e-05, 1.0330081070218986], [-2.5970932602281473e-06, 9.816340065043866e-05, 0.9999999951786009, 0.649283628331708], [0.0, 0.0, 0.0, 1.0]], "suj_psm2_transform": [[0.2675703076727837, -0.9629874790292099, -0.03257676602825221, -0.03294239577234771], [-0.7492950557044886, -0.2292129237759305, 0.621303754270725, 0.2877117589103241], [-0.6057747518250491, -0.14183282697266208, -0.7828923292792208, -0.210909618838659], [0.0, 0.0, 0.0, 1.0]], "ecm_transform": [[0.9910549493787733, -0.07277234402579517, -0.1118672126086463, 0.04795670966370534], [-0.12693826553680715, -0.772762958931756, -0.6218714385188823, 0.971050617071047], [-0.041191795959193124, 0.6305089969604146, -0.7750881502755849, 0.5720499493880906], [0.0, 0.0, 0.0, 1.0]], "psm2_transform": [[-0.16201557927524757, 0.9824631917096242, 0.09228775112572725, 0.014507038499578472], [0.853680227915233, 0.1864566355368942, -0.48627563328924656, -0.07643938927413549], [-0.49495557430814124, 0.0, -0.8689182812332229, -0.005389915967815458], [0.0, 0.0, 0.0, 1.0]]}