{"ecm_psm_transform": [[-0.43515885813138505, 0.2779758481571357, -0.8563680260443582, 0.09675163742991891], [0.691851172096112, -0.5054419328575085, -0.5156262291413252, -0.08178494462182853], [-0.5761759486988551, -0.8168585436601536, 0.027629617992068284, 0.17766004171038424], [0.0, 0.0, 0.0, 1.0]], "suj_ecm_transform": [[0.9942025742859876, 0.10752321246851682, -7.972807418229848e-06, -0.1058761602610914], [-0.1075232127327424, 0.994202569471834, -9.787355343775652e-05, 0.9752815347698436], [-2.597093260228414e-06, 9.816340065044221e-05, 0.9999999951786009, 1.056563488434418], [0.0, 0.0, 0.0, 1.0]], "suj_psm2_transform": [[0.2803348726573627, -0.9598499700392644, 0.010019690005373116, 0.10529502012787445], [-0.6412033300338753, -0.17948232366700811, 0.7460860439953028, -0.01487010408377798], [-0.714332309731017, -0.21557859473221108, -0.6657741514715301, 0.13916290835617628], [0.0, 0.0, 0.0, 1.0]], "ecm_transform": [[0.994336986541696, -0.102154627015992, -0.029298282789325482, -0.10822890160058399], [-0.09234460982877853, -0.694088845137945, -0.7139419780981119, 0.9179544063556947], [0.05259686521790429, 0.7126044535605273, -0.6995916398406661, 1.000385860113658], [0.0, 0.0, 0.0, 1.0]], "psm2_transform": [[-0.15402638227033888, 0.985525824698218, 0.07081470481198564, 0.013011264294054931], [0.8954234005044166, 0.16952536345012573, -0.41167716110589614, -0.07564022700082554], [-0.4177233622791747, 0.0, -0.9085742636714852, -0.011911238784524526], [0.0, 0.0, 0.0, 1.0]]}