{"ecm_psm_transform": [[-0.4310758714453485, 0.27820972441078573, -0.8583547881272103, 0.09618202524999393], [0.684339887605742, -0.519200419125768, -0.5119666424791632, -0.08094730865441249], [-0.5880922642659004, -0.8081028857904802, 0.03342476159532906, 0.17894486957354278], [0.0, 0.0, 0.0, 1.0]], "suj_ecm_transform": [[0.9942141612156165, 0.10741602103471685, -7.962255050190887e-06, -0.10595934749695468], [-0.10741602129842338, 0.9942141564014345, -9.787441246403589e-05, 0.9752968110092491], [-2.5970932602188384e-06, 9.81634006504575e-05, 0.9999999951786009, 1.0565620049770736], [0.0, 0.0, 0.0, 1.0]], "suj_psm2_transform": [[0.28000755778558056, -0.9599474589993433, 0.009830744817108716, 0.10507433014720256], [-0.6410543925609473, -0.17934722817451637, 0.7462464991706379, -0.014676839972622369], [-0.71459431383217, -0.21525670188596285, -0.6655971145760085, 0.13942795906383698], [0.0, 0.0, 0.0, 1.0]], "ecm_transform": [[0.9943382704510084, -0.10214497604923144, -0.02928835578176233, -0.10823410849973723], [-0.09233078406331642, -0.6940902654796453, -0.7139423854070079, 0.9179532987993182], [0.052596865217904264, 0.7126044535605272, -0.6995916398406661, 1.0003905776864292], [0.0, 0.0, 0.0, 1.0]], "psm2_transform": [[-0.1391562048849305, 0.9882022619617663, 0.06396749249167011, 0.01175450291773162], [0.8978809626794755, 0.15315446272847758, -0.41273900640008515, -0.07584386484468218], [-0.4176665266690657, 0.0, -0.9086003920867515, -0.011915290533585976], [0.0, 0.0, 0.0, 1.0]]}