{"ecm_psm_transform": [[-0.4172978693539909, 0.2798215310261568, -0.8646169088138385, 0.09517882816502476], [0.6577343488727015, -0.5635247101848957, -0.4998253968377687, -0.0789163494766867], [-0.6270949007491794, -0.7772643126924116, 0.051109428378430355, 0.18197433012322778], [0.0, 0.0, 0.0, 1.0]], "suj_ecm_transform": [[0.9941975524475517, 0.10756963625326374, -7.97737757702351e-06, -0.10586163978032544], [-0.10756963651771412, 0.9941975476334105, -9.787318104391715e-05, 0.9752616559688763], [-2.597093260221464e-06, 9.816340065044351e-05, 0.999999995178601, 1.056554814206721], [0.0, 0.0, 0.0, 1.0]], "suj_psm2_transform": [[0.2802262931682845, -0.9598823632315276, 0.009953560881430179, 0.10523609935835188], [-0.6411505201610967, -0.179439139899225, 0.7461418133098974, -0.014883513181995545], [-0.7144223086622631, -0.21547028525827877, -0.6657126415026217, 0.13917055803600142], [0.0, 0.0, 0.0, 1.0]], "ecm_transform": [[0.9943401498759694, -0.1021308460323628, -0.029273821638939886, -0.1082440567436252], [-0.09231054172674036, -0.6940923447599867, -0.7139429814990128, 0.9179557129592996], [0.052596865217904305, 0.7126044535605274, -0.6995916398406659, 1.0003937693836822], [0.0, 0.0, 0.0, 1.0]], "psm2_transform": [[-0.09063396824008324, 0.9950124761613109, 0.04166120598821252, 0.007656404797827755], [0.9040745028463366, 0.09975055029089659, -0.41557083754735813, -0.07637269442788414], [-0.4176538963115334, 0.0, -0.9086061979184354, -0.011920853328973434], [0.0, 0.0, 0.0, 1.0]]}