{"ecm_psm_transform": [[-0.41309898437201087, 0.2800746999971577, -0.8665491281700741, 0.09484809214968834], [0.6494699508681965, -0.5764169886099467, -0.4959155554740172, -0.07823401837451673], [-0.6383870393656779, -0.7676598319980946, 0.05621717092296294, 0.18292706502665917], [0.0, 0.0, 0.0, 1.0]], "suj_ecm_transform": [[0.9941951560804267, 0.10759178203999893, -7.979557706357334e-06, -0.10585604233143275], [-0.10759178230455653, 0.9941951512662915, -9.787300332308974e-05, 0.9752692546459225], [-2.5970932602279325e-06, 9.816340065048839e-05, 0.9999999951786009, 1.0565517338907935], [0.0, 0.0, 0.0, 1.0]], "suj_psm2_transform": [[0.2802260198566143, -0.9598825275704412, 0.009945403978812273, 0.10526368593433955], [-0.6411448465470524, -0.17944357138115313, 0.7461456228083991, -0.014899198166491323], [-0.7144275075481608, -0.2154658626208763, -0.6657084936393439, 0.13917054601418943], [0.0, 0.0, 0.0, 1.0]], "ecm_transform": [[0.9943346296073023, -0.10217233995091225, -0.02931650239479893, -0.10821762903335695], [-0.09236998502196829, -0.6940862379522144, -0.7139412301810167, 0.917947517921833], [0.052596865217904264, 0.712604453560527, -0.6995916398406661, 1.000399925975711], [0.0, 0.0, 0.0, 1.0]], "psm2_transform": [[-0.07608413479861897, 0.9964883005714155, 0.034960996213464685, 0.006427212375581038], [0.9054703990380801, 0.08373211345888933, -0.41606765031846393, -0.07648967251613518], [-0.41753390389016976, 0.0, -0.9086613445625573, -0.01193473670476072], [0.0, 0.0, 0.0, 1.0]]}