{"ecm_psm_transform": [[-0.4127777412055649, 0.2800588159850967, -0.866707330045303, 0.09475107529500464], [0.6487132489417964, -0.5775554952957748, -0.49558124510622004, -0.0781174499089094], [-0.6393634780096614, -0.7668094348941451, 0.05672418835656648, 0.18301715873713814], [0.0, 0.0, 0.0, 1.0]], "suj_ecm_transform": [[0.9941994247263548, 0.10755233056597892, -7.975673929414274e-06, -0.10588514856682503], [-0.10755233083034547, 0.9941994199122091, -9.78733198887428e-05, 0.9752699601902518], [-2.597093260231264e-06, 9.816340065049793e-05, 0.9999999951786008, 1.0565543063502212], [0.0, 0.0, 0.0, 1.0]], "suj_psm2_transform": [[0.280188696568352, -0.9598930644092286, 0.009979940600458037, 0.10519073311783761], [-0.6411803305689953, -0.17940039277432818, 0.7461255140818137, -0.014850861519491443], [-0.7144103008823166, -0.2154548768802355, -0.6657305145640845, 0.13917804297506797], [0.0, 0.0, 0.0, 1.0]], "ecm_transform": [[0.9943403707613303, -0.10212918515118842, -0.02927211325774835, -0.10824544495065645], [-0.0923081623881105, -0.6940925891450338, -0.7139430515457614, 0.9179712146090273], [0.0525968652179043, 0.7126044535605274, -0.6995916398406659, 1.0003845324757261], [0.0, 0.0, 0.0, 1.0]], "psm2_transform": [[-0.0748299779837571, 0.99660309711115, 0.03439100497825075, 0.006321102057505126], [0.9055457862288131, 0.08235451917450336, -0.41617852204886446, -0.0764940400455354], [-0.4175970587039511, 0.0, -0.9086323219882775, -0.011925654656441024], [0.0, 0.0, 0.0, 1.0]]}