{"ecm_psm_transform": [[-0.47022301847376013, 0.26970998606230817, -0.8403254347666123, 0.09949991050622427], [0.7486184588331123, -0.3823691158862287, -0.541631112761001, -0.08647811916981654], [-0.4673978134221022, -0.8837705486350254, -0.02211111425469975, 0.16859848068815428], [0.0, 0.0, 0.0, 1.0]], "suj_ecm_transform": [[0.9942078616123776, 0.10747431248747107, -7.967993498100377e-06, -0.10593299984228094], [-0.10747431275145984, 0.9942078567982111, -9.787394546194345e-05, 0.9752725242418154], [-2.597093260230154e-06, 9.816340065050171e-05, 0.9999999951786009, 1.05655510160659], [0.0, 0.0, 0.0, 1.0]], "suj_psm2_transform": [[0.2800771576949088, -0.9599259687194875, 0.009945869267949381, 0.10508399777881816], [-0.6411600277737651, -0.17933996891891424, 0.7461574862810854, -0.014773040189618447], [-0.7144722559502827, -0.2153585617664568, -0.6656951895208476, 0.1392789660315854], [0.0, 0.0, 0.0, 1.0]], "ecm_transform": [[0.9943368388503404, -0.10215573709732331, -0.02929942462258553, -0.10822871041730985], [-0.09234620010786379, -0.6940886817574574, -0.7139419312393922, 0.9179507715305896], [0.05259686521790424, 0.7126044535605269, -0.6995916398406661, 1.0003972279955666], [0.0, 0.0, 0.0, 1.0]], "psm2_transform": [[-0.277740188172324, 0.9521289368853945, 0.1277140376759372, 0.02346247535878927], [0.8650549667456704, 0.30569672478698334, -0.39778061411179727, -0.07307667995340919], [-0.41778019625474033, 0.0, -0.9085481317009851, -0.011905688512066644], [0.0, 0.0, 0.0, 1.0]]}