{"ecm_psm_transform": [[-0.37704247755234094, 0.27926757288604265, -0.8830903650564483, 0.09182187863114721], [0.5678931745295961, -0.6834979465950133, -0.4586151974401829, -0.0713554342378929], [-0.7316668042516961, -0.6744184010944091, 0.09911361067669139, 0.19080931896646458], [0.0, 0.0, 0.0, 1.0]], "suj_ecm_transform": [[0.9942034002707104, 0.1075155748094386, -7.97205553447673e-06, -0.10589809229461472], [-0.10751557507362719, 0.9942033954565549, -9.787361468352801e-05, 0.9752798626819512], [-2.5970932602320377e-06, 9.816340065045703e-05, 0.999999995178601, 1.0565569777853894], [0.0, 0.0, 0.0, 1.0]], "suj_psm2_transform": [[0.2803224321943918, -0.9598544564138538, 0.00993763106004969, 0.10528219492873005], [-0.641123122607361, -0.17951289615882243, 0.7461476139282752, -0.014903902344245656], [-0.7144091794390715, -0.21553315896895509, -0.6657063780061414, 0.13917152822375423], [0.0, 0.0, 0.0, 1.0]], "ecm_transform": [[0.9943427560744986, -0.10211124673935768, -0.029253661847782192, -0.10825803250683272], [-0.09228246426824538, -0.6940952283765078, -0.7139438078263187, 0.9179703236524888], [0.05259686521790427, 0.7126044535605272, -0.6995916398406661, 1.000394186344094], [0.0, 0.0, 0.0, 1.0]], "psm2_transform": [[0.0529265715383687, 0.9983019996056216, -0.024328904796794126, -0.00447135791156626], [0.9070604862712548, -0.05825047281711567, -0.416951024296544, -0.07663054612592655], [-0.4176602115003878, 0.0, -0.9086032950245401, -0.01192406640485143], [0.0, 0.0, 0.0, 1.0]]}