{"ecm_psm_transform": [[-0.3637268289087442, 0.2775562110851254, -0.8891936479867918, 0.09070734772744893], [0.5345119332465865, -0.71959510900278, -0.44326050164240205, -0.06853379870757895], [-0.7628891054071922, -0.6365103524588949, 0.11337894012411531, 0.19345365982969814], [0.0, 0.0, 0.0, 1.0]], "suj_ecm_transform": [[0.9942035524686081, 0.10751416741643124, -7.971916984728122e-06, -0.10589002575154546], [-0.10751416768061303, 0.9942035476544523, -9.787362596866348e-05, 0.975278199499057], [-2.5970932602245753e-06, 9.816340065046102e-05, 0.9999999951786012, 1.0565509830725124], [0.0, 0.0, 0.0, 1.0]], "suj_psm2_transform": [[0.2803684315591753, -0.9598410591775909, 0.009933967077077721, 0.1052895599099274], [-0.6411114578995408, -0.17954554548313345, 0.7461497809736926, -0.014905362207673023], [-0.7144015965372511, -0.2155656239153277, -0.6657040037817276, 0.13918372232947318], [0.0, 0.0, 0.0, 1.0]], "ecm_transform": [[0.994335459506954, -0.10216610361596225, -0.02931008766665779, -0.10821071893160275], [-0.09236105097033225, -0.694087155937664, -0.7139414935595358, 0.9179553418010232], [0.052596865217904264, 0.7126044535605272, -0.6995916398406661, 1.000390464285191], [0.0, 0.0, 0.0, 1.0]], "psm2_transform": [[0.10034994955821501, 0.9938826810107182, -0.046120537839565406, -0.0084771168430745], [0.9030710434873642, -0.11044100862880184, -0.41504876102416705, -0.07628742004298195], [-0.4176033740743804, 0.0, -0.9086294194894271, -0.011926619934083858], [0.0, 0.0, 0.0, 1.0]]}