{"ecm_psm_transform": [[-0.3599034512968324, 0.27680017601943824, -0.8909832592704738, 0.09026518714148207], [0.5245312651672177, -0.7297335422876731, -0.4385839818351358, -0.06760821056254174], [-0.7715804932777306, -0.6251964649739257, 0.11744327387041195, 0.19419719320987783], [0.0, 0.0, 0.0, 1.0]], "suj_ecm_transform": [[0.9942024945538908, 0.10752394970077232, -7.972879994529809e-06, -0.10589583726463131], [-0.10752394996500146, 0.9942024897397375, -9.787354752567572e-05, 0.975278273884426], [-2.5970932602292272e-06, 9.816340065047436e-05, 0.9999999951786009, 1.0565586981447759], [0.0, 0.0, 0.0, 1.0]], "suj_psm2_transform": [[0.28027106838868665, -0.9598686173489017, 0.010018265966309392, 0.10517177082924077], [-0.6412018730178826, -0.17943676889636664, 0.7460982535875493, -0.014826732375471385], [-0.7143586538025724, -0.21553348555790458, -0.6657604902219995, 0.13919005228267411], [0.0, 0.0, 0.0, 1.0]], "ecm_transform": [[0.9943489394484997, -0.10206472195244566, -0.02920580679272322, -0.10831422391552885], [-0.09221581419091594, -0.6941020712391459, -0.7139457670682237, 0.9179744173633615], [0.05259686521790427, 0.7126044535605274, -0.6995916398406661, 1.000401850632424], [0.0, 0.0, 0.0, 1.0]], "psm2_transform": [[0.11398424798480597, 0.9921001002628751, -0.052392578384074164, -0.009629128604277098], [0.9014340598463588, -0.12544875869610309, -0.41434194174681116, -0.0761510879265813], [-0.41764126587329614, 0.0, -0.908612003574546, -0.011923418962611506], [0.0, 0.0, 0.0, 1.0]]}