{"ecm_psm_transform": [[-0.35930114749907055, 0.2767156078332624, -0.891252577997573, 0.09024393952257263], [0.5226727674791332, -0.7315164249802948, -0.43783204327658903, -0.06752946329134507], [-0.7731208595954163, -0.6231470070260446, 0.1182029783589559, 0.19431862047310516], [0.0, 0.0, 0.0, 1.0]], "suj_ecm_transform": [[0.9941994867921817, 0.10755175683619651, -7.975617448957288e-06, -0.1058695882177397], [-0.1075517571005603, 0.9941994819780358, -9.787332449126662e-05, 0.9752707819155702], [-2.5970932602265447e-06, 9.816340065045917e-05, 0.999999995178601, 1.056556807826585], [0.0, 0.0, 0.0, 1.0]], "suj_psm2_transform": [[0.280301331610727, -0.9598611404815702, 0.009887087067129874, 0.10520261686186562], [-0.6410690419242373, -0.17952059033480927, 0.7461922280030677, -0.014898937774694643], [-0.7144659872825256, -0.21549698058038153, -0.6656571222312168, 0.13917786878685967], [0.0, 0.0, 0.0, 1.0]], "ecm_transform": [[0.9943359762820272, -0.10216221996708101, -0.02930609292732908, -0.1082123654274138], [-0.0923554873330064, -0.6940877275799509, -0.7139416575479979, 0.9179527410834786], [0.052596865217904284, 0.7126044535605273, -0.6995916398406659, 1.0003981308795409], [0.0, 0.0, 0.0, 1.0]], "psm2_transform": [[0.11658663785856453, 0.9917336286641095, -0.05359072354012526, -0.009849328201424788], [0.9010953216883499, -0.12831371624545135, -0.41420141411474076, -0.07612522092663665], [-0.4176538963115334, 0.0, -0.9086061979184354, -0.011923850606051417], [0.0, 0.0, 0.0, 1.0]]}