{"ecm_psm_transform": [[-0.46604265554758195, 0.2711141848536222, -0.8422002980178254, 0.09928681389918616], [0.7426103250137024, -0.3976031655411056, -0.538926365967314, -0.08606073320394682], [-0.480972086916903, -0.8765893117776692, -0.01603215780707179, 0.1696682903071196], [0.0, 0.0, 0.0, 1.0]], "suj_ecm_transform": [[0.9941996443154251, 0.1075503006944854, -7.975474100030695e-06, -0.10587935617488879], [-0.10755030095884213, 0.9941996395012788, -9.787333617256875e-05, 0.9752876464130051], [-2.5970932602299197e-06, 9.816340065047962e-05, 0.9999999951786009, 1.0565483318364755], [0.0, 0.0, 0.0, 1.0]], "suj_psm2_transform": [[0.28024608013110175, -0.9598769269404528, 0.009920670264890075, 0.1052200799236718], [-0.6411129464310672, -0.17946770704957254, 0.7461672279354301, -0.014863971664199505], [-0.7144482657895024, -0.2154707108952894, -0.6656846462527515, 0.13920993903132572], [0.0, 0.0, 0.0, 1.0]], "ecm_transform": [[0.9943384315687238, -0.10214376484644451, -0.02928710993670465, -0.10824160545201134], [-0.09232904892123599, -0.6940904437237965, -0.7139424365147398, 0.9179539146099199], [0.05259686521790427, 0.7126044535605272, -0.6995916398406661, 1.0003900291455616], [0.0, 0.0, 0.0, 1.0]], "psm2_transform": [[-0.2630740475198271, 0.9571649381527135, 0.12094348553207714, 0.022221474773561928], [0.8696637656733683, 0.2895432285015693, -0.399812022710304, -0.0734592089663848], [-0.41770441725741, 0.0, -0.9085829735382716, -0.011909842099103368], [0.0, 0.0, 0.0, 1.0]]}