{"ecm_psm_transform": [[-0.3461018140953185, 0.27371464307113286, -0.8973816514997239, 0.08911781141667732], [0.4870372069754385, -0.7651007371304323, -0.4212073373815237, -0.06439586661644248], [-0.8018779790600896, -0.5828388767154362, 0.13149353781686435, 0.19682439988047168], [0.0, 0.0, 0.0, 1.0]], "suj_ecm_transform": [[0.9942064002486254, 0.10748783020025988, -7.969324238059417e-06, -0.1059175898047085], [-0.10748783046431414, 0.9942063954344625, -9.787383711621764e-05, 0.9752751398360227], [-2.597093260226349e-06, 9.816340065045072e-05, 0.9999999951786009, 1.0565437579636376], [0.0, 0.0, 0.0, 1.0]], "suj_psm2_transform": [[0.2800980184808193, -0.9599189783862055, 0.01003269540562396, 0.10519344665882921], [-0.6412536100206917, -0.1793158039335753, 0.7460828707959231, -0.01478712813429206], [-0.7143800862835898, -0.21540983587951362, -0.6657775115816182, 0.1392518065636743], [0.0, 0.0, 0.0, 1.0]], "ecm_transform": [[0.9943449526656668, -0.10209472310511834, -0.029236665719640523, -0.10827054407419481], [-0.09225879295526469, -0.6940976590363864, -0.7139445040356049, 0.9179852601305224], [0.05259686521790427, 0.7126044535605272, -0.699591639840666, 1.0004048458258958], [0.0, 0.0, 0.0, 1.0]], "psm2_transform": [[0.16358886036174702, 0.9836590259051949, -0.07519046163435825, -0.013819685118119531], [0.8937701089752346, -0.18004144177172948, -0.4108041766427822, -0.07550404988892126], [-0.41762863535435657, 0.0, -0.9086178090550823, -0.011925235304083716], [0.0, 0.0, 0.0, 1.0]]}