{"ecm_psm_transform": [[-0.33444008500327216, 0.27073213421882597, -0.9026926060649457, 0.08819573444013121], [0.4533912497810615, -0.7934943425262757, -0.40595948443257257, -0.06162526130683426], [-0.8261877535796393, -0.5450420533134235, 0.14262873467473564, 0.1988091275306037], [0.0, 0.0, 0.0, 1.0]], "suj_ecm_transform": [[0.994196519681497, 0.10757918102284021, -7.978317206257857e-06, -0.10584524597512035], [-0.1075791812873368, 0.9941965148673585, -9.787310445279827e-05, 0.9752703878088598], [-2.5970932602270944e-06, 9.816340065049557e-05, 0.9999999951786009, 1.0565494912494091], [0.0, 0.0, 0.0, 1.0]], "suj_psm2_transform": [[0.2802796607184152, -0.9598661977870265, 0.010009701965930928, 0.10525442358356567], [-0.6411970026350212, -0.17944818055823147, 0.7460996946160781, -0.014849569587567779], [-0.71435965423548, -0.21553476016693235, -0.665759004115114, 0.13918453300500322], [0.0, 0.0, 0.0, 1.0]], "ecm_transform": [[0.9943344796236875, -0.10217346694731558, -0.02931766163009842, -0.10821967993136634], [-0.09237159953546731, -0.6940860720527884, -0.7139411825785027, 0.9179564819519326], [0.052596865217904264, 0.7126044535605272, -0.6995916398406663, 1.0003862730342432], [0.0, 0.0, 0.0, 1.0]], "psm2_transform": [[0.2057453340448212, 0.9740229575088932, -0.09459458633776913, -0.017382175008087926], [0.8849693634621925, -0.22644928404750747, -0.4068782956704533, -0.07476569237358702], [-0.41772967724607085, 0.0, -0.9085713602947725, -0.011916699179588479], [0.0, 0.0, 0.0, 1.0]]}