{"ecm_psm_transform": [[-0.3287528376667927, 0.26888259902771, -0.9053307239159266, 0.08763297932353634], [0.4368146492339113, -0.8066226725230112, -0.398186923927056, -0.060192288592292496], [-0.8373258230466126, -0.5263668037708491, 0.14772763433892047, 0.1997675065871373], [0.0, 0.0, 0.0, 1.0]], "suj_ecm_transform": [[0.994200138472603, 0.10754573258598425, -7.975024395592973e-06, -0.10587846413423176], [-0.10754573285031886, 0.9942001336584555, -9.787337281689056e-05, 0.9752740895270705], [-2.597093260225672e-06, 9.816340065045651e-05, 0.999999995178601, 1.056560814979337], [0.0, 0.0, 0.0, 1.0]], "suj_psm2_transform": [[0.28017650922050535, -0.9598962177983957, 0.010018719346676197, 0.10516993660528731], [-0.6412201249649393, -0.17937342455063404, 0.7460977991556645, -0.014826459636553935], [-0.7143793635184041, -0.21546328137600007, -0.6657609926675839, 0.13920570194411064], [0.0, 0.0, 0.0, 1.0]], "ecm_transform": [[0.9943287769074491, -0.10221630309609742, -0.02936172329927403, -0.10816714493779699], [-0.0924329658887239, -0.694079764974509, -0.7139393718446578, 0.9179466279559021], [0.05259686521790426, 0.7126044535605272, -0.6995916398406663, 1.0003859795746355], [0.0, 0.0, 0.0, 1.0]], "psm2_transform": [[0.22596512210346092, 0.9685828611155145, -0.1038605061900433, -0.019088064415824682], [0.8800716371550819, -0.2486910556358713, -0.40450793851529065, -0.07434273017083105], [-0.41762863535435657, 0.0, -0.9086178090550823, -0.011922237909375119], [0.0, 0.0, 0.0, 1.0]]}