{"ecm_psm_transform": [[-0.313109176106792, 0.2632693646008678, -0.9124976084902258, 0.08642066565050469], [0.3878489596300248, -0.8415909866045653, -0.37589599064084445, -0.0561607010426812], [-0.8669116612156241, -0.471607732049221, 0.1614011112717533, 0.20219962524485288], [0.0, 0.0, 0.0, 1.0]], "suj_ecm_transform": [[0.9941961265762387, 0.10758281385585892, -7.978674838438396e-06, -0.1058508987395313], [-0.10758281412037311, 0.994196121762101, -9.787307529903128e-05, 0.9752714409388334], [-2.5970932602198357e-06, 9.816340065047207e-05, 0.9999999951786009, 1.0565530938473344], [0.0, 0.0, 0.0, 1.0]], "suj_psm2_transform": [[0.28030229729919387, -0.9598601552144578, 0.009955127345823933, 0.10527562888001993], [-0.6411441919755937, -0.17949106691128527, 0.7461347612831155, -0.014923965895068614], [-0.7143981713475739, -0.2155259597605953, -0.665720522024458, 0.13913761754833942], [0.0, 0.0, 0.0, 1.0]], "ecm_transform": [[0.9943374084176857, -0.10215145599474544, -0.02929502106764778, -0.10821965456928802], [-0.09234006709143087, -0.6940893118351961, -0.713942111943044, 0.9179594646060778], [0.05259686521790427, 0.7126044535605272, -0.6995916398406659, 1.0003876612695672], [0.0, 0.0, 0.0, 1.0]], "psm2_transform": [[0.28288777629357087, 0.950291882155989, -0.130076303499548, -0.023897779252693152], [0.8633914328397194, -0.31136046426678504, -0.3970011271905259, -0.07293753777914294], [-0.41776756662366055, 0.0, -0.9085539391127779, -0.011908253786407363], [0.0, 0.0, 0.0, 1.0]]}