{"ecm_psm_transform": [[-0.30824149250925453, 0.26130398934120846, -0.9147171188132629, 0.08601025685954339], [0.37269217607821253, -0.8515047837505108, -0.36883620367323317, -0.05487640789897061], [-0.8752643738812599, -0.4545985354181925, 0.16508315301653445, 0.2028984409242442], [0.0, 0.0, 0.0, 1.0]], "suj_ecm_transform": [[0.9941961265762387, 0.10758281385585892, -7.978674838438396e-06, -0.1058508987395313], [-0.10758281412037311, 0.994196121762101, -9.787307529903128e-05, 0.9752714409388334], [-2.5970932602198357e-06, 9.816340065047207e-05, 0.9999999951786009, 1.0565530938473344], [0.0, 0.0, 0.0, 1.0]], "suj_psm2_transform": [[0.28030229729919387, -0.9598601552144578, 0.009955127345823933, 0.10527562888001993], [-0.6411441919755937, -0.17949106691128527, 0.7461347612831155, -0.014923965895068614], [-0.7143981713475739, -0.2155259597605953, -0.665720522024458, 0.13913761754833942], [0.0, 0.0, 0.0, 1.0]], "ecm_transform": [[0.9943374084176857, -0.10215145599474544, -0.02929502106764778, -0.10821965456928802], [-0.09234006709143087, -0.6940893118351961, -0.713942111943044, 0.9179594646060778], [0.05259686521790427, 0.7126044535605272, -0.6995916398406659, 1.0003876612695672], [0.0, 0.0, 0.0, 1.0]], "psm2_transform": [[0.29993704558588374, 0.9439458174469005, -0.13785522264214062, -0.0253354675129817], [0.8576914604086481, -0.3301004297551014, -0.3942068809871003, -0.07244858363160404], [-0.41761600475471716, 0.0, -0.9086236143600429, -0.011921056765612822], [0.0, 0.0, 0.0, 1.0]]}