{"ecm_psm_transform": [[-0.4528452289993098, 0.2743578325812253, -0.8483271646445698, 0.09804402413337818], [0.7223417115579465, -0.44485066305093984, -0.5294623115262085, -0.08422730495134484], [-0.5226410339000366, -0.8525465777800482, 0.0032683940137467893, 0.17329455842420033], [0.0, 0.0, 0.0, 1.0]], "suj_ecm_transform": [[0.994202962429948, 0.10751962347383612, -7.972454102264964e-06, -0.10588494021461659], [-0.1075196237380443, 0.9942029576157936, -9.787358221833937e-05, 0.9752797985567696], [-2.597093260223398e-06, 9.816340065044842e-05, 0.999999995178601, 1.0565572712449973], [0.0, 0.0, 0.0, 1.0]], "suj_psm2_transform": [[0.2800532718498097, -0.9599326573084291, 0.009972881178213266, 0.1050965889026031], [-0.6411900492790686, -0.17931072257770658, 0.746138717313454, -0.014745672690987366], [-0.7144546771011596, -0.21535310121156592, -0.6657158223798191, 0.1393092905786546], [0.0, 0.0, 0.0, 1.0]], "ecm_transform": [[0.9943436220686014, -0.10210473289963248, -0.029246961739453126, -0.10826263996937394], [-0.09227313271339571, -0.6940961866234369, -0.7139440823300234, 0.9179738529372463], [0.052596865217904284, 0.7126044535605274, -0.6995916398406657, 1.0003946578421583], [0.0, 0.0, 0.0, 1.0]], "psm2_transform": [[-0.21657577453813254, 0.9711745171769958, 0.09957404817138435, 0.018294903809668785], [0.882381352155122, 0.23836958108372214, -0.40568841760995517, -0.07453780089462925], [-0.41772967724607085, 0.0, -0.9085713602947725, -0.011909956100201072], [0.0, 0.0, 0.0, 1.0]]}