{"ecm_psm_transform": [[-0.4485872420117925, 0.2753978534032626, -0.8502502623611057, 0.0977713633350857], [0.7154205791471757, -0.45954553168019624, -0.5262996287719441, -0.0837188322462736], [-0.5356704968886878, -0.8443778340610566, 0.00912097085761085, 0.17431451497850228], [0.0, 0.0, 0.0, 1.0]], "suj_ecm_transform": [[0.9942015398797, 0.10753277657185742, -7.973748949597667e-06, -0.10587142525879431], [-0.1075327768361293, 0.994201535065549, -9.787347673578189e-05, 0.975269348513799], [-2.5970932602224095e-06, 9.816340065043874e-05, 0.999999995178601, 1.0565537638690927], [0.0, 0.0, 0.0, 1.0]], "suj_psm2_transform": [[0.28017471418685547, -0.9598972323518011, 0.009971602362034815, 0.1051821322310792], [-0.6411740972046014, -0.17939486647404124, 0.7461321993833437, -0.014821019419960169], [-0.7144213788823643, -0.2154409088499991, -0.6657231468033149, 0.13923451762899264], [0.0, 0.0, 0.0, 1.0]], "ecm_transform": [[0.9943394137950735, -0.1021363804585062, -0.029279514348856034, -0.10823612674827254], [-0.09231847021544068, -0.6940915303852496, -0.7139427480579539, 0.9179555070338028], [0.05259686521790426, 0.7126044535605272, -0.699591639840666, 1.0003830146798594], [0.0, 0.0, 0.0, 1.0]], "psm2_transform": [[-0.20169749126098943, 0.9750497827719948, 0.09271484851580607, 0.01703728280331692], [0.8859334454395966, 0.22198630839825634, -0.4072394984959586, -0.07483434008279445], [-0.4176602115003878, 0.0, -0.9086032950245401, -0.011915823973759038], [0.0, 0.0, 0.0, 1.0]]}