{"ecm_psm_transform": [[-0.44144690234305217, 0.2767509280977693, -0.8535417718007404, 0.09715682796478763], [0.7031355463100833, -0.48425385051763803, -0.5206713087678848, -0.0826666581106359], [-0.557427157507548, -0.8300042964080756, 0.01917894723885913, 0.1761987867657148], [0.0, 0.0, 0.0, 1.0]], "suj_ecm_transform": [[0.9942048000483629, 0.1075026301876453, -7.970781211027843e-06, -0.10590354633628989], [-0.10750263045177122, 0.9942047952342039, -9.787371847209443e-05, 0.9752864509284913], [-2.5970932602286987e-06, 9.816340065047944e-05, 0.999999995178601, 1.0565583458215824], [0.0, 0.0, 0.0, 1.0]], "suj_psm2_transform": [[0.2801425628058192, -0.9599069127517467, 0.009943005380592007, 0.1051724801785478], [-0.6411552272208844, -0.17938811814994582, 0.7461500369724292, -0.014803670036180439], [-0.7144509214158269, -0.21540339346916498, -0.6657035819116826, 0.1392778042770242], [0.0, 0.0, 0.0, 1.0]], "ecm_transform": [[0.9943419454701741, -0.1021173433429891, -0.0292599327948546, -0.10826894905853048], [-0.0922911981059892, -0.6940943314523416, -0.7139435508483063, 0.9179619861111965], [0.05259686521790424, 0.7126044535605269, -0.6995916398406663, 1.0003853865956798], [0.0, 0.0, 0.0, 1.0]], "psm2_transform": [[-0.176232751223122, 0.981008936165267, 0.08101533533980085, 0.014886954226420114], [0.8913365603582775, 0.19396254062032492, -0.4097531805914188, -0.07529410102432467], [-0.41768547205403755, 0.0, -0.9085916830100284, -0.011915188774631432], [0.0, 0.0, 0.0, 1.0]]}