{"ecm_psm_transform": [[-0.704600026860308, 0.14388151719198577, -0.6948646711115666, 0.017775458913685014], [0.4592679914143917, -0.6540055981022778, -0.6011236060188223, 0.2177625169746566], [-0.5409359612843683, -0.7426808107534583, 0.3947321865872383, -0.18528360637232805], [0.0, 0.0, 0.0, 1.0]], "suj_ecm_transform": [[0.9934934510458772, 0.11388925609995477, -8.599561571999857e-06, -0.09248054933182046], [-0.11388925639501142, 0.9934934462335149, -9.782047669805754e-05, 1.0067362528857706], [-2.5970932602212948e-06, 9.816340065046417e-05, 0.999999995178601, 0.742538657890387], [0.0, 0.0, 0.0, 1.0]], "suj_psm2_transform": [[0.18807990721008652, -0.9527646552424447, -0.23846479871165588, 0.0020557328706614086], [-0.7649324091692786, -0.2943901919128339, 0.5728986160814217, 0.2736165434725524], [-0.616039250296869, 0.07465873442719331, -0.7841694430844659, -0.23751415208918303], [0.0, 0.0, 0.0, 1.0]], "ecm_transform": [[0.9594923380817824, 0.2810275332882746, 0.01994940340618276, -0.08829653603164021], [0.2383938160863605, -0.7721142715012763, -0.5890737985989838, 0.8838093424624744], [-0.15014273746717638, 0.5699676107271019, -0.8078329537150002, 0.5739482133907792], [0.0, 0.0, 0.0, 1.0]], "psm2_transform": [[-0.15059229475081887, 0.9848518300357169, 0.08595832500102518, 0.013505053440372332], [0.8553217517739932, 0.173398018660247, -0.48821903697722435, -0.07670489373665544], [-0.4957284152678261, 0.0, -0.8684775980392643, -0.005365144657595033], [0.0, 0.0, 0.0, 1.0]]}