{"ecm_psm_transform": [[-0.7017636471241822, 0.14966879165098093, -0.6965106146934894, 0.017474631744842938], [0.4465971195325962, -0.6693034672538396, -0.5937877411560273, 0.2188952001659249], [-0.5550484631094433, -0.7277582850972735, 0.4028511909776627, -0.18397389488779575], [0.0, 0.0, 0.0, 1.0]], "suj_ecm_transform": [[0.9934904360016914, 0.11391555424599539, -8.602150917809415e-06, -0.09244824928661799], [-0.11391555454117944, 0.9934904311893369, -9.782024902982252e-05, 1.0067307946279658], [-2.597093260223299e-06, 9.816340065048156e-05, 0.999999995178601, 0.7425434592981337], [0.0, 0.0, 0.0, 1.0]], "suj_psm2_transform": [[0.1879803240775536, -0.9527733552326304, -0.23850855606970306, 0.002011417644083066], [-0.7649479201530672, -0.29433840198605765, 0.5729045161017596, 0.2736113062244056], [-0.6160503852877581, 0.07475184730192774, -0.7841518246562682, -0.2374752302437606], [0.0, 0.0, 0.0, 1.0]], "ecm_transform": [[0.9594921867187005, 0.2810280235251219, 0.01994977742557706, -0.0883150866618094], [0.2383944252947814, -0.7721140930688952, -0.5890737859324318, 0.8837952473827115], [-0.15014273746717627, 0.5699676107271019, -0.8078329537150002, 0.5739540312897364], [0.0, 0.0, 0.0, 1.0]], "psm2_transform": [[-0.13160347599310923, 0.9884528551164412, 0.07510977512073136, 0.011802233266799194], [0.8584764059559857, 0.15152872075007995, -0.4899564339864698, -0.07698838287270204], [-0.4956801241964668, 0.0, -0.8685051608807948, -0.005371436489669663], [0.0, 0.0, 0.0, 1.0]]}