{"ecm_psm_transform": [[-0.6951384446967621, 0.16273858324570217, -0.7002133219439262, 0.016979630583927992], [0.4171313263535769, -0.7019797279313673, -0.5772572374149234, 0.22149012087611414], [-0.5854775822173488, -0.6933546099194734, 0.4200897352046851, -0.18129854767157322], [0.0, 0.0, 0.0, 1.0]], "suj_ecm_transform": [[0.9934960020046393, 0.11386700104456488, -8.597370314987594e-06, -0.0924878642048042], [-0.11386700133951372, 0.9934959971922704, -9.782066931038164e-05, 1.0067487397201298], [-2.5970932602254368e-06, 9.816340065045506e-05, 0.9999999951786009, 0.7425462198955832], [0.0, 0.0, 0.0, 1.0]], "suj_psm2_transform": [[0.18823559483233837, -0.9527212469700395, -0.2385153798185118, 0.0021088478857842624], [-0.7648758626976533, -0.29454662074398413, 0.5728937099242932, 0.2735807143676829], [-0.6160619088213752, 0.07459566864203818, -0.784157644048192, -0.23752748189553896], [0.0, 0.0, 0.0, 1.0]], "ecm_transform": [[0.9594919406573781, 0.28102882046902716, 0.019950385443028962, -0.08830935456975743], [0.23839541564258465, -0.7721138030030457, -0.5890737653407875, 0.8837960315853013], [-0.15014273746717632, 0.5699676107271018, -0.807832953715, 0.5739490889458452], [0.0, 0.0, 0.0, 1.0]], "psm2_transform": [[-0.08921304485828654, 0.9947099084942861, 0.050923772154096575, 0.00800154371309605], [0.8638798447582273, 0.10272389178418517, -0.4931119709327812, -0.07748163232939508], [-0.49573445154398377, 0.0, -0.8684741524952747, -0.005369832595360075], [0.0, 0.0, 0.0, 1.0]]}