{"ecm_psm_transform": [[-0.692583662061758, 0.16682436890918623, -0.7017816619028859, 0.01677813995228599], [0.4073488237731903, -0.7124605942330146, -0.5713727657455668, 0.2223572905882843], [-0.595310680918563, -0.6815933770241549, 0.42548285697673566, -0.18046973204286784], [0.0, 0.0, 0.0, 1.0]], "suj_ecm_transform": [[0.993486213188718, 0.11395237658724798, -8.60577649109756e-06, -0.0924350736852057], [-0.11395237688261038, 0.9934862083763745, -9.781993013522041e-05, 1.00673118891401], [-2.597093260231869e-06, 9.816340065050614e-05, 0.999999995178601, 0.7425396772655515], [0.0, 0.0, 0.0, 1.0]], "suj_psm2_transform": [[0.18816758753005908, -0.9527462757502111, -0.23846906098532028, 0.0021399031169577337], [-0.7649088217446628, -0.2944627240580103, 0.5728928333968997, 0.2735538611228714], [-0.6160417627241754, 0.07460722608728282, -0.7841723716092348, -0.23756763674622006], [0.0, 0.0, 0.0, 1.0]], "ecm_transform": [[0.9594753853865017, 0.2810824314235773, 0.01999128766323513, -0.08834920507946328], [0.23846203727907472, -0.7720942879383639, -0.5890723786680753, 0.883821049501711], [-0.1501427374671763, 0.5699676107271018, -0.8078329537150002, 0.5739504017291186], [0.0, 0.0, 0.0, 1.0]], "psm2_transform": [[-0.07517026444271921, 0.9962483181562274, 0.042880297509462734, 0.006740456294665825], [0.8653531858781771, 0.08654067581714607, -0.4936340497976217, -0.07759551429151107], [-0.4954929818212372, 0.0, -0.8686119415284936, -0.0053888722789471565], [0.0, 0.0, 0.0, 1.0]]}