{"ecm_psm_transform": [[-0.6848275318011541, 0.1797925576188399, -0.7061769522662263, 0.016001721462904663], [0.37406883777723393, -0.7449216083779568, -0.5524167828511262, 0.22540347213578632], [-0.625366897341976, -0.6424690137247671, 0.44288803338134597, -0.17768865059953887], [0.0, 0.0, 0.0, 1.0]], "suj_ecm_transform": [[0.9934916092218717, 0.11390532178856345, -8.601143418018902e-06, -0.0924613675692985], [-0.11390532208369793, 0.9934916044095142, -9.782033762242974e-05, 1.0067315781623392], [-2.5970932602248455e-06, 9.816340065045203e-05, 0.9999999951786009, 0.7425405525459545], [0.0, 0.0, 0.0, 1.0]], "suj_psm2_transform": [[0.18804871567398482, -0.9527652178014027, -0.23848714909028346, 0.0020598031580488646], [-0.7649374594125881, -0.2943791449095176, 0.5728975495058057, 0.2736222549771046], [-0.616042501553895, 0.0746951055303326, -0.7841634252431264, -0.23749833106264484], [0.0, 0.0, 0.0, 1.0]], "ecm_transform": [[0.9594729926125789, 0.2810901785955483, 0.01999719840839985, -0.08834746042768749], [0.23847166463319017, -0.7720914675212789, -0.5890721780460467, 0.8838153832270071], [-0.15014273746717627, 0.5699676107271016, -0.8078329537150002, 0.5739553380304367], [0.0, 0.0, 0.0, 1.0]], "psm2_transform": [[-0.027803438337808697, 0.9994874532039222, 0.01586819789809562, 0.0024937419475187517], [0.8680600113432083, 0.032012979991519946, -0.49542606493693053, -0.0778579122822538], [-0.4956801241964668, 0.0, -0.8685051608807948, -0.005377320048248563], [0.0, 0.0, 0.0, 1.0]]}