{"ecm_psm_transform": [[-0.6811341298426907, 0.1854323557306235, -0.7082874689076689, 0.015823740418848858], [0.359706574511404, -0.7578417935941503, -0.5443225111413941, 0.22661392923879362], [-0.6377048513354059, -0.6255322991902119, 0.44949067315473307, -0.17667325207854334], [0.0, 0.0, 0.0, 1.0]], "suj_ecm_transform": [[0.9934900439922749, 0.11391897302128844, -8.60248753450014e-06, -0.09245039780865441], [-0.11391897331648902, 0.9934900391799214, -9.782021942772392e-05, 1.00675028612328], [-2.597093260228066e-06, 9.816340065048157e-05, 0.9999999951786009, 0.7425427286618171], [0.0, 0.0, 0.0, 1.0]], "suj_psm2_transform": [[0.1883399896631507, -0.9526990359247796, -0.23852168715167177, 0.0022121317302186555], [-0.7648483987482608, -0.29463364163525585, 0.5728856292044416, 0.2735464821566363], [-0.6160640999327145, 0.0745356570021577, -0.78416162913608, -0.23756776191430728], [0.0, 0.0, 0.0, 1.0]], "ecm_transform": [[0.9594941620610801, 0.2810216256514258, 0.019944896262858378, -0.08829306777542223], [0.2383864747769237, -0.772116421686697, -0.5890739512193373, 0.8837970481919865], [-0.15014273746717627, 0.5699676107271017, -0.8078329537150005, 0.5739501057117171], [0.0, 0.0, 0.0, 1.0]], "psm2_transform": [[-0.010538727247388397, 0.9999264031759746, 0.0060102794912975585, 0.0009449767952817106], [0.8685996642257581, 0.012132115708249682, -0.4953659607556235, -0.07788478701602519], [-0.49540242080040886, 0.0, -0.8686635951075046, -0.005398954800813014], [0.0, 0.0, 0.0, 1.0]]}