{"ecm_psm_transform": [[-0.6694238199961984, 0.2005485081463274, -0.7152985705997045, 0.014580569745697429], [0.31605873966226095, -0.7944945849592593, -0.5185414424648411, 0.2307078355285399], [-0.6722935536689321, -0.5732003579471119, 0.46846849130384655, -0.17351422461910931], [0.0, 0.0, 0.0, 1.0]], "suj_ecm_transform": [[0.9935005288139775, 0.11382749743581008, -8.59348074984563e-06, -0.09250912154723673], [-0.11382749773056758, 0.9935005240015969, -9.782101108279721e-05, 1.0067434497116787], [-2.597093260226178e-06, 9.816340065042771e-05, 0.999999995178601, 0.7425387984145368], [0.0, 0.0, 0.0, 1.0]], "suj_psm2_transform": [[0.1880604062121889, -0.9527712890157374, -0.23845367357748415, 0.002032648683300914], [-0.7649395329990707, -0.294367712723421, 0.5729006550538633, 0.27368658813175795], [-0.6160363580751307, 0.07466271179961498, -0.7841713365051401, -0.23747589622773857], [0.0, 0.0, 0.0, 1.0]], "ecm_transform": [[0.959480438680592, 0.2810660690669204, 0.019978803982430543, -0.0883256163416626], [0.23844170393444558, -0.7721002444898644, -0.5890728021930143, 0.8838041939609151], [-0.15014273746717635, 0.5699676107271019, -0.8078329537150004, 0.5739599897128431], [0.0, 0.0, 0.0, 1.0]], "psm2_transform": [[0.04649933212547129, 0.9985678116533727, -0.026460114166031105, -0.004166801156876463], [0.8678901625507297, -0.05350070588127119, -0.4938667231327432, -0.0777715629033119], [-0.4945750477526672, 0.0, -0.8691349274654925, -0.005471810027964513], [0.0, 0.0, 0.0, 1.0]]}