{"ecm_psm_transform": [[-0.6656211881057577, 0.20555882412275395, -0.7174217753664514, 0.014301776030195414], [0.300793569690338, -0.8058808808649794, -0.5099796410536693, 0.2319847167253008], [-0.6829873076255694, -0.5552491113739457, 0.47458061690383047, -0.1725613679907056], [0.0, 0.0, 0.0, 1.0]], "suj_ecm_transform": [[0.9935005288139775, 0.11382749743581008, -8.59348074984563e-06, -0.09250912154723673], [-0.11382749773056758, 0.9935005240015969, -9.782101108279721e-05, 1.0067434497116787], [-2.597093260226178e-06, 9.816340065042771e-05, 0.999999995178601, 0.7425387984145368], [0.0, 0.0, 0.0, 1.0]], "suj_psm2_transform": [[0.1881271505042562, -0.9527375083450782, -0.23853598352358016, 0.002093597057403168], [-0.7649043706170329, -0.29447255412636475, 0.5728937237195542, 0.2736024915799336], [-0.6160596392023345, 0.07468035256148661, -0.7841513666934352, -0.23748442186938434], [0.0, 0.0, 0.0, 1.0]], "ecm_transform": [[0.959480438680592, 0.2810660690669204, 0.019978803982430543, -0.0883256163416626], [0.23844170393444558, -0.7721002444898644, -0.5890728021930143, 0.8838041939609151], [-0.15014273746717635, 0.5699676107271019, -0.8078329537150004, 0.5739599897128431], [0.0, 0.0, 0.0, 1.0]], "psm2_transform": [[0.06546118077234979, 0.9971595710339954, -0.037250821563932904, -0.005866165343750889], [0.866662783678595, -0.07531792545800918, -0.49317626614748067, -0.0776641534165769], [-0.4945810885975713, 0.0, -0.8691314899378813, -0.005472578995558971], [0.0, 0.0, 0.0, 1.0]]}