{"ecm_psm_transform": [[-0.6460829812388572, 0.2277549791040443, -0.7284946470955205, 0.01249490797391926], [0.22503780586785022, -0.8551752614272342, -0.4669403154291191, 0.23872919180846625], [-0.7293385820616475, -0.4656210280219075, 0.5012607016115744, -0.16841983225131713], [0.0, 0.0, 0.0, 1.0]], "suj_ecm_transform": [[0.9934893495282761, 0.11392502929501482, -8.603083842516709e-06, -0.0924507361892563], [-0.11392502959024474, 0.9934893447159244, -9.782016698549522e-05, 1.0067258478352574], [-2.597093260227701e-06, 9.816340065049306e-05, 0.999999995178601, 0.7425450556016697], [0.0, 0.0, 0.0, 1.0]], "suj_psm2_transform": [[0.18807140216078327, -0.9527553679319752, -0.2385086089978379, 0.0020372362218595425], [-0.7649199925760483, -0.2944115307231074, 0.5729042289377301, 0.273563968475892], [-0.6160572640970442, 0.07469310178378849, -0.784152018360714, -0.23751384673637332], [0.0, 0.0, 0.0, 1.0]], "ecm_transform": [[0.9594921577992501, 0.28102811718968296, 0.01994984888566191, -0.0883104157178656], [0.2383945416900342, -0.7721140589775974, -0.5890737835123354, 0.8838054059207469], [-0.15014273746717638, 0.5699676107271019, -0.807832953715, 0.5739518489939697], [0.0, 0.0, 0.0, 1.0]], "psm2_transform": [[0.1556686824777389, 0.9838240695205671, -0.08864232356857134, -0.01395326342956259], [0.8549337849969973, -0.1791373780984594, -0.4868244273233602, -0.07663144652491054], [-0.4948287426639169, 0.0, -0.8689905151574712, -0.0054530032797917745], [0.0, 0.0, 0.0, 1.0]]}