{"ecm_psm_transform": [[-0.6426521815279757, 0.2310767907448897, -0.730480451727749, 0.01226339951003277], [0.21312269408765339, -0.8618857382171217, -0.46014312069479835, 0.2398002092384947], [-0.7359190790040399, -0.45139394218018675, 0.5046450417084032, -0.16786935874102416], [0.0, 0.0, 0.0, 1.0]], "suj_ecm_transform": [[0.9934944443523408, 0.11388059082695447, -8.598708379618511e-06, -0.0924934056388433], [-0.11388059112196915, 0.993494439539976, -9.782055169988587e-05, 1.006738848314375], [-2.5970932602248608e-06, 9.816340065047391e-05, 0.9999999951786012, 0.7425444744160317], [0.0, 0.0, 0.0, 1.0]], "suj_psm2_transform": [[0.1881907610854125, -0.9527258077949117, -0.2385325399261623, 0.002111814611547358], [-0.7648868670020659, -0.29452129122324067, 0.5728920401820566, 0.27356186371240565], [-0.6160619434195375, 0.07463741808053148, -0.7841536441874224, -0.23753020531136304], [0.0, 0.0, 0.0, 1.0]], "ecm_transform": [[0.9594850434446851, 0.281051157706718, 0.01996742741727403, -0.08832852512238923], [0.23842317377262884, -0.7721056724786786, -0.5890731879269624, 0.8838027983252492], [-0.15014273746717627, 0.5699676107271019, -0.807832953715, 0.573957664420965], [0.0, 0.0, 0.0, 1.0]], "psm2_transform": [[0.1694157850880496, 0.9808182284054443, -0.09640484733977561, -0.015181115914748033], [0.8524633798019987, -0.19492460806066958, -0.48508822215030906, -0.07638807313690445], [-0.4945750477526672, 0.0, -0.8691349274654925, -0.005471154875995154], [0.0, 0.0, 0.0, 1.0]]}