{"ecm_psm_transform": [[-0.6372906029037569, 0.23626414249752445, -0.733512060173843, 0.011713312753356776], [0.19264369864016329, -0.8727778047247917, -0.4484944915536993, 0.24168630847524122], [-0.7461562120794841, -0.4271278011903259, 0.5106982951073105, -0.16694017035002956], [0.0, 0.0, 0.0, 1.0]], "suj_ecm_transform": [[0.9934966320109506, 0.11386150406960413, -8.596829077043977e-06, -0.09249035041226089], [-0.11386150436452636, 0.9934966271985801, -9.782071687778157e-05, 1.0067363170133474], [-2.597093260225243e-06, 9.816340065044965e-05, 0.999999995178601, 0.742545928135449], [0.0, 0.0, 0.0, 1.0]], "suj_psm2_transform": [[0.1881344132246823, -0.9527541181527606, -0.2384639027265132, 0.0020384609977511375], [-0.764915116192195, -0.29443346789118563, 0.5728994658805775, 0.27360867743948564], [-0.6160440792518708, 0.07462253901151877, -0.7841690947048279, -0.23752081524376611], [0.0, 0.0, 0.0, 1.0]], "ecm_transform": [[0.9594839105553964, 0.28105482639845253, 0.019970226424854784, -0.08832569159770161], [0.23842773280637214, -0.7721043370427175, -0.5890730930441814, 0.8838035658318572], [-0.15014273746717643, 0.5699676107271021, -0.8078329537150001, 0.5739634801226228], [0.0, 0.0, 0.0, 1.0]], "psm2_transform": [[0.19241274588863233, 0.975179904733008, -0.10955130590055973, -0.01724271327307339], [0.8474489177303234, -0.2214139864708673, -0.4824999258370744, -0.07594257144720482], [-0.494780423074014, 0.0, -0.8690180279733556, -0.005448165871814705], [0.0, 0.0, 0.0, 1.0]]}