{"ecm_psm_transform": [[-0.6278794651237765, 0.24475398060152914, -0.7388253286505457, 0.01089498822163602], [0.15798608871599834, -0.8894266037382519, -0.4289064144249415, 0.24471238797404032], [-0.7621074550534863, -0.3860256539951007, 0.5197849761291238, -0.1654836629524895], [0.0, 0.0, 0.0, 1.0]], "suj_ecm_transform": [[0.9934951415688923, 0.11387450814418179, -8.598109472045505e-06, -0.09247294771513713], [-0.11387450843916702, 0.9934951367565257, -9.782060434370194e-05, 1.0067400778574673], [-2.597093260228243e-06, 9.816340065043607e-05, 0.999999995178601, 0.742543170696617], [0.0, 0.0, 0.0, 1.0]], "suj_psm2_transform": [[0.18821069347019115, -0.9527087386976638, -0.2385849829150535, 0.00206619761317417], [-0.7648617268405447, -0.29457112857540746, 0.5728999816934113, 0.2735416510267578], [-0.6160870666374761, 0.07465861918705288, -0.7841318874418467, -0.23750580677334154], [0.0, 0.0, 0.0, 1.0]], "ecm_transform": [[0.9594970346467103, 0.2810123213098361, 0.019937797677452837, -0.08830241274350026], [0.23837491245941175, -0.7721198080570765, -0.5890741915207892, 0.8838017428243428], [-0.15014273746717627, 0.5699676107271018, -0.8078329537150003, 0.5739567920245168], [0.0, 0.0, 0.0, 1.0]], "psm2_transform": [[0.2305134042677138, 0.9641790972684184, -0.13123352789423645, -0.020659838594567635], [0.8379055959570705, -0.26525208461133304, -0.47702782295498125, -0.07509756070346967], [-0.49475022255349843, 0.0, -0.8690352221189104, -0.0054580763971789625], [0.0, 0.0, 0.0, 1.0]]}