{"ecm_psm_transform": [[-0.6222753099985426, 0.24954136174106298, -0.7419585887006325, 0.010381506424787433], [0.13691546367173746, -0.8985220036722132, -0.41702801431609504, 0.24652859324554868], [-0.7707318563377094, -0.36109184108379966, 0.5249619871275835, -0.16477825804514856], [0.0, 0.0, 0.0, 1.0]], "suj_ecm_transform": [[0.9934895415292668, 0.11392335492758787, -8.602918982269744e-06, -0.09244539862358848], [-0.11392335522280969, 0.9934895367169146, -9.782018148443713e-05, 1.0067275499665698], [-2.5970932602242704e-06, 9.816340065045329e-05, 0.9999999951786009, 0.7425431683619867], [0.0, 0.0, 0.0, 1.0]], "suj_psm2_transform": [[0.18824866689377134, -0.9527132748743133, -0.2385369055114525, 0.002051223952407394], [-0.7648614443551754, -0.29457131589052704, 0.5729002625182144, 0.2734728010328462], [-0.6160758154250445, 0.07459997139935803, -0.784146308998252, -0.23758165764937156], [0.0, 0.0, 0.0, 1.0]], "ecm_transform": [[0.9595051152996683, 0.2809861453319818, 0.01991782732239665, -0.08826327321429761], [0.23834238418634854, -0.7721293342785998, -0.5890748670982778, 0.8837906127148338], [-0.15014273746717632, 0.5699676107271018, -0.8078329537150002, 0.5739637720200883], [0.0, 0.0, 0.0, 1.0]], "psm2_transform": [[0.25296540002065476, 0.9566806166352785, -0.14412045013367641, -0.02267566352141458], [0.8312410722781589, -0.29113948161378495, -0.47357795768332933, -0.07451194059986212], [-0.4950220057232272, 0.0, -0.8688804370278762, -0.005431751576893809], [0.0, 0.0, 0.0, 1.0]]}