{"ecm_psm_transform": [[-0.7162544027616055, 0.11575941732890178, -0.6881710454707385, 0.01885486622138577], [0.5141277500241453, -0.5792700774595481, -0.6325494715950042, 0.21283989706565282], [-0.47186045307879526, -0.8068741752340834, 0.3553896145930432, -0.19146742219102056], [0.0, 0.0, 0.0, 1.0]], "suj_ecm_transform": [[0.9934895023704983, 0.11392369641830004, -8.602952605857115e-06, -0.09244590099811706], [-0.11392369671352352, 0.9934894975581463, -9.782017852738817e-05, 1.006734859959368], [-2.5970932602285526e-06, 9.816340065047866e-05, 0.9999999951786009, 0.7425454931045403], [0.0, 0.0, 0.0, 1.0]], "suj_psm2_transform": [[0.18808708225798343, -0.9527541740451824, -0.23850101326233658, 0.002086035897235494], [-0.7649227350113021, -0.2944186322341788, 0.5728969178274437, 0.27361125882124504], [-0.6160490718688796, 0.0746803376588378, -0.7841596701033879, -0.23750208608185464], [0.0, 0.0, 0.0, 1.0]], "ecm_transform": [[0.9594915498191006, 0.281030086309406, 0.019951351199057568, -0.08830962328805643], [0.23839698867981304, -0.7721133422697519, -0.5890737326323675, 0.8837970924583892], [-0.15014273746717627, 0.5699676107271016, -0.8078329537150002, 0.5739578120863378], [0.0, 0.0, 0.0, 1.0]], "psm2_transform": [[-0.23729701129272035, 0.9619437897777684, 0.13547794558350434, 0.02127978464925332], [0.835383541391747, 0.2732474067726616, -0.47693835394503425, -0.0749136357154462], [-0.4958068849898373, 0.0, -0.8684328026949892, -0.005353532365278944], [0.0, 0.0, 0.0, 1.0]]}