{"ecm_psm_transform": [[-0.6129226771852163, 0.25638436848646634, -0.7473906926018703, 0.009491565621236153], [0.1041237652771404, -0.9114360161549573, -0.3980485271422217, 0.24961430454825953], [-0.7832522156346693, -0.3217941019524393, 0.5319440972997117, -0.16359286695474873], [0.0, 0.0, 0.0, 1.0]], "suj_ecm_transform": [[0.9934947660499756, 0.11387778430129128, -8.598432046029459e-06, -0.0924795697007672], [-0.11387778459629236, 0.9934947612376099, -9.782057599001142e-05, 1.0067312784604607], [-2.5970932602307396e-06, 9.816340065047383e-05, 0.999999995178601, 0.7425326961713306], [0.0, 0.0, 0.0, 1.0]], "suj_psm2_transform": [[0.18807027836140874, -0.9527728375375739, -0.23843969981457025, 0.002005901458316625], [-0.7649386534637697, -0.2943669731848664, 0.5729022093996632, 0.2736082776240304], [-0.6160344364027855, 0.07464586491280209, -0.7841744499901298, -0.2375164670664054], [0.0, 0.0, 0.0, 1.0]], "ecm_transform": [[0.9594751878731221, 0.2810830709328123, 0.01999177557939208, -0.08834058678570357], [0.23846283199211524, -0.7720940551234797, -0.5890723621095132, 0.8838146049006365], [-0.15014273746717618, 0.5699676107271016, -0.8078329537150005, 0.5739569365312722], [0.0, 0.0, 0.0, 1.0]], "psm2_transform": [[0.2875895059028195, 0.9436471666987303, -0.16377515341476834, -0.025777734932982896], [0.8200042097347383, -0.3309532063320414, -0.4669722381853642, -0.07350007816215301], [-0.4948589416307231, 0.0, -0.8689733182832029, -0.005448986811438402], [0.0, 0.0, 0.0, 1.0]]}