{"ecm_psm_transform": [[-0.7104059078066, 0.13105639992925988, -0.6914822240600713, 0.018337927836513127], [0.485458885312685, -0.6201100679118307, -0.6162736197058497, 0.21540128730061908], [-0.509561690891737, -0.773490609970132, 0.3769073619121644, -0.18806948592047665], [0.0, 0.0, 0.0, 1.0]], "suj_ecm_transform": [[0.9934975028764736, 0.11385390509033326, -8.596080873678367e-06, -0.09250075679856677], [-0.11385390538521868, 0.9934974980641008, -9.782078262969291e-05, 1.0067481317325813], [-2.5970932602270508e-06, 9.816340065049771e-05, 0.9999999951786008, 0.7425482564486139], [0.0, 0.0, 0.0, 1.0]], "suj_psm2_transform": [[0.18814881131327035, -0.9527318911577266, -0.23854133472508537, 0.0020936239850987692], [-0.7648964138612143, -0.29449331512388804, 0.5728936754840259, 0.2736097455275957], [-0.6160629033334644, 0.07467014743767536, -0.7841497740980218, -0.23748776000627692], [0.0, 0.0, 0.0, 1.0]], "ecm_transform": [[0.9594824066242926, 0.2810596965351774, 0.019973942074868953, -0.0883240418783512], [0.23843378486346847, -0.7721025642397472, -0.5890729670678232, 0.8838111614628767], [-0.15014273746717632, 0.5699676107271021, -0.8078329537150002, 0.5739537360963218], [0.0, 0.0, 0.0, 1.0]], "psm2_transform": [[-0.19106573283819903, 0.9754969438860518, 0.1090852795017505, 0.017135022003432893], [0.847150183349696, 0.22001298250097212, -0.4836639891304741, -0.07597352396100164], [-0.49581292095464635, 0.0, -0.868429356605603, -0.005355605314716121], [0.0, 0.0, 0.0, 1.0]]}