{"ecm_psm_transform": [[-0.7083142465706163, 0.13561454431665104, -0.6927478787227628, 0.018029569711483753], [0.47617329095490746, -0.6326704305080644, -0.6107267173965075, 0.2163312636832708], [-0.5211045241468101, -0.7624544719067019, 0.3835534554442173, -0.18693434440007667], [0.0, 0.0, 0.0, 1.0]], "suj_ecm_transform": [[0.9935085932731694, 0.11375708777319969, -8.586548153740523e-06, -0.09257445309737294], [-0.11375708806761613, 0.993508588460768, -9.782161985706301e-05, 1.0067567623957818], [-2.5970932602233315e-06, 9.81634006504153e-05, 0.999999995178601, 0.7425488332396539], [0.0, 0.0, 0.0, 1.0]], "suj_psm2_transform": [[0.18797157432971823, -0.9527637352117185, -0.23855387674364417, 0.0019765777750235664], [-0.764940981816388, -0.2943597988208295, 0.5729027868460244, 0.27369834574179747], [-0.6160616702748092, 0.07479019791105865, -0.7841393018556315, -0.23739175150680425], [0.0, 0.0, 0.0, 1.0]], "ecm_transform": [[0.959479493692926, 0.28106912901344683, 0.01998113856588256, -0.0883486389971922], [0.2384455064970384, -0.7720991305769366, -0.5890727230094002, 0.8838115058917005], [-0.15014273746717632, 0.5699676107271019, -0.8078329537150003, 0.5739617390376689], [0.0, 0.0, 0.0, 1.0]], "psm2_transform": [[-0.176354885212191, 0.9791661951475841, 0.10066040304905473, 0.015815063740882755], [0.8503906526401739, 0.20306048921492142, -0.4853886850988761, -0.07626090062644628], [-0.49571634264366754, 0.0, -0.8684844890013788, -0.005365573638571538], [0.0, 0.0, 0.0, 1.0]]}