{"ecm_psm_transform": [[-0.40785885206511285, 0.053758712373991824, -0.9114610017088056, 0.012852560060928086], [0.6024925125391803, -0.7342285730552205, -0.3129076139110719, -0.08560893190084234], [-0.6860422210960155, -0.6767705692132197, 0.2670724012706307, 0.17696893111856515], [0.0, 0.0, 0.0, 1.0]], "suj_ecm_transform": [[0.9679953869152713, 0.25096798684568516, -2.212189685454074e-05, 0.003558807889108645], [-0.250967987807229, 0.9679953821907267, -9.567350626070417e-05, 0.9073641841112852], [-2.5970932602219876e-06, 9.816340065043411e-05, 0.999999995178601, 1.0884625613911962], [0.0, 0.0, 0.0, 1.0]], "suj_psm2_transform": [[0.05205918545368092, -0.9985149828265328, 0.016052111413407788, 0.025459620925786103], [-0.8196331549308097, -0.033538939269205384, 0.5719061381825379, -0.03323928096043072], [-0.5705184769558886, -0.04292981043081545, -0.8201619954791296, 0.12115451417904488], [0.0, 0.0, 0.0, 1.0]], "ecm_transform": [[0.9506412238250367, -0.28585091163487136, -0.1207084084972937, -0.005550740495562718], [-0.30609977622860257, -0.8001957450433667, -0.5157418895215812, 0.8682701467561663], [0.050834934417544116, 0.527234317862565, -0.8481979624537893, 1.0241828967279627], [0.0, 0.0, 0.0, 1.0]], "psm2_transform": [[-0.12365587538612813, 0.9907068309469212, 0.056649797860174975, 0.010424432758809275], [0.9006879274329251, 0.13601461360864256, -0.4126272921917228, -0.0759297583465177], [-0.41649787737643046, 0.0, -0.9091366883703067, -0.011948659366886598], [0.0, 0.0, 0.0, 1.0]]}