{"ecm_psm_transform": [[-0.40684921412613984, 0.053552552060432454, -0.9119242518612811, 0.012734884479111731], [0.5906821304862808, -0.7460799101884629, -0.3073424610062261, -0.08460263960993553], [-0.6968273370707632, -0.6636993986595059, 0.27190948959144334, 0.17786856875462445], [0.0, 0.0, 0.0, 1.0]], "suj_ecm_transform": [[0.9679856066142222, 0.25100570690355445, -2.212562498406672e-05, 0.003590800913742781], [-0.25100570786528237, 0.967985601889715, -9.567264415559803e-05, 0.9073555910408246], [-2.597093260220163e-06, 9.816340065043061e-05, 0.9999999951786009, 1.0884600821338766], [0.0, 0.0, 0.0, 1.0]], "suj_psm2_transform": [[0.05201701388947526, -0.9985172036008894, 0.01605068157687739, 0.025428610280782], [-0.8196295346439224, -0.03350476288335376, 0.5719133298005191, -0.03323378256962589], [-0.570527524494138, -0.04290483629138342, -0.8201570086376146, 0.12114787424847129], [0.0, 0.0, 0.0, 1.0]], "ecm_transform": [[0.95064881673736, -0.28583106164615546, -0.12069561480886176, -0.00556488214254847], [-0.3060761942370256, -0.8002028357024408, -0.515744883692656, 0.8682724825571199], [0.050834934417544136, 0.5272343178625652, -0.8481979624537893, 1.0241773250352368], [0.0, 0.0, 0.0, 1.0]], "psm2_transform": [[-0.10774442533624766, 0.9929535483647496, 0.0493395338325626, 0.00908242525562067], [0.902796601223204, 0.11850422266675915, -0.4134187296555133, -0.07610215216285168], [-0.4163525376754572, 0.0, -0.909203258007365, -0.011962412853364648], [0.0, 0.0, 0.0, 1.0]]}