{"ecm_psm_transform": [[-0.4044736675326234, 0.05299828444020053, -0.9130127239634204, 0.012535457757984042], [0.554162017320443, -0.7799708296578942, -0.29077476410808645, -0.0815447599149969], [-0.7275338554541955, -0.6235677082155331, 0.28610802582028727, 0.18046826560031032], [0.0, 0.0, 0.0, 1.0]], "suj_ecm_transform": [[0.9679887364118804, 0.25099363675248987, -2.2124432008606595e-05, 0.0035765629525690845], [-0.25099363771415883, 0.9679887316873613, -9.567292003989322e-05, 0.9073563399411658], [-2.5970932602286097e-06, 9.816340065045085e-05, 0.999999995178601, 1.0884605071739404], [0.0, 0.0, 0.0, 1.0]], "suj_psm2_transform": [[0.052050854633170406, -0.9985156137893733, 0.01603987377718613, 0.02543022264817657], [-0.8196188804105865, -0.03353801529856091, 0.5719266494965334, -0.03324704234305814], [-0.5705397439324045, -0.04291585428096473, -0.820147931805526, 0.12115247688896913], [0.0, 0.0, 0.0, 1.0]], "ecm_transform": [[0.9506418494569575, -0.28584927612314837, -0.12070735437796676, -0.005548728895957611], [-0.3060978332230072, -0.8001963292891738, -0.515742136235069, 0.8682655146282101], [0.050834934417544136, 0.5272343178625652, -0.8481979624537894, 1.0241787741540591], [0.0, 0.0, 0.0, 1.0]], "psm2_transform": [[-0.06016787268094789, 0.99780758472613, 0.027565394248154837, 0.005072522767353635], [0.9071377061401606, 0.06618174871523842, -0.4155973510932914, -0.07647730362549399], [-0.41651051510834247, 0.0, -0.9091308986082165, -0.011949845924917098], [0.0, 0.0, 0.0, 1.0]]}