{"ecm_psm_transform": [[-0.4034709263454693, 0.0527052118207837, -0.9134732465928356, 0.012416524897337548], [0.541500903776481, -0.79098571285247, -0.28481287413409523, -0.0804629431283975], [-0.7375554099884177, -0.6095603027676557, 0.2905998184559321, 0.18131232044881646], [0.0, 0.0, 0.0, 1.0]], "suj_ecm_transform": [[0.9679755189247274, 0.25104460614140206, -2.2129469664227348e-05, 0.003607919175250829], [-0.25104460710331983, 0.9679755142002588, -9.567175493865833e-05, 0.9073513968548449], [-2.597093260222716e-06, 9.816340065044792e-05, 0.9999999951786012, 1.0884616608132418], [0.0, 0.0, 0.0, 1.0]], "suj_psm2_transform": [[0.05198914996028671, -0.9985186205410691, 0.016052810319917843, 0.02539969508455031], [-0.8196286268595611, -0.03348053310237108, 0.5719160497271354, -0.03323618402144618], [-0.5705313683915347, -0.04289077215371012, -0.820155070303989, 0.12115188871368199], [0.0, 0.0, 0.0, 1.0]], "ecm_transform": [[0.9506514532728871, -0.2858241686086887, -0.12069117212662928, -0.005569332347728266], [-0.3060680052421549, -0.8002052978499627, -0.5157459233575584, 0.8682771950155159], [0.05083493441754408, 0.527234317862565, -0.8481979624537894, 1.0241812857299881], [0.0, 0.0, 0.0, 1.0]], "psm2_transform": [[-0.044007255374647475, 0.9988279065070294, 0.02015377525863411, 0.0037100062951630894], [0.9081260246934317, 0.04840261545397078, -0.4158897811821295, -0.07655904099747671], [-0.41637781490960246, 0.0, -0.9091916823481752, -0.01196478688696313], [0.0, 0.0, 0.0, 1.0]]}