{"ecm_psm_transform": [[-0.4036134184210422, 0.05271803370275871, -0.9134095562194411, 0.012437964129773948], [0.5423335779543297, -0.7902558908152106, -0.28525412749882073, -0.08051938674212511], [-0.7368653192366542, -0.6105050662806765, 0.2903671216785589, 0.1812553196800849], [0.0, 0.0, 0.0, 1.0]], "suj_ecm_transform": [[0.9679833442056596, 0.2510144315589174, -2.212648730159681e-05, 0.0035929518364509194], [-0.25101443252068784, 0.967983339481161, -9.567244472865146e-05, 0.9073558877179506], [-2.5970932602272037e-06, 9.816340065045768e-05, 0.999999995178601, 1.0884602056346802], [0.0, 0.0, 0.0, 1.0]], "suj_psm2_transform": [[0.05198550105250211, -0.9985187394406065, 0.01605723096498557, 0.025405369558804236], [-0.8196349525175559, -0.033475472291756396, 0.5719072803928871, -0.03322322415632195], [-0.5705226133045602, -0.042891954266347454, -0.8201610987893473, 0.12115351708002131], [0.0, 0.0, 0.0, 1.0]], "ecm_transform": [[0.9506382719917599, -0.285858628089354, -0.12071338190686703, -0.0055389861845806], [-0.306108943461776, -0.8001929884814463, -0.5157407254792347, 0.8682645402633931], [0.050834934417544116, 0.5272343178625652, -0.8481979624537892, 1.0241776003156273], [0.0, 0.0, 0.0, 1.0]], "psm2_transform": [[-0.0450992746190093, 0.9987688687917093, 0.020659190723946872, 0.0038020334229952103], [0.9080318776383474, 0.049605914289822625, -0.4159535580567237, -0.07655040080114558], [-0.4164662826945497, 0.0, -0.9091511620069479, -0.011953574934511088], [0.0, 0.0, 0.0, 1.0]]}