{"ecm_psm_transform": [[-0.40228526112757734, 0.05234707739834284, -0.9140166038794751, 0.012339201416534601], [0.5221399859632663, -0.8069574006221443, -0.2760246160026902, -0.07882625372386898], [-0.752021544729802, -0.5882852514461028, 0.2972945663701216, 0.1825319261987572], [0.0, 0.0, 0.0, 1.0]], "suj_ecm_transform": [[0.9679857625518384, 0.2510051055404952, -2.2125565547230008e-05, 0.0035871119652016586], [-0.25100510650222013, 0.9679857578273307, -9.567265790116459e-05, 0.9073533993203002], [-2.597093260227795e-06, 9.81634006504243e-05, 0.9999999951786009, 1.08846222955324], [0.0, 0.0, 0.0, 1.0]], "suj_psm2_transform": [[0.052009313991982525, -0.9985176084644385, 0.016050446864250834, 0.025416986537237146], [-0.819628767353342, -0.033498499761557915, 0.5719147963119738, -0.033232890354560396], [-0.5705293287684035, -0.04290030419686641, -0.8201559905986737, 0.1211546979384055], [0.0, 0.0, 0.0, 1.0]], "ecm_transform": [[0.9506371294364595, -0.2858616147999733, -0.12071530690330884, -0.005542569135504331], [-0.3061124917078235, -0.8001919215113007, -0.5157402749141083, 0.8682685936475071], [0.05083493441754405, 0.5272343178625648, -0.8481979624537894, 1.0241814173104444], [0.0, 0.0, 0.0, 1.0]], "psm2_transform": [[-0.019833186407222318, 0.9997620247954542, 0.009085069830772344, 0.001671956744173586], [0.9089377004799339, 0.021814989729395655, -0.4163608565527699, -0.07662432486378747], [-0.416459963697816, 0.0, -0.9091540566025176, -0.011952606231561535], [0.0, 0.0, 0.0, 1.0]]}