{"ecm_psm_transform": [[-0.4173636179770781, 0.05443572319325783, -0.9071076906462161, 0.013632753468688133], [0.7205914032464948, -0.5883586873115058, -0.3668543098183934, -0.09556085027748629], [-0.5536746697803065, -0.8067656457147324, 0.20633359624200684, 0.1657795522320536], [0.0, 0.0, 0.0, 1.0]], "suj_ecm_transform": [[0.9679862165167558, 0.2510033548461926, -2.2125392514139344e-05, 0.0035787239045217134], [-0.25100335580790895, 0.9679862117922462, -9.567269791719894e-05, 0.9073551298293883], [-2.597093260225008e-06, 9.816340065043606e-05, 0.999999995178601, 1.088461664853068], [0.0, 0.0, 0.0, 1.0]], "suj_psm2_transform": [[0.05203998331063157, -0.9985156939879264, 0.016070127468052697, 0.025431858682842146], [-0.8196468944180783, -0.03351384376632491, 0.5718879179933831, -0.0332498716618968], [-0.5705004895772039, -0.042932867780019535, -0.8201743474751904, 0.12113348562111392], [0.0, 0.0, 0.0, 1.0]], "ecm_transform": [[0.950641796823388, -0.2858494137169886, -0.12070744305988046, -0.0055496321009305735], [-0.3060979966859705, -0.8001962801373483, -0.5157421154794186, 0.8682674505926612], [0.05083493441754405, 0.5272343178625649, -0.8481979624537894, 1.02418537396537], [0.0, 0.0, 0.0, 1.0]], "psm2_transform": [[-0.2964784313531847, 0.9453394008395757, 0.13577170899206892, 0.02498837201275668], [0.8595001917857532, 0.3260880513301156, -0.39360640632487337, -0.07244206750336142], [-0.4163651763327577, 0.0, -0.9091974702656138, -0.011953088458891807], [0.0, 0.0, 0.0, 1.0]]}