{"ecm_psm_transform": [[-0.4010668367379474, 0.05195655496257226, -0.9145741680505951, 0.01224503044038742], [0.5028224020008698, -0.8220538141887068, -0.2672024674734024, -0.07720502128013382], [-0.7657121028918716, -0.5670344283852791, 0.3035736031190583, 0.18369089086447407], [0.0, 0.0, 0.0, 1.0]], "suj_ecm_transform": [[0.9679871374351956, 0.2509998033276088, -2.2125041493278535e-05, 0.0035798404986340238], [-0.25099980428930785, 0.9679871327106826, -9.56727790941079e-05, 0.9073579049920815], [-2.5970932602432787e-06, 9.816340065048107e-05, 0.9999999951786009, 1.0884559393608422], [0.0, 0.0, 0.0, 1.0]], "suj_psm2_transform": [[0.05202542319607893, -0.9985168692025103, 0.016044228223446422, 0.025427806068119396], [-0.819623195666218, -0.033514906399906855, 0.5719218199849541, -0.03323712730784034], [-0.5705358643128103, -0.04290469632828814, -0.8201512144512205, 0.12115669265664697], [0.0, 0.0, 0.0, 1.0]], "ecm_transform": [[0.9506455169228627, -0.28583968849030783, -0.12070117496622396, -0.005556851294931574], [-0.3060864430144321, -0.8001997541562729, -0.515743582462267, 0.8682705535728068], [0.050834934417544116, 0.527234317862565, -0.8481979624537894, 1.0241808162518367], [0.0, 0.0, 0.0, 1.0]], "psm2_transform": [[0.0038756405464725344, 0.9999909136486049, -0.0017753958946712565, -0.0003267365402583281], [0.9091400065268307, -0.004262935635014617, -0.41646881745475955, -0.07664520400721213], [-0.41647260167116473, 0.0, -0.9091482673674584, -0.011953792914044727], [0.0, 0.0, 0.0, 1.0]]}