{"ecm_psm_transform": [[-0.39891120482807, 0.051138190674022796, -0.9155625244172049, 0.012070576682959862], [0.4677732382186759, -0.8474174558100338, -0.25114110216144153, -0.0742206889269775], [-0.7887065666450559, -0.5284586464833714, 0.3141232412412866, 0.18566181751911992], [0.0, 0.0, 0.0, 1.0]], "suj_ecm_transform": [[0.9679971092888561, 0.2509613434755826, -2.2121240245558897e-05, 0.0035545361316322716], [-0.250961344437094, 0.9679971045643049, -9.567365808128183e-05, 0.9073730622200118], [-2.597093260229633e-06, 9.816340065041263e-05, 0.999999995178601, 1.0884609079750476], [0.0, 0.0, 0.0, 1.0]], "suj_psm2_transform": [[0.05201324573775273, -0.9985175404899029, 0.016041932608613918, 0.02543973657914586], [-0.819621636650882, -0.03350607756902697, 0.5719245715124226, -0.033204352181739116], [-0.5705392142539845, -0.042895968341249924, -0.8201493406072535, 0.12118319594651017], [0.0, 0.0, 0.0, 1.0]], "ecm_transform": [[0.9506512574354017, -0.2858246806191478, -0.12069150212609081, -0.005569417244427284], [-0.306068613515424, -0.8002051149655057, -0.5157458461333334, 0.8682679161219421], [0.05083493441754408, 0.527234317862565, -0.8481979624537895, 1.0241800856326866], [0.0, 0.0, 0.0, 1.0]], "psm2_transform": [[0.04584229119608854, 0.998727926266005, -0.021000324623640723, -0.0038650784346484094], [0.9079888727350749, -0.050423499446243, -0.4159491287319676, -0.07655481694615861], [-0.4164789206276606, 0.0, -0.9091453726840493, -0.011957764308873079], [0.0, 0.0, 0.0, 1.0]]}