{"ecm_psm_transform": [[-0.3977489932889191, 0.050662351157670996, -0.9160944626580976, 0.011953683554444755], [0.4488229898921722, -0.8601063355308218, -0.24243559005227128, -0.07264958021995319], [-0.8002210082732789, -0.5075927676345661, 0.3193680011572525, 0.18659648527231076], [0.0, 0.0, 0.0, 1.0]], "suj_ecm_transform": [[0.9679832848705078, 0.2510146603720966, -2.2126509916764498e-05, 0.0035928430243854365], [-0.25101466133386824, 0.9679832801460095, -9.567243949834904e-05, 0.9073542325191816], [-2.5970932602351404e-06, 9.816340065044392e-05, 0.9999999951786009, 1.0884597321167027], [0.0, 0.0, 0.0, 1.0]], "suj_psm2_transform": [[0.05200871938197228, -0.9985175282626592, 0.01605736156650156, 0.025419271044112318], [-0.8196346766233867, -0.03349449408360815, 0.5719065620733512, -0.03323315738862925], [-0.5705208935566899, -0.04290529825456574, -0.8201615971239834, 0.12115009045063774], [0.0, 0.0, 0.0, 1.0]], "ecm_transform": [[0.9506401854694113, -0.2858536260532985, -0.12071015799370097, -0.005550085971516273], [-0.3061030009873266, -0.8001947753767058, -0.515741480052144, 0.8682714689127632], [0.05083493441754408, 0.5272343178625651, -0.8481979624537894, 1.0241806765917287], [0.0, 0.0, 0.0, 1.0]], "psm2_transform": [[0.06798550272506898, 0.997200141542907, -0.03114240077492009, -0.005731796633785492], [0.9066085539283387, -0.07477885868884403, -0.415293934746416, -0.07643535238066909], [-0.416459963697816, 0.0, -0.9091540566025176, -0.011957861188598262], [0.0, 0.0, 0.0, 1.0]]}