{"ecm_psm_transform": [[-0.3969063846233219, 0.050256480827062876, -0.9164821918510598, 0.011846784151951796], [0.43592376672051103, -0.8683791242296344, -0.23640678122755834, -0.07151906970719421], [-0.8077349759998296, -0.49334773004145077, 0.32275722425610026, 0.18725998348600958], [0.0, 0.0, 0.0, 1.0]], "suj_ecm_transform": [[0.9679828469148, 0.25101634924667576, -2.2126676839853144e-05, 0.0035909042742795078], [-0.25101635020845564, 0.9679828421903034, -9.567240089331647e-05, 0.9073510270959495], [-2.5970932602373003e-06, 9.816340065046844e-05, 0.9999999951786009, 1.088459290917334], [0.0, 0.0, 0.0, 1.0]], "suj_psm2_transform": [[0.051937319064675434, -0.9985212871957552, 0.016054715983357504, 0.02538734423460373], [-0.8196313611256087, -0.033436971447506944, 0.5719146796505581, -0.03319256463879633], [-0.5705321610108899, -0.04286266390870708, -0.8201559883917773, 0.12117792001901573], [0.0, 0.0, 0.0, 1.0]], "ecm_transform": [[0.9506479251261377, -0.28583339265471797, -0.12069711718538684, -0.00556321684210064], [-0.3060789634982012, -0.8002020030664068, -0.5157445321012889, 0.8682707317899742], [0.05083493441754413, 0.5272343178625652, -0.8481979624537892, 1.0241830242685928], [0.0, 0.0, 0.0, 1.0]], "psm2_transform": [[0.08292773758013897, 0.9958316969955483, -0.0379765927751032, -0.006991597346811389], [0.9054076597186658, -0.09120981997003619, -0.4146296401173008, -0.07633448079244133], [-0.4163651763327577, 0.0, -0.9091974702656138, -0.011969606461956217], [0.0, 0.0, 0.0, 1.0]]}