{"ecm_psm_transform": [[-0.395672234574356, 0.04968645865143897, -0.9170467483250868, 0.011773245861855085], [0.4118736690307425, -0.8828872654193253, -0.225544136078819, -0.06953142173137872], [-0.8208553852817748, -0.46694896122281415, 0.32886943315979444, 0.1883473096186083], [0.0, 0.0, 0.0, 1.0]], "suj_ecm_transform": [[0.9679864914335103, 0.25100229463635315, -2.2125287726335463e-05, 0.003581186996242963], [-0.2510022955980644, 0.9679864867089997, -9.567272215049167e-05, 0.9073583177085718], [-2.597093260238447e-06, 9.816340065042538e-05, 0.999999995178601, 1.0884641218913442], [0.0, 0.0, 0.0, 1.0]], "suj_psm2_transform": [[0.05201518162536428, -0.9985171806071631, 0.01605804822520296, 0.025417056955511413], [-0.8196347752533115, -0.03349942906159314, 0.5719061316754712, -0.03322662416336458], [-0.5705201627251525, -0.04290953605983022, -0.8201618838005069, 0.12115553193800244], [0.0, 0.0, 0.0, 1.0]], "ecm_transform": [[0.950641004408909, -0.2858514852244245, -0.12070877818705378, -0.005545850169843157], [-0.3061004576592212, -0.8001955401418995, -0.5157418029962563, 0.8682695379700635], [0.050834934417544136, 0.5272343178625652, -0.8481979624537893, 1.024181866589465], [0.0, 0.0, 0.0, 1.0]], "psm2_transform": [[0.11014760269050763, 0.9926333528782355, -0.05046317841006856, -0.009287274652953977], [0.9024336520906773, -0.12115703344714383, -0.41344222912103495, -0.07609016427333204], [-0.41651051510834247, 0.0, -0.9091308986082165, -0.011956601769389584], [0.0, 0.0, 0.0, 1.0]]}