{"ecm_psm_transform": [[-0.41613142764932964, 0.054424176877164235, -0.9076743049650431, 0.013513999483831775], [0.7069777102210668, -0.6083997064037339, -0.36059993690851877, -0.09439734686864273], [-0.5718541353991488, -0.7917624683066843, 0.21469755845793495, 0.16733314872246832], [0.0, 0.0, 0.0, 1.0]], "suj_ecm_transform": [[0.9679807565050456, 0.2510244102598283, -2.2127473565308458e-05, 0.003593165376180152], [-0.2510244112216475, 0.967980751780557, -9.567221662675141e-05, 0.9073549758703239], [-2.5970932602291247e-06, 9.816340065043155e-05, 0.9999999951786009, 1.088460786494157], [0.0, 0.0, 0.0, 1.0]], "suj_psm2_transform": [[0.052003235622119476, -0.9985178200567937, 0.016056977108369563, 0.025417807706828416], [-0.8196338944073642, -0.03349014027905975, 0.571907938083313, -0.033233776852322594], [-0.5705225171923085, -0.04290190593804988, -0.8201606451442514, 0.1211525774780502], [0.0, 0.0, 0.0, 1.0]], "ecm_transform": [[0.9506531454417728, -0.2858197444433148, -0.12068832067777613, -0.0055703688174041244], [-0.3060627492924082, -0.8002068780973792, -0.51574659062491, 0.8682752817360135], [0.05083493441754406, 0.527234317862565, -0.8481979624537892, 1.0241737954402885], [0.0, 0.0, 0.0, 1.0]], "psm2_transform": [[-0.2748474137747574, 0.9532135704463975, 0.12586813837567462, 0.02316564279276879], [0.8666566083329279, 0.30229768294982123, -0.39689095998275825, -0.07304655749493912], [-0.41637149563123727, 0.0, -0.9091945763288554, -0.01195330665332196], [0.0, 0.0, 0.0, 1.0]]}