{"ecm_psm_transform": [[-0.41476209813901366, 0.05441957279604792, -0.9083011130919192, 0.013389323505411454], [0.6902478497934624, -0.631605527680335, -0.3530330908840524, -0.09300832936064765], [-0.5928999138158356, -0.7733776357642763, 0.2244030407477437, 0.16910485357136956], [0.0, 0.0, 0.0, 1.0]], "suj_ecm_transform": [[0.9679782341175662, 0.2510341366925434, -2.2128434895888584e-05, 0.0036013015745010174], [-0.25103413765441007, 0.9679782293930873, -9.567199428106404e-05, 0.9073514770485245], [-2.5970932602384235e-06, 9.816340065042142e-05, 0.9999999951786009, 1.0884622497523708], [0.0, 0.0, 0.0, 1.0]], "suj_psm2_transform": [[0.05201232732229895, -0.998517449918304, 0.016050545634516467, 0.025410035812720305], [-0.8196280752269367, -0.03350087222468061, 0.5719156492525561, -0.03324910519206631], [-0.5705300483815952, -0.042902141774429914, -0.8201553938887811, 0.12114627218616736], [0.0, 0.0, 0.0, 1.0]], "ecm_transform": [[0.9506522036235378, -0.2858222068318794, -0.12068990772830315, -0.005564757117033775], [-0.3060656746328735, -0.8002059985714619, -0.5157462192413764, 0.8682731240856597], [0.050834934417544074, 0.5272343178625649, -0.8481979624537895, 1.0241755804368937], [0.0, 0.0, 0.0, 1.0]], "psm2_transform": [[-0.2490520420502449, 0.9617472915381703, 0.11408430027657945, 0.02099330090116235], [0.8743764515284117, 0.27393821788679595, -0.40052924212045926, -0.07370366368697877], [-0.416459963697816, 0.0, -0.9091540566025176, -0.011947351274524811], [0.0, 0.0, 0.0, 1.0]]}