{"ecm_psm_transform": [[-0.4139634873706893, 0.05438425607842757, -0.9086674770314457, 0.013313513463688708], [0.6809540767348654, -0.6439449890516594, -0.3487640985729825, -0.09221655678778615], [-0.6040991445963685, -0.7631364253959144, 0.22953653245590713, 0.1700480673187391], [0.0, 0.0, 0.0, 1.0]], "suj_ecm_transform": [[0.9679763854509539, 0.2510412649737251, -2.212913943338317e-05, 0.0036123234166000745], [-0.25104126593562653, 0.967976380726482, -9.567183132244387e-05, 0.9073529434217131], [-2.5970932602212473e-06, 9.816340065039505e-05, 0.9999999951786012, 1.0884632778709555], [0.0, 0.0, 0.0, 1.0]], "suj_psm2_transform": [[0.052001730172899316, -0.9985179417685325, 0.016054283707421735, 0.02540006251353638], [-0.819630457084786, -0.03349018493806556, 0.5719128616597101, -0.03324289966219601], [-0.5705275925649955, -0.042899038207721896, -0.820157264579692, 0.12114662352501337], [0.0, 0.0, 0.0, 1.0]], "ecm_transform": [[0.950633042357518, -0.2858722983625249, -0.12072219268641941, -0.005529798667867658], [-0.3061251839049728, -0.8001881048209372, -0.5157386631640327, 0.8682634099266324], [0.05083493441754412, 0.5272343178625652, -0.8481979624537892, 1.0241837387284387], [0.0, 0.0, 0.0, 1.0]], "psm2_transform": [[-0.23500228810249002, 0.9660153887039009, 0.107648471302873, 0.019808461082810428], [0.8782568093806093, 0.2584845619901722, -0.4023067337111582, -0.07402870827258437], [-0.416459963697816, 0.0, -0.9091540566025176, -0.011945849858228594], [0.0, 0.0, 0.0, 1.0]]}