{"ecm_psm_transform": [[-0.4125690136247037, 0.054393554097886605, -0.9093009129377025, 0.013235876316714293], [0.6651743857329634, -0.6640063652220238, -0.3415239135249699, -0.09088156103622877], [-0.6223582935588743, -0.7457458603420046, 0.23776725220528078, 0.17157083918507213], [0.0, 0.0, 0.0, 1.0]], "suj_ecm_transform": [[0.9679940771610801, 0.2509730385751993, -2.212239615104072e-05, 0.003562678064768579], [-0.2509730395367678, 0.9679940724365403, -9.567339081060154e-05, 0.9073650274386319], [-2.5970932602288655e-06, 9.816340065044278e-05, 0.9999999951786008, 1.0884619421533714], [0.0, 0.0, 0.0, 1.0]], "suj_psm2_transform": [[0.052082551185113325, -0.9985134111870253, 0.016074064255826526, 0.02543823120216429], [-0.8196496177595616, -0.03354684423457173, 0.5718820799330102, -0.03324012080233674], [-0.5704926923008344, -0.04296017832309096, -0.8201783410391874, 0.12113736611418258], [0.0, 0.0, 0.0, 1.0]], "ecm_transform": [[0.9506502473652481, -0.2858273213952641, -0.120693204151689, -0.005569594640088568], [-0.3060717507826505, -0.8002041717036996, -0.515745447833366, 0.8682802830921644], [0.05083493441754413, 0.5272343178625652, -0.8481979624537892, 1.0241794987134702], [0.0, 0.0, 0.0, 1.0]], "psm2_transform": [[-0.21164671931081974, 0.9725280821483034, 0.09692675398418085, 0.017838326847626446], [0.8842144431392602, 0.23278558682389003, -0.40493911778313696, -0.07452469044392032], [-0.41637781490960246, 0.0, -0.9091916823481752, -0.011951272421589876], [0.0, 0.0, 0.0, 1.0]]}