{"ecm_psm_transform": [[-0.41130993857817344, 0.0542069278818562, -0.9098822689757343, 0.013122840462768301], [0.6481637616729187, -0.684453258095634, -0.33377758393319895, -0.08944779413959178], [-0.6408649409047362, -0.7270387516851375, 0.24638746126230934, 0.1731461550176809], [0.0, 0.0, 0.0, 1.0]], "suj_ecm_transform": [[0.9679817498652611, 0.2510205797104668, -2.2127094965714037e-05, 0.003596250209831564], [-0.25102058067226735, 0.9679817451407686, -9.567230419011293e-05, 0.907353104389073], [-2.5970932602308747e-06, 9.8163400650471e-05, 0.9999999951786009, 1.08845828299788], [0.0, 0.0, 0.0, 1.0]], "suj_psm2_transform": [[0.05201459860063808, -0.9985171041013091, 0.016064692637894118, 0.025434536970551785], [-0.819641886276787, -0.03349567828407905, 0.5718961599774213, -0.033235010289467626], [-0.5705099997309822, -0.04291424417865225, -0.8201687069460343, 0.12114391480625963], [0.0, 0.0, 0.0, 1.0]], "ecm_transform": [[0.9506433152511568, -0.28584544423433433, -0.12070488465164139, -0.005550691487310935], [-0.3060932808982484, -0.800197698121203, -0.515742714258257, 0.8682660528250046], [0.05083493441754405, 0.527234317862565, -0.8481979624537895, 1.0241787579947546], [0.0, 0.0, 0.0, 1.0]], "psm2_transform": [[-0.18703643232628875, 0.9786089891572476, 0.08568441703882762, 0.015766166186811415], [0.8896921685039774, 0.20572906051559686, -0.40758238303692707, -0.07499626895827383], [-0.41649155848029384, 0.0, -0.9091395831854732, -0.011944688032552539], [0.0, 0.0, 0.0, 1.0]]}