{"ecm_psm_transform": [[-0.5431310753643946, 0.13270027247921698, -0.8290954544908916, -0.021687964413262147], [0.6677042565498383, -0.5304418068493846, -0.5223050022080855, 0.21393490064619664], [-0.509096907041031, -0.837270641567171, 0.19949489219264213, -0.17757150647247977], [0.0, 0.0, 0.0, 1.0]], "suj_ecm_transform": [[0.9779326870623387, 0.20892022221931014, -1.7968537173810087e-05, 0.05911548344974936], [-0.20892022297587506, 0.977932682300669, -9.653978347032246e-05, 1.0330107706517866], [-2.5970932602204697e-06, 9.816340065045148e-05, 0.9999999951786012, 0.6492821774962456], [0.0, 0.0, 0.0, 1.0]], "suj_psm2_transform": [[0.14861893078594832, -0.9886457381344451, -0.022181476069908224, -0.02110309562745037], [-0.7795076190290073, -0.13092356247476644, 0.6125576647668727, 0.27993013964627017], [-0.6085066025013779, -0.0737470355845869, -0.7901146052660437, -0.21928922573471898], [0.0, 0.0, 0.0, 1.0]], "ecm_transform": [[0.9912961357363197, -0.06948794256679891, -0.11181859018997306, 0.04764282171942774], [-0.12435119853361143, -0.7731094617928118, -0.6219634551239188, 0.9694022449470063], [-0.04322904923190238, 0.6304547453420126, -0.7750213309182166, 0.5700283215395707], [0.0, 0.0, 0.0, 1.0]], "psm2_transform": [[-0.29141128568847885, 0.9426899159756613, 0.1625274896477156, 0.0259713614342287], [0.8232997108469764, 0.33367008004584486, -0.459175199462563, -0.07337469552212392], [-0.48709039067987453, 0.0, -0.8733515622630598, -0.006142001701783788], [0.0, 0.0, 0.0, 1.0]]}