{"ecm_psm_transform": [[-0.5292375101195692, 0.14253220480936643, -0.8364163009378885, -0.022943575950836747], [0.5777756769101043, -0.6613743670116949, -0.4782877939389124, 0.2217170799932976], [-0.6213557153945802, -0.7363888356378452, 0.2676724821389541, -0.1673356288925083], [0.0, 0.0, 0.0, 1.0]], "suj_ecm_transform": [[0.9779215402859005, 0.20897239224787298, -1.7973687310458e-05, 0.05915074949328088], [-0.20897239300469198, 0.9779215355242711, -9.653882475527168e-05, 1.0329867956325023], [-2.597093260231107e-06, 9.816340065045035e-05, 0.999999995178601, 0.6492869735480762], [0.0, 0.0, 0.0, 1.0]], "suj_psm2_transform": [[0.14862858066403556, -0.9886459261900591, -0.022108316028032537, -0.021150914515704264], [-0.7795649170636907, -0.13089294627010645, 0.6124912870402427, 0.2799450577222501], [-0.6084308383812216, -0.07379884311106855, -0.7901681122787685, -0.21928505842574553], [0.0, 0.0, 0.0, 1.0]], "ecm_transform": [[0.9912944874906301, -0.06949818940220742, -0.11182683372296905, 0.04764789029569075], [-0.12436433722412313, -0.7731085407273374, -0.6219619730186502, 0.9693953971637326], [-0.04322904923190242, 0.630454745342013, -0.7750213309182167, 0.5700236712304765], [0.0, 0.0, 0.0, 1.0]], "psm2_transform": [[-0.1510214887645946, 0.9848102895089597, 0.0856808240425161, 0.013518412940008637], [0.8565585907857882, 0.17363379186459982, -0.48596161049385933, -0.07667327896365443], [-0.49345708068928357, 0.0, -0.8697701475203721, -0.005560131185341592], [0.0, 0.0, 0.0, 1.0]]}