{"ecm_psm_transform": [[-0.5205318152783511, 0.14547518426950162, -0.8413581877207705, -0.023694376660085517], [0.5362598268316181, -0.7110912440548425, -0.4547247967233147, 0.225414757901819], [-0.6644336139973259, -0.6878853199409704, 0.2921331189717473, -0.1635249264353631], [0.0, 0.0, 0.0, 1.0]], "suj_ecm_transform": [[0.9779275946342043, 0.20894405789590365, -1.797089019039738e-05, 0.05912895206677722], [-0.20894405865258464, 0.9779275898725531, -9.653934548370518e-05, 1.0330025855172627], [-2.5970932602203224e-06, 9.816340065042179e-05, 0.999999995178601, 0.6492881363313465], [0.0, 0.0, 0.0, 1.0]], "suj_psm2_transform": [[0.14860686947600127, -0.9886504324534846, -0.022052681335405222, -0.021122927694195992], [-0.7796096058476141, -0.13084643330489737, 0.6124443430725075, 0.2799252591333896], [-0.6083788793298719, -0.07382095434851316, -0.7902060528016753, -0.21933053386706747], [0.0, 0.0, 0.0, 1.0]], "ecm_transform": [[0.9912919444824217, -0.06951399666181249, -0.11183955057295575, 0.04765639059541495], [-0.12438460558592032, -0.7731071195790655, -0.6219596864342538, 0.9694022041568293], [-0.0432290492319024, 0.6304547453420124, -0.7750213309182166, 0.5700211996465374], [0.0, 0.0, 0.0, 1.0]], "psm2_transform": [[-0.09120053828649344, 0.994487076273178, 0.051748593622242336, 0.008163822489239414], [0.8649478830729191, 0.10485921574008712, -0.4907847842405562, -0.07742586954551427], [-0.49350544210163416, 0.0, -0.8697427082856577, -0.005555145597365075], [0.0, 0.0, 0.0, 1.0]]}