{"ecm_psm_transform": [[-0.517731251854385, 0.14643759500900339, -0.8429177786838233, -0.02387991625716231], [0.5217711527368557, -0.7267607340631261, -0.44673672290923133, 0.22658881142297158], [-0.6780185948961466, -0.6710997438473699, 0.2998598318932535, -0.1623489113083187], [0.0, 0.0, 0.0, 1.0]], "suj_ecm_transform": [[0.9779266073040036, 0.208948678875727, -1.797134636567488e-05, 0.05912233830229216], [-0.20894867963243052, 0.977926602542356, -9.653926056516063e-05, 1.0329938436071948], [-2.5970932602335344e-06, 9.816340065044957e-05, 0.9999999951786008, 0.6492862506023065], [0.0, 0.0, 0.0, 1.0]], "suj_psm2_transform": [[0.14874981901989348, -0.9886266881700446, -0.022153166353337583, -0.021057828869151446], [-0.7795099729772411, -0.13101161175761789, 0.6125358435338233, 0.2798141164637469], [-0.6084716044077736, -0.07384598176340351, -0.790132316518461, -0.2193729266249833], [0.0, 0.0, 0.0, 1.0]], "ecm_transform": [[0.9912877162922489, -0.06954027319544712, -0.11186068984232336, 0.04767125756057646], [-0.12441829781267563, -0.7731047564720064, -0.6219558848421292, 0.969407122691529], [-0.04322904923190237, 0.6304547453420126, -0.7750213309182166, 0.5700278870579867], [0.0, 0.0, 0.0, 1.0]], "psm2_transform": [[-0.07118318492973047, 0.9966449437822198, 0.04039567076551352, 0.00637237701631086], [0.8667973227498209, 0.08184653953183342, -0.4918979012360258, -0.07759640626846646], [-0.4935538019881953, 0.0, -0.8697152663619269, -0.005552129512668008], [0.0, 0.0, 0.0, 1.0]]}