{"ecm_psm_transform": [[-0.5149805595833261, 0.14707587953249487, -0.8444902065216549, -0.024158905659303453], [0.508965418246267, -0.7402525451099493, -0.4392953135279787, 0.2277956368235723], [-0.6897457693097123, -0.6560448575501416, 0.3063591333735092, -0.16131159559365021], [0.0, 0.0, 0.0, 1.0]], "suj_ecm_transform": [[0.9779262007632903, 0.20895058156822857, -1.7971534196278264e-05, 0.059118852861669735], [-0.20895058232494132, 0.9779261960016441, -9.65392255992255e-05, 1.0330020896322167], [-2.5970932602247185e-06, 9.81634006504657e-05, 0.999999995178601, 0.6492865390664924], [0.0, 0.0, 0.0, 1.0]], "suj_psm2_transform": [[0.14872379921653323, -0.9886320903585164, -0.022086680600544306, -0.021089464925368867], [-0.7795659274417746, -0.13095627762062437, 0.6124764633221393, 0.2798678457493644], [-0.6084062757060007, -0.07387180290950063, -0.7901802075580315, -0.2193794914894529], [0.0, 0.0, 0.0, 1.0]], "ecm_transform": [[0.9912892233853329, -0.06953090803199369, -0.11185315564770704, 0.047672718174185925], [-0.12440628964248351, -0.7731055988052243, -0.6219572398432277, 0.9694099810945366], [-0.043229049231902385, 0.6304547453420127, -0.7750213309182165, 0.5700195957897853], [0.0, 0.0, 0.0, 1.0]], "psm2_transform": [[-0.053716308965137904, 0.9980911539251129, 0.03047304723191381, 0.004808348677707156], [0.8681270056111761, 0.061757982936917595, -0.4924849781182533, -0.07770931063453151], [-0.49342685403181585, 0.0, -0.8697872956765149, -0.005564150096442375], [0.0, 0.0, 0.0, 1.0]]}