{"ecm_psm_transform": [[-0.5115735315657753, 0.14776229712469655, -0.8464389082206428, -0.024533059778184624], [0.49156309300151535, -0.7576418884643845, -0.4293535774194795, 0.22941527660203942], [-0.7047398437722282, -0.6357240536526474, 0.31495504474026387, -0.15990938207144673], [0.0, 0.0, 0.0, 1.0]], "suj_ecm_transform": [[0.9779313394013252, 0.20892653037333406, -1.796915990365404e-05, 0.05911134265569325], [-0.20892653112992973, 0.9779313346396603, -9.653966756223167e-05, 1.0330063395510938], [-2.597093260238303e-06, 9.816340065048133e-05, 0.999999995178601, 0.6492789741773402], [0.0, 0.0, 0.0, 1.0]], "suj_psm2_transform": [[0.14862748276489682, -0.9886466859516566, -0.022081705635589588, -0.02115857367466803], [-0.7795855444970042, -0.13087807972234752, 0.6124682090194562, 0.27992593248910297], [-0.6084046763284119, -0.0738150296687427, -0.790186744521017, -0.21932252945601283], [0.0, 0.0, 0.0, 1.0]], "ecm_transform": [[0.9912891894291265, -0.06953111904788602, -0.11185332540829407, 0.047673073416701045], [-0.12440656021066888, -0.773105579827029, -0.6219572093133598, 0.9694003668583567], [-0.04322904923190236, 0.6304547453420126, -0.7750213309182166, 0.5700220694336924], [0.0, 0.0, 0.0, 1.0]], "psm2_transform": [[-0.030482351212009394, 0.9993856895181731, 0.017293636137999245, 0.002728599093267296], [0.8692392662103239, 0.03504630631444352, -0.49314790326214725, -0.07780913805229628], [-0.4934510354054651, 0.0, -0.8697735772356359, -0.005561328914141635], [0.0, 0.0, 0.0, 1.0]]}