{"ecm_psm_transform": [[-0.5086034801090056, 0.14834290001421893, -0.8481255119593917, -0.024757035995234468], [0.4761699885577871, -0.7722322288351389, -0.42061802950561983, 0.23081779911779243], [-0.7173455527274745, -0.6177797089284214, 0.3221235620354861, -0.15879951404403658], [0.0, 0.0, 0.0, 1.0]], "suj_ecm_transform": [[0.9779307667385773, 0.20892921084232888, -1.7969424514864596e-05, 0.05912152522409397], [-0.2089292115989376, 0.9779307619769144, -9.65396183090774e-05, 1.0329990728507603], [-2.5970932602270055e-06, 9.816340065042294e-05, 0.9999999951786009, 0.6492750505219578], [0.0, 0.0, 0.0, 1.0]], "suj_psm2_transform": [[0.1486175750281122, -0.9886493996020514, -0.022026825900857305, -0.021117241945608378], [-0.7796283418322626, -0.13084130465062807, 0.6124215881312465, 0.27994966518844094], [-0.6083522540474722, -0.07384387357001782, -0.7902244094759003, -0.21934095348798555], [0.0, 0.0, 0.0, 1.0]], "ecm_transform": [[0.9912831553211887, -0.06956860976558248, -0.1118834863228346, 0.04770802201990883], [-0.12445463140829101, -0.7731022070923235, -0.6219517843932956, 0.9693887434989673], [-0.04322904923190236, 0.6304547453420126, -0.7750213309182163, 0.5700184360278011], [0.0, 0.0, 0.0, 1.0]], "psm2_transform": [[-0.010424250541565417, 0.9999281725803191, 0.0059147849352505655, 0.0009331367615224605], [0.8696836667161603, 0.011985394452565752, -0.49346395022022765, -0.07785056557040772], [-0.4934993970085289, 0.0, -0.8697461383370544, -0.005556343258395675], [0.0, 0.0, 0.0, 1.0]]}