{"ecm_psm_transform": [[-0.506962215770881, 0.14847875014135378, -0.8490838430550544, -0.024970431552827178], [0.46739084565296135, -0.7803144238233242, -0.41551798682257196, 0.23172281457471497], [-0.7242479611158658, -0.607505934727995, 0.32619232070938853, -0.1580467911079099], [0.0, 0.0, 0.0, 1.0]], "suj_ecm_transform": [[0.9779542352504209, 0.20881933203909564, -1.7958577487918264e-05, 0.05902654465785758], [-0.20881933279516934, 0.9779542304886731, -9.654163669252314e-05, 1.0330352601517443], [-2.597093260225413e-06, 9.816340065043788e-05, 0.9999999951786009, 0.6492868283546649], [0.0, 0.0, 0.0, 1.0]], "suj_psm2_transform": [[0.14845308778717345, -0.9886726368021259, -0.02209293926089051, -0.021181298137510185], [-0.7796007246538201, -0.13074656527098785, 0.6124769757216002, 0.2800652116705944], [-0.6084278024923682, -0.0737004267868982, -0.7901796354283859, -0.2192143646545326], [0.0, 0.0, 0.0, 1.0]], "ecm_transform": [[0.9912818611772627, -0.06957664854739824, -0.11188995342681103, 0.04770897944877493], [-0.1244649388520634, -0.7731014836699317, -0.6219506209852212, 0.969383819571703], [-0.043229049231902336, 0.6304547453420126, -0.7750213309182166, 0.5700271604042748], [0.0, 0.0, 0.0, 1.0]], "psm2_transform": [[0.0010142471510792275, 0.999999320067382, -0.0005754715372480674, -9.079310485298405e-05], [0.8697524069403662, -0.0011661323997106774, -0.4934869712126817, -0.0778582630431302], [-0.4934873067507982, 0.0, -0.8697529983137993, -0.0055587386262638365], [0.0, 0.0, 0.0, 1.0]]}