{"ecm_psm_transform": [[-0.5013038832409633, 0.14934325977207466, -0.8522857545496003, -0.02544862400489726], [0.4376292640724765, -0.8059600954568477, -0.3986338567640381, 0.23430242870266924], [-0.7464415877179631, -0.572821887930131, 0.3386739447215375, -0.1561500811919332], [0.0, 0.0, 0.0, 1.0]], "suj_ecm_transform": [[0.9779288191926997, 0.20893832647324373, -1.7970324394159686e-05, 0.05911677625565408], [-0.2089383272298968, 0.977928814431044, -9.653945080550258e-05, 1.0330005430384355], [-2.5970932602258975e-06, 9.816340065043117e-05, 0.999999995178601, 0.6492782476609595], [0.0, 0.0, 0.0, 1.0]], "suj_psm2_transform": [[0.14851395892549182, -0.988664764605436, -0.02203604392705949, -0.0211508121740432], [-0.7796358772849311, -0.13076455653081973, 0.6124283873282279, 0.27998365764014105], [-0.6083679009073648, -0.07377407392150731, -0.7902188830713873, -0.21930304229305753], [0.0, 0.0, 0.0, 1.0]], "ecm_transform": [[0.9912990066641832, -0.06947009192996753, -0.11180422940947352, 0.04762314324166043], [-0.12432831008708387, -0.7731110660202584, -0.6219660367800722, 0.9694050374854564], [-0.043229049231902406, 0.6304547453420127, -0.7750213309182169, 0.5700267227640732], [0.0, 0.0, 0.0, 1.0]], "psm2_transform": [[0.03846900232439586, 0.9990214143795828, -0.021825431752513325, -0.003443794432772801], [0.868915576559971, -0.044229103665098066, -0.4929802300300037, -0.07778643698303374], [-0.49346312594926384, 0.0, -0.8697667177630914, -0.00556352954522471], [0.0, 0.0, 0.0, 1.0]]}