{"ecm_psm_transform": [[-0.4978282797139113, 0.1499991250754152, -0.8542056347236875, -0.025723476786191975], [0.41769469947040544, -0.8217065854605167, -0.38772338779746923, 0.2359337186809183], [-0.760064564330831, -0.5498168330339013, 0.3464149364002018, -0.1549831694957935], [0.0, 0.0, 0.0, 1.0]], "suj_ecm_transform": [[0.977933731794705, 0.20891533188167757, -1.7968054408347376e-05, 0.05910177242725584], [-0.20891533263821874, 0.9779337270330315, -9.65398733241295e-05, 1.033007113906327], [-2.5970932602381897e-06, 9.816340065043555e-05, 0.9999999951786012, 0.6492846459215673], [0.0, 0.0, 0.0, 1.0]], "suj_psm2_transform": [[0.14879057835265735, -0.9886212734533817, -0.0221210639187156, -0.021116138094101955], [-0.7795317294982018, -0.13102715756577737, 0.6125048299285285, 0.27984836562634524], [-0.6084337650878889, -0.0738908766739651, -0.7901572576679461, -0.21935707675721217], [0.0, 0.0, 0.0, 1.0]], "ecm_transform": [[0.991288698935236, -0.06953416709888668, -0.11185577754032847, 0.047670506239405934], [-0.12441046847348944, -0.7731053056871374, -0.6219567683148121, 0.9693992135366115], [-0.04322904923190237, 0.6304547453420127, -0.7750213309182165, 0.5700155266663294], [0.0, 0.0, 0.0, 1.0]], "psm2_transform": [[0.06277051544635519, 0.9973919381079775, -0.035625611402629445, -0.0056199266734746085], [0.8674230438594953, -0.0721756316024479, -0.4923087864179512, -0.07766152415203043], [-0.4935961156371948, 0.0, -0.8696912524728951, -0.005552279967294255], [0.0, 0.0, 0.0, 1.0]]}