{"ecm_psm_transform": [[-0.4736253169077286, 0.14925798593411316, -0.8679868160398211, -0.02791560983406949], [0.2774393086017098, -0.9100745244566789, -0.3078827536214967, 0.24862864908911275], [-0.8358866485515002, -0.38663472887189276, 0.3896243026346008, -0.1481355685815967], [0.0, 0.0, 0.0, 1.0]], "suj_ecm_transform": [[0.9779394490931188, 0.20888856738627745, -1.796541226609856e-05, 0.05909777892687538], [-0.20888856814268827, 0.9779394443314247, -9.654036504368788e-05, 1.0329988485317043], [-2.5970932602308357e-06, 9.816340065043113e-05, 0.999999995178601, 0.6492894441706969], [0.0, 0.0, 0.0, 1.0]], "suj_psm2_transform": [[0.1485371861407388, -0.9886599280281159, -0.022096403436589862, -0.02114675566831667], [-0.7795853132994459, -0.1308145059521873, 0.6124820848974197, 0.27996996036551214], [-0.6084270240720708, -0.07375033385637092, -0.790175578358935, -0.21929478259253443], [0.0, 0.0, 0.0, 1.0]], "ecm_transform": [[0.9913045198945897, -0.06943580286334118, -0.11177664388091271, 0.04760608784887746], [-0.12428434390164726, -0.7731141463952534, -0.6219709949060936, 0.9694041235043592], [-0.04322904923190237, 0.6304547453420126, -0.7750213309182167, 0.5700169781884477], [0.0, 0.0, 0.0, 1.0]], "psm2_transform": [[0.22193744386343103, 0.966890112004529, -0.12596540127842956, -0.01986738939653314], [0.8408892382067432, -0.2551930863245895, -0.4772648926541883, -0.07527469742819813], [-0.4936082050365954, 0.0, -0.8696843909836203, -0.00554397723259829], [0.0, 0.0, 0.0, 1.0]]}