{"ecm_psm_transform": [[-0.46800182539046825, 0.14827862254114133, -0.8711990252109397, -0.028541234963103762], [0.24230958176983852, -0.9265111122755899, -0.2878597321828379, 0.2518732080991602], [-0.8498590224347304, -0.3458187515551333, 0.3976795607761773, -0.14677200035139687], [0.0, 0.0, 0.0, 1.0]], "suj_ecm_transform": [[0.9779523692201315, 0.2088280709439946, -1.7959440174806166e-05, 0.05904211515360964], [-0.2088280717001109, 0.9779523644583905, -9.65414762123939e-05, 1.0330237668120026], [-2.5970932602190637e-06, 9.816340065043785e-05, 0.9999999951786009, 0.6492826119778299], [0.0, 0.0, 0.0, 1.0]], "suj_psm2_transform": [[0.14842056495516498, -0.9886770943542407, -0.02211196503356494, -0.021264043561476736], [-0.7795934852593134, -0.13073130902821614, 0.6124894469139904, 0.28006900917051014], [-0.6084450128315841, -0.07366768585360206, -0.7901694365269695, -0.21919337999750144], [0.0, 0.0, 0.0, 1.0]], "ecm_transform": [[0.9912817562477514, -0.06957730030432017, -0.11189047775720694, 0.04770268304701561], [-0.1244657745441667, -0.773101425013627, -0.6219505266570808, 0.9693876311430154], [-0.04322904923190239, 0.6304547453420126, -0.7750213309182166, 0.5700171225578714], [0.0, 0.0, 0.0, 1.0]], "psm2_transform": [[0.25872841712216027, 0.9547213188061053, -0.1468564250912855, -0.023163249300279472], [0.8302931266034594, -0.2975016023774173, -0.4712813602275404, -0.07433387834914087], [-0.49363238354924927, 0.0, -0.8696706675009149, -0.005545750988323349], [0.0, 0.0, 0.0, 1.0]]}