{"ecm_psm_transform": [[-0.5329145301005823, 0.14104172487518854, -0.8343316699322323, -0.022544805663560236], [0.5947189451556952, -0.6389682037745907, -0.4878821690100693, 0.22015457730337992], [-0.6019231511418813, -0.7561923474945409, 0.2566352542230371, -0.1691130619988038], [0.0, 0.0, 0.0, 1.0]], "suj_ecm_transform": [[0.9779339649768924, 0.2089142403516983, -1.7967946654465686e-05, 0.059106778145742306], [-0.20891424110823414, 0.9779339602152181, -9.653989337929419e-05, 1.0330024544294072], [-2.597093260231786e-06, 9.816340065045055e-05, 0.999999995178601, 0.6492810138889884], [0.0, 0.0, 0.0, 1.0]], "suj_psm2_transform": [[0.14862887814545422, -0.9886454269430006, -0.02212863226491507, -0.021077673835324245], [-0.7795454745043765, -0.1309034142507658, 0.6125137952056581, 0.2799040103254114], [-0.6084556760857525, -0.07378696309094535, -0.7901500960683642, -0.21932655756877595], [0.0, 0.0, 0.0, 1.0]], "ecm_transform": [[0.9912934332046405, -0.0695047431271247, -0.11183210616003594, 0.04764571424463198], [-0.12437274053369933, -0.7731079515556482, -0.6219610250277479, 0.9694044004609992], [-0.043229049231902385, 0.6304547453420126, -0.7750213309182167, 0.5700246820911068], [0.0, 0.0, 0.0, 1.0]], "psm2_transform": [[-0.17657339317470017, 0.9791771709902348, 0.10016937972421078, 0.01580665556314844], [0.8516758635437767, 0.20300755604548415, -0.4831523110214849, -0.07624108470954147], [-0.49342685403181585, 0.0, -0.8697872956765149, -0.005566776610550519], [0.0, 0.0, 0.0, 1.0]]}