{"ecm_psm_transform": [[-0.6199405571511258, 0.19834300462717883, -0.7591664890619281, 0.026786532380266646], [0.5680063998978686, -0.5540597581613179, -0.6085938827011694, 0.22665470590438325], [-0.5413339406264993, -0.8085034550957003, 0.23082401916633533, -0.18477222961769457], [0.0, 0.0, 0.0, 1.0]], "suj_ecm_transform": [[0.9934936433254512, 0.11388757876946737, -8.599396420167566e-06, -0.09247688743184054], [-0.11388757906451591, 0.9934936385130885, -9.782049121667829e-05, 1.0067417728994483], [-2.5970932602187376e-06, 9.816340065045196e-05, 0.999999995178601, 0.7425438906211002], [0.0, 0.0, 0.0, 1.0]], "suj_psm2_transform": [[0.23978659674607214, -0.9667031210406868, -0.08937261208632066, 0.019335524399370432], [-0.7801953655899113, -0.24666931630978284, 0.5748473187754197, 0.2898632510882737], [-0.577752178302221, -0.06811258445735008, -0.81336529081685, -0.22991633671916245], [0.0, 0.0, 0.0, 1.0]], "ecm_transform": [[0.9745376934048401, 0.22335409694376568, 0.019728951102603393, -0.08833768280482579], [0.1918394183463109, -0.7850028477037893, -0.5890400382533351, 0.8853293711539553], [-0.11607722301004239, 0.5778265107066102, -0.8078629845604394, 0.5760474783674197], [0.0, 0.0, 0.0, 1.0]], "psm2_transform": [[-0.279052533823974, 0.9469494819916815, 0.15942509815617467, 0.025019559648836936], [0.8222249010061177, 0.3213824490473711, -0.4697441150347643, -0.07371982856983557], [-0.4960603748858598, 0.0, -0.8682880308216279, -0.005313814147714455], [0.0, 0.0, 0.0, 1.0]]}