{"ecm_psm_transform": [[-0.5941845188199387, 0.21890125069505165, -0.7739683456310473, 0.024496853799402224], [0.49480718539501445, -0.6591472258849256, -0.5662956682596745, 0.23319652077324352], [-0.6341219179906827, -0.7194492178412245, 0.2833411655080649, -0.17641916792156892], [0.0, 0.0, 0.0, 1.0]], "suj_ecm_transform": [[0.9934979104991495, 0.11385034808878636, -8.595730647671438e-06, -0.09249355098812587], [-0.11385034838365454, 0.9934979056867757, -9.782081340537663e-05, 1.0067412507039921], [-2.597093260221144e-06, 9.816340065041831e-05, 0.9999999951786012, 0.7425436055901946], [0.0, 0.0, 0.0, 1.0]], "suj_psm2_transform": [[0.23982009057834636, -0.9666831863821025, -0.08949827552047857, 0.01936855083930357], [-0.7801528002617878, -0.24676706676085308, 0.5748631341510222, 0.2898405265418583], [-0.5777957531850553, -0.0680413986363479, -0.8133402951243255, -0.22987579869351105], [0.0, 0.0, 0.0, 1.0]], "ecm_transform": [[0.9745275410610296, 0.22339563422483746, 0.019760119504354356, -0.08836972946930563], [0.19189098470699614, -0.7849910280594975, -0.5890389934921737, 0.8853428854416023], [-0.11607722301004236, 0.5778265107066102, -0.8078629845604396, 0.5760399191088466], [0.0, 0.0, 0.0, 1.0]], "psm2_transform": [[-0.16212964518264447, 0.9824271745292831, 0.09247067048183102, 0.014533835559224056], [0.8533818070953185, 0.1866463145803034, -0.4867264576456872, -0.07649995680669337], [-0.4954326084057027, 0.0, -0.8686463782969003, -0.0053831669827952115], [0.0, 0.0, 0.0, 1.0]]}