{"ecm_psm_transform": [[-0.5891451450760181, 0.22239426213466687, -0.7768196638879159, 0.02411106271113559], [0.4793217611007435, -0.6777743132660657, -0.5575595301059741, 0.23453141351663592], [-0.6505064545172781, -0.7008300596052441, 0.29270903673284593, -0.17500621460024746], [0.0, 0.0, 0.0, 1.0]], "suj_ecm_transform": [[0.9934892799709788, 0.11392563587152872, -8.603143566775857e-06, -0.0924486605550365], [-0.11392563616676159, 0.9934892751586273, -9.78201617328291e-05, 1.0067286795854233], [-2.5970932602265824e-06, 9.816340065047199e-05, 0.9999999951786009, 0.7425481097445596], [0.0, 0.0, 0.0, 1.0]], "suj_psm2_transform": [[0.2398647791165478, -0.9666730026241551, -0.08948851175972272, 0.019431064635607342], [-0.7801427286107175, -0.24679748335384563, 0.5748637449048537, 0.2897867232543663], [-0.5777908018783219, -0.0680757534501718, -0.8133409377727138, -0.2299288506987529], [0.0, 0.0, 0.0, 1.0]], "ecm_transform": [[0.974517685785128, 0.2234359448105262, 0.01979036782442687, -0.08841381811122283], [0.19194102841830218, -0.784979555205899, -0.5890379779933326, 0.8853431128634949], [-0.11607722301004245, 0.5778265107066105, -0.8078629845604391, 0.5760410812054613], [0.0, 0.0, 0.0, 1.0]], "psm2_transform": [[-0.13939791069631197, 0.9870384148171093, 0.07951974703701617, 0.012495800861049029], [0.8573499545883678, 0.1604841664318571, -0.4890765662879337, -0.07685390869383461], [-0.49549901903114474, 0.0, -0.8686084976208632, -0.005373943759387566], [0.0, 0.0, 0.0, 1.0]]}