{"ecm_psm_transform": [[-0.5803001193958403, 0.22770191049992564, -0.7819230213926801, 0.023241570164138206], [0.45316751631747687, -0.7074679586782233, -0.542335956394482, 0.23686976060664136], [-0.6766764171920161, -0.6690597338043531, 0.30735663164770866, -0.1726837093033437], [0.0, 0.0, 0.0, 1.0]], "suj_ecm_transform": [[0.9934869241784967, 0.11394617769939025, -8.605166140672397e-06, -0.09244048948506221], [-0.11394617799472262, 0.9934869193661513, -9.781998382925966e-05, 1.0067437302840772], [-2.597093260229766e-06, 9.816340065046067e-05, 0.9999999951786009, 0.7425452002457562], [0.0, 0.0, 0.0, 1.0]], "suj_psm2_transform": [[0.23982644032667, -0.9666890385976464, -0.08941801370751051, 0.01936346844074202], [-0.7801718922566211, -0.24672690237957406, 0.5748544634730635, 0.28977916375868856], [-0.5777673381673298, -0.06810387872462559, -0.8133552511969786, -0.2299502830912028], [0.0, 0.0, 0.0, 1.0]], "ecm_transform": [[0.9745345063824233, 0.2233671375911077, 0.019738736391215365, -0.08835004398766], [0.19185560760176812, -0.7849991371772196, -0.5890397104294224, 0.885322099471063], [-0.11607722301004236, 0.5778265107066104, -0.8078629845604395, 0.5760432597932852], [0.0, 0.0, 0.0, 1.0]], "psm2_transform": [[-0.10175833830884841, 0.9931164161587808, 0.05800883157383305, 0.009121744603473588], [0.8627729707709945, 0.11713148148956101, -0.49183637213107106, -0.07734004722312628], [-0.4952454356090672, 0.0, -0.8687531056107859, -0.00540517892365976], [0.0, 0.0, 0.0, 1.0]]}