{"ecm_psm_transform": [[-0.5751012894368408, 0.23088154315534787, -0.7848262354931113, 0.022868698832329795], [0.4363946522586207, -0.7248756414825235, -0.5330244008161144, 0.23830287098441072], [-0.6919669171052621, -0.6490369923321054, 0.3161214453597446, -0.17136316704613197], [0.0, 0.0, 0.0, 1.0]], "suj_ecm_transform": [[0.9934845792562175, 0.1139666210169144, -8.607179016236548e-06, -0.09242760230416783], [-0.1139666213123458, 0.9934845744438783, -9.78198067369175e-05, 1.0067367902338176], [-2.597093260226039e-06, 9.816340065046199e-05, 0.9999999951786009, 0.7425467973732796], [0.0, 0.0, 0.0, 1.0]], "suj_psm2_transform": [[0.2399661507526602, -0.9666503898605862, -0.08946099862693441, 0.01945045303242142], [-0.7801232331533244, -0.24686368562309763, 0.574861776268856, 0.28971338356801457], [-0.5777750319868067, -0.06815676417610517, -0.8133453558665517, -0.22999686374254424], [0.0, 0.0, 0.0, 1.0]], "ecm_transform": [[0.9745158106122456, 0.22344361348791422, 0.01979612230265715, -0.08840170320112613], [0.1919505487489813, -0.7849773723592848, -0.589037784627504, 0.8853450162050871], [-0.11607722301004242, 0.5778265107066104, -0.8078629845604393, 0.5760455904410804], [0.0, 0.0, 0.0, 1.0]], "psm2_transform": [[-0.07864524210556129, 0.9958934532635622, 0.044845909968855915, 0.007049712597446852], [0.8651238190571378, 0.09053303124703757, -0.4933199245451329, -0.07754918317082989], [-0.4953541193874846, 0.0, -0.8686911398223478, -0.005390856942529696], [0.0, 0.0, 0.0, 1.0]]}