{"ecm_psm_transform": [[-0.5695261627442063, 0.23379746508729626, -0.7880220144568388, 0.022362400547661983], [0.41911310789294354, -0.7421118127786245, -0.523081504286609, 0.23988560666200026], [-0.707095575394287, -0.6281789575058833, 0.32466451084872805, -0.16995884551976087], [0.0, 0.0, 0.0, 1.0]], "suj_ecm_transform": [[0.9934916063801043, 0.11390534657469126, -8.601145858487624e-06, -0.09246856667258244], [-0.11390534686982584, 0.9934916015677467, -9.782033740786179e-05, 1.0067348349099259], [-2.5970932602290705e-06, 9.81634006504694e-05, 0.999999995178601, 0.7425404048805819], [0.0, 0.0, 0.0, 1.0]], "suj_psm2_transform": [[0.2399519500649627, -0.9666539839337321, -0.08946025377264238, 0.01945029759406318], [-0.7801272984347639, -0.24685183392460636, 0.574861348783283, 0.2897526341828835], [-0.5777754407180167, -0.06814871556458352, -0.8133457399347458, -0.22995409373639009], [0.0, 0.0, 0.0, 1.0]], "ecm_transform": [[0.9745242535275999, 0.22340908230683496, 0.01977021065372401, -0.08838111081141764], [0.19190767984828447, -0.784987200830333, -0.5890386548842166, 0.8853270237119277], [-0.11607722301004245, 0.5778265107066105, -0.8078629845604394, 0.5760458797292531], [0.0, 0.0, 0.0, 1.0]], "psm2_transform": [[-0.0550780322594136, 0.9979882153302014, 0.03139956089614275, 0.0049376132639948845], [0.8669950555189982, 0.06339970080402259, -0.494267186492862, -0.07772402372303204], [-0.4952635501104844, 0.0, -0.868742778923635, -0.005406172168235718], [0.0, 0.0, 0.0, 1.0]]}