{"ecm_psm_transform": [[-0.5661291592806362, 0.235444864868488, -0.7899768924590512, 0.022064885012539285], [0.4088698537316138, -0.7519387077623628, -0.5171205105951193, 0.24075841046294563], [-0.7157675724155774, -0.6157547363810751, 0.3294281209954361, -0.1692363703867342], [0.0, 0.0, 0.0, 1.0]], "suj_ecm_transform": [[0.9934805659927216, 0.11400160051788165, -8.610623145839795e-06, -0.09240330692703966], [-0.1140016008134825, 0.9934805611803927, -9.781950362631043e-05, 1.0067317631467176], [-2.597093260222318e-06, 9.816340065042133e-05, 0.9999999951786009, 0.7425444762013369], [0.0, 0.0, 0.0, 1.0]], "suj_psm2_transform": [[0.23996477267544136, -0.966654468103134, -0.08942061938429433, 0.01945862578598627], [-0.7801344886097689, -0.2468398468076164, 0.5748567384223369, 0.2897027479316155], [-0.5777604067054078, -0.06818525738192655, -0.8133533568624168, -0.23000207791468785], [0.0, 0.0, 0.0, 1.0]], "ecm_transform": [[0.9745257763496172, 0.22340285315941727, 0.01976553643106481, -0.08837924058190197], [0.19189994666089094, -0.7849889736326591, -0.5890388117490155, 0.8853413854823974], [-0.11607722301004243, 0.5778265107066105, -0.8078629845604391, 0.5760502403381809], [0.0, 0.0, 0.0, 1.0]], "psm2_transform": [[-0.03973412140673055, 0.9989536755348315, 0.022644066142939838, 0.0035621296209733203], [0.8679094331397335, 0.045733512170514926, -0.49461263806297545, -0.07780733008948632], [-0.49513070543352666, 0.0, -0.8688184991912282, -0.0054233162848530934], [0.0, 0.0, 0.0, 1.0]]}