{"ecm_psm_transform": [[-0.620210681816008, 0.19800908579082452, -0.7590330112093971, 0.0268038581666886], [0.5690016754311967, -0.5525139677253399, -0.6090692972272477, 0.2265708890588486], [-0.5399775953850436, -0.8096423391922412, 0.23000756307022224, -0.18487645947510567], [0.0, 0.0, 0.0, 1.0]], "suj_ecm_transform": [[0.9934939197716601, 0.1138851671764017, -8.59915897202958e-06, -0.09247680883010198], [-0.11388516747143855, 0.9934939149592966, -9.782051209040813e-05, 1.0067434275947555], [-2.597093260218325e-06, 9.816340065041375e-05, 0.999999995178601, 0.742541276041049], [0.0, 0.0, 0.0, 1.0]], "suj_psm2_transform": [[0.23976369895876437, -0.9667099602643402, -0.08936006595414392, 0.01932998245494756], [-0.7802042511772375, -0.2466437344618212, 0.5748462356975932, 0.2898656931467315], [-0.5777496820480105, -0.06810815646047513, -0.8133674347531862, -0.2298977693492369], [0.0, 0.0, 0.0, 1.0]], "ecm_transform": [[0.9745394183614671, 0.22334703828744043, 0.01972365452755097, -0.08833788831939124], [0.19183065541766373, -0.7850048560441216, -0.5890402156297796, 0.8853212015834796], [-0.1160772230100424, 0.5778265107066103, -0.8078629845604393, 0.5760447157100022], [0.0, 0.0, 0.0, 1.0]], "psm2_transform": [[-0.28066964925757554, 0.9463197413316893, 0.16032309612639822, 0.025163791847837465], [0.8217107302423168, 0.3232320330133212, -0.4693746143952758, -0.07367151321722074], [-0.4960000239821246, 0.0, -0.8683225070270446, -0.00531987834298412], [0.0, 0.0, 0.0, 1.0]]}