{"ecm_psm_transform": [[-0.5516223812981021, 0.2418286587102933, -0.7982679050778577, 0.02074219514160955], [0.3621501265062013, -0.7926922358555034, -0.49039403043465524, 0.2450110930235437], [-0.7513721011074033, -0.559605145652525, 0.34968849943437175, -0.16600059900886954], [0.0, 0.0, 0.0, 1.0]], "suj_ecm_transform": [[0.9934885076384499, 0.1139323708008401, -8.60380669615938e-06, -0.09243974686316907], [-0.1139323710961056, 0.9934885028261005, -9.782010340929904e-05, 1.006729589849853], [-2.5970932602322202e-06, 9.816340065048934e-05, 0.9999999951786009, 0.7425363342464826], [0.0, 0.0, 0.0, 1.0]], "suj_psm2_transform": [[0.23990524966003168, -0.9666669225080329, -0.08944569366049232, 0.019436814227724336], [-0.7801435821747198, -0.24680600013790654, 0.5748589300754787, 0.28976229626615524], [-0.57777284669423, -0.06813119127665729, -0.8133490507759072, -0.22995571119674685], [0.0, 0.0, 0.0, 1.0]], "ecm_transform": [[0.9745345674542875, 0.22336688770838523, 0.019738548886753596, -0.0883490757053156], [0.19185529738571724, -0.784999208279915, -0.589039716712672, 0.8853310154641155], [-0.11607722301004243, 0.5778265107066103, -0.8078629845604394, 0.5760438431762227], [0.0, 0.0, 0.0, 1.0]], "psm2_transform": [[0.019256195702491017, 0.9997543832136422, -0.010971425257334138, -0.001725995491071761], [0.8686532659991208, -0.022162428682567778, -0.4949245702366682, -0.07786021930724825], [-0.49504616188404904, 0.0, -0.8688666742394209, -0.005425658941348974], [0.0, 0.0, 0.0, 1.0]]}