{"ecm_psm_transform": [[-0.5511336596137096, 0.24198303577484, -0.7985586388224677, 0.020695634845852753], [0.36045864477904865, -0.7940767817602393, -0.4893992542631765, 0.24519240903087397], [-0.7525431912155287, -0.5575717667408332, 0.35041756561087867, -0.16586938611391824], [0.0, 0.0, 0.0, 1.0]], "suj_ecm_transform": [[0.9934870384306249, 0.11394518154050638, -8.605068057612566e-06, -0.09244150950306845], [-0.11394518183583392, 0.9934870336182793, -9.781999245754939e-05, 1.0067294098548472], [-2.5970932602255134e-06, 9.816340065049119e-05, 0.999999995178601, 0.7425443300466075], [0.0, 0.0, 0.0, 1.0]], "suj_psm2_transform": [[0.2398531608232909, -0.9666799137082355, -0.08944498686966879, 0.019437826528667906], [-0.7801572966869911, -0.24676359082496158, 0.5748585240467583, 0.28979535461854267], [-0.5777759545612149, -0.06810047486038256, -0.8133494154757029, -0.22993742882186718], [0.0, 0.0, 0.0, 1.0]], "ecm_transform": [[0.9745082636410539, 0.22347447340137624, 0.01981927933291113, -0.0884260695918176], [0.191988860076764, -0.7849685874368485, -0.589037005920531, 0.8853503369291226], [-0.11607722301004242, 0.5778265107066103, -0.8078629845604391, 0.5760487857947765], [0.0, 0.0, 0.0, 1.0]], "psm2_transform": [[0.021395768480359956, 0.9996967511812526, -0.012191257883567036, -0.0019179717779147076], [0.8685894321605295, -0.024625305635642372, -0.4949201881732045, -0.07786259320426288], [-0.49507031766223253, 0.0, -0.8688529107793885, -0.005427420847279162], [0.0, 0.0, 0.0, 1.0]]}