{"ecm_psm_transform": [[-0.540066818651163, 0.24602586949888464, -0.8048596790306555, 0.019664886058619734], [0.3238870472844393, -0.8219125055347876, -0.46856911320198547, 0.24848252154052053], [-0.7768043588918507, -0.5137422552047334, 0.3642030796461986, -0.16370529856490226], [0.0, 0.0, 0.0, 1.0]], "suj_ecm_transform": [[0.9934957939982767, 0.11386881589713779, -8.597549007299296e-06, -0.09248534405194929], [-0.11386881619209543, 0.9934957891859083, -9.782065360516693e-05, 1.0067312262138652], [-2.5970932602331054e-06, 9.81634006505104e-05, 0.999999995178601, 0.742536623259993], [0.0, 0.0, 0.0, 1.0]], "suj_psm2_transform": [[0.2398825617324118, -0.9666776936962866, -0.08939011738846672, 0.01939616175264175], [-0.7801651561324554, -0.2467565014544017, 0.5748509007967242, 0.2898037730042423], [-0.5777531356327865, -0.06815765180823102, -0.8133608355253349, -0.22994194954828973], [0.0, 0.0, 0.0, 1.0]], "ecm_transform": [[0.9745323058521451, 0.22337614103518505, 0.019745492314216732, -0.0883617427083766], [0.19186678490238623, -0.7849965752414803, -0.5890394839994759, 0.8853277945056404], [-0.11607722301004239, 0.5778265107066103, -0.8078629845604395, 0.5760384612694931], [0.0, 0.0, 0.0, 1.0]], "psm2_transform": [[0.0665631533443238, 0.9970610128871957, -0.03792997755363588, -0.005966569924765876], [0.8662856395926922, -0.07661159559987826, -0.49363939678182184, -0.07765187770947296], [-0.4950944730577592, 0.0, -0.8688391466477899, -0.005421983059893581], [0.0, 0.0, 0.0, 1.0]]}