{"ecm_psm_transform": [[-0.5368472414759179, 0.2471922014613693, -0.8066542350080236, 0.0194527162609613], [0.3132353021574784, -0.8293767039105776, -0.46262071775131264, 0.24938147664128327], [-0.7833764642890485, -0.5010292392137492, 0.3678192717230583, -0.16316799321411918], [0.0, 0.0, 0.0, 1.0]], "suj_ecm_transform": [[0.9934875209283252, 0.11394097456863715, -8.604653833854198e-06, -0.09243443945708357], [-0.11394097486394432, 0.9934875161159783, -9.782002889527868e-05, 1.0067336087046814], [-2.59709326022666e-06, 9.816340065050365e-05, 0.999999995178601, 0.7425479649631419], [0.0, 0.0, 0.0, 1.0]], "suj_psm2_transform": [[0.2400281552379725, -0.9666400817414318, -0.0894060236447983, 0.019470296135661688], [-0.780122571491318, -0.2468828235389213, 0.5748544553982544, 0.2897524575891832], [-0.5777501693144101, -0.06823359738697865, -0.8133565749686926, -0.2299872582071445], [0.0, 0.0, 0.0, 1.0]], "ecm_transform": [[0.9745163908748854, 0.22344124049790953, 0.01979434163955259, -0.08841282351041146], [0.19194760278384532, -0.7849780478264211, -0.5890378444685505, 0.8853523513209429], [-0.11607722301004236, 0.5778265107066103, -0.8078629845604394, 0.5760410781841747], [0.0, 0.0, 0.0, 1.0]], "psm2_transform": [[0.07937550246291078, 0.9958183028829123, -0.04522651050166056, -0.00711474785737575], [0.8652264841035101, -0.09135593928911447, -0.4929880562067217, -0.0775537550366577], [-0.4950582398209717, 0.0, -0.8688597925933512, -0.005424576351742993], [0.0, 0.0, 0.0, 1.0]]}