{"ecm_psm_transform": [[-0.5362136627214392, 0.24717785444967655, -0.8070799317171212, 0.019218264823104764], [0.31083675805567024, -0.8311441908563751, -0.4610638175428021, 0.2496400496164366], [-0.7847645619880521, -0.4980988278196969, 0.36883890788845003, -0.16295354248532348], [0.0, 0.0, 0.0, 1.0]], "suj_ecm_transform": [[0.9934890240464807, 0.11392786764068526, -8.603363309487845e-06, -0.09245446723310259], [-0.11392786793592895, 0.9934890192341299, -9.78201424064888e-05, 1.0067322103388825], [-2.5970932602214637e-06, 9.816340065043847e-05, 0.9999999951786009, 0.7425364801265499], [0.0, 0.0, 0.0, 1.0]], "suj_psm2_transform": [[0.23978191536968185, -0.9666985990864718, -0.08943406278314464, 0.019298785228242535], [-0.7801805783955342, -0.24670019649735675, 0.574854136405554, 0.289792121576133], [-0.5777740892044714, -0.06806490705509183, -0.8133537178076493, -0.22991266111075492], [0.0, 0.0, 0.0, 1.0]], "ecm_transform": [[0.9745361325312141, 0.22336048386629134, 0.019733743641817528, -0.0883589580089449], [0.19184734736081613, -0.78500103042712, -0.5890398777154044, 0.8853393485152059], [-0.1160772230100424, 0.5778265107066103, -0.8078629845604395, 0.5760445690059475], [0.0, 0.0, 0.0, 1.0]], "psm2_transform": [[0.08233348926138802, 0.995499931506667, -0.04691570010418811, -0.007380684389418037], [0.8649327365888773, -0.09476226237390711, -0.4928605023803943, -0.0775358314594346], [-0.4950884342447527, 0.0, -0.8688425877436483, -0.005425796819346813], [0.0, 0.0, 0.0, 1.0]]}