{"ecm_psm_transform": [[-0.5298892502032927, 0.24913765738400898, -0.8106465383829138, 0.01873249092020028], [0.2888727116607457, -0.8456898815637462, -0.4487328611528967, 0.2516326861247571], [-0.7973518288539633, -0.47195238307895565, 0.3761529065810004, -0.1618406150682393], [0.0, 0.0, 0.0, 1.0]], "suj_ecm_transform": [[0.9934930765797142, 0.11389252264401002, -8.599883199594307e-06, -0.09248314262267471], [-0.11389252293908249, 0.9934930717673529, -9.782044842269048e-05, 1.006740885657784], [-2.5970932602230888e-06, 9.816340065044922e-05, 0.999999995178601, 0.742546222504876], [0.0, 0.0, 0.0, 1.0]], "suj_psm2_transform": [[0.23987060872538107, -0.9666797935620574, -0.08939948427442815, 0.019374379326136185], [-0.7801658966491175, -0.2467521523062653, 0.5748517626639971, 0.28981897459481826], [-0.5777570984206026, -0.06814361342814335, -0.8133591968949279, -0.22992765170996843], [0.0, 0.0, 0.0, 1.0]], "ecm_transform": [[0.9745158550631177, 0.22344343170697872, 0.019795985896385843, -0.08841946833525556], [0.1919503230757324, -0.7849774241031602, -0.5890377892117701, 0.8853388395677471], [-0.11607722301004242, 0.5778265107066104, -0.8078629845604395, 0.5760432602052787], [0.0, 0.0, 0.0, 1.0]], "psm2_transform": [[0.10820218394545958, 0.9922130457107696, -0.06168921551447372, -0.009700098908901169], [0.8619642563338075, -0.12455228589374928, -0.49143091974513364, -0.07727328818603044], [-0.4952877024440836, 0.0, -0.8687290094198886, -0.0054033527159336875], [0.0, 0.0, 0.0, 1.0]]}