{"ecm_psm_transform": [[-0.5247639323184601, 0.2504419287659352, -0.8135733867658559, 0.018366191863990536], [0.27231456156202805, -0.856130030306743, -0.43918805854469234, 0.25308049869215066], [-0.8065157127415109, -0.45201793274490115, 0.38106717725104444, -0.16105477964783899], [0.0, 0.0, 0.0, 1.0]], "suj_ecm_transform": [[0.9934831067566078, 0.11397945654868406, -8.608442819904585e-06, -0.09240778625593682], [-0.11397945684417764, 0.9934831019442724, -9.781969552639924e-05, 1.0067318151324716], [-2.5970932602280215e-06, 9.816340065043946e-05, 0.9999999951786009, 0.7425441838918776], [0.0, 0.0, 0.0, 1.0]], "suj_psm2_transform": [[0.23990679365821402, -0.9666676941548582, -0.08943321214160135, 0.019468333234741397], [-0.7801464788705048, -0.2468002117936605, 0.5748574840467483, 0.28977853104515816], [-0.577768294269068, -0.06814121026173414, -0.8133514453183679, -0.22995086293108757], [0.0, 0.0, 0.0, 1.0]], "ecm_transform": [[0.974523459456741, 0.2234123303714535, 0.019772647937549154, -0.08838265489891677], [0.1919117121666696, -0.7849862764167411, -0.5890385730753437, 0.885333590670323], [-0.11607722301004239, 0.5778265107066102, -0.8078629845604394, 0.576045733711855], [0.0, 0.0, 0.0, 1.0]], "psm2_transform": [[0.127639528874085, 0.98915117870797, -0.07271929819130016, -0.011440543001122419], [0.8594541084424199, -0.14690114247559008, -0.48965160044751355, -0.07703429942010055], [-0.4950220057232272, 0.0, -0.8688804370278762, -0.005427824117415481], [0.0, 0.0, 0.0, 1.0]]}