{"ecm_psm_transform": [[-0.5260087595912435, 0.25011347829486574, -0.8128702435250815, 0.018327672098363012], [0.2761592278627316, -0.8537589962569987, -0.44139739144732415, 0.25270320287358894], [-0.8043947200843262, -0.45666051316649475, 0.3800135655670365, -0.16121038340025493], [0.0, 0.0, 0.0, 1.0]], "suj_ecm_transform": [[0.9934919128898321, 0.11390267314039447, -8.600882629051448e-06, -0.0924844042933542], [-0.11390267343551612, 0.9934919080774738, -9.782036055271084e-05, 1.0067326952761646], [-2.597093260224237e-06, 9.81634006504398e-05, 0.9999999951786012, 0.7425417109346264], [0.0, 0.0, 0.0, 1.0]], "suj_psm2_transform": [[0.23985173729832376, -0.9666771390691947, -0.08947878472561493, 0.019317928325424505], [-0.780149779778552, -0.24678161208358962, 0.5748609893260298, 0.28974598379463223], [-0.5777866952660411, -0.06807455279634045, -0.8133439555533227, -0.2299221071505504], [0.0, 0.0, 0.0, 1.0]], "ecm_transform": [[0.9745300382295626, 0.22338541840720746, 0.019752453805142733, -0.08836432761505073], [0.19187830228184824, -0.7849939352425984, -0.5890392505986126, 0.8853332304639453], [-0.11607722301004236, 0.5778265107066103, -0.8078629845604396, 0.5760454446983443], [0.0, 0.0, 0.0, 1.0]], "psm2_transform": [[0.12315889138395383, 0.9899024139655683, -0.0701790445803881, -0.011039317090210445], [0.8600693749635286, -0.1417505231917704, -0.4900892361853141, -0.07709210795184641], [-0.4950884342447527, 0.0, -0.8688425877436483, -0.0054212153821085185], [0.0, 0.0, 0.0, 1.0]]}