{"ecm_psm_transform": [[-0.6153967990357109, 0.2023965386021699, -0.7617889608667625, 0.026410688164645334], [0.5556751332965685, -0.5740496193753098, -0.6014084973883419, 0.22770229896173672], [-0.5590276611872105, -0.7934120465791548, 0.240801574684709, -0.18321027181381577], [0.0, 0.0, 0.0, 1.0]], "suj_ecm_transform": [[0.9934871984719027, 0.11394378613336358, -8.60493066406118e-06, -0.0924475843286252], [-0.11394378642868437, 0.9934871936595566, -9.782000454372874e-05, 1.0067347451827864], [-2.5970932602220736e-06, 9.816340065047727e-05, 0.999999995178601, 0.7425452021683929], [0.0, 0.0, 0.0, 1.0]], "suj_psm2_transform": [[0.2398077427292069, -0.966695738548604, -0.08939572472491036, 0.019370043419111763], [-0.7801832759224282, -0.24669933735888083, 0.5748508440609945, 0.2898033058964033], [-0.5777597273071837, -0.06810863395090616, -0.8133602593459253, -0.2299376459185316], [0.0, 0.0, 0.0, 1.0]], "ecm_transform": [[0.9745133548483128, 0.22345365593384928, 0.019803658048034314, -0.08841584489214359], [0.1919630160227835, -0.784974513710108, -0.589037531321236, 0.8853406085188101], [-0.11607722301004243, 0.5778265107066104, -0.8078629845604394, 0.5760521345817555], [0.0, 0.0, 0.0, 1.0]], "psm2_transform": [[-0.2581216940187865, 0.9548016973184499, 0.14740050839355728, 0.023141373231632876], [0.8291350457272004, 0.29724353449285856, -0.4734779373414839, -0.07433440891335406], [-0.49589138631743285, 0.0, -0.8683845536259698, -0.005331578369574437], [0.0, 0.0, 0.0, 1.0]]}