{"ecm_psm_transform": [[-0.5207533560054882, 0.2514066090651644, -0.8158496547326456, 0.018075972743310006], [0.2584961426137983, -0.864358399075909, -0.43135171519389925, 0.25430465207471287], [-0.8136311734826834, -0.43552184200713445, 0.38512989843935064, -0.16044853660445718], [0.0, 0.0, 0.0, 1.0]], "suj_ecm_transform": [[0.9934855206794947, 0.11395841402074626, -8.606370944611943e-06, -0.09242442183942623], [-0.11395841431613792, 0.993485515867153, -9.781987783591352e-05, 1.0067214804938], [-2.5970932602319814e-06, 9.816340065048156e-05, 0.9999999951786009, 0.7425507256979225], [0.0, 0.0, 0.0, 1.0]], "suj_psm2_transform": [[0.23994074657798503, -0.9666635515181619, -0.08938689108528997, 0.019540106140276486], [-0.7801485566557573, -0.2468013352723013, 0.57485418190681, 0.28976894792461527], [-0.5777513891627937, -0.06819588751606243, -0.8133588711303018, -0.2299875728857409], [0.0, 0.0, 0.0, 1.0]], "ecm_transform": [[0.974515030093876, 0.22344680536511521, 0.019798517450977493, -0.08841046288298525], [0.19195451132861982, -0.7849764637852196, -0.5890377041275396, 0.8853348011269466], [-0.11607722301004239, 0.5778265107066103, -0.8078629845604394, 0.5760530020342807], [0.0, 0.0, 0.0, 1.0]], "psm2_transform": [[0.14346119916159072, 0.9862739961764472, -0.08174649106389695, -0.012860160852797346], [0.8569202448841808, -0.16511694179017905, -0.48828689255548774, -0.07681611649444173], [-0.49508239540782917, 0.0, -0.8688460287975344, -0.005425683663442003], [0.0, 0.0, 0.0, 1.0]]}