{"ecm_psm_transform": [[-0.505087030873804, 0.25422469777741474, -0.8247768754536388, 0.016548341411905913], [0.20407321432455236, -0.8933561230796792, -0.4003360595191129, 0.2591415825697202], [-0.8385947856016815, -0.37051941972861224, 0.3993421404831227, -0.1582287462457622], [0.0, 0.0, 0.0, 1.0]], "suj_ecm_transform": [[0.9934831227225924, 0.11397931738373222, -8.608429117535323e-06, -0.09240606037625987], [-0.11397931767922513, 0.9934831179102569, -9.781969673228693e-05, 1.0067300560050771], [-2.5970932602313325e-06, 9.816340065047603e-05, 0.999999995178601, 0.7425396779522073], [0.0, 0.0, 0.0, 1.0]], "suj_psm2_transform": [[0.23994263764502438, -0.9666635979331265, -0.08938131276128913, 0.019413857008391128], [-0.7801515088903971, -0.24679994964215263, 0.5748507702288201, 0.289724186241231], [-0.5777466173124559, -0.06820024404365271, -0.8133618954047459, -0.23000007589063798], [0.0, 0.0, 0.0, 1.0]], "ecm_transform": [[0.9745235019439242, 0.2234121565838555, 0.019772517530688608, -0.08838285710754089], [0.19191149641756078, -0.78498632587783, -0.5890385774527829, 0.885333471494361], [-0.11607722301004238, 0.5778265107066103, -0.8078629845604395, 0.5760496548952758], [0.0, 0.0, 0.0, 1.0]], "psm2_transform": [[0.20409536016966845, 0.9720188133330886, -0.11629492888233581, -0.018294137892651646], [0.8445380306092627, -0.23490301514994277, -0.48122353260007333, -0.07570037444609393], [-0.49507635654698906, 0.0, -0.8688494698094478, -0.005422952465368683], [0.0, 0.0, 0.0, 1.0]]}