{"ecm_psm_transform": [[-0.49905168237528114, 0.2549804575180839, -0.8282103504558914, 0.016036422301735815], [0.18167107172824162, -0.9037088885678387, -0.38769300538002227, 0.2611863406610954], [-0.8473151951992327, -0.34394070856377335, 0.4046748682302077, -0.157392884760094], [0.0, 0.0, 0.0, 1.0]], "suj_ecm_transform": [[0.9934887197115806, 0.11393052151123682, -8.603624612833378e-06, -0.09243711704529842], [-0.11393052180649337, 0.9934887148992306, -9.782011942427542e-05, 1.0067284402591634], [-2.5970932602199454e-06, 9.81634006504246e-05, 0.999999995178601, 0.7425444738667064], [0.0, 0.0, 0.0, 1.0]], "suj_psm2_transform": [[0.23991126361576298, -0.9666650049299181, -0.0894502869426897, 0.019443285845760064], [-0.7801406294627449, -0.246813418090309, 0.5748597523849193, 0.28976674750319936], [-0.5777743364426635, -0.06813152643541748, -0.8133479644370053, -0.2299626139473251], [0.0, 0.0, 0.0, 1.0]], "ecm_transform": [[0.9745184836236095, 0.22343268186106394, 0.019787919352822723, -0.08839987132724587], [0.1919369776104076, -0.7849804839618603, -0.5890380602514456, 0.8853471267091957], [-0.11607722301004239, 0.5778265107066103, -0.8078629845604394, 0.5760464573442805], [0.0, 0.0, 0.0, 1.0]], "psm2_transform": [[0.2280998706825546, 0.9649128196049337, -0.1300526799287834, -0.020449535480689267], [0.8382377927487404, -0.2625704678025629, -0.47792693191079233, -0.07514942219290366], [-0.4953058164430554, 0.0, -0.8687186818514256, -0.0054030372451601555], [0.0, 0.0, 0.0, 1.0]]}