{"ecm_psm_transform": [[-0.4937858136844495, 0.25537151512519674, -0.8312406146637977, 0.015517179210121024], [0.16442452584052908, -0.9112436084927762, -0.3776237032856669, 0.2627952347529636], [-0.8538970344872407, -0.3231415715189331, 0.40796982639672136, -0.15680400266629158], [0.0, 0.0, 0.0, 1.0]], "suj_ecm_transform": [[0.9934895814049886, 0.11392300718349657, -8.60288474296974e-06, -0.09244518166183464], [-0.11392300747871673, 0.9934895765926363, -9.782018449567223e-05, 1.0067381067156473], [-2.5970932602231692e-06, 9.816340065047604e-05, 0.9999999951786009, 0.7425373512870168], [0.0, 0.0, 0.0, 1.0]], "suj_psm2_transform": [[0.239871632532683, -0.9666825746290206, -0.0893666594134182, 0.01939550427016165], [-0.780173844456002, -0.2467344272400395, 0.5748485842735214, 0.2898176539213938], [-0.5777459409921006, -0.06816833812803452, -0.8133650504810338, -0.22994096519149054], [0.0, 0.0, 0.0, 1.0]], "ecm_transform": [[0.9745189936436038, 0.22343059597537748, 0.019786354134739094, -0.08840628754534594], [0.1919343880760677, -0.7849810776743036, -0.5890381128307015, 0.8853296196089484], [-0.11607722301004239, 0.5778265107066104, -0.8078629845604393, 0.5760471889419159], [0.0, 0.0, 0.0, 1.0]], "psm2_transform": [[0.24661062200236583, 0.9588785428200667, -0.1404818181647422, -0.022102698749933668], [0.8331771990953082, -0.28381673685543185, -0.4746196527625376, -0.07467425566422048], [-0.4949736922537435, 0.0, -0.8689079605900136, -0.005430845179376059], [0.0, 0.0, 0.0, 1.0]]}