{"ecm_psm_transform": [[-0.49505365456928, 0.255266984894777, -0.8305182993289975, 0.015610811723210848], [0.1685276500463282, -0.9095046107757229, -0.37999972914143454, 0.2624185250166038], [-0.8523616076921008, -0.3280855519531925, 0.40723403631340377, -0.15694714373192226], [0.0, 0.0, 0.0, 1.0]], "suj_ecm_transform": [[0.993492193224537, 0.11390022795380227, -8.600641873162097e-06, -0.09245290585435172], [-0.11390022824891206, 0.993492188412178, -9.782038172097087e-05, 1.0067346518144336], [-2.597093260229306e-06, 9.816340065046906e-05, 0.9999999951786009, 0.742549269781206], [0.0, 0.0, 0.0, 1.0]], "suj_psm2_transform": [[0.23986348508123984, -0.9666848753752405, -0.08936364051132906, 0.01937611302688974], [-0.7801769954669925, -0.24672618293128562, 0.5748478463039195, 0.2898108997225516], [-0.5777450685802334, -0.06816555124778195, -0.8133659037323286, -0.22995351003348552], [0.0, 0.0, 0.0, 1.0]], "ecm_transform": [[0.974521943943151, 0.22341852922282984, 0.01977729944076441, -0.08839817471438802], [0.19191940775111577, -0.7849845121558332, -0.5890384169168678, 0.885342703403932], [-0.11607722301004238, 0.5778265107066102, -0.8078629845604393, 0.5760483473305877], [0.0, 0.0, 0.0, 1.0]], "psm2_transform": [[0.24222102493778203, 0.9603536129348018, -0.13802142297905498, -0.021711325801979257], [0.8343994228397671, -0.27878475231452815, -0.4754541671303249, -0.07479085567782967], [-0.49508239540782917, 0.0, -0.8688460287975344, -0.005421756670575512], [0.0, 0.0, 0.0, 1.0]]}