{"ecm_psm_transform": [[-0.4892195375166599, 0.2558225216436866, -0.8337979860444922, 0.015145841875218106], [0.14724501795279565, -0.9180646669229654, -0.36807087909220126, 0.2642404910713123], [-0.8596412907719513, -0.30284006466696317, 0.41146657997028546, -0.15627564053545667], [0.0, 0.0, 0.0, 1.0]], "suj_ecm_transform": [[0.9934871843821418, 0.11394390898332137, -8.604942760018678e-06, -0.0924341702894943], [-0.11394390927864274, 0.9934871795697957, -9.782000347971497e-05, 1.0067432516982349], [-2.597093260230329e-06, 9.816340065050881e-05, 0.999999995178601, 0.7425443294972827], [0.0, 0.0, 0.0, 1.0]], "suj_psm2_transform": [[0.2399590476442476, -0.9666462198079138, -0.08952508690158509, 0.019427195427525357], [-0.7801091675490683, -0.24689419392265033, 0.5748677619358948, 0.289729722957739], [-0.5777969731311904, -0.06810537965796376, -0.8133340734913785, -0.2299300182832119], [0.0, 0.0, 0.0, 1.0]], "ecm_transform": [[0.9745352077642819, 0.22336426777896418, 0.01973658297160212, -0.08834718413324735], [0.1918520448838235, -0.7849999537606296, -0.5890397825866303, 0.8853212420586818], [-0.11607722301004243, 0.5778265107066103, -0.8078629845604393, 0.5760583822930356], [0.0, 0.0, 0.0, 1.0]], "psm2_transform": [[0.2644382930942629, 0.9525576644364813, -0.1506860480227309, -0.023700242573168773], [0.8276193883018041, -0.3043581704559877, -0.47160603493130954, -0.07417526422324296], [-0.4950944730577592, 0.0, -0.8688391466477899, -0.005415438227323863], [0.0, 0.0, 0.0, 1.0]]}