{"ecm_psm_transform": [[-0.48338543470335826, 0.2559997458242458, -0.8371395652187077, 0.014590147609159273], [0.1255546445321893, -0.926124418154694, -0.3557099848669208, 0.2662182894250286], [-0.866357058465527, -0.27705178619808796, 0.41553309737180755, -0.1556561027740765], [0.0, 0.0, 0.0, 1.0]], "suj_ecm_transform": [[0.9934929133257893, 0.11389394671129723, -8.600023414865586e-06, -0.09246778178127996], [-0.1138939470063766, 0.9934929085134284, -9.782043609561416e-05, 1.0067399107955026], [-2.5970932602313376e-06, 9.81634006504972e-05, 0.9999999951786012, 0.7425369147454652], [0.0, 0.0, 0.0, 1.0]], "suj_psm2_transform": [[0.23992396866095414, -0.9666624703994726, -0.08944360001233342, 0.019400133631628638], [-0.7801399556663773, -0.24681999811984742, 0.5748578416452031, 0.28976732840673525], [-0.5777699705201375, -0.06814364863512445, -0.8133500502955983, -0.22993097069047386], [0.0, 0.0, 0.0, 1.0]], "ecm_transform": [[0.9745211527120616, 0.2234217654629404, 0.019779727859043236, -0.08838751994934066], [0.1919234253941708, -0.7849835910654734, -0.5890383353763333, 0.8853383175181938], [-0.11607722301004243, 0.5778265107066103, -0.8078629845604393, 0.5760482044718067], [0.0, 0.0, 0.0, 1.0]], "psm2_transform": [[0.28662914542356044, 0.9439993398593216, -0.16342882040486129, -0.02569627295498416], [0.8200633625145832, -0.32994733874538973, -0.46757976337317053, -0.07351859481148468], [-0.49531789232273304, 0.0, -0.8687117965959512, -0.005400646226540955], [0.0, 0.0, 0.0, 1.0]]}