{"ecm_psm_transform": [[-0.6072030687848359, 0.2092946906836456, -0.7664855939350166, 0.025692033499662346], [0.5328397686735626, -0.6083388327784947, -0.5882224455540634, 0.22972246918624784], [-0.5893947863513747, -0.7655844806325007, 0.25786467155560855, -0.18051946786472628], [0.0, 0.0, 0.0, 1.0]], "suj_ecm_transform": [[0.9934873052953979, 0.11394285472483909, -8.604838956397274e-06, -0.09243743328422133], [-0.11394285502015536, 0.9934873004830516, -9.78200126109372e-05, 1.0067331579733536], [-2.5970932602274163e-06, 9.81634006504824e-05, 0.9999999951786009, 0.7425542169316888], [0.0, 0.0, 0.0, 1.0]], "suj_psm2_transform": [[0.2399118556378376, -0.9666700626247803, -0.08939402412584785, 0.019390944105259378], [-0.7801567914187301, -0.24678236191263345, 0.5748511517358682, 0.28977896100838424], [-0.5777522672630905, -0.06817225149447026, -0.8133602288030398, -0.22996336550009622], [0.0, 0.0, 0.0, 1.0]], "ecm_transform": [[0.9745232255951849, 0.2234132869441937, 0.019773365731407533, -0.08838250249148526], [0.191912899706699, -0.7849860041691284, -0.5890385489802442, 0.8853384437008557], [-0.11607722301004242, 0.5778265107066104, -0.8078629845604394, 0.5760499472047347], [0.0, 0.0, 0.0, 1.0]], "psm2_transform": [[-0.22084960512227303, 0.9671301189598093, 0.1260348559650119, 0.019798862051815098], [0.8399741587749843, 0.2542819950385501, -0.4793579868839911, -0.07530252312413181], [-0.49564994149862857, 0.0, -0.8685223862931837, -0.0053591065960964315], [0.0, 0.0, 0.0, 1.0]]}