{"ecm_psm_transform": [[-0.6075734400976145, 0.20898845642381025, -0.7662756292415563, 0.025729773834731115], [0.53377169199177, -0.6069912228717029, -0.5887694253143226, 0.22963485237144649], [-0.5881685946360902, -0.7667369043148423, 0.25723962339713285, -0.18057886004694848], [0.0, 0.0, 0.0, 1.0]], "suj_ecm_transform": [[0.9934877214383923, 0.11393922624414538, -8.604481691629037e-06, -0.09244831707612611], [-0.11393922653944408, 0.9934877166260448, -9.782004403742778e-05, 1.0067437863231055], [-2.597093260225608e-06, 9.816340065046433e-05, 0.9999999951786009, 0.7425441821065721], [0.0, 0.0, 0.0, 1.0]], "suj_psm2_transform": [[0.23988974874040775, -0.9666661381483921, -0.0894957306609507, 0.019395541686785464], [-0.7801350188472587, -0.2468217705089067, 0.5748637803610832, 0.2897755449356681], [-0.577790845217758, -0.06808517430485128, -0.8133401184144469, -0.22991606256094643], [0.0, 0.0, 0.0, 1.0]], "ecm_transform": [[0.9745211348002293, 0.22342183872388288, 0.01977978283280909, -0.08839214520168584], [0.19192351634427374, -0.784983570213965, -0.5890383335303285, 0.8853394986494937], [-0.11607722301004242, 0.5778265107066104, -0.8078629845604394, 0.5760508226224692], [0.0, 0.0, 0.0, 1.0]], "psm2_transform": [[-0.22232619945316712, 0.9666828614000103, 0.1268672791234967, 0.019930793744267743], [0.8396023560688206, 0.25597704091478335, -0.47910712602527306, -0.07526751875023126], [-0.4956197582021888, 0.0, -0.8685396106566492, -0.005361812456863707], [0.0, 0.0, 0.0, 1.0]]}