{"ecm_psm_transform": [[-0.6024966780053904, 0.21287977090578225, -0.7692073557445811, 0.025309330168913173], [0.5190822512362796, -0.6275730335800165, -0.58026347806376, 0.2310179198782064], [-0.6062601499718954, -0.7488887037886722, 0.2676085572132883, -0.17893752202993682], [0.0, 0.0, 0.0, 1.0]], "suj_ecm_transform": [[0.993489220609041, 0.11392615353651353, -8.603194536700773e-06, -0.09245823035172389], [-0.11392615383174892, 0.9934892157966897, -9.782015725011043e-05, 1.006734575526077], [-2.597093260228763e-06, 9.816340065049869e-05, 0.9999999951786009, 0.7425453513444089], [0.0, 0.0, 0.0, 1.0]], "suj_psm2_transform": [[0.23977608202124168, -0.9667002642196907, -0.0894317038198609, 0.019431242179794125], [-0.7801801977209513, -0.2466938656688197, 0.5748573698975008, 0.2898354193124121], [-0.5777770240972209, -0.06806420350635778, -0.8133516918445581, -0.2298978347959475], [0.0, 0.0, 0.0, 1.0]], "ecm_transform": [[0.9745075950138204, 0.22347720713538372, 0.019821330715889277, -0.08844049323677716], [0.1919922539027466, -0.7849678091588166, -0.589036936894242, 0.8853351085197361], [-0.11607722301004246, 0.5778265107066106, -0.8078629845604393, 0.5760541681134994], [0.0, 0.0, 0.0, 1.0]], "psm2_transform": [[-0.19915880100640676, 0.9733542174872062, 0.1136544732140314, 0.01785397538882835], [0.845383280843566, 0.22930671010650455, -0.4824370851938105, -0.07578601705792778], [-0.4956439048872275, 0.0, -0.8685258312497912, -0.005358993993356445], [0.0, 0.0, 0.0, 1.0]]}