{"ecm_psm_transform": [[-0.5940484881817263, 0.21899522515402908, -0.7740461775945551, 0.024481027185996207], [0.4944689890940762, -0.6595747858807322, -0.5660932084512839, 0.23317022837138715], [-0.6345130514916835, -0.7190286455977415, 0.28353305679689234, -0.17643337837828516], [0.0, 0.0, 0.0, 1.0]], "suj_ecm_transform": [[0.9934910658399343, 0.11391006111070263, -8.601610057207726e-06, -0.0924609049878024], [-0.11391006140586006, 0.9934910610275782, -9.782029659065683e-05, 1.0067299224548627], [-2.5970932602279825e-06, 9.816340065043591e-05, 0.9999999951786012, 0.7425478212803738], [0.0, 0.0, 0.0, 1.0]], "suj_psm2_transform": [[0.23983000125801415, -0.9666834008214066, -0.089469397410181, 0.019364445208353176], [-0.7801575906688899, -0.2467587542570708, 0.5748602011960922, 0.2897825471898668], [-0.5777851713381834, -0.06806849325391678, -0.8133455452683366, -0.2299229929028226], [0.0, 0.0, 0.0, 1.0]], "ecm_transform": [[0.9745233569338405, 0.2234127497255095, 0.01977296261277183, -0.08838170833177146], [0.19191223277497477, -0.7849861570656584, -0.5890385625123484, 0.8853348313525283], [-0.11607722301004245, 0.5778265107066105, -0.8078629845604393, 0.5760493668430833], [0.0, 0.0, 0.0, 1.0]], "psm2_transform": [[-0.16162215268762498, 0.9825379901366037, 0.09218122205168068, 0.01448813402086574], [0.8534780666712763, 0.1860620808717435, -0.4867813593110741, -0.07650748618416106], [-0.4954326084057027, 0.0, -0.8686463782969003, -0.00538251293510459], [0.0, 0.0, 0.0, 1.0]]}