{"ecm_psm_transform": [[-0.5724076227409237, 0.1935095059223917, -0.7968083737924424, 0.04859668436636227], [0.5239775442563731, -0.6611400248943912, -0.536974301617596, 0.21896842511643716], [-0.6307115398842367, -0.7248778784045737, 0.2770469542451946, -0.16859904174492565], [0.0, 0.0, 0.0, 1.0]], "suj_ecm_transform": [[0.9934835362074096, 0.11397571324945442, -8.608074249603058e-06, -0.09240791201434223], [-0.11397571354492987, 0.9934835313950731, -9.781972796108675e-05, 1.0067313452002267], [-2.597093260225823e-06, 9.816340065047353e-05, 0.999999995178601, 0.7425463612437209], [0.0, 0.0, 0.0, 1.0]], "suj_psm2_transform": [[0.20917521573612885, -0.9756597958231223, -0.06583078258783981, 0.04590787396442181], [-0.7824168946493153, -0.20736647168820635, 0.5872162713914755, 0.2763054047494699], [-0.5865744045635358, -0.07132397376736521, -0.8067486341339326, -0.22161222321892726], [0.0, 0.0, 0.0, 1.0]], "ecm_transform": [[0.991182265868026, 0.1310503178748889, 0.019583922324604968, -0.08854741825102772], [0.11735021105776713, -0.799538276444637, -0.5890394489884668, 0.8884158126364751], [-0.061535711529347684, 0.5861436331521735, -0.8078669429564171, 0.5802543878518653], [0.0, 0.0, 0.0, 1.0]], "psm2_transform": [[-0.15974312505993593, 0.9829593277609902, 0.09095654986721982, 0.014327678691816788], [0.8541958549294864, 0.18382317581758392, -0.48637278033790243, -0.0766145256311936], [-0.49480458306019115, 0.0, -0.8690042719012552, -0.005485292191219966], [0.0, 0.0, 0.0, 1.0]]}