{"ecm_psm_transform": [[-0.5604003905212132, 0.20034367663840022, -0.803625418671336, 0.047598503198024146], [0.4822258686930171, -0.7099424100885093, -0.5132640508753598, 0.22270235647181152], [-0.6733569735786041, -0.6751623401736258, 0.30124110035706647, -0.16479118592157146], [0.0, 0.0, 0.0, 1.0]], "suj_ecm_transform": [[0.9934842630465314, 0.1139693774871249, -8.607450421957528e-06, -0.09241887821145181], [-0.11396937778256966, 0.9934842582341928, -9.781978285551489e-05, 1.0067378368113915], [-2.5970932602226987e-06, 9.816340065046773e-05, 0.9999999951786012, 0.7425454928298778], [0.0, 0.0, 0.0, 1.0]], "suj_psm2_transform": [[0.20926825823969325, -0.9756388763249214, -0.06584511444875607, 0.04598578803726548], [-0.7823924949534807, -0.20744914946583676, 0.5872195792260068, 0.2762972684652542], [-0.5865737634209295, -0.07136969517481229, -0.8067450568034871, -0.22162551448307743], [0.0, 0.0, 0.0, 1.0]], "ecm_transform": [[0.9911778337067431, 0.1310805104629134, 0.01960616599925192, -0.08854424896369559], [0.11738764063982667, -0.7995333270677042, -0.5890387090277369, 0.8884092777517465], [-0.06153571152934768, 0.5861436331521737, -0.8078669429564173, 0.5802729988387578], [0.0, 0.0, 0.0, 1.0]], "psm2_transform": [[-0.09959038006132817, 0.993411700557616, 0.05670052375830187, 0.008932221008266362], [0.8632995094555012, 0.11460014483073547, -0.49150866093962753, -0.07742898470751787], [-0.49476834293751193, 0.0, -0.8690249057575212, -0.005488542596561504], [0.0, 0.0, 0.0, 1.0]]}