{"ecm_psm_transform": [[-0.5950434047297362, 0.17695918279082273, -0.7839698936270754, 0.05069429212617428], [0.5995228169332798, -0.5519128906184823, -0.5796244932243083, 0.21212039618067816], [-0.5352529667961016, -0.8149095709311284, 0.2223210577988869, -0.17716128546947454], [0.0, 0.0, 0.0, 1.0]], "suj_ecm_transform": [[0.9934863024802351, 0.11395159810240942, -8.605699840481647e-06, -0.09242960973103986], [-0.11395159839776804, 0.9934862976678913, -9.781993687848143e-05, 1.0067235004171948], [-2.5970932602184966e-06, 9.816340065040679e-05, 0.999999995178601, 0.7425431652033689], [0.0, 0.0, 0.0, 1.0]], "suj_psm2_transform": [[0.2092865166547284, -0.9756278022406072, -0.06595108370370412, 0.04598581250094526], [-0.782335401300022, -0.2075211038136417, 0.5872702200390391, 0.2762350445751396], [-0.586643395785944, -0.0713118711515176, -0.8066995371348653, -0.2216065968574097], [0.0, 0.0, 0.0, 1.0]], "ecm_transform": [[0.9911815369669557, 0.13105556731988788, 0.019585684830657746, -0.08852597651294795], [0.11735347771531027, -0.7995184599944785, -0.5890656953143508, 0.8884032310327878], [-0.061541222314361765, 0.5861694894845003, -0.8078477626097225, 0.5802642013986579], [0.0, 0.0, 0.0, 1.0]], "psm2_transform": [[-0.2795598669625071, 0.9468774816705277, 0.15896325200871048, 0.02507103208101278], [0.8231139745759781, 0.3215945190846379, -0.4680388340217683, -0.07381716512868387], [-0.4942971430644136, 0.0, -0.8692930083454937, -0.0055419406577997855], [0.0, 0.0, 0.0, 1.0]]}