{"ecm_psm_transform": [[-0.5386859010642164, 0.2097193977880411, -0.8159873002602769, 0.04570322227352607], [0.40312689762267484, -0.7862953373831648, -0.4682182683563435, 0.2297256945510252], [-0.7398014628315839, -0.5811690086376912, 0.33902268211925346, -0.15885008777287493], [0.0, 0.0, 0.0, 1.0]], "suj_ecm_transform": [[0.9934825000086602, 0.11398474504260685, -8.608963532237386e-06, -0.09242353288703964], [-0.11398474533812604, 0.9934824951963264, -9.781964970066814e-05, 1.0067200568406935], [-2.5970932602263935e-06, 9.816340065043847e-05, 0.9999999951786009, 0.7425479626285116], [0.0, 0.0, 0.0, 1.0]], "suj_psm2_transform": [[0.20928009413042747, -0.9756299519255609, -0.06593966262036594, 0.04603065841615022], [-0.7823584831722785, -0.20751171878732322, 0.5872427865664278, 0.2762155112228683], [-0.5866149043530444, -0.07130977122147525, -0.8067204413669024, -0.2216305454916193], [0.0, 0.0, 0.0, 1.0]], "ecm_transform": [[0.9911800334090992, 0.13106552696725526, 0.019595127249727867, -0.08852689409535064], [0.11736906567624303, -0.7995357834118282, -0.5890390763492012, 0.8884053157198895], [-0.06153571152934771, 0.5861436331521738, -0.8078669429564174, 0.5802686345218877], [0.0, 0.0, 0.0, 1.0]], "psm2_transform": [[0.005852580127716382, 0.9999773252055381, -0.0033311230277828178, -0.0005247756123312184], [0.8690670918937158, -0.006734172167205533, -0.4946484011018557, -0.07792549702064275], [-0.49465961740700903, 0.0, -0.8690867982582358, -0.005489778194665642], [0.0, 0.0, 0.0, 1.0]]}