{"ecm_psm_transform": [[-0.5256558551965057, 0.2137226189283087, -0.8234127543680967, 0.04450204273695744], [0.35409425140118467, -0.8251227309044167, -0.44021556091246106, 0.2342002415889052], [-0.7735006031169371, -0.522967609994408, 0.3580526439987171, -0.1558511588831193], [0.0, 0.0, 0.0, 1.0]], "suj_ecm_transform": [[0.9934853644324164, 0.11395977616912474, -8.606505063527102e-06, -0.0924314118478707], [-0.11395977646452297, 0.9934853596200751, -9.781986603579568e-05, 1.0067268265822769], [-2.597093260222823e-06, 9.816340065048295e-05, 0.999999995178601, 0.7425508721273146], [0.0, 0.0, 0.0, 1.0]], "suj_psm2_transform": [[0.20929520669208151, -0.9756371899334756, -0.0657844212137687, 0.04599997301028356], [-0.7824071353730638, -0.207436710266479, 0.5872044667329579, 0.2762915806889432], [-0.5865446197630966, -0.0714288796813482, -0.8067610080900244, -0.2216494577204563], [0.0, 0.0, 0.0, 1.0]], "ecm_transform": [[0.9911890873997314, 0.13100382932374358, 0.019549673199403428, -0.08847218954021809], [0.11729257958739298, -0.7995458948788906, -0.5890405866797717, 0.8884062417924922], [-0.061535711529347684, 0.5861436331521737, -0.8078669429564175, 0.5802645670464059], [0.0, 0.0, 0.0, 1.0]], "psm2_transform": [[0.06662949738862378, 0.9970568698740823, -0.03792239858760073, -0.005974583749493577], [0.866535818587831, -0.07666549573894037, -0.4931917242487148, -0.07770118375488325], [-0.49464753631455316, 0.0, -0.8690936743630935, -0.005492826625317346], [0.0, 0.0, 0.0, 1.0]]}