{"ecm_psm_transform": [[-0.5267693694227009, 0.21334185684888546, -0.8227996618583894, 0.04452650702757304], [0.3575391554831736, -0.8225791672233067, -0.4421869129074155, 0.23395065773541843], [-0.7711548377170366, -0.5271136175118993, 0.3570314418915092, -0.15595163749378532], [0.0, 0.0, 0.0, 1.0]], "suj_ecm_transform": [[0.9934921774390871, 0.11390036564195208, -8.60065543010323e-06, -0.0924676516736142], [-0.11390036593706254, 0.9934921726267281, -9.782038052902052e-05, 1.0067430284170602], [-2.597093260223203e-06, 9.8163400650484e-05, 0.9999999951786009, 0.7425468008065594], [0.0, 0.0, 0.0, 1.0]], "suj_psm2_transform": [[0.2091464521070483, -0.9756611496587169, -0.06590206838684914, 0.04592606750917048], [-0.7823992687500754, -0.20738342532968101, 0.5872337687479119, 0.2763520876184344], [-0.5866081706133845, -0.07125612917608837, -0.8067300776743477, -0.22155409377931612], [0.0, 0.0, 0.0, 1.0]], "ecm_transform": [[0.9911925509041608, 0.13098021672135254, 0.01953227738207776, -0.0884711466977964], [0.11726330729891517, -0.7995497633936226, -0.589041163772552, 0.8883974439815233], [-0.061535711529347684, 0.5861436331521735, -0.8078669429564174, 0.5802655798296732], [0.0, 0.0, 0.0, 1.0]], "psm2_transform": [[0.06245541011987284, 0.9974141862444937, -0.035556473742383105, -0.005600802244205815], [0.8667880588875359, -0.07186752450331299, -0.4934708906224799, -0.07773079219478829], [-0.49475022255349843, 0.0, -0.8690352221189104, -0.005484273457157931], [0.0, 0.0, 0.0, 1.0]]}