{"ecm_psm_transform": [[-0.5215614592257818, 0.21467150178369837, -0.8257661839602086, 0.043984087923023295], [0.3371353870174767, -0.8372185914898215, -0.4305865312389324, 0.23581057748987838], [-0.7837814587439856, -0.502972341571315, 0.3642875904329148, -0.15480773671928255], [0.0, 0.0, 0.0, 1.0]], "suj_ecm_transform": [[0.9934964246922324, 0.1138633130110093, -8.597007187309603e-06, -0.09248807325257166], [-0.1138633133059403, 0.9934964198798625, -9.782070122467625e-05, 1.0067415726003595], [-2.597093260228197e-06, 9.816340065046498e-05, 0.999999995178601, 0.7425531972818615], [0.0, 0.0, 0.0, 1.0]], "suj_psm2_transform": [[0.20913021028746806, -0.975665652112285, -0.06588695192091981, 0.04584367917803698], [-0.7824075033470451, -0.2073618833452978, 0.5872304045617318, 0.27637451905339966], [-0.5866029780450859, -0.07125717243759616, -0.8067337612402469, -0.22153443717525678], [0.0, 0.0, 0.0, 1.0]], "ecm_transform": [[0.9911844250086219, 0.13103560590889637, 0.019573083671622752, -0.08850909087326599], [0.1173319727393384, -0.7995406877071727, -0.5890398092436849, 0.8884172967299749], [-0.0615357115293477, 0.5861436331521738, -0.8078669429564174, 0.5802591822557213], [0.0, 0.0, 0.0, 1.0]], "psm2_transform": [[0.08691702374373333, 0.9949854776740753, -0.04949070823117721, -0.007793445668176502], [0.8646432087010653, -0.10001949418834417, -0.4923293840808551, -0.07752853904935272], [-0.4948106229969781, 0.0, -0.869000832778279, -0.005470998632422411], [0.0, 0.0, 0.0, 1.0]]}