{"ecm_psm_transform": [[-0.5127836801862758, 0.21651131378507624, -0.8307681676242051, 0.04322527494279045], [0.3026530896100209, -0.8599638051031568, -0.4109298738982213, 0.23879468260195408], [-0.8034015214599285, -0.46215268571713364, 0.375447586755212, -0.1529957550602044], [0.0, 0.0, 0.0, 1.0]], "suj_ecm_transform": [[0.993485087531218, 0.11396219012906146, -8.606742745174798e-06, -0.09242670718210227], [-0.11396219042447141, 0.9934850827188774, -9.781984512346242e-05, 1.0067266538802753], [-2.597093260225288e-06, 9.816340065043328e-05, 0.999999995178601, 0.7425457807447389], [0.0, 0.0, 0.0, 1.0]], "suj_psm2_transform": [[0.20908058548919578, -0.9756613362410009, -0.0661079854171907, 0.04588050169785528], [-0.7823440452565191, -0.20744615364496904, 0.5872851847182705, 0.2762749924283632], [-0.5867052953767848, -0.07107074153498255, -0.8066757998567375, -0.2214943794325912], [0.0, 0.0, 0.0, 1.0]], "ecm_transform": [[0.9911785183011236, 0.13107584753793453, 0.019602730692466836, -0.08854868666392755], [0.11738186003367873, -0.7995340915229209, -0.589038823361968, 0.8884202851134583], [-0.06153571152934771, 0.5861436331521738, -0.8078669429564173, 0.5802636913540091], [0.0, 0.0, 0.0, 1.0]], "psm2_transform": [[0.12736797243676704, 0.9892033022926568, -0.0724860423160871, -0.011421164802799578], [0.8597273366189119, -0.1465497414985868, -0.4892770993382478, -0.07709228159277885], [-0.49461733316524537, 0.0, -0.8691108638905055, -0.005497500166507963], [0.0, 0.0, 0.0, 1.0]]}