{"ecm_psm_transform": [[-0.5910953198680374, 0.18034232051072277, -0.7861825298637148, 0.05030365248276105], [0.58566735109161, -0.5742311100273032, -0.5720597749729908, 0.21351988240259823], [-0.5546170540971854, -0.7985832954110796, 0.2338047125165377, -0.17530386272228696], [0.0, 0.0, 0.0, 1.0]], "suj_ecm_transform": [[0.9934885695135698, 0.11393183124946361, -8.60375357126237e-06, -0.09242997195457152], [-0.11393183154472648, 0.9934885647012203, -9.782010808184483e-05, 1.0067504059767098], [-2.5970932602285886e-06, 9.816340065042821e-05, 0.9999999951786009, 0.7425449095842713], [0.0, 0.0, 0.0, 1.0]], "suj_psm2_transform": [[0.20911180565429938, -0.9756665841223552, -0.06593155058857952, 0.04593934633619685], [-0.7823790010738368, -0.20737003192895226, 0.5872655008907736, 0.2763881996058356], [-0.5866475529776838, -0.07122068860100428, -0.8067045692820235, -0.22149567875829068], [0.0, 0.0, 0.0, 1.0]], "ecm_transform": [[0.9911828771064616, 0.1310464366236759, 0.0195789575614716, -0.08852256688863898], [0.11734215818285988, -0.7995199566275487, -0.5890659189490354, 0.8884004147970197], [-0.06154122231436178, 0.5861694894845003, -0.8078477626097226, 0.580266090698309], [0.0, 0.0, 0.0, 1.0]], "psm2_transform": [[-0.2564541091342192, 0.9554650066283297, 0.14600654443174801, 0.02300116330628125], [0.830326173020673, 0.2951044240751501, -0.4727280669561703, -0.0744712883236843], [-0.49476230283340855, 0.0, -0.8690283445866323, -0.005489084329857247], [0.0, 0.0, 0.0, 1.0]]}