{"ecm_psm_transform": [[-0.5085606162502622, 0.21744170664325374, -0.8331177610705602, 0.042873214076310735], [0.2856232839988878, -0.8701951276112987, -0.40147201586069037, 0.2403150938430532], [-0.8122717767082913, -0.44213068666812183, 0.3804405560262087, -0.15229885465728366], [0.0, 0.0, 0.0, 1.0]], "suj_ecm_transform": [[0.9934963081701088, 0.1138643297018609, -8.59710729176039e-06, -0.09249099492935127], [-0.11386432999679681, 0.9934963033577391, -9.782069242689482e-05, 1.0067398807009211], [-2.5970932602264667e-06, 9.816340065045059e-05, 0.9999999951786009, 0.7425344397282456], [0.0, 0.0, 0.0, 1.0]], "suj_psm2_transform": [[0.209317726284672, -0.9756216363489005, -0.06594324947186825, 0.04589813322699197], [-0.7823489510106953, -0.2075438692756743, 0.5872441240051249, 0.27627147141717123], [-0.5866141903461591, -0.071329972760234, -0.8067191746020077, -0.2215800014146011], [0.0, 0.0, 0.0, 1.0]], "ecm_transform": [[0.9911869515922835, 0.13101838729637194, 0.019560398346006185, -0.08850705611932334], [0.11731062696863173, -0.7995435094511294, -0.5890402306250384, 0.8884112826697728], [-0.06153571152934767, 0.5861436331521734, -0.8078669429564174, 0.5802588942035292], [0.0, 0.0, 0.0, 1.0]], "psm2_transform": [[0.14658232214257422, 0.9856707836823538, -0.08346693375406287, -0.013144038732857032], [0.856541952054971, -0.1686804855192637, -0.4877322812515543, -0.07680612798026855], [-0.4948227027988413, 0.0, -0.8689939544063869, -0.005471879987483063], [0.0, 0.0, 0.0, 1.0]]}