{"ecm_psm_transform": [[-0.5000102735291557, 0.21841634971746154, -0.8380238806510224, 0.04211815078777516], [0.251064803477405, -0.8895574321388943, -0.38164648482765956, 0.24341748679080377], [-0.8288282034415525, -0.40122546417513993, 0.38995119704559505, -0.1508083648165333], [0.0, 0.0, 0.0, 1.0]], "suj_ecm_transform": [[0.9934850719197709, 0.1139623262244672, -8.606756145312537e-06, -0.09243091236575973], [-0.11396232651987778, 0.9934850671074302, -9.781984394445132e-05, 1.0067284939935646], [-2.597093260220919e-06, 9.816340065044304e-05, 0.999999995178601, 0.742540839636828], [0.0, 0.0, 0.0, 1.0]], "suj_psm2_transform": [[0.20917116449549153, -0.9756539830398048, -0.06592973018422726, 0.045918798836855276], [-0.7823846346301, -0.20741875236611299, 0.5872407893373982, 0.27627572185200866], [-0.5866188774991181, -0.07125143188350747, -0.8067227070166211, -0.22158942451473873], [0.0, 0.0, 0.0, 1.0]], "ecm_transform": [[0.9911767413797409, 0.13108795006102117, 0.019611646963935463, -0.08854242907099516], [0.11739686347775957, -0.7995321073377663, -0.5890385265681823, 0.8884235133508372], [-0.061535711529347746, 0.5861436331521739, -0.8078669429564173, 0.5802634037138108], [0.0, 0.0, 0.0, 1.0]], "psm2_transform": [[0.18518929463154404, 0.9770289001602175, -0.10544881889137912, -0.016608713533672173], [0.8490355677241205, -0.21310684703152008, -0.48345017994377115, -0.07614580827841595], [-0.49481666290986165, 0.0, -0.8689973936133228, -0.0054802796748359105], [0.0, 0.0, 0.0, 1.0]]}