{"ecm_psm_transform": [[-0.49483580492771934, 0.219039026801589, -0.84092772037753, 0.041759889461824726], [0.22987937223796867, -0.9002410089624402, -0.36975884032943096, 0.24532584307899832], [-0.838029235994195, -0.3762818498414466, 0.3951189303221063, -0.15000753005326897], [0.0, 0.0, 0.0, 1.0]], "suj_ecm_transform": [[0.9934898847680895, 0.11392036161057034, -8.602624256666999e-06, -0.09244751713622576], [-0.11392036190577767, 0.9934898799557365, -9.782020740402043e-05, 1.0067381814456144], [-2.5970932602265942e-06, 9.816340065046979e-05, 0.9999999951786009, 0.7425488355742842], [0.0, 0.0, 0.0, 1.0]], "suj_psm2_transform": [[0.2093499197721003, -0.9756180592333774, -0.06589395715172774, 0.04601653293020552], [-0.7823589306091592, -0.20754206276406514, 0.5872314670381094, 0.2762860274099688], [-0.5865893919834457, -0.07138413466124943, -0.8067324156938016, -0.22160082255029456], [0.0, 0.0, 0.0, 1.0]], "ecm_transform": [[0.9911844154077533, 0.13103567133251737, 0.019573131870692574, -0.08852500474249668], [0.11733205384449699, -0.7995406769849843, -0.5890398076420857, 0.8884027744237042], [-0.06153571152934768, 0.5861436331521737, -0.8078669429564175, 0.5802706694269435], [0.0, 0.0, 0.0, 1.0]], "psm2_transform": [[0.20813704411100353, 0.9708903372631367, -0.11853659299054842, -0.01866501717988664], [0.8436644403037772, -0.23952443092317902, -0.48047722022780814, -0.07565693718572876], [-0.4948831003738647, 0.0, -0.8689595600281704, -0.005467773526625516], [0.0, 0.0, 0.0, 1.0]]}