{"ecm_psm_transform": [[-0.48656288940125, 0.21916885979730194, -0.845707730574019, 0.04082706225678853], [0.19546448785862222, -0.9161727892898143, -0.3498872020395831, 0.24852691472594843], [-0.8514987895726414, -0.335547956423627, 0.4029359506128168, -0.1487221302527495], [0.0, 0.0, 0.0, 1.0]], "suj_ecm_transform": [[0.9934917479984384, 0.11390411136139805, -8.601024237957715e-06, -0.09247445843022829], [-0.11390411165652667, 0.9934917431860806, -9.782034810163773e-05, 1.0067375495700819], [-2.5970932602253275e-06, 9.816340065047263e-05, 0.9999999951786009, 0.7425449077989659], [0.0, 0.0, 0.0, 1.0]], "suj_psm2_transform": [[0.20908200404257787, -0.9756775091574317, -0.0658643584185647, 0.045834265238979904], [-0.7824251427136044, -0.20731052540622574, 0.5872250353189912, 0.2763937862647529], [-0.5865966345242148, -0.07124425717308269, -0.806739514456011, -0.22153868595026016], [0.0, 0.0, 0.0, 1.0]], "ecm_transform": [[0.9911810300769133, 0.13105873726754494, 0.019590125101843776, -0.0885387296968223], [0.11736064852516011, -0.7995368963975378, -0.5890392427306919, 0.8884060436061773], [-0.06153571152934769, 0.5861436331521734, -0.8078669429564174, 0.5802594734665307], [0.0, 0.0, 0.0, 1.0]], "psm2_transform": [[0.24481845044776934, 0.959492191800128, -0.13942259571152535, -0.021957121603238563], [0.8337665133867982, -0.28173521944298396, -0.474824880645734, -0.07477832119947954], [-0.49487102105010666, 0.0, -0.8689664392396435, -0.005474749693075945], [0.0, 0.0, 0.0, 1.0]]}