{"ecm_psm_transform": [[-0.4763889546895951, 0.21912238550946883, -0.8514921867042556, 0.04006071915339316], [0.1520868219025642, -0.9333119499320122, -0.32526666401228826, 0.2524009488784044], [-0.8659810404699013, -0.28445418661490074, 0.41129387700757547, -0.1474812047745795], [0.0, 0.0, 0.0, 1.0]], "suj_ecm_transform": [[0.9934879595963324, 0.11393714961803633, -8.604277224426093e-06, -0.09243011390779055], [-0.11393714991332499, 0.9934879547839843, -9.7820062022641e-05, 1.0067299209553107], [-2.597093260229745e-06, 9.816340065047553e-05, 0.9999999951786009, 0.7425507258352539], [0.0, 0.0, 0.0, 1.0]], "suj_psm2_transform": [[0.20914957381790253, -0.9756677608509746, -0.06579419585218216, 0.04598062947225585], [-0.7824348143403824, -0.2073254047628284, 0.5872068952661069, 0.2763814418502777], [-0.5865596449466337, -0.07133440247156309, -0.8067584433670987, -0.22160244037932264], [0.0, 0.0, 0.0, 1.0]], "ecm_transform": [[0.9911766832589004, 0.1310883458925417, 0.01961193858452335, -0.08854493386535595], [0.1173973541885109, -0.7995320424387804, -0.5890385168587956, 0.8884173202897471], [-0.06153571152934766, 0.5861436331521733, -0.8078669429564174, 0.5802623822786781], [0.0, 0.0, 0.0, 1.0]], "psm2_transform": [[0.2893149605247052, 0.9429344625144015, -0.16483765655718652, -0.025951499793315763], [0.8192875748818755, -0.33297837677944897, -0.4667903921906475, -0.07348994774294634], [-0.4950401228797151, 0.0, -0.8688701149994955, -0.00546023700473082], [0.0, 0.0, 0.0, 1.0]]}