{"ecm_psm_transform": [[-0.5871085312679986, 0.18369267343698434, -0.7883911302379721, 0.05008324954946439], [0.5723573890346524, -0.5945262093795193, -0.5647526941752962, 0.21456171881269223], [-0.5724601223926161, -0.7828126136479876, 0.24391355063595266, -0.17381526576375703], [0.0, 0.0, 0.0, 1.0]], "suj_ecm_transform": [[0.9934808530484271, 0.11399909890885564, -8.610376833878555e-06, -0.092411106695928], [-0.11399909920444436, 0.9934808482360975, -9.781952530778161e-05, 1.0067350307251832], [-2.597093260224992e-06, 9.816340065044006e-05, 0.999999995178601, 0.7425499975335677], [0.0, 0.0, 0.0, 1.0]], "suj_psm2_transform": [[0.20928828704950664, -0.9756317680477506, -0.06588676710769326, 0.04607285462676751], [-0.7823567790685666, -0.2074864546644143, 0.5872539837040274, 0.2762459946005146], [-0.5866142541307204, -0.07135842141479914, -0.8067166122894994, -0.22160396790667547], [0.0, 0.0, 0.0, 1.0]], "ecm_transform": [[0.9911749335467575, 0.13110054492201584, 0.019618823352378148, -0.08856045812311042], [0.11740923756091602, -0.7995110860511137, -0.589064592567516, 0.888420890695109], [-0.061541222314361765, 0.5861694894845002, -0.8078477626097227, 0.5802707451273394], [0.0, 0.0, 0.0, 1.0]], "psm2_transform": [[-0.23484935446555086, 0.9627853726884098, 0.13375390403406512, 0.021064906144857856], [0.8366149304870334, 0.27026713847088374, -0.47647783993480364, -0.07504050854302527], [-0.49489517960199436, 0.0, -0.8689526806487853, -0.005475856656376066], [0.0, 0.0, 0.0, 1.0]]}