{"ecm_psm_transform": [[-0.5800561219197378, 0.1886806838991503, -0.7924231792084222, 0.0492559581897125], [0.5491592957370428, -0.6279139364111089, -0.5514962886242313, 0.21677840728125963], [-0.6016302546656291, -0.7550653534523055, 0.26060957136474366, -0.17117440864748412], [0.0, 0.0, 0.0, 1.0]], "suj_ecm_transform": [[0.9934940590124157, 0.11388395248274177, -8.599039371940516e-06, -0.09248290212544978], [-0.11388395277777275, 0.9934940542000519, -9.782052260412361e-05, 1.006742036225977], [-2.597093260229932e-06, 9.81634006504548e-05, 0.999999995178601, 0.7425470905067257], [0.0, 0.0, 0.0, 1.0]], "suj_psm2_transform": [[0.20919060008047188, -0.9756592131891972, -0.06579052026704602, 0.045873666639248516], [-0.7824092333707915, -0.2073540419168632, 0.5872308684298453, 0.2763702472691679], [-0.5865791373498571, -0.07136806722741101, -0.8067412934802094, -0.2215762973497979], [0.0, 0.0, 0.0, 1.0]], "ecm_transform": [[0.9911871578173845, 0.13101726508306885, 0.019557464765364064, -0.08851609830726065], [0.11730599359772664, -0.7995247374832335, -0.5890666329189058, 0.888396854322631], [-0.06154122231436179, 0.5861694894845002, -0.8078477626097227, 0.5802653643192597], [0.0, 0.0, 0.0, 1.0]], "psm2_transform": [[-0.19810583601546505, 0.9736614707695269, 0.11286017045678892, 0.017768053043376173], [0.8460054540329477, 0.22799855337023914, -0.4819662139689713, -0.07587797555378177], [-0.49500388835151565, 0.0, -0.8688907586784891, -0.005459559592558373], [0.0, 0.0, 0.0, 1.0]]}