{"ecm_psm_transform": [[-0.5029381098951627, -0.3774527786106645, -0.777549135125344, -0.08176310241781051], [0.697969330958801, -0.7079693378549425, -0.1077878921686404, 0.12071337190983955], [-0.5097961069447329, -0.5969160883879101, 0.6195152239999204, -0.27979432861705333], [0.0, 0.0, 0.0, 1.0]], "suj_ecm_transform": [[0.9725852285412983, 0.2325467110305208, -2.030168152066861e-05, 0.0827231987966858], [-0.2325467119022024, 0.9725852237993513, -9.607621895189773e-05, 0.8829924775539206], [-2.5970932602293738e-06, 9.816340065043246e-05, 0.9999999951786009, 0.643316012033651], [0.0, 0.0, 0.0, 1.0]], "suj_psm2_transform": [[-0.3371745036154889, -0.9246075705252158, -0.17724049943257017, -0.08080960397163864], [-0.89081190895142, 0.25242853650044433, 0.37780150453719874, 0.17072316083172984], [-0.3045775713705391, 0.28527298240054577, -0.9087639014234238, -0.33971112175257745], [0.0, 0.0, 0.0, 1.0]], "ecm_transform": [[0.9881734457121235, -0.09158400607699303, -0.12298622288825212, 0.06627693193056744], [-0.1269070131019097, -0.938640588620487, -0.320699946086272, 0.840035866162287], [-0.08606887483278289, 0.33251498496319737, -0.9391623574015006, 0.5175469643499946], [0.0, 0.0, 0.0, 1.0]], "psm2_transform": [[-0.2969090244003588, 0.9397422231131635, 0.16949803930416565, 0.02662149956352388], [0.8161191642161167, 0.3418838312911702, -0.4659023027426006, -0.07317499364608929], [-0.4957767048065232, 0.0, -0.8684500325126286, -0.0053503563272131495], [0.0, 0.0, 0.0, 1.0]]}