{"ecm_psm_transform": [[-0.5511483950907441, -0.3655137236170632, -0.7500901042118115, -0.07745053664982884], [0.6001384027189307, -0.7982036273196955, -0.05200833505940622, 0.1293976300805761], [-0.5797148817917886, -0.47882218743628613, 0.6592874704162535, -0.27359079774345596], [0.0, 0.0, 0.0, 1.0]], "suj_ecm_transform": [[0.9725784415314332, 0.23257509465980322, -2.0304485380751777e-05, 0.082741303958001], [-0.23257509553162323, 0.9725784367895117, -9.607562643089177e-05, 0.8829900031714539], [-2.5970932602374866e-06, 9.816340065046169e-05, 0.9999999951786009, 0.6433176124571227], [0.0, 0.0, 0.0, 1.0]], "suj_psm2_transform": [[-0.337056453634893, -0.9246541449802245, -0.17722206192785178, -0.08081404045698984], [-0.8908482360335656, 0.25232617994325246, 0.3777842231633426, 0.17064138735786805], [-0.30460198196819743, 0.2852125717533073, -0.90877468136767, -0.33977718319847194], [0.0, 0.0, 0.0, 1.0]], "ecm_transform": [[0.9881755319993377, -0.09156857429954368, -0.12298095038897187, 0.06627135955601197], [-0.1268907669724026, -0.9386420941848248, -0.3207019680037555, 0.8400374111151152], [-0.08606887483278285, 0.3325149849631973, -0.9391623574015004, 0.5175404210333066], [0.0, 0.0, 0.0, 1.0]], "psm2_transform": [[-0.17228181199207365, 0.9801272401340364, 0.09833397380338496, 0.015447733563933983], [0.8512286822522979, 0.19836983930839136, -0.48585917441557014, -0.07632583923610639], [-0.4957103062956673, 0.0, -0.8684879344195036, -0.005360231753446815], [0.0, 0.0, 0.0, 1.0]]}