{"ecm_psm_transform": [[-0.5600602185641461, -0.36248909797646517, -0.7449390615547624, -0.07667801003366274], [0.5806351033780406, -0.8131380421727923, -0.0408583051113357, 0.13119751989362446], [-0.5909275998860214, -0.4554208803070051, 0.6658801644990932, -0.27255384039018005], [0.0, 0.0, 0.0, 1.0]], "suj_ecm_transform": [[0.9725780884489441, 0.2325765711689804, -2.0304631236922793e-05, 0.08273449841081025], [-0.23257657204080756, 0.972578083707024, -9.607559560575652e-05, 0.8829792454067636], [-2.5970932602202563e-06, 9.816340065047665e-05, 0.9999999951786009, 0.6433087438485567], [0.0, 0.0, 0.0, 1.0]], "suj_psm2_transform": [[-0.3371627300954043, -0.9246185482225865, -0.17720562552405225, -0.08084338294594856], [-0.8908167844362963, 0.2524329985112458, 0.37778702707901324, 0.17069172323109055], [-0.3045763451110266, 0.28523345095794517, -0.9087767209020216, -0.3397539584187177], [0.0, 0.0, 0.0, 1.0]], "ecm_transform": [[0.9881799758375142, -0.0915356975997243, -0.12296971748646983, 0.06623798366634576], [-0.12685615530509003, -0.9386453008670831, -0.3207062753071014, 0.8400545420560174], [-0.0860688748327829, 0.3325149849631972, -0.9391623574015006, 0.5175506010518347], [0.0, 0.0, 0.0, 1.0]], "psm2_transform": [[-0.14842549481463066, 0.9852852571459113, 0.08475160494024628, 0.01331012437782145], [0.8556234773996223, 0.17091799803097252, -0.48856473764657105, -0.07672842808438113], [-0.4958612078108252, 0.0, -0.8684017863802387, -0.005346700342808194], [0.0, 0.0, 0.0, 1.0]]}