{"ecm_psm_transform": [[-0.5656262762725928, -0.3602594267908309, -0.7418086417657472, -0.0761922768188493], [0.5679614356231074, -0.8223655044045022, -0.03368656721109878, 0.13231698061896896], [-0.5979019344632862, -0.44037270870692136, 0.669764999228229, -0.2719683091819468], [0.0, 0.0, 0.0, 1.0]], "suj_ecm_transform": [[0.9725791106798808, 0.2325722964088189, -2.0304208957079024e-05, 0.08273472166535356], [-0.23257229728062526, 0.9725791059379568, -9.607568484942132e-05, 0.8829908577169832], [-2.597093260226511e-06, 9.816340065042438e-05, 0.999999995178601, 0.6433104905640894], [0.0, 0.0, 0.0, 1.0]], "suj_psm2_transform": [[-0.33707687882945375, -0.9246600781837407, -0.17715224404966573, -0.08085425360599008], [-0.8908449962726509, 0.2523765683149081, 0.3777582035926834, 0.17067788389489158], [-0.3045888546460203, 0.2851487464093593, -0.9087991098403413, -0.3397907738722967], [0.0, 0.0, 0.0, 1.0]], "ecm_transform": [[0.9881780671270094, -0.09154981986163187, -0.12297454261931785, 0.06626247958792053], [-0.12687102283085144, -0.9386439235717811, -0.3207044251450644, 0.840043740398719], [-0.08606887483278287, 0.33251498496319737, -0.9391623574015003, 0.517543332180084], [0.0, 0.0, 0.0, 1.0]], "psm2_transform": [[-0.13319179780197243, 0.9881679368199333, 0.07605309749980518, 0.01194420731196619], [0.858126801578105, 0.15337577592643625, -0.48999414667146335, -0.07695402109702264], [-0.4958612078108252, 0.0, -0.8684017863802387, -0.005347353838120461], [0.0, 0.0, 0.0, 1.0]]}