{"ecm_psm_transform": [[-0.5714996821375318, -0.3578800636548853, -0.7384510636156437, -0.07566330377196724], [0.5543761003232753, -0.8318634825079658, -0.02588987949135374, 0.13349211794742097], [-0.6050250017206377, -0.42417567882670315, 0.6738098699075635, -0.27129654527984925], [0.0, 0.0, 0.0, 1.0]], "suj_ecm_transform": [[0.9725735603675845, 0.23259550567791873, -2.0306501672545816e-05, 0.08275205231008881], [-0.2325955065498382, 0.9725735556256813, -9.60752002885294e-05, 0.8829851114999145], [-2.597093260231088e-06, 9.816340065042474e-05, 0.9999999951786009, 0.6433116526607037], [0.0, 0.0, 0.0, 1.0]], "suj_psm2_transform": [[-0.3370884115877762, -0.9246422692662312, -0.1772232396144039, -0.08085215451674503], [-0.8908387992545758, 0.2523558185703158, 0.377786678664523, 0.1706330280366271], [-0.3045942161563409, 0.2852248494081472, -0.9087734309299562, -0.3397568131005072], [0.0, 0.0, 0.0, 1.0]], "ecm_transform": [[0.9881770768335622, -0.09155714623370872, -0.12297704580211656, 0.06626923398561778], [-0.126878735829513, -0.9386432089715794, -0.3207034652850524, 0.8400435939065002], [-0.0860688748327829, 0.3325149849631975, -0.9391623574015003, 0.5175471124273612], [0.0, 0.0, 0.0, 1.0]], "psm2_transform": [[-0.11692670331867483, 0.990894946502287, 0.06674841606552402, 0.01048486067688088], [0.8605495773912027, 0.13463730907972613, -0.4912506690637607, -0.07716579847380702], [-0.4957646325655441, 0.0, -0.8684569241460115, -0.00535601408404536], [0.0, 0.0, 0.0, 1.0]]}