{"ecm_psm_transform": [[-0.5769694011553682, -0.3555197243561597, -0.7353312421787451, -0.0751378449990437], [0.5415841143708602, -0.8404405555777155, -0.018609664192347802, 0.13461495691757644], [-0.611386095026332, -0.4089809263693615, 0.6774523191151626, -0.27073352979146514], [0.0, 0.0, 0.0, 1.0]], "suj_ecm_transform": [[0.9725681003738674, 0.23261833488081157, -2.030875684485662e-05, 0.08277422440128201], [-0.2326183357528424, 0.9725680956319848, -9.607472360652495e-05, 0.8829739178502167], [-2.5970932602287978e-06, 9.816340065040202e-05, 0.999999995178601, 0.6433123852196574], [0.0, 0.0, 0.0, 1.0]], "suj_psm2_transform": [[-0.33707387161633656, -0.9246435830692136, -0.17724403900413668, -0.08081615168420775], [-0.8908426740134562, 0.2523332245297824, 0.37779263353717923, 0.17061050814369666], [-0.3045989744403754, 0.2852405793138993, -0.9087668989804496, -0.3397669962025345], [0.0, 0.0, 0.0, 1.0]], "ecm_transform": [[0.988177887505802, -0.09155114876566375, -0.12297499666297242, 0.06626228411949515], [-0.12687242186381376, -0.9386437939573309, -0.32070425104104644, 0.8400380604983645], [-0.0860688748327829, 0.33251498496319737, -0.9391623574015004, 0.5175428902826156], [0.0, 0.0, 0.0, 1.0]], "psm2_transform": [[-0.10175735326562077, 0.9931118925426926, 0.058087950098510754, 0.009124841217396287], [0.8624783215494898, 0.11716982926620408, -0.49234375792418006, -0.07734062930117959], [-0.49575859640913006, 0.0, -0.8684603698997724, -0.005357862602390205], [0.0, 0.0, 0.0, 1.0]]}