{"ecm_psm_transform": [[-0.575795816149167, -0.3560534234607273, -0.7359926207150522, -0.07521946696629521], [0.5444357763309017, -0.8385577787309257, -0.020261717124282513, 0.13439072446093603], [-0.6099580834418734, -0.4123673257809741, 0.6766862826097224, -0.27084861254752157], [0.0, 0.0, 0.0, 1.0]], "suj_ecm_transform": [[0.9725781722515073, 0.23257622072697154, -2.030459661868125e-05, 0.08274588410818247], [-0.23257622159879704, 0.9725781675095869, -9.607560292193914e-05, 0.8829846450581906], [-2.5970932602314236e-06, 9.816340065044174e-05, 0.999999995178601, 0.6433116559566525], [0.0, 0.0, 0.0, 1.0]], "suj_psm2_transform": [[-0.33707619053944715, -0.9246417858576488, -0.1772490045596654, -0.0807933586399121], [-0.8908408928554459, 0.25233235447567415, 0.3777974146302154, 0.17064266228058522], [-0.3046016175070751, 0.28524717479887635, -0.9087639428813915, -0.3397549964045161], [0.0, 0.0, 0.0, 1.0]], "ecm_transform": [[0.9881728870531594, -0.09158813800687117, -0.12298763462014532, 0.06628454235233393], [-0.1269113630769239, -0.9386401854551931, -0.32069940469323954, 0.840037995892461], [-0.08606887483278287, 0.3325149849631973, -0.9391623574015004, 0.5175469705298987], [0.0, 0.0, 0.0, 1.0]], "psm2_transform": [[-0.10512437402504507, 0.9926464463641594, 0.06001581880178318, 0.00942688650377012], [0.8620535768730824, 0.1210497109480483, -0.49214895923868307, -0.07730349221785184], [-0.4957948129883645, 0.0, -0.8684396947479041, -0.005353961345206576], [0.0, 0.0, 0.0, 1.0]]}