{"ecm_psm_transform": [[-0.5819583234973935, -0.3533788244383965, -0.7324260482469476, -0.07471021921813664], [0.5300125276973526, -0.8479044242034116, -0.012033615422807037, 0.13566890760313685], [-0.6167748618385529, -0.395198043839817, 0.6807402411707537, -0.27016238281326566], [0.0, 0.0, 0.0, 1.0]], "suj_ecm_transform": [[0.9725777695003156, 0.23257790492974081, -2.0304762991733556e-05, 0.0827355799698714], [-0.23257790580157453, 0.9725777647583967, -9.6075567760527e-05, 0.8829852355499143], [-2.5970932602294873e-06, 9.81634006504245e-05, 0.9999999951786009, 0.6433103464693275], [0.0, 0.0, 0.0, 1.0]], "suj_psm2_transform": [[-0.3371314004258751, -0.9246037267170565, -0.17734251432699089, -0.08083837325548768], [-0.8908179452749682, 0.2523399551946022, 0.37784644419190966, 0.17062808416979497], [-0.304607628307257, 0.2853637950990224, -0.9087253145058254, -0.3396882345627191], [0.0, 0.0, 0.0, 1.0]], "ecm_transform": [[0.9881720863793456, -0.09159405966675395, -0.1229896578353409, 0.06627989692272465], [-0.1269175972263495, -0.938639607628342, -0.3206986287865951, 0.8400366395831083], [-0.08606887483278285, 0.33251498496319726, -0.9391623574015003, 0.5175539453068843], [0.0, 0.0, 0.0, 1.0]], "psm2_transform": [[-0.0880739184389994, 0.9948439137679183, 0.05028490956272366, 0.007898163877534592], [0.8639482315936848, 0.1014178842163985, -0.49326247159824943, -0.07747588430006333], [-0.49581895689550354, 0.0, -0.8684259104742642, -0.005352449803414407], [0.0, 0.0, 0.0, 1.0]]}