{"ecm_psm_transform": [[-0.5871315061831326, -0.3509027887504197, -0.7294818896273604, -0.07422812380519421], [0.5172951898424427, -0.8557941985223015, -0.00468789307068862, 0.1368959820624644], [-0.6226413743183128, -0.3801098823008281, 0.6839840614840766, -0.2696647182413539], [0.0, 0.0, 0.0, 1.0]], "suj_ecm_transform": [[0.9725835777491405, 0.23255361506649566, -2.0302363531599473e-05, 0.08272498529475031], [-0.23255361593821092, 0.9725835730071999, -9.607607483500846e-05, 0.8829885461157001], [-2.597093260226299e-06, 9.81634006504922e-05, 0.999999995178601, 0.6433112162564827], [0.0, 0.0, 0.0, 1.0]], "suj_psm2_transform": [[-0.33716162878782924, -0.924612935086313, -0.17723700613644777, -0.08081934514488155], [-0.8908146256971075, 0.2524168121326958, 0.3778029322237844, 0.17071138003303993], [-0.3045838779667435, 0.2852659692705047, -0.9087639891957093, -0.339713261292653], [0.0, 0.0, 0.0, 1.0]], "ecm_transform": [[0.9881702306085605, -0.09160778352865645, -0.12299434676435943, 0.06628811336103232], [-0.12693204530000857, -0.9386382683291215, -0.3206968305176481, 0.8400345572080515], [-0.08606887483278287, 0.3325149849631973, -0.9391623574015004, 0.5175501653342698], [0.0, 0.0, 0.0, 1.0]], "psm2_transform": [[-0.07320938160463898, 0.9964402864363522, 0.04179882787479421, 0.006565287274881827], [0.8653311290758247, 0.08430157511363785, -0.4940599978602986, -0.07760135826527244], [-0.49582499281240855, 0.0, -0.8684224643009733, -0.005352562064092552], [0.0, 0.0, 0.0, 1.0]]}