{"ecm_psm_transform": [[-0.5923219434328599, -0.3481777701852425, -0.7265858212742335, -0.07374798105864096], [0.5047222338525574, -0.8632789335400876, 0.0022247608351698145, 0.13787584361826793], [-0.628020845181754, -0.36540624413756506, 0.6870721175848093, -0.26919407643909715], [0.0, 0.0, 0.0, 1.0]], "suj_ecm_transform": [[0.9725769976333404, 0.23258113264454935, -2.0305081839812474e-05, 0.08274647488589017], [-0.23258113351639878, 0.9725769928914243, -9.607550037416232e-05, 0.8829864477013032], [-2.5970932602354097e-06, 9.816340065047047e-05, 0.999999995178601, 0.6433147063915998], [0.0, 0.0, 0.0, 1.0]], "suj_psm2_transform": [[-0.33695791633620026, -0.9246704015169654, -0.17732459270169054, -0.08080132363197105], [-0.8908682184474391, 0.2521828914646132, 0.3778327759906929, 0.170575547772866], [-0.3046525561662865, 0.285286588908419, -0.9087344948940513, -0.3397269396663063], [0.0, 0.0, 0.0, 1.0]], "ecm_transform": [[0.9881787667974116, -0.09154464330012188, -0.12297277395342605, 0.0662557982703023], [-0.12686557309122806, -0.938644428448802, -0.3207051033367822, 0.8400378146753843], [-0.08606887483278287, 0.33251498496319726, -0.9391623574015004, 0.5175520543592587], [0.0, 0.0, 0.0, 1.0]], "psm2_transform": [[-0.0587252736133614, 0.9977109678178978, 0.033528598761497656, 0.005266430491354035], [0.8664380556174174, 0.06762266406962729, -0.4946840113466734, -0.07770139693201651], [-0.49581895689550354, 0.0, -0.8684259104742642, -0.005353756902972746], [0.0, 0.0, 0.0, 1.0]]}