{"ecm_psm_transform": [[-0.5976090635103343, -0.3454858078582079, -0.7235350466832018, -0.07323551158501128], [0.4914107418315319, -0.8708710584346689, 0.009954013937250566, 0.1391546232005383], [-0.6335447024661202, -0.34960428508449504, 0.6902158748012641, -0.2687089716477119], [0.0, 0.0, 0.0, 1.0]], "suj_ecm_transform": [[0.9725838556124977, 0.23255245298587363, -2.0302248736166267e-05, 0.08272901700276758], [-0.23255245385758322, 0.972583850870556, -9.60760990929639e-05, 0.8829978491330763], [-2.597093260230158e-06, 9.81634006504657e-05, 0.9999999951786009, 0.6433134007495485], [0.0, 0.0, 0.0, 1.0]], "suj_psm2_transform": [[-0.33705493199308495, -0.9246447115152153, -0.17727416700151583, -0.08076396427958937], [-0.890846007056742, 0.2523009486485918, 0.37780633004501124, 0.17065528257904644], [-0.3046101845477203, 0.2852654707074887, -0.9087553282880044, -0.3397379609155098], [0.0, 0.0, 0.0, 1.0]], "ecm_transform": [[0.9881763075349999, -0.09156283733398612, -0.12297899026192914, 0.06627297623907347], [-0.12688472725869107, -0.9386426538327963, -0.320702719655155, 0.8400364059664821], [-0.08606887483278287, 0.33251498496319737, -0.9391623574015004, 0.5175530741464172], [0.0, 0.0, 0.0, 1.0]], "psm2_transform": [[-0.04336004618804931, 0.9987527263382895, 0.024756777383254006, 0.003888580986912353], [0.8673358619171432, 0.04992986713214614, -0.49521259172259796, -0.07778372115405657], [-0.495831028705361, 0.0, -0.8684190180857301, -0.005353327843167655], [0.0, 0.0, 0.0, 1.0]]}