{"ecm_psm_transform": [[-0.5155779855622893, -0.3751363729962768, -0.7703583857262349, -0.0806721061697674], [0.6736883696140442, -0.733022639781107, -0.09392438562539956, 0.12284788928749721], [-0.5294556841231409, -0.5674068304343332, 0.6306553474966823, -0.27811620220833944], [0.0, 0.0, 0.0, 1.0]], "suj_ecm_transform": [[0.9725771916990441, 0.23258032112478447, -2.0305001674258445e-05, 0.08274336906340204], [-0.23258032199662995, 0.9725771869571274, -9.60755173166927e-05, 0.882980527180129], [-2.5970932602361432e-06, 9.816340065044301e-05, 0.9999999951786009, 0.6433211082228187], [0.0, 0.0, 0.0, 1.0]], "suj_psm2_transform": [[-0.3371529990580391, -0.9246311496554078, -0.17715838200065237, -0.08084872028997646], [-0.8908247796431983, 0.25244792449883546, 0.37775819963288415, 0.17068267249998753], [-0.3045637325746742, 0.28517938653266894, -0.9087979149937754, -0.3397963280124503], [0.0, 0.0, 0.0, 1.0]], "ecm_transform": [[0.9881737547055562, -0.0915817206511947, -0.12298544203965651, 0.06627442631083827], [-0.12690460707217027, -0.9386408116087277, -0.32070024553524584, 0.8400356558452756], [-0.0860688748327829, 0.3325149849631975, -0.9391623574015002, 0.5175581655289929], [0.0, 0.0, 0.0, 1.0]], "psm2_transform": [[-0.2650566299395667, 0.9522846269333753, 0.15132406362321127, 0.02376733489366687], [0.8269984891490982, 0.30521138462770697, -0.47214352652424096, -0.07415603998528407], [-0.49580084900107657, 0.0, -0.868436248742423, -0.005350805780214983], [0.0, 0.0, 0.0, 1.0]]}