{"ecm_psm_transform": [[-0.6032858584705869, -0.3424749018793842, -0.7202479535216415, -0.07276300868298873], [0.4769238193960026, -0.8787526931002972, 0.018367766922065765, 0.14051404448640786], [-0.6392103280314982, -0.3324223908699298, 0.6934735110919403, -0.2681826814068966], [0.0, 0.0, 0.0, 1.0]], "suj_ecm_transform": [[0.9725794302329868, 0.23257096008621433, -2.030407694920246e-05, 0.08273643060856402], [-0.2325709609580142, 0.9725794254910616, -9.60757127473067e-05, 0.8829994297480954], [-2.5970932602268276e-06, 9.816340065044513e-05, 0.999999995178601, 0.6433218335032189], [0.0, 0.0, 0.0, 1.0]], "suj_psm2_transform": [[-0.3371752881715844, -0.9246048683843884, -0.17725310267043687, -0.08080171305398473], [-0.8908121255734054, 0.2524245461000977, 0.37780365993138626, 0.17070991863270424], [-0.30457606927958064, 0.28528527106397744, -0.9087605471938976, -0.3397231428470727], [0.0, 0.0, 0.0, 1.0]], "ecm_transform": [[0.9881780029145792, -0.09155029493061057, -0.12297470493508947, 0.06625315412312491], [-0.12687152297017973, -0.9386438772362196, -0.3207043629048166, 0.8400497806430902], [-0.08606887483278292, 0.33251498496319737, -0.9391623574015004, 0.5175456587079434], [0.0, 0.0, 0.0, 1.0]], "psm2_transform": [[-0.026748268958333092, 0.9995255332784307, 0.015272145631878235, 0.00239888582909633], [0.8680069821612706, 0.030801109143480904, -0.49559577338271893, -0.07784614594338615], [-0.495831028705361, 0.0, -0.8684190180857301, -0.00535463491160236], [0.0, 0.0, 0.0, 1.0]]}