{"ecm_psm_transform": [[-0.6083470247393924, -0.33944896865979524, -0.7174177968008115, -0.07233019787476161], [0.4637020745506587, -0.8856146562583225, 0.025827633996726773, 0.14167179330093257], [-0.6441228792304654, -0.3169559563981325, 0.6961642321719786, -0.26780129457245416], [0.0, 0.0, 0.0, 1.0]], "suj_ecm_transform": [[0.9725807511048733, 0.2325654363142708, -2.0303531286538098e-05, 0.08274439078895726], [-0.23256543718604367, 0.9725807463629432, -9.607582806286458e-05, 0.8829924879896348], [-2.597093260230363e-06, 9.816340065047773e-05, 0.9999999951786009, 0.6433171786621947], [0.0, 0.0, 0.0, 1.0]], "suj_psm2_transform": [[-0.337065193888145, -0.9246577892380707, -0.1771864212362531, -0.08082022986617604], [-0.890846526900928, 0.2523497950284855, 0.3777724797515506, 0.17068575071739733], [-0.30459730888125325, 0.2851798621053826, -0.9087865127035356, -0.33977739364927895], [0.0, 0.0, 0.0, 1.0]], "ecm_transform": [[0.988177091237734, -0.09155703967224074, -0.12297700939357249, 0.06625365713972849], [-0.12687862364460703, -0.9386432193657931, -0.320703479246281, 0.8400425391303878], [-0.08606887483278287, 0.33251498496319737, -0.9391623574015003, 0.5175508945972747], [0.0, 0.0, 0.0, 1.0]], "psm2_transform": [[-0.011836679182705857, 0.9999071044894853, 0.0067583590744502865, 0.0010615628342351042], [0.868334899920651, 0.013630201445815344, -0.49579100353711475, -0.07787590110339554], [-0.49583706457436055, 0.0, -0.8684155718285349, -0.005354093590860386], [0.0, 0.0, 0.0, 1.0]]}