{"ecm_psm_transform": [[-0.616415782228932, -0.33462601738251313, -0.7127811809453248, -0.07158500088574643], [0.442415839673594, -0.8960029170859171, 0.03803941875786715, 0.1435892069753986], [-0.6513829965734467, -0.2918975866022972, 0.7003541894718356, -0.2671304710500949], [0.0, 0.0, 0.0, 1.0]], "suj_ecm_transform": [[0.9725796300658639, 0.23257012441131703, -2.030399439753051e-05, 0.08274722589824621], [-0.23257012528311277, 0.972579625323938, -9.607573019327579e-05, 0.8829782557462424], [-2.597093260228713e-06, 9.816340065046519e-05, 0.9999999951786012, 0.64330903780599], [0.0, 0.0, 0.0, 1.0]], "suj_psm2_transform": [[-0.33712585560575575, -0.9246345970782271, -0.17719204092755347, -0.08079955356088186], [-0.8908292546709996, 0.25240527336187685, 0.3777761466813751, 0.17069185891305366], [-0.3045806896446305, 0.28520596043052976, -0.9087838926997444, -0.3397608287726017], [0.0, 0.0, 0.0, 1.0]], "ecm_transform": [[0.9881750201733579, -0.09157236034151961, -0.12298224394955268, 0.06627084228313078], [-0.12689475280878698, -0.9386417248324346, -0.32070147195357457, 0.840039051163016], [-0.08606887483278289, 0.3325149849631974, -0.9391623574015004, 0.5175478393557353], [0.0, 0.0, 0.0, 1.0]], "psm2_transform": [[0.012091407600874167, 0.9999030614616459, -0.00690402359915304, -0.0010844331736579024], [0.8683244969202352, -0.013923637442426447, -0.4958010693499889, -0.07787678002783023], [-0.4958491362405002, 0.0, -0.8684086791882897, -0.005353664459474921], [0.0, 0.0, 0.0, 1.0]]}