{"ecm_psm_transform": [[-0.6238616243823545, -0.32995408981441765, -0.7084680460244832, -0.0709319657921245], [0.42266737456970493, -0.9049447655293346, 0.049267248912544165, 0.14537557586871303], [-0.6573803800672504, -0.2687103830442676, 0.7040211402698361, -0.26651654799747426], [0.0, 0.0, 0.0, 1.0]], "suj_ecm_transform": [[0.9725866668366476, 0.23254069553402032, -2.0301087283691465e-05, 0.08271570880678031], [-0.23254069640567257, 0.9725866620946954, -9.607634451708854e-05, 0.8829967677241872], [-2.5970932602313795e-06, 9.816340065046653e-05, 0.999999995178601, 0.6433147055676127], [0.0, 0.0, 0.0, 1.0]], "suj_psm2_transform": [[-0.3371673203418012, -0.9245995775134659, -0.17729585261773534, -0.08081658531750448], [-0.8908114140220136, 0.2523966968134166, 0.3778239432404691, 0.17070936874912157], [-0.30458697073517466, 0.28532705567400507, -0.9087437749766285, -0.33969649883038255], [0.0, 0.0, 0.0, 1.0]], "ecm_transform": [[0.988164157991998, -0.09165268090583349, -0.12300968637769524, 0.06631426147763717], [-0.126979311877897, -0.9386338854194953, -0.32069094701490647, 0.8400258363249076], [-0.08606887483278286, 0.33251498496319715, -0.9391623574015004, 0.5175503073690635], [0.0, 0.0, 0.0, 1.0]], "psm2_transform": [[0.034058329141092546, 0.999230544068093, -0.01945122149120395, -0.0030547983623776245], [0.867692260927261, -0.03922142018569532, -0.49555203614308235, -0.07782604034236858], [-0.4959336352205351, 0.0, -0.8683604260080864, -0.00534673922770414], [0.0, 0.0, 0.0, 1.0]]}