{"ecm_psm_transform": [[-0.6290524757170531, -0.326242412880853, -0.7055911499104317, -0.07047242397501552], [0.40771109966565344, -0.9112759896352101, 0.05785957071904749, 0.1466902560497274], [-0.6618645193721071, -0.25128063743959234, 0.7062530702547651, -0.26618314168839785], [0.0, 0.0, 0.0, 1.0]], "suj_ecm_transform": [[0.9725751084584312, 0.23258903240424536, -2.0305862213462563e-05, 0.08274957686599965], [-0.2325890332761333, 0.9725751037165222, -9.607533544275027e-05, 0.8829956488461104], [-2.597093260230819e-06, 9.81634006504806e-05, 0.999999995178601, 0.6433122360436414], [0.0, 0.0, 0.0, 1.0]], "suj_psm2_transform": [[-0.33710792473408835, -0.9246347576679486, -0.1772253142014715, -0.08081960232353476], [-0.8908323995309506, 0.25237276504924555, 0.37779044906843157, 0.17067998702670212], [-0.30459133774190805, 0.28523420617754175, -0.9087714589482125, -0.33974860854869093], [0.0, 0.0, 0.0, 1.0]], "ecm_transform": [[0.9881689234451478, -0.09161744936050543, -0.12299764920490483, 0.06630317707600916], [-0.12694222119640242, -0.9386373249277913, -0.32069556393895404, 0.8400401920620022], [-0.08606887483278289, 0.3325149849631973, -0.9391623574015004, 0.5175444975726475], [0.0, 0.0, 0.0, 1.0]], "psm2_transform": [[0.050454516766714794, 0.9983109847545465, -0.02880137941566371, -0.004524690172187125], [0.8669969669868866, -0.05809627972949492, -0.4949152265965678, -0.07775106981957204], [-0.4957525602287668, 0.0, -0.8684638156115791, -0.005361672057699173], [0.0, 0.0, 0.0, 1.0]]}