{"ecm_psm_transform": [[-0.6283675586896182, -0.3266717532809464, -0.7060026747787873, -0.07045244401190927], [0.4097898354260435, -0.9104264858686335, 0.056532332433640614, 0.14641581861001707], [-0.6612310503658654, -0.25378963618958905, 0.7059492323069774, -0.2662722639101303], [0.0, 0.0, 0.0, 1.0]], "suj_ecm_transform": [[0.9725745452962443, 0.23259138726415943, -2.030609483709938e-05, 0.08275250133495782], [-0.23259138813605887, 0.9725745405543375, -9.607528627657469e-05, 0.8829835827907015], [-2.59709326022503e-06, 9.816340065042953e-05, 0.9999999951786009, 0.643307436695862], [0.0, 0.0, 0.0, 1.0]], "suj_psm2_transform": [[-0.3370095412329011, -0.9246675631384949, -0.17724126719674416, -0.08073808151929726], [-0.8908637864902005, 0.25227571101223906, 0.37778125887027836, 0.17059764743033112], [-0.30460840933620426, 0.2852137151554731, -0.9087721681746644, -0.3397809795405362], [0.0, 0.0, 0.0, 1.0]], "ecm_transform": [[0.9881767835200361, -0.09155931613426889, -0.12297778718541569, 0.0662743442820406], [-0.126881020239495, -0.9386429973125832, -0.32070318099300993, 0.8400424532154686], [-0.08606887483278289, 0.3325149849631975, -0.9391623574015004, 0.5175450749130122], [0.0, 0.0, 0.0, 1.0]], "psm2_transform": [[0.04811547668243896, 0.9984639416145812, -0.027471042919698554, -0.004315015331055225], [0.8670919575723652, -0.05540539049112682, -0.49505735002911455, -0.07776115604243843], [-0.49581895689550354, 0.0, -0.8684259104742642, -0.005354410452751923], [0.0, 0.0, 0.0, 1.0]]}