{"ecm_psm_transform": [[-0.6349532044929314, -0.3221156255913345, -0.7021936711862772, -0.06996550172738929], [0.39100452463812074, -0.9179096760132004, 0.06750769136816392, 0.14823764771389475], [-0.6662956474543982, -0.23169667764395158, 0.7087783572825004, -0.26576034991857633], [0.0, 0.0, 0.0, 1.0]], "suj_ecm_transform": [[0.9725815026657089, 0.23256229328997294, -2.0303220804708683e-05, 0.08274434005637579], [-0.2325622941617305, 0.9725814979237759, -9.607589367586397e-05, 0.8829865036480119], [-2.597093260221791e-06, 9.816340065043788e-05, 0.9999999951786012, 0.6433240160736478], [0.0, 0.0, 0.0, 1.0]], "suj_psm2_transform": [[-0.33719853541489714, -0.9246009919813287, -0.17722909846069795, -0.08084348564373164], [-0.8908057397913054, 0.2524567157522776, 0.37779722157056583, 0.1707241604600958], [-0.30456900969881007, 0.2852693679642403, -0.9087679054810252, -0.339721786091955], [0.0, 0.0, 0.0, 1.0]], "ecm_transform": [[0.9881784047880289, -0.09154732168054058, -0.12297368907090028, 0.06626139405914712], [-0.12686839281556928, -0.9386441672263481, -0.32070475243804875, 0.8400522378113008], [-0.08606887483278286, 0.3325149849631973, -0.9391623574015004, 0.5175460929148652], [0.0, 0.0, 0.0, 1.0]], "psm2_transform": [[0.0687292212918168, 0.9968637528467101, -0.03922948382267839, -0.006163286993878893], [0.8657607069950719, -0.07913695887746325, -0.4941616536752121, -0.07763701675853907], [-0.49571634264366754, 0.0, -0.8684844890013788, -0.00536426627447251], [0.0, 0.0, 0.0, 1.0]]}