{"ecm_psm_transform": [[-0.6435657376143782, -0.31578000369881465, -0.6972131170831756, -0.06917578067107368], [0.36655228141140894, -0.9268272873160663, 0.08142852373973705, 0.15048754656170513], [-0.671909641515102, -0.203160450753384, 0.7122241675826013, -0.2652565743365324], [0.0, 0.0, 0.0, 1.0]], "suj_ecm_transform": [[0.9726031728328842, 0.23247164941891188, -2.0294266614581933e-05, 0.08267425963298745], [-0.2324716502902275, 0.97260316809087, -9.607778548255036e-05, 0.8830048808399567], [-2.5970932602217047e-06, 9.816340065040742e-05, 0.9999999951786008, 0.6433163053044286], [0.0, 0.0, 0.0, 1.0]], "suj_psm2_transform": [[-0.337219840584788, -0.924602617823619, -0.17718007289105836, -0.08082669704723677], [-0.8908035887844049, 0.2525007078377029, 0.3777728930856259, 0.17078374526015916], [-0.30455171207004383, 0.28522515957602623, -0.908787578601312, -0.33973930121591556], [0.0, 0.0, 0.0, 1.0]], "ecm_transform": [[0.9881736935623416, -0.09158217289173223, -0.1229855965541839, 0.06627525990976213], [-0.12690508317785534, -0.9386407674842138, -0.32070018628037633, 0.8400427204725462], [-0.08606887483278289, 0.3325149849631973, -0.9391623574015003, 0.5175465301430728], [0.0, 0.0, 0.0, 1.0]], "psm2_transform": [[0.09512827936555165, 0.9939812193335098, -0.05433181459530521, -0.008532835514533802], [0.8631236762680126, -0.10955060753947948, -0.4929667167804759, -0.07742064092206935], [-0.49595174153393257, 0.0, -0.8683500849711823, -0.005347075340610855], [0.0, 0.0, 0.0, 1.0]]}