{"ecm_psm_transform": [[-0.6486223457822748, -0.3115264531480563, -0.6944352536708452, -0.06870480898331435], [0.3510707004266675, -0.9319955397719776, 0.09018690119451594, 0.15175016928634227], [-0.6753061645311911, -0.185298631495573, 0.713880943373641, -0.264973636407022], [0.0, 0.0, 0.0, 1.0]], "suj_ecm_transform": [[0.9725772114223208, 0.23258023864827718, -2.0304993526869855e-05, 0.08274509306464285], [-0.23258023952012222, 0.9725772066804039, -9.607551903862231e-05, 0.8829928967454825], [-2.5970932602331058e-06, 9.816340065046929e-05, 0.9999999951786009, 0.6433101982546303], [0.0, 0.0, 0.0, 1.0]], "suj_psm2_transform": [[-0.33709781440302267, -0.9246328524074442, -0.1772544830845723, -0.08080668131636984], [-0.8908341641027234, 0.2523501745369042, 0.3778013783439601, 0.1706605670407143], [-0.30459736635779927, 0.28526036819030376, -0.9087612264769139, -0.33974133914827187], [0.0, 0.0, 0.0, 1.0]], "ecm_transform": [[0.9881726512167883, -0.0915898822468531, -0.122988230563707, 0.0662822087660582], [-0.12691319936162165, -0.9386400152587426, -0.32069917614933946, 0.8400473999868093], [-0.08606887483278289, 0.33251498496319737, -0.9391623574015004, 0.5175516205643309], [0.0, 0.0, 0.0, 1.0]], "psm2_transform": [[0.11159988038200602, 0.9917098292484274, -0.06369522172641323, -0.01000753168089889], [0.8612982714629003, -0.12849752749393661, -0.4915828241537382, -0.07723547470538508], [-0.49569219710798557, 0.0, -0.8684982704221454, -0.00536643150405023], [0.0, 0.0, 0.0, 1.0]]}