{"ecm_psm_transform": [[-0.6476157620601339, -0.31247014212060853, -0.6949505270264918, -0.06879847345226962], [0.3545300301139295, -0.9308785275621088, 0.08816816132378388, 0.1514568660352517], [-0.6744644412262877, -0.1892817402892501, 0.7136316559082735, -0.2650028013325088], [0.0, 0.0, 0.0, 1.0]], "suj_ecm_transform": [[0.9725826616192531, 0.23255744646303703, -2.0302742013770397e-05, 0.08273741330893328], [-0.232557447334771, 0.9725826568773158, -9.607599485503325e-05, 0.8829851977925369], [-2.5970932602349e-06, 9.816340065044475e-05, 0.999999995178601, 0.6433125258811387], [0.0, 0.0, 0.0, 1.0]], "suj_psm2_transform": [[-0.3371206345490859, -0.9246192716532181, -0.17728192307365753, -0.08081156349218363], [-0.8908243284593759, 0.25235756970268164, 0.37781963003350993, 0.17067978419955332], [-0.30460087587878626, 0.28529784349207543, -0.9087482857825084, -0.33970873853777594], [0.0, 0.0, 0.0, 1.0]], "ecm_transform": [[0.9881806124214437, -0.09153098723830547, -0.12296810809946458, 0.0662452746254649], [-0.1268511963656599, -0.9386457602046184, -0.32070689239630473, 0.8400574678240028], [-0.08606887483278285, 0.33251498496319737, -0.9391623574015003, 0.5175523465313865], [0.0, 0.0, 0.0, 1.0]], "psm2_transform": [[0.10794312020140212, 0.9922447556620771, -0.061633007895853784, -0.009681111278477568], [0.8616773773098929, -0.12429941617362779, -0.49199771602238124, -0.07728139190639606], [-0.495843100419407, 0.0, -0.8684121255293882, -0.005354859307170608], [0.0, 0.0, 0.0, 1.0]]}