{"ecm_psm_transform": [[-0.5142562252095897, -0.3753181604413106, -0.7711529117342, -0.08074909912060588], [0.676353373962227, -0.7303498696279402, -0.09557814323559205, 0.12254679160545373], [-0.5273392156507006, -0.5707235288450985, 0.6294346711609571, -0.27831288204324356], [0.0, 0.0, 0.0, 1.0]], "suj_ecm_transform": [[0.9725733283305844, 0.23259647591399868, -2.0306597516839302e-05, 0.08276280326217415], [-0.23259647678592293, 0.9725733235886822, -9.607518003078598e-05, 0.8829811168771227], [-2.5970932602337207e-06, 9.816340065042821e-05, 0.9999999951786009, 0.6433094711889245], [0.0, 0.0, 0.0, 1.0]], "suj_psm2_transform": [[-0.3370424353888445, -0.9246653682762968, -0.17719016185335323, -0.08080440102013312], [-0.89085519487808, 0.2523286410215626, 0.3777661693150277, 0.17062735576590393], [-0.30459714132915855, 0.285174005881799, -0.9087884065410565, -0.33980478869380737], [0.0, 0.0, 0.0, 1.0]], "ecm_transform": [[0.9881739386857032, -0.09158035984747527, -0.12298497710123489, 0.06627718943179364], [-0.12690317445754887, -0.9386409443792295, -0.32070042383424663, 0.8400265408674998], [-0.08606887483278287, 0.3325149849631975, -0.9391623574015006, 0.5175504535237931], [0.0, 0.0, 0.0, 1.0]], "psm2_transform": [[-0.26858072861108806, 0.9509748776528854, 0.1533335393572352, 0.024083922287466385], [0.8258643324617971, 0.3092681394406474, -0.47148841162254507, -0.07405614135406395], [-0.4957948129883645, 0.0, -0.8684396947479041, -0.005352654183401726], [0.0, 0.0, 0.0, 1.0]]}