{"ecm_psm_transform": [[-0.655539998042371, -0.3057986609478503, -0.6904741051836123, -0.06809509781175], [0.33039918659224615, -0.938326072494944, 0.10188502920152251, 0.15360487134601533], [-0.6790461607768581, -0.1613423708723616, 0.716145900564609, -0.2646613108375463], [0.0, 0.0, 0.0, 1.0]], "suj_ecm_transform": [[0.9725857285224755, 0.2325446199383156, -2.0301474953447022e-05, 0.08272833124904252], [-0.232544620809987, 0.9725857237805268, -9.60762626009855e-05, 0.8829931113043482], [-2.5970932602294754e-06, 9.816340065042895e-05, 0.9999999951786009, 0.6433094694036188], [0.0, 0.0, 0.0, 1.0]], "suj_psm2_transform": [[-0.3370313191248728, -0.924667378567196, -0.17720081529896506, -0.08081855865509913], [-0.8908553928085475, 0.2523109241506007, 0.3777775359364268, 0.17066571559524862], [-0.3046088623675888, 0.28518316319155235, -0.9087816043468221, -0.3397675437743295], [0.0, 0.0, 0.0, 1.0]], "ecm_transform": [[0.9881769624564358, -0.091557992387563, -0.12297733490497868, 0.06626536019356893], [-0.12687962663639535, -0.9386431264356458, -0.3207033544254337, 0.8400499371655195], [-0.08606887483278287, 0.33251498496319737, -0.9391623574015004, 0.5175536553320557], [0.0, 0.0, 0.0, 1.0]], "psm2_transform": [[0.1334430916533942, 0.9881228840239784, -0.0761978172792315, -0.011967483858160113], [0.8580842721167516, -0.15366576088424944, -0.4899777707995835, -0.07695497420107242], [-0.4958672435600565, 0.0, -0.8683983399132864, -0.00534942652067788], [0.0, 0.0, 0.0, 1.0]]}