{"ecm_psm_transform": [[-0.6622746165638179, -0.30005327744794963, -0.6865568898117563, -0.06747275364278715], [0.3100650112083015, -0.9439238809610563, 0.1134345440146596, 0.15539797761130011], [-0.6820938506390776, -0.13775245059221855, 0.7181728491639006, -0.26433652036180555], [0.0, 0.0, 0.0, 1.0]], "suj_ecm_transform": [[0.9725826966306095, 0.2325573000413692, -2.0302727549594927e-05, 0.08273105829864301], [-0.23255730091310245, 0.9725826918886721, -9.607599791162022e-05, 0.882990584934106], [-2.597093260239289e-06, 9.816340065046828e-05, 0.999999995178601, 0.6433202318437661], [0.0, 0.0, 0.0, 1.0]], "suj_psm2_transform": [[-0.3370491088593916, -0.9246475456105671, -0.17727045612127418, -0.08080192474455827], [-0.8908466209391032, 0.2522959415482718, 0.3778082262731359, 0.17063816463554365], [-0.3046148324991284, 0.2852607128130784, -0.908755263834495, -0.3397334731063404], [0.0, 0.0, 0.0, 1.0]], "ecm_transform": [[0.9881707308915387, -0.09160408397396888, -0.12299308276717207, 0.06628692812129307], [-0.12692815051950113, -0.938638629385247, -0.3206973152857445, 0.8400477902906828], [-0.0860688748327829, 0.3325149849631974, -0.9391623574015003, 0.5175481302918827], [0.0, 0.0, 0.0, 1.0]], "psm2_transform": [[0.1547746058877776, 0.9839855292155454, -0.08841549449438287, -0.013882946259880166], [0.8544032124671797, -0.17824836126709026, -0.4880806001382974, -0.0766381139523065], [-0.4960241646311666, 0.0, -0.868308717048236, -0.00533796580491076], [0.0, 0.0, 0.0, 1.0]]}