{"ecm_psm_transform": [[-0.6671128639085334, -0.2955330591065221, -0.6838279299523353, -0.06713723830770377], [0.29379883178907606, -0.947914370625603, 0.12304711455715353, 0.15697785346391768], [-0.684574812016283, -0.11882153397683412, 0.7191931380486489, -0.26413496575292894], [0.0, 0.0, 0.0, 1.0]], "suj_ecm_transform": [[0.9725765214761196, 0.23258312376676651, -2.030527853176001e-05, 0.0827333653945034], [-0.23258312463862565, 0.9725765167342053, -9.607545880402543e-05, 0.8829926126459382], [-2.59709326022853e-06, 9.816340065041562e-05, 0.999999995178601, 0.6433139797378877], [0.0, 0.0, 0.0, 1.0]], "suj_psm2_transform": [[-0.33723848061250167, -0.9245910284845473, -0.17720507114656336, -0.08089921473595144], [-0.8907937906232195, 0.25250404325349435, 0.3777937674548818, 0.17074508140163835], [-0.30455973105663064, 0.28525977316566153, -0.9087740269352929, -0.3397360282203028], [0.0, 0.0, 0.0, 1.0]], "ecm_transform": [[0.9881745822876257, -0.0915755993424875, -0.12298335060381504, 0.066273333788987], [-0.12689816273569704, -0.9386414088351253, -0.32070104757283807, 0.8400296197837206], [-0.08606887483278286, 0.33251498496319737, -0.9391623574015003, 0.5175556932583976], [0.0, 0.0, 0.0, 1.0]], "psm2_transform": [[0.17175587420732624, 0.9802496096513733, -0.09803378220596934, -0.015402346112530139], [0.8513349587016458, -0.19776426061938066, -0.48591983424649043, -0.0763441469011485], [-0.4957103062956673, 0.0, -0.8684879344195036, -0.005365461272085537], [0.0, 0.0, 0.0, 1.0]]}