{"ecm_psm_transform": [[-0.6669079737511652, -0.2956663961537047, -0.6839701285382251, -0.06700032362141717], [0.294864016230202, -0.9476980560193838, 0.1221622140830652, 0.1567617525748203], [-0.6843164227751011, -0.12020722441917545, 0.7192087713019966, -0.2641746173364127], [0.0, 0.0, 0.0, 1.0]], "suj_ecm_transform": [[0.9725868805086209, 0.23253980186277637, -2.0300999002944454e-05, 0.08272065953382265], [-0.2325398027344243, 0.9725868757666678, -9.607636317084391e-05, 0.8829883546039184], [-2.5970932602282015e-06, 9.816340065040086e-05, 0.999999995178601, 0.6433142698500478], [0.0, 0.0, 0.0, 1.0]], "suj_psm2_transform": [[-0.33703432322837135, -0.9246596787087694, -0.17723527734677813, -0.08074216258594798], [-0.8908565485210099, 0.25230158822087, 0.37778104576389293, 0.1706365912459124], [-0.3046021584349456, 0.2852163865408547, -0.9087734249665043, -0.33976206789865815], [0.0, 0.0, 0.0, 1.0]], "ecm_transform": [[0.988166407432861, -0.09163605182845955, -0.12300400492067479, 0.06630971826081791], [-0.12696180530479337, -0.9386355090130657, -0.3206931262336804, 0.840025463383994], [-0.08606887483278292, 0.3325149849631974, -0.9391623574015006, 0.5175497286553867], [0.0, 0.0, 0.0, 1.0]], "psm2_transform": [[0.17053359723672412, 0.9805281229720886, -0.09738014312135454, -0.015295081097363675], [0.8514822353883074, -0.19637871590585557, -0.4862236139445497, -0.07636905603504199], [-0.4958793149866549, 0.0, -0.8683914468535293, -0.005351611282363562], [0.0, 0.0, 0.0, 1.0]]}