{"ecm_psm_transform": [[-0.6759902135212512, -0.2869663876398644, -0.67873965818156, -0.06621639845659394], [0.2656929559866962, -0.9540226312635849, 0.13873742168556344, 0.15934759488567657], [-0.6873459713728924, -0.08655120681904654, 0.7211549100128362, -0.263850510151638], [0.0, 0.0, 0.0, 1.0]], "suj_ecm_transform": [[0.9725924880464905, 0.2325163473468071, -2.029868206459989e-05, 0.08269736400333301], [-0.23251634821834066, 0.9725924833045164, -9.607685271228475e-05, 0.88299495980016], [-2.59709326021957e-06, 9.81634006504231e-05, 0.999999995178601, 0.6433085987924765], [0.0, 0.0, 0.0, 1.0]], "suj_psm2_transform": [[-0.3370229718908734, -0.9246456438335591, -0.17733005880974323, -0.0807760280941931], [-0.8908530908745496, 0.2522457867707355, 0.37782645954945326, 0.17060959399270614], [-0.30462482974489385, 0.285311227251989, -0.9087360544772386, -0.3397140126979181], [0.0, 0.0, 0.0, 1.0]], "ecm_transform": [[0.9881723549622558, -0.09159207330185593, -0.12298897916731265, 0.06628948090229836], [-0.12691550603991997, -0.9386398014591074, -0.3206988890586292, 0.8400396968707654], [-0.0860688748327829, 0.3325149849631974, -0.9391623574015006, 0.5175545269045161], [0.0, 0.0, 0.0, 1.0]], "psm2_transform": [[0.2005134891710402, 0.9729739212620775, -0.11452549587035941, -0.017984049483182295], [0.8448752792924435, -0.2309150245087932, -0.48255985524763556, -0.07577684121267214], [-0.4959638122897383, 0.0, -0.8683431907368362, -0.0053414190695135234], [0.0, 0.0, 0.0, 1.0]]}