{"ecm_psm_transform": [[-0.6803821856507084, -0.28219951890881656, -0.6763457052253663, -0.06585853453671212], [0.2498504090841402, -0.956918533359156, 0.14792462132535633, 0.1607921440444227], [-0.6889519972608058, -0.06833997396395966, 0.721577988459288, -0.26382375959633614], [0.0, 0.0, 0.0, 1.0]], "suj_ecm_transform": [[0.9725741258555599, 0.23259314113694132, -2.0306268092539635e-05, 0.08274876768934453], [-0.2325931420088493, 0.9725741211136547, -9.607524965781686e-05, 0.8829858318819837], [-2.59709326022749e-06, 9.816340065042376e-05, 0.999999995178601, 0.6433033678470685], [0.0, 0.0, 0.0, 1.0]], "suj_psm2_transform": [[-0.3370282171910921, -0.9246758761873838, -0.17716236850439948, -0.08080680488943237], [-0.8908600039416533, 0.252327167168812, 0.37775581277544923, 0.1706272269317174], [-0.30459880858938343, 0.2851412364174235, -0.9087981300048276, -0.3398111808478832], [0.0, 0.0, 0.0, 1.0]], "ecm_transform": [[0.9881761576264922, -0.0915639462922263, -0.1229793691557095, 0.06626315240208429], [-0.12688589473838585, -0.9386425456553305, -0.32070257436154187, 0.8400273430379378], [-0.08606887483278286, 0.33251498496319726, -0.9391623574015002, 0.517548853924308], [0.0, 0.0, 0.0, 1.0]], "psm2_transform": [[0.21658021615783368, 0.9684059237986524, -0.12362433708904037, -0.019421984908326778], [0.8410388506276485, -0.24937916262526552, -0.4800663339406811, -0.07542075704783097], [-0.4957284152678261, 0.0, -0.8684775980392643, -0.005363183658128715], [0.0, 0.0, 0.0, 1.0]]}