{"ecm_psm_transform": [[-0.6793983927769269, -0.2835732358675841, -0.6767599602456668, -0.06590994436650291], [0.25403980918392294, -0.9561687401870537, 0.14561976390208675, 0.1604699980499413], [-0.6883905862531279, -0.0729901376124952, 0.7216583960360916, -0.26378733110661806], [0.0, 0.0, 0.0, 1.0]], "suj_ecm_transform": [[0.9725674908322084, 0.23262088333571124, -2.0309008592898523e-05, 0.0827742243947989], [-0.23262088420775445, 0.972567486090328, -9.607467039044997e-05, 0.8829692936438509], [-2.597093260231588e-06, 9.816340065043431e-05, 0.9999999951786009, 0.6433136853684605], [0.0, 0.0, 0.0, 1.0]], "suj_psm2_transform": [[-0.3371834828051774, -0.9246027786744989, -0.17724841491750165, -0.0807766846488472], [-0.8908097555181907, 0.25243423230172535, 0.3778027763739441, 0.17067702647721078], [-0.3045739292798918, 0.28528347310987845, -0.908761828849217, -0.33974049471237233], [0.0, 0.0, 0.0, 1.0]], "ecm_transform": [[0.9881697192116853, -0.09161156515097352, -0.1229956387994636, 0.06630548189576771], [-0.1269360264783719, -0.9386378992484342, -0.32069633499054595, 0.8400270227000991], [-0.08606887483278289, 0.3325149849631973, -0.9391623574015006, 0.5175514737229452], [0.0, 0.0, 0.0, 1.0]], "psm2_transform": [[0.21244660171214913, 0.9696115459916488, -0.12132555914004382, -0.01905365224914077], [0.8419823215623781, -0.24464964720940188, -0.48084542245584827, -0.07551468569363487], [-0.4959155286915177, 0.0, -0.8683707666674485, -0.0053457495471251025], [0.0, 0.0, 0.0, 1.0]]}