{"ecm_psm_transform": [[-0.6862803305116918, -0.2763068422791612, -0.6728104018685219, -0.06533843874993885], [0.2307351940178279, -0.9599580403747404, 0.15887677917632825, 0.16257166523484437], [-0.6897684960871427, -0.04620703008858254, 0.7225540340874684, -0.26360329964250384], [0.0, 0.0, 0.0, 1.0]], "suj_ecm_transform": [[0.9725891416182035, 0.23253034467413822, -2.030006478084155e-05, 0.08271250296784284], [-0.23253034554574, 0.972589136876242, -9.60765605678951e-05, 0.8829995345361188], [-2.5970932602278745e-06, 9.816340065044842e-05, 0.999999995178601, 0.6433055450615806], [0.0, 0.0, 0.0, 1.0]], "suj_psm2_transform": [[-0.33716916193555385, -0.9245968947297826, -0.1773063408220915, -0.0808235464711097], [-0.8908109121233657, 0.2523941860040239, 0.3778268038576717, 0.1706908543170832], [-0.30458640002733806, 0.2853379700064637, -0.9087405393130522, -0.33968348954627425], [0.0, 0.0, 0.0, 1.0]], "ecm_transform": [[0.9881680098800925, -0.09162420425995862, -0.12299995708677061, 0.06630408251738948], [-0.1269493325490008, -0.9386366655786755, -0.3206946787782877, 0.8400354353829685], [-0.08606887483278289, 0.3325149849631973, -0.9391623574015004, 0.5175476932010057], [0.0, 0.0, 0.0, 1.0]], "psm2_transform": [[0.2359452383249528, 0.9623772769453414, -0.13475838130168727, -0.021161429716963366], [0.8356803902098222, -0.2717167216408841, -0.4772926865137258, -0.07495040785232684], [-0.49595174153393257, 0.0, -0.8683500849711823, -0.00534184831187292], [0.0, 0.0, 0.0, 1.0]]}