{"ecm_psm_transform": [[-0.6912932305454923, -0.2707348258046806, -0.669937551939348, -0.06491961534128461], [0.2131052502600379, -0.9623042089497758, 0.16898746033109485, 0.1641711440864355], [-0.6904345166006578, -0.02594732229067115, 0.722929398179629, -0.26357743750437146], [0.0, 0.0, 0.0, 1.0]], "suj_ecm_transform": [[0.9725822713695514, 0.23255907852723487, -2.0302903236269907e-05, 0.08273077114067368], [-0.23255907939897677, 0.9725822666276156, -9.607596078543436e-05, 0.882998255294491], [-2.597093260226826e-06, 9.816340065046313e-05, 0.999999995178601, 0.643310342349392], [0.0, 0.0, 0.0, 1.0]], "suj_psm2_transform": [[-0.3371823195503755, -0.9246051761084343, -0.1772381214528076, -0.08085413406170845], [-0.8908092301333804, 0.2524365280102069, 0.37780248124559274, 0.1707072435131149], [-0.30457675369568654, 0.28527367147993826, -0.9087639591602177, -0.33971966197825365], [0.0, 0.0, 0.0, 1.0]], "ecm_transform": [[0.9881759374696959, -0.09156557489816884, -0.12297992559542267, 0.06626229746707658], [-0.126887609288325, -0.9386423867844946, -0.320702360983827, 0.8400417578857841], [-0.08606887483278289, 0.3325149849631973, -0.9391623574015004, 0.5175462393442567], [0.0, 0.0, 0.0, 1.0]], "psm2_transform": [[0.25354603474895465, 0.9564194192669384, -0.14483198097165595, -0.02274157183413915], [0.8304772107165155, -0.2919963945823513, -0.4743898270741313, -0.07448886811748105], [-0.49600605918032725, 0.0, -0.8683190595952629, -0.005338283196612892], [0.0, 0.0, 0.0, 1.0]]}