{"ecm_psm_transform": [[-0.6960018606577887, -0.2652615617510494, -0.6672463666579912, -0.0644866033851014], [0.1961083984355965, -0.9641549054197047, 0.17873671815870906, 0.16567804405008546], [-0.6907408385378133, -0.006451527920941114, 0.723073628175972, -0.26361629439495904], [0.0, 0.0, 0.0, 1.0]], "suj_ecm_transform": [[0.9725758769844799, 0.23258581877568263, -2.0305544756802733e-05, 0.0827470949318464], [-0.23258581964755493, 0.972575872242568, -9.60754025377124e-05, 0.8829809374055464], [-2.5970932602292145e-06, 9.816340065040364e-05, 0.9999999951786009, 0.643309037668659], [0.0, 0.0, 0.0, 1.0]], "suj_psm2_transform": [[-0.33717780686868376, -0.9246247772052094, -0.17714442676370482, -0.08084382088081773], [-0.8908181838662825, 0.25247769317646634, 0.3777538586718451, 0.1706879602657725], [-0.3045555611844952, 0.2851736941348326, -0.908802439656216, -0.3397834043110499], [0.0, 0.0, 0.0, 1.0]], "ecm_transform": [[0.9881703576853773, -0.09160684381612005, -0.12299402570044662, 0.06629567412554571], [-0.12693105599880547, -0.9386383600412747, -0.32069695365259454, 0.8400290752470011], [-0.08606887483278289, 0.3325149849631972, -0.9391623574015002, 0.5175487063962667], [0.0, 0.0, 0.0, 1.0]], "psm2_transform": [[0.27034841733172554, 0.950291882155989, -0.1544573467163639, -0.024249483161395337], [0.8251205140930433, -0.31136046426678504, -0.4714136172348059, -0.07401096041213287], [-0.49607244477904955, 0.0, -0.868281135077192, -0.005331675434527575], [0.0, 0.0, 0.0, 1.0]]}