{"ecm_psm_transform": [[-0.5210888380743834, -0.3738904920932602, -0.7672498437644345, -0.08013578792227963], [0.6629519121564622, -0.7434783662507093, -0.08794703568209267, 0.1237481858193762], [-0.5375510998987723, -0.5544779696610467, 0.6352896946733702, -0.27739715034523493], [0.0, 0.0, 0.0, 1.0]], "suj_ecm_transform": [[0.9725733283305844, 0.23259647591399868, -2.0306597516839302e-05, 0.08276280326217415], [-0.23259647678592293, 0.9725733235886822, -9.607518003078598e-05, 0.8829811168771227], [-2.5970932602337207e-06, 9.816340065042821e-05, 0.9999999951786009, 0.6433094711889245], [0.0, 0.0, 0.0, 1.0]], "suj_psm2_transform": [[-0.3370424353888445, -0.9246653682762968, -0.17719016185335323, -0.08080440102013312], [-0.89085519487808, 0.2523286410215626, 0.3777661693150277, 0.17062735576590393], [-0.30459714132915855, 0.285174005881799, -0.9087884065410565, -0.33980478869380737], [0.0, 0.0, 0.0, 1.0]], "ecm_transform": [[0.9881739386857032, -0.09158035984747527, -0.12298497710123489, 0.06627718943179364], [-0.12690317445754887, -0.9386409443792295, -0.32070042383424663, 0.8400265408674998], [-0.08606887483278287, 0.3325149849631975, -0.9391623574015006, 0.5175504535237931], [0.0, 0.0, 0.0, 1.0]], "psm2_transform": [[-0.2520106858311901, 0.9569679434104722, 0.1438852650955772, 0.02259824623088218], [0.8310524596735566, 0.29019365135152647, -0.4744886236632028, -0.0745219515297195], [-0.49582499281240855, 0.0, -0.8684224643009733, -0.005349294354101145], [0.0, 0.0, 0.0, 1.0]]}