{"ecm_psm_transform": [[-0.7009124387327077, -0.2592871639906943, -0.6644485832774659, -0.06401025191426635], [0.17822774091071988, -0.9656997514335934, 0.18883554339942918, 0.16725985266205323], [-0.6906204642201316, 0.013934011294638837, 0.7230831333460982, -0.2635651924015974], [0.0, 0.0, 0.0, 1.0]], "suj_ecm_transform": [[0.9725747237588772, 0.23259064102626636, -2.030602112037407e-05, 0.08275252087272249], [-0.23259064189816214, 0.9725747190169697, -9.607530185706748e-05, 0.8829904207229422], [-2.5970932602269004e-06, 9.816340065047357e-05, 0.999999995178601, 0.6433171797608443], [0.0, 0.0, 0.0, 1.0]], "suj_psm2_transform": [[-0.337130289513365, -0.9246179431178202, -0.17727049150156493, -0.08080847333313519], [-0.8908235044108624, 0.2523732393149256, 0.37781110633071907, 0.17067127087971928], [-0.3045925998473786, 0.2852882881267001, -0.9087540595650465, -0.3397211136587006], [0.0, 0.0, 0.0, 1.0]], "ecm_transform": [[0.9881694105049303, -0.09161384788417913, -0.12299641872100614, 0.06630227731999454], [-0.1269384296710706, -0.93863767644964, -0.32069603586864537, 0.8400314121281167], [-0.08606887483278289, 0.3325149849631973, -0.9391623574015004, 0.5175447852128456], [0.0, 0.0, 0.0, 1.0]], "psm2_transform": [[0.287887235356771, 0.9434373967175174, -0.16445916877300829, -0.02582074776805382], [0.8191916629647527, -0.3315507178017772, -0.46797344032986465, -0.07347370326055667], [-0.4960301997335226, 0.0, -0.8683052694486668, -0.005333504803548186], [0.0, 0.0, 0.0, 1.0]]}