{"ecm_psm_transform": [[-0.705026851841992, -0.25393664979889885, -0.6621580748361235, -0.0636671639383881], [0.16233585342816415, -0.9666907631562198, 0.19787884960297028, 0.16866568712912097], [-0.690350786827624, 0.032017906198824886, 0.7227659682145555, -0.26362422146435255], [0.0, 0.0, 0.0, 1.0]], "suj_ecm_transform": [[0.9725834710932093, 0.2325540611214879, -2.0302407594857303e-05, 0.08272425686635392], [-0.23255406199320533, 0.972583466351269, -9.607606552371347e-05, 0.8829890413616015], [-2.597093260231088e-06, 9.816340065045762e-05, 0.9999999951786009, 0.6433087445352126], [0.0, 0.0, 0.0, 1.0]], "suj_psm2_transform": [[-0.3370844468088552, -0.9246383975114792, -0.17725097902965692, -0.0808323904694013], [-0.8908370057812517, 0.2523379720564828, 0.377802828190997, 0.17065350786738182], [-0.30460384904045834, 0.2852531887741582, -0.9087613071890289, -0.3397463812552691], [0.0, 0.0, 0.0, 1.0]], "ecm_transform": [[0.9881806949151622, -0.09153037681775043, -0.1229678995371872, 0.0662452827730311], [-0.1268505537315699, -0.9386458197288928, -0.3207069723649128, 0.8400612076149621], [-0.08606887483278289, 0.3325149849631975, -0.9391623574015003, 0.5175569998617675], [0.0, 0.0, 0.0, 1.0]], "psm2_transform": [[0.3033223075954598, 0.9370092226220573, -0.17323190940520458, -0.027202409484639086], [0.8136617277295954, -0.3493046188088668, -0.46469439001012447, -0.07297043094238503], [-0.4959336352205351, 0.0, -0.8683604260080864, -0.005340858610272822], [0.0, 0.0, 0.0, 1.0]]}