{"ecm_psm_transform": [[-0.5266312725329223, -0.3725363253688594, -0.7641179156851532, -0.07965377365881854], [0.6519053579802072, -0.7538809878195161, -0.08174876415560536, 0.12469888553714376], [-0.5455995848853381, -0.5411840190590795, 0.6398757305039854, -0.2766640707825201], [0.0, 0.0, 0.0, 1.0]], "suj_ecm_transform": [[0.9725793864895065, 0.23257114301529083, -2.0304095019743234e-05, 0.08273501292679764], [-0.23257114388709157, 0.9725793817475815, -9.607570892840031e-05, 0.8829956319474543], [-2.5970932602364177e-06, 9.816340065046186e-05, 0.9999999951786009, 0.6433074376571806], [0.0, 0.0, 0.0, 1.0]], "suj_psm2_transform": [[-0.33695569762223715, -0.9246941102742496, -0.17720513611073976, -0.0808179800099142], [-0.8908783778658125, 0.25223850621333693, 0.37777169273840955, 0.1705921954347031], [-0.3046253004776367, 0.2851605484764305, -0.9087831908114999, -0.3397930314330402], [0.0, 0.0, 0.0, 1.0]], "ecm_transform": [[0.9881769629283501, -0.09155798889638576, -0.12297733371215876, 0.06626150059972448], [-0.12687962296098262, -0.9386431267761854, -0.3207033548828341, 0.8400481599845109], [-0.0860688748327829, 0.3325149849631974, -0.9391623574015004, 0.5175530727731048], [0.0, 0.0, 0.0, 1.0]], "psm2_transform": [[-0.23711354252725148, 0.9620028533563825, 0.13537975507569722, 0.021262392906215434], [0.8354248885763175, 0.2730393930080025, -0.47698505785094486, -0.07491403500286954], [-0.49582499281240855, 0.0, -0.8684224643009733, -0.005349294354101145], [0.0, 0.0, 0.0, 1.0]]}