{"ecm_psm_transform": [[-0.532502603168354, -0.3711508601616173, -0.7607154636394728, -0.07911977397804362], [0.6399822582360947, -0.7647326031935042, -0.0748782662453879, 0.12583421676123402], [-0.5539527838741813, -0.5267172719915096, 0.6447520675607536, -0.27586354494387116], [0.0, 0.0, 0.0, 1.0]], "suj_ecm_transform": [[0.9725837209724985, 0.23255301607828235, -2.030230436090259e-05, 0.08272889650026499], [-0.23255301694999472, 0.9725837162305573, -9.607608733861778e-05, 0.8829852282423631], [-2.5970932602255503e-06, 9.816340065043655e-05, 0.999999995178601, 0.6433167388246941], [0.0, 0.0, 0.0, 1.0]], "suj_psm2_transform": [[-0.3370471879006119, -0.9246516819884841, -0.17725253206698288, -0.08081315425549143], [-0.89084720642898, 0.2523014719044377, 0.3778031525444654, 0.17065513640587238], [-0.30461524572150345, 0.2852424131694329, -0.9087608694278746, -0.33974510114117407], [0.0, 0.0, 0.0, 1.0]], "ecm_transform": [[0.9881758206667474, -0.09156643893683386, -0.12298022080817601, 0.06626768298314265], [-0.12688851892357875, -0.9386423024961915, -0.3207022477782607, 0.8400371179626044], [-0.0860688748327829, 0.33251498496319737, -0.9391623574015003, 0.517551182924129], [0.0, 0.0, 0.0, 1.0]], "psm2_transform": [[-0.2219054385881411, 0.966801368157915, 0.12670079262967737, 0.019898546056330284], [0.8395853629734658, 0.2555290874401264, -0.4793759524138962, -0.07528669923388306], [-0.49583706457436055, 0.0, -0.8684155718285349, -0.005347558326496388], [0.0, 0.0, 0.0, 1.0]]}