{"ecm_psm_transform": [[-0.5313287805643538, -0.37137229378575337, -0.761427833975292, -0.07921910665366656], [0.6423566408453423, -0.7625986724328128, -0.07629685947402767, 0.12557982796857825], [-0.5523293156314311, -0.5296469429837385, 0.6437440818229676, -0.2760355778535871], [0.0, 0.0, 0.0, 1.0]], "suj_ecm_transform": [[0.9725785201698683, 0.23257476581073494, -2.0304452895582847e-05, 0.08274767380456396], [-0.23257476668255334, 0.9725785154279467, -9.607563329627216e-05, 0.8829929348102312], [-2.597093260235906e-06, 9.816340065047839e-05, 0.9999999951786009, 0.6433147068035932], [0.0, 0.0, 0.0, 1.0]], "suj_psm2_transform": [[-0.3369629957083118, -0.9246859586396433, -0.17723379310380985, -0.080804894854766], [-0.8908726058345701, 0.2522302898080858, 0.3777907900900337, 0.17061688424204047], [-0.30463410790127077, 0.28519424748408384, -0.9087696636140449, -0.339769130873943], [0.0, 0.0, 0.0, 1.0]], "ecm_transform": [[0.988173788363273, -0.09158147170404995, -0.122985356983251, 0.06627129650025104], [-0.12690434498785352, -0.9386408358980792, -0.3207002781535416, 0.8400443547641248], [-0.08606887483278289, 0.33251498496319737, -0.9391623574015003, 0.5175575772021324], [0.0, 0.0, 0.0, 1.0]], "psm2_transform": [[-0.22496144856492173, 0.9658655111318047, 0.12843738188576415, 0.020172513670921648], [0.8387859643997352, 0.25904403951084753, -0.4788886003236126, -0.07521475987005741], [-0.49581292095464635, 0.0, -0.868429356605603, -0.005350376854235846], [0.0, 0.0, 0.0, 1.0]]}