{"ecm_psm_transform": [[-0.5368945260186416, -0.3699920053076591, -0.7581887521848604, -0.07877919919432483], [0.6307319343714108, -0.7728844667787782, -0.0694753767617162, 0.12672522378150103], [-0.5602869754824904, -0.5155148077606513, 0.6483232126680197, -0.2753069911976242], [0.0, 0.0, 0.0, 1.0]], "suj_ecm_transform": [[0.9725834479256246, 0.2325541580125287, -2.03024171661784e-05, 0.08272450804659745], [-0.23255415888424663, 0.9725834431836843, -9.607606350109619e-05, 0.8829960899478935], [-2.59709326022234e-06, 9.816340065041508e-05, 0.999999995178601, 0.643314703644976], [0.0, 0.0, 0.0, 1.0]], "suj_psm2_transform": [[-0.3371213949511359, -0.9246326134353664, -0.1772108778768529, -0.08086673039397796], [-0.8908275958867062, 0.2523905859789545, 0.37778987084874527, 0.17071189680963295], [-0.30459047830310093, 0.285225388562948, -0.9087745145228292, -0.3397556665292627], [0.0, 0.0, 0.0, 1.0]], "ecm_transform": [[0.9881760018645234, -0.09156509854089648, -0.12297976284024015, 0.0662695234653669], [-0.12688710779296905, -0.938642433253537, -0.32070242339560656, 0.8400475001840719], [-0.08606887483278292, 0.33251498496319737, -0.9391623574015004, 0.5175488541989706], [0.0, 0.0, 0.0, 1.0]], "psm2_transform": [[-0.21021670334281262, 0.9702599342569516, 0.12001915518522882, 0.018850337909409275], [0.8426022104469592, 0.242065404334647, -0.48106741208920223, -0.07555696639499898], [-0.49581292095464635, 0.0, -0.868429356605603, -0.005350376854235846], [0.0, 0.0, 0.0, 1.0]]}