{"ecm_psm_transform": [[-0.5428791830789145, -0.36823172023922585, -0.7547765184405456, -0.07827072815442043], [0.6179771354187966, -0.7837377458681809, -0.062124116098670246, 0.1278860774225685], [-0.5686707770574719, -0.5001605201444067, 0.6530336908688004, -0.2745678529596264], [0.0, 0.0, 0.0, 1.0]], "suj_ecm_transform": [[0.9725772126467073, 0.23258023352827978, -2.030499302109871e-05, 0.0827484299129467], [-0.23258023440012482, 0.9725772079047904, -9.607551914549739e-05, 0.8829894583049819], [-2.597093260224056e-06, 9.816340065045323e-05, 0.999999995178601, 0.643310202237235], [0.0, 0.0, 0.0, 1.0]], "suj_psm2_transform": [[-0.3371475536728225, -0.9246352481889104, -0.1771473535197849, -0.08089371993367439], [-0.8908215351391475, 0.2524427540627247, 0.3777693058647822, 0.17072696424758144], [-0.3045792500889777, 0.2851706747333236, -0.9087954482100894, -0.33976722392710346], [0.0, 0.0, 0.0, 1.0]], "ecm_transform": [[0.9881729028480832, -0.09158802118709176, -0.12298759470705088, 0.06627212290219767], [-0.1269112400924825, -0.9386401968539158, -0.32069941999983537, 0.8400383870714868], [-0.08606887483278287, 0.33251498496319737, -0.9391623574015004, 0.5175532183785099], [0.0, 0.0, 0.0, 1.0]], "psm2_transform": [[-0.19427163311602796, 0.9746574017338744, 0.1109120453864435, 0.01742087379095388], [0.8464278177708027, 0.22370281456739224, -0.48323596726483825, -0.07590151969192002], [-0.49580084900107657, 0.0, -0.868436248742423, -0.00535276649957998], [0.0, 0.0, 0.0, 1.0]]}