{"ecm_psm_transform": [[-0.7225072594412988, 0.20079740566791818, -0.6615615329896813, 0.017639601117041243], [0.5053693045976375, -0.4995988412642488, -0.7035643991689177, 0.21422578873704495], [-0.47178928138007137, -0.8426632777595411, 0.2594869443544754, -0.19025575503085282], [0.0, 0.0, 0.0, 1.0]], "suj_ecm_transform": [[0.9934949066370675, 0.11387655778198434, -8.598311281609375e-06, -0.09249203592665128], [-0.11387655807697948, 0.9934949018247016, -9.782058660510428e-05, 1.006733701122358], [-2.59709326022303e-06, 9.816340065044538e-05, 0.999999995178601, 0.7425415624452667], [0.0, 0.0, 0.0, 1.0]], "suj_psm2_transform": [[0.29070795257919607, -0.9320649284047124, -0.21620327366885564, -0.0006817439517276119], [-0.7356428426822716, -0.36221672227416185, 0.5723885516983278, 0.2775203654365978], [-0.6118157355916555, -0.007349513105022132, -0.7909661752183597, -0.23214766686237387], [0.0, 0.0, 0.0, 1.0]], "ecm_transform": [[0.9594817685826225, 0.28106176264639304, 0.019975518407934087, -0.08832073632608341], [0.2384363523949854, -0.7721018121336989, -0.5890729136163305, 0.8838039537210548], [-0.15014273746717632, 0.5699676107271018, -0.8078329537150002, 0.5739553383050997], [0.0, 0.0, 0.0, 1.0]], "psm2_transform": [[-0.29316181172254807, 0.9414543676118649, 0.16649272011741817, 0.026258232190526053], [0.8186454024743682, 0.337140436175407, -0.4649258341962039, -0.0733253111432633], [-0.4938378855000222, 0.0, -0.8695539907589793, -0.005541785775042302], [0.0, 0.0, 0.0, 1.0]]}