{"ecm_psm_transform": [[-0.6895758146211186, 0.24863173839266717, -0.6801966293311523, 0.014735673553172674], [0.42247813355488895, -0.6247423451225658, -0.6566652334932421, 0.2216896469301214], [-0.5882154558982602, -0.7401886657296215, 0.3257657387875598, -0.17981078007191223], [0.0, 0.0, 0.0, 1.0]], "suj_ecm_transform": [[0.9934927132538538, 0.11389569191823153, -8.600195249925212e-06, -0.09247163307312127], [-0.11389569221331934, 0.9934927084414935, -9.782042098832346e-05, 1.0067490756809092], [-2.5970932602239324e-06, 9.816340065048363e-05, 0.999999995178601, 0.742542580721782], [0.0, 0.0, 0.0, 1.0]], "suj_psm2_transform": [[0.29071663366117567, -0.9320668182876627, -0.21618345255783805, -0.0006392645538942088], [-0.7356489923523842, -0.36221151622837916, 0.5723839424393912, 0.277566364711495], [-0.6118042162028925, -0.007366393870258947, -0.7909749283496366, -0.23213696539055462], [0.0, 0.0, 0.0, 1.0]], "ecm_transform": [[0.9594798539388469, 0.28106796251428184, 0.019980248586032784, -0.08834304040522441], [0.2384440569008839, -0.7720995552194738, -0.5890727531965292, 0.8838144634860515], [-0.1501427374671764, 0.5699676107271019, -0.8078329537150002, 0.573954757119461], [0.0, 0.0, 0.0, 1.0]], "psm2_transform": [[-0.15139407676712244, 0.984723005155099, 0.08602579054063636, 0.013562020585302145], [0.8561582581670353, 0.1741281227094314, -0.48648991135898934, -0.07669544390034762], [-0.4940373169024976, 0.0, -0.8694406992473847, -0.0055232657358477225], [0.0, 0.0, 0.0, 1.0]]}