{"ecm_psm_transform": [[-0.684479717153768, 0.2546769190456955, -0.6831011518878374, 0.014320033922216147], [0.40983039954348177, -0.6405064366204237, -0.6494540386030694, 0.22278356998923593], [-0.6029316382601996, -0.7244937346542062, 0.33403932108611517, -0.17854159556733518], [0.0, 0.0, 0.0, 1.0]], "suj_ecm_transform": [[0.9934896730202532, 0.11392220823045095, -8.602806077080367e-06, -0.09246015594653384], [-0.11392220852566722, 0.9934896682079006, -9.782019141394961e-05, 1.0067451452801468], [-2.59709326022705e-06, 9.816340065044239e-05, 0.9999999951786009, 0.7425430201472889], [0.0, 0.0, 0.0, 1.0]], "suj_psm2_transform": [[0.2907553112500105, -0.9320565569694887, -0.21617567760988252, -0.0005973639421136823], [-0.735638921820527, -0.36223732833181926, 0.5723805505655815, 0.2775282235662365], [-0.6117979451441807, -0.007395442732392177, -0.7909795077902777, -0.23218377086294306], [0.0, 0.0, 0.0, 1.0]], "ecm_transform": [[0.959509648309442, 0.28097145966897646, 0.019906623334357054, -0.08826619004699968], [0.23832413471353214, -0.7721346783907092, -0.5890752458213827, 0.8837999680664221], [-0.15014273746717627, 0.5699676107271018, -0.8078329537150001, 0.5739620286005045], [0.0, 0.0, 0.0, 1.0]], "psm2_transform": [[-0.13163096910480118, 0.9884739094511579, 0.07478381045971776, 0.011791437972989607], [0.8594533868573853, 0.15139131525402674, -0.4882832635725147, -0.07698941495854306], [-0.4939768858882982, 0.0, -0.869475034838896, -0.005529990924372792], [0.0, 0.0, 0.0, 1.0]]}