{"ecm_psm_transform": [[-0.6856379012435074, 0.2533633017998174, -0.6824278025399415, 0.014424926121601192], [0.412597970896301, -0.6370829182017332, -0.6510670240058384, 0.22252630559435943], [-0.5997195867992423, -0.7279645545194204, 0.3322710107317336, -0.17874388215781764], [0.0, 0.0, 0.0, 1.0]], "suj_ecm_transform": [[0.9934975043358049, 0.11385389235610167, -8.596079619842453e-06, -0.09250661702517246], [-0.11385389265098704, 0.9934974995234321, -9.782078273979526e-05, 1.006741954814229], [-2.5970932602284475e-06, 9.816340065041844e-05, 0.9999999951786009, 0.7425492763731032], [0.0, 0.0, 0.0, 1.0]], "suj_psm2_transform": [[0.2907502095272389, -0.9320288076646761, -0.21630214363946815, -0.0005984941609224054], [-0.7356014294358308, -0.362310492120876, 0.5723824283738026, 0.277515644187946], [-0.611845448354263, -0.007308144928165727, -0.7909435746915704, -0.23209696291864157], [0.0, 0.0, 0.0, 1.0]], "ecm_transform": [[0.9594799928627761, 0.2810675126677121, 0.019979905375976506, -0.08832785860323744], [0.238443497881385, -0.7720997189772995, -0.5890727648374737, 0.8838043657910761], [-0.15014273746717632, 0.569967610727102, -0.8078329537150003, 0.5739530138372082], [0.0, 0.0, 0.0, 1.0]], "psm2_transform": [[-0.13592132114799252, 0.9877063376291015, 0.07721130140524418, 0.012174459048945162], [0.858813130118709, 0.1563207939056963, -0.487856348660544, -0.07692380558854697], [-0.49392853935877185, 0.0, -0.8695025002879003, -0.005531041787713818], [0.0, 0.0, 0.0, 1.0]]}