{"ecm_psm_transform": [[-0.6683393939464728, 0.2722037506536836, -0.6922626471429245, 0.012863243543021461], [0.36921213995014746, -0.6865186646165189, -0.6263980514390068, 0.22643900379447934], [-0.6457591270843135, -0.6742382674271902, 0.358326538961443, -0.17468982253484436], [0.0, 0.0, 0.0, 1.0]], "suj_ecm_transform": [[0.9934939600445635, 0.11388481584928854, -8.599124379969937e-06, -0.09247132465887328], [-0.11388481614432368, 0.9934939552322, -9.782051513139023e-05, 1.006746369135553], [-2.5970932602309475e-06, 9.816340065049908e-05, 0.9999999951786009, 0.7425533471445338], [0.0, 0.0, 0.0, 1.0]], "suj_psm2_transform": [[0.2907921694205733, -0.9320426528477105, -0.21618604829238924, -0.000611080979802156], [-0.7356199752202061, -0.3622727318279071, 0.5723824943435718, 0.27753938580759224], [-0.611803208769536, -0.007413571780724715, -0.7909752668021623, -0.23216079320747562], [0.0, 0.0, 0.0, 1.0]], "ecm_transform": [[0.9594859457923267, 0.2810482355347367, 0.019965197965852097, -0.08832333463076379], [0.23841954243070565, -0.7721067361607784, -0.5890732634929913, 0.8838040897674345], [-0.15014273746717632, 0.569967610727102, -0.8078329537150001, 0.5739569372179281], [0.0, 0.0, 0.0, 1.0]], "psm2_transform": [[-0.07087018147365517, 0.9966726977175812, 0.04026103578213469, 0.006347765541082198], [0.8665957159374578, 0.08150787461564157, -0.4923091828256771, -0.07762004145173718], [-0.49395271281443154, 0.0, -0.8694887678994272, -0.005527564649367104], [0.0, 0.0, 0.0, 1.0]]}