{"ecm_psm_transform": [[-0.6694219598623314, 0.2711147702012743, -0.6916437096025564, 0.01305028757260782], [0.3721847057604518, -0.683357291274707, -0.628093430358654, 0.22613990202048295], [-0.6429251779578096, -0.6778787456768397, 0.35654960623665477, -0.17501242649160445], [0.0, 0.0, 0.0, 1.0]], "suj_ecm_transform": [[0.993494509998382, 0.11388001812933789, -8.598651991183688e-06, -0.0924735952516923], [-0.11388001842434979, 0.993494505186017, -9.782055665658153e-05, 1.006731548647216], [-2.59709326022563e-06, 9.816340065048e-05, 0.999999995178601, 0.742542725228537], [0.0, 0.0, 0.0, 1.0]], "suj_psm2_transform": [[0.2908928138166704, -0.9320308744642565, -0.21610141118283602, -0.0005211715664485], [-0.7356116769542664, -0.36230056553293155, 0.5723755418805472, 0.27750682250566144], [-0.6117653403048852, -0.007533210465084428, -0.7910034254930486, -0.2322223374336183], [0.0, 0.0, 0.0, 1.0]], "ecm_transform": [[0.9594900438855993, 0.28103496361611285, 0.019955072280024883, -0.08831460003886389], [0.23840304962452447, -0.7721115670337606, -0.5890736065912284, 0.8837945228178561], [-0.15014273746717624, 0.5699676107271018, -0.8078329537150004, 0.5739562115255346], [0.0, 0.0, 0.0, 1.0]], "psm2_transform": [[-0.07519411279226185, 0.9962536628990615, 0.042713985550259535, 0.0067349058183833795], [0.8662484709426754, 0.08647912557492227, -0.4920720957636937, -0.07758721594648449], [-0.4939224959352039, 0.0, -0.8695059332800086, -0.0055302711125197745], [0.0, 0.0, 0.0, 1.0]]}