{"ecm_psm_transform": [[-0.7181187575071983, 0.20849370118698995, -0.6639546872201958, 0.017375965637069134], [0.49396039168011463, -0.5193452435831332, -0.6973404114339022, 0.21521945727858527], [-0.4902127921296483, -0.8287405471756083, 0.26996393073803043, -0.18862273707465127], [0.0, 0.0, 0.0, 1.0]], "suj_ecm_transform": [[0.9934953968392181, 0.11387228102291269, -8.597890187295163e-06, -0.09249006058255933], [-0.11387228131788713, 0.9934953920268508, -9.7820623617879e-05, 1.0067400777071742], [-2.5970932602210686e-06, 9.816340065045245e-05, 0.999999995178601, 0.7425431652033689], [0.0, 0.0, 0.0, 1.0]], "suj_psm2_transform": [[0.29084175419621294, -0.9320116700970961, -0.2162529093882705, -0.0005582770474494708], [-0.7355833306040928, -0.3623527173364185, 0.5723789583626426, 0.27749658307138164], [-0.6118236982607489, -0.00739966497454303, -0.7909595483997933, -0.23216170210148546], [0.0, 0.0, 0.0, 1.0]], "ecm_transform": [[0.9594900526163127, 0.28103493534011026, 0.01995505070717528, -0.08830866028489222], [0.2384030144864122, -0.7721115773257251, -0.5890736073220159, 0.8837978236549906], [-0.15014273746717627, 0.5699676107271018, -0.8078329537150003, 0.5739533040866993], [0.0, 0.0, 0.0, 1.0]], "psm2_transform": [[-0.27228414583767024, 0.9497034842719771, 0.15467590596830805, 0.024387871612498092], [0.8257662937421567, 0.3131505899110946, -0.46909139424815266, -0.07396200866472166], [-0.4939345827584789, 0.0, -0.8694990672537881, -0.005529188528059992], [0.0, 0.0, 0.0, 1.0]]}