{"ecm_psm_transform": [[-0.6457467608916305, 0.2929822650391463, -0.7051046115084622, 0.010925662464822877], [0.31219597012407246, -0.7414252563333539, -0.5939884388683924, 0.23146663550170812], [-0.6968104455562195, -0.6036969286351821, 0.38730507525746555, -0.1701784094675244], [0.0, 0.0, 0.0, 1.0]], "suj_ecm_transform": [[0.9934870435880192, 0.11394513657322193, -8.605063630071755e-06, -0.0924451692023623], [-0.11394513686854928, 0.9934870387756736, -9.781999284699649e-05, 1.0067233582143396], [-2.597093260226371e-06, 9.816340065045482e-05, 0.999999995178601, 0.7425438958396857], [0.0, 0.0, 0.0, 1.0]], "suj_psm2_transform": [[0.2907883713097273, -0.9320370491933372, -0.21621531407838188, -0.0005254992590780355], [-0.735615660737551, -0.3622876366765157, 0.5723786054605827, 0.2774575811493046], [-0.6118102016056063, -0.007389671327069802, -0.7909700815890482, -0.23221920210441094], [0.0, 0.0, 0.0, 1.0]], "ecm_transform": [[0.9594865516881153, 0.28104627336828203, 0.019963700945740723, -0.08832382070507455], [0.23841710407500694, -0.7721074503900609, -0.589073314228923, 0.8838044049077771], [-0.1501427374671762, 0.5699676107271018, -0.8078329537150004, 0.5739505374466771], [0.0, 0.0, 0.0, 1.0]], "psm2_transform": [[0.008883845456013551, 0.9999478051155123, -0.005046219831029292, -0.0007956653131462609], [0.8694708477050157, -0.010216997830547187, -0.4938785862400312, -0.07787256067612763], [-0.4939043655213377, 0.0, -0.8695162320043053, -0.005530582957748022], [0.0, 0.0, 0.0, 1.0]]}