{"ecm_psm_transform": [[-0.6384602534507925, 0.29897769306215466, -0.7092114239172842, 0.010185353805277998], [0.2930511359230579, -0.7576246240140869, -0.5832031899961787, 0.23327637088852468], [-0.7116807827233744, -0.5801872698868406, 0.39609745690107545, -0.16874176762115994], [0.0, 0.0, 0.0, 1.0]], "suj_ecm_transform": [[0.9934909311886277, 0.11391123549485353, -8.601725688461698e-06, -0.09245792996962537], [-0.11391123579001665, 0.993490926376272, -9.782028642282828e-05, 1.0067396082553555], [-2.5970932602204295e-06, 9.816340065045334e-05, 0.999999995178601, 0.7425483991700634], [0.0, 0.0, 0.0, 1.0]], "suj_psm2_transform": [[0.29068825773317275, -0.9320703386072298, -0.21620643076619298, -0.0006138289000291175], [-0.7356528869051033, -0.3622031453023786, 0.5723842341655221, 0.2775582041400258], [-0.6118130162102142, -0.0073324908229138175, -0.7909684366484493, -0.23213116602555028], [0.0, 0.0, 0.0, 1.0]], "ecm_transform": [[0.9594906789188515, 0.28103290693359, 0.019953503158526897, -0.08829980973250479], [0.238400493820176, -0.7721123156267455, -0.58907365974367, 0.8837888783656025], [-0.1501427374671763, 0.5699676107271018, -0.8078329537150002, 0.5739514143750546], [0.0, 0.0, 0.0, 1.0]], "psm2_transform": [[0.03423875339672564, 0.9992241700999149, -0.01946190262986598, -0.0030672049590758496], [0.8686940986947831, -0.03938347227119742, -0.493780826890557, -0.07782008931701861], [-0.4941642142635347, 0.0, -0.8693685808339886, -0.0055086192205619985], [0.0, 0.0, 0.0, 1.0]]}