{"ecm_psm_transform": [[-0.6343579042443174, 0.3020193867806979, -0.7115998449489496, 0.009799260463057725], [0.28331835254256604, -0.7656382184421456, -0.5775195490832357, 0.23411477153853372], [-0.7192501375984048, -0.5679633865570461, 0.4001210205616891, -0.1680870548333016], [0.0, 0.0, 0.0, 1.0]], "suj_ecm_transform": [[0.9934897658864725, 0.11392139836235819, -8.60272633648851e-06, -0.09246165767885957], [-0.11392139865757055, 0.9934897610741199, -9.782019842671992e-05, 1.006739631099637], [-2.5970932602312737e-06, 9.816340065045133e-05, 0.9999999951786009, 0.7425450562883256], [0.0, 0.0, 0.0, 1.0]], "suj_psm2_transform": [[0.2907072890768989, -0.9320625358629403, -0.2162144798997188, -0.0006303615809897939], [-0.7356415235496819, -0.3622230614963592, 0.5723862354649245, 0.2775173324235942], [-0.6118176369695986, -0.007340501410008471, -0.7909647881745349, -0.23214154902613826], [0.0, 0.0, 0.0, 1.0]], "ecm_transform": [[0.9594854252670705, 0.2810499212150608, 0.01996648404395636, -0.08831929553414693], [0.23842163720168527, -0.7721061225680362, -0.5890732199031127, 0.8837967392178011], [-0.15014273746717627, 0.5699676107271018, -0.8078329537150003, 0.5739537403535888], [0.0, 0.0, 0.0, 1.0]], "psm2_transform": [[0.04721670841414687, 0.9985245197309106, -0.026820998167250656, -0.004228976108378739], [0.8682264223164511, -0.05430270247560641, -0.493187688507551, -0.07776291317120529], [-0.4939164524877753, 0.0, -0.8695093662301121, -0.005530156405161881], [0.0, 0.0, 0.0, 1.0]]}