{"ecm_psm_transform": [[-0.615326315208145, 0.3155406900907136, -0.7223625119768071, 0.008164976113781102], [0.2349324839959604, -0.8013323481274939, -0.5501574282039321, 0.2384013496947141], [-0.7524495024756508, -0.5082327623653881, 0.41895012290557054, -0.16515745128830361], [0.0, 0.0, 0.0, 1.0]], "suj_ecm_transform": [[0.9934885926832528, 0.1139316292090385, -8.603733678123516e-06, -0.09244665685810413], [-0.1139316295043004, 0.9934885878709031, -9.782010983160422e-05, 1.0067339352399276], [-2.597093260225489e-06, 9.816340065049131e-05, 0.999999995178601, 0.7425524713148057], [0.0, 0.0, 0.0, 1.0]], "suj_psm2_transform": [[0.29080997182597, -0.9320269545459664, -0.21622977659506, -0.0005617439188734114], [-0.7355996917053672, -0.36231347515434864, 0.5723827733995388, 0.277476311228449], [-0.6118191349161508, -0.007396061205143856, -0.7909631119269107, -0.2321851371494139], [0.0, 0.0, 0.0, 1.0]], "ecm_transform": [[0.9595011862431277, 0.28099887336633117, 0.019927537853015556, -0.08829784069207376], [0.23835820099986776, -0.7721247022915998, -0.589074538685229, 0.8837896834943608], [-0.15014273746717632, 0.5699676107271019, -0.8078329537150002, 0.5739605762543982], [0.0, 0.0, 0.0, 1.0]], "psm2_transform": [[0.1086037124842775, 0.9921687364377876, -0.06169628894898328, -0.009727473914532147], [0.8626829784677656, -0.12490475745720836, -0.4900784429318847, -0.07726923857019119], [-0.49394666948630894, 0.0, -0.8694922010595513, -0.005528105942531798], [0.0, 0.0, 0.0, 1.0]]}