{"ecm_psm_transform": [[-0.7132051483228699, 0.2162655515148384, -0.6667590476579498, 0.016916673962644565], [0.4817046166252177, -0.5397994743363883, -0.6903457031285929, 0.21631734189114635], [-0.5092141776577962, -0.8135390210273516, 0.28081164957699456, -0.18693984258208968], [0.0, 0.0, 0.0, 1.0]], "suj_ecm_transform": [[0.9934883198338337, 0.11393400844224766, -8.603967940358777e-06, -0.09244358897096025], [-0.11393400873752108, 0.9934883150214847, -9.782008922683838e-05, 1.0067390453746996], [-2.5970932602261068e-06, 9.816340065046153e-05, 0.999999995178601, 0.7425467992959165], [0.0, 0.0, 0.0, 1.0]], "suj_psm2_transform": [[0.2907772696211273, -0.9320452873575457, -0.21619473117139687, -0.0005751836405544358], [-0.7356239799240788, -0.36226628271944133, 0.5723814292631239, 0.27750185851531717], [-0.6118054753206618, -0.007397480600050299, -0.790973664320394, -0.23218691148893034], [0.0, 0.0, 0.0, 1.0]], "ecm_transform": [[0.9594973889616756, 0.2810111736450399, 0.019936922088536257, -0.0882973228818974], [0.2383734862806468, -0.772120225747698, -0.5890742211553092, 0.883804832409286], [-0.15014273746717635, 0.5699676107271018, -0.8078329537150002, 0.5739585390147122], [0.0, 0.0, 0.0, 1.0]], "psm2_transform": [[-0.2501972909367524, 0.9577021717063962, 0.14215437354074806, 0.02241262772384688], [0.8326849762841892, 0.2877612731221011, -0.47310588662766273, -0.07459176841932931], [-0.49400105858035304, 0.0, -0.8694613011063176, -0.005527169636785848], [0.0, 0.0, 0.0, 1.0]]}