{"ecm_psm_transform": [[-0.6083095669746306, 0.3200822860506437, -0.7262966342230506, 0.007643092732591113], [0.21728610374408472, -0.8129592916912513, -0.5402628426725034, 0.23992090739982325], [-0.7633781630665449, -0.48646122169136263, 0.4249814818832634, -0.1642762911345954], [0.0, 0.0, 0.0, 1.0]], "suj_ecm_transform": [[0.993483965018031, 0.11397197540605904, -8.607706216515572e-06, -0.09241631409836601], [-0.11397197570151636, 0.9934839602056933, -9.781976034704111e-05, 1.0067288810517392], [-2.5970932602285013e-06, 9.816340065044647e-05, 0.999999995178601, 0.7425466560251417], [0.0, 0.0, 0.0, 1.0]], "suj_psm2_transform": [[0.290996262632928, -0.9319829264581918, -0.2161689152586299, -0.0004565555230827967], [-0.7355507492241276, -0.3624234130158883, 0.5723760695676747, 0.27742243273298633], [-0.611789400406294, -0.007556089487265938, -0.7909845984987114, -0.23227712229449327], [0.0, 0.0, 0.0, 1.0]], "ecm_transform": [[0.9594844571385047, 0.2810530563807357, 0.01996887599931435, -0.08831848644151391], [0.2384255332289131, -0.772104981347152, -0.5890731388235442, 0.8838011115639975], [-0.15014273746717632, 0.5699676107271019, -0.8078329537150001, 0.5739550519008818], [0.0, 0.0, 0.0, 1.0]], "psm2_transform": [[0.13203218174637565, 0.988402481335488, -0.07502024975393135, -0.011826048243917786], [0.8593675261612375, -0.15185695535552596, -0.48828979109711546, -0.0769730658784486], [-0.49401918784881915, 0.0, -0.8694510003658592, -0.005519642805706482], [0.0, 0.0, 0.0, 1.0]]}