{"ecm_psm_transform": [[-0.6004715450579338, 0.32484782494653847, -0.7306899576449928, 0.006911352567831745], [0.19650695895854312, -0.8258009147970409, -0.5286188269454998, 0.24180448606713995], [-0.7751251116152821, -0.46100622528104096, 0.43203509301389265, -0.1631417205090297], [0.0, 0.0, 0.0, 1.0]], "suj_ecm_transform": [[0.9934955655028148, 0.11387080948303265, -8.597745297896792e-06, -0.0924768415471382], [-0.11387080977799995, 0.9934955606904471, -9.782063635271864e-05, 1.0067253898130823], [-2.5970932602218106e-06, 9.81634006504259e-05, 0.999999995178601, 0.7425406923834488], [0.0, 0.0, 0.0, 1.0]], "suj_psm2_transform": [[0.29095668556406745, -0.9319771519844546, -0.2162470700483996, -0.0004883728959829275], [-0.7355415236543497, -0.36243987403272, 0.5723775019088226, 0.27745246024142683], [-0.611819314917248, -0.0074783614576430235, -0.7909621988465052, -0.23221218563452228], [0.0, 0.0, 0.0, 1.0]], "ecm_transform": [[0.9594843154282144, 0.28105351528745076, 0.019969226119637487, -0.08833025947345836], [0.2384261035061243, -0.772104814300886, -0.589073126954779, 0.8838090896230976], [-0.15014273746717627, 0.5699676107271018, -0.8078329537150002, 0.5739573744461364], [0.0, 0.0, 0.0, 1.0]], "psm2_transform": [[0.15498627623697664, 0.983980022488145, -0.08810544547543742, -0.013885079819713106], [0.8554210372069704, -0.17827875741161564, -0.4862833883236413, -0.07663639432771147], [-0.4942004687188658, 0.0, -0.8693479721711287, -0.005507338301761384], [0.0, 0.0, 0.0, 1.0]]}