{"ecm_psm_transform": [[-0.5947237209736522, 0.32773687486824815, -0.7340927983319603, 0.006254977118121346], [0.1826578005268705, -0.8341625935922425, -0.520393020089768, 0.2430981062732964], [-0.782904734701445, -0.4435778492024347, 0.4362325848432263, -0.16239316041387958], [0.0, 0.0, 0.0, 1.0]], "suj_ecm_transform": [[0.9934981817410772, 0.11384798111205653, -8.595497592740225e-06, -0.09250805076756775], [-0.11384798140691325, 0.9934981769287026, -9.782083388415493e-05, 1.0067319564932569], [-2.5970932602264244e-06, 9.816340065042531e-05, 0.9999999951786009, 0.7425316788561338], [0.0, 0.0, 0.0, 1.0]], "suj_psm2_transform": [[0.2907700642014965, -0.9320454683829421, -0.21620364157682417, -0.0006221932944507763], [-0.7356229794443322, -0.36226602186728935, 0.5723828801719113, 0.2774928826803806], [-0.6118101027914639, -0.007387439831966269, -0.7909701788658203, -0.23215484551233723], [0.0, 0.0, 0.0, 1.0]], "ecm_transform": [[0.9595097686441907, 0.28097106980189296, 0.019906325897866506, -0.08825162766648079], [0.23832365023688865, -0.7721348202590133, -0.5890752558725809, 0.8837937349973038], [-0.15014273746717638, 0.5699676107271021, -0.8078329537150002, 0.5739474863250735], [0.0, 0.0, 0.0, 1.0]], "psm2_transform": [[0.1716938962416279, 0.980310654102533, -0.09753064875429131, -0.015379640550703986], [0.8523859301997586, -0.1974614429529568, -0.4841974850661954, -0.07635326301000629], [-0.4939224959352039, 0.0, -0.8695059332800086, -0.005534863052432757], [0.0, 0.0, 0.0, 1.0]]}