{"ecm_psm_transform": [[-0.595652667328327, 0.32726534520657785, -0.7335497895381535, 0.006346597687736826], [0.18462708574549455, -0.833002588856397, -0.5215549119389697, 0.2429702136754454], [-0.7817357220402401, -0.446098734346288, 0.43575816699273084, -0.16246082841036383], [0.0, 0.0, 0.0, 1.0]], "suj_ecm_transform": [[0.9934917245214994, 0.11390431613121277, -8.601044399831039e-06, -0.09246461818116114], [-0.11390431642634238, 0.9934917197091415, -9.782034632887851e-05, 1.0067403141746682], [-2.5970932602264778e-06, 9.816340065048321e-05, 0.9999999951786009, 0.7425409852422331], [0.0, 0.0, 0.0, 1.0]], "suj_psm2_transform": [[0.29072824157827853, -0.9320537681767717, -0.21622410313441762, -0.0006148845291164134], [-0.7356319195267645, -0.3622454906567994, 0.5723843843713616, 0.27754255701449027], [-0.6118192286306227, -0.0073469535384266815, -0.7909634971043444, -0.23212501033332944], [0.0, 0.0, 0.0, 1.0]], "ecm_transform": [[0.9594867263806408, 0.28104570763027453, 0.019963269320424012, -0.08833047038072031], [0.23841640104075076, -0.7721076563178462, -0.5890733288565512, 0.8837990185529686], [-0.15014273746717627, 0.5699676107271016, -0.8078329537150002, 0.573955049703583], [0.0, 0.0, 0.0, 1.0]], "psm2_transform": [[0.169290316404296, 0.980860355293455, -0.09619642501325329, -0.015165467270568058], [0.8527965451017425, -0.19471251478422522, -0.48458754549506805, -0.07639573466392195], [-0.49404335987265846, 0.0, -0.8694372654572238, -0.005523380235813457], [0.0, 0.0, 0.0, 1.0]]}