{"ecm_psm_transform": [[-0.5876189207505602, 0.33160781812995715, -0.7380652131966633, 0.005685532573727934], [0.1639940448471169, -0.8444216911291089, -0.5099587834377772, 0.2447595551615145], [-0.7923445950031014, -0.4206997296240459, 0.4418164554015912, -0.16154900893563734], [0.0, 0.0, 0.0, 1.0]], "suj_ecm_transform": [[0.9934913474442681, 0.11390760501120739, -8.601368226781836e-06, -0.09247247403826511], [-0.11390760530635294, 0.9934913426319113, -9.782031785521697e-05, 1.006734894188058], [-2.5970932602258653e-06, 9.816340065047696e-05, 0.999999995178601, 0.7425446193347802], [0.0, 0.0, 0.0, 1.0]], "suj_psm2_transform": [[0.29081365695029443, -0.9320207901722054, -0.21625138986368217, -0.0005606518652994663], [-0.7355918271408958, -0.36232957926418313, 0.5723826865251591, 0.277485694188647], [-0.6118268388806714, -0.007383947251831335, -0.7909572659431527, -0.23215981080476888], [0.0, 0.0, 0.0, 1.0]], "ecm_transform": [[0.9594793536899344, 0.2810695823499364, 0.019981484438809566, -0.08832775162190412], [0.23844606985355962, -0.772098965547598, -0.5890727112774113, 0.8838031030555749], [-0.15014273746717635, 0.569967610727102, -0.807832953715, 0.5739499574970195], [0.0, 0.0, 0.0, 1.0]], "psm2_transform": [[0.1932574025389609, 0.9749811626125804, -0.109833095715796, -0.017312027557485198], [0.8476514748347135, -0.22228749976240494, -0.4817418859305408, -0.07593274823469245], [-0.49410378826156487, 0.0, -0.8694029252455795, -0.005514687991807241], [0.0, 0.0, 0.0, 1.0]]}