{"ecm_psm_transform": [[-0.5798279036167902, 0.33538817488026595, -0.742505470914419, 0.005013177152576578], [0.1441077382700381, -0.8547545975657317, -0.49862564886990995, 0.24653533278405163], [-0.8018931113047755, -0.3961178487404079, 0.44727853508883997, -0.1607586384173356], [0.0, 0.0, 0.0, 1.0]], "suj_ecm_transform": [[0.9934856887533853, 0.11395694874883591, -8.60622667203933e-06, -0.09243038157581754], [-0.11395694904422046, 0.9934856839410431, -9.781989052915928e-05, 1.0067288578039526], [-2.5970932602255024e-06, 9.816340065047115e-05, 0.999999995178601, 0.7425433131434043], [0.0, 0.0, 0.0, 1.0]], "suj_psm2_transform": [[0.29081275463123224, -0.9320468472091139, -0.2161402700825224, -0.0005304294488942263], [-0.7356299931010339, -0.36226108491850095, 0.5723769908057483, 0.27748457998937376], [-0.61178137843021, -0.007455263994093575, -0.7909917597831287, -0.2322355272530714], [0.0, 0.0, 0.0, 1.0]], "ecm_transform": [[0.9595040455450976, 0.2809896108538637, 0.019920471249085733, -0.08826452097929573], [0.23834669070170447, -0.7721280731292142, -0.5890747776957633, 0.8837903572007428], [-0.15014273746717638, 0.569967610727102, -0.807832953715, 0.5739501079090161], [0.0, 0.0, 0.0, 1.0]], "psm2_transform": [[0.21595194861548023, 0.9686558012412436, -0.12276275742610751, -0.01934888356333041], [0.842098956540875, -0.24840680087647424, -0.47871015100067105, -0.07545046369516037], [-0.4942004687188658, 0.0, -0.8693479721711287, -0.005511927739195496], [0.0, 0.0, 0.0, 1.0]]}