{"ecm_psm_transform": [[-0.580227274121827, 0.3351801928239856, -0.7422873760907094, 0.005056957814859746], [0.14526634983463294, -0.8541879994672528, -0.49926000157418465, 0.24643287940386815], [-0.8013950324096577, -0.3975136474444729, 0.4469327713700517, -0.16074883323451544], [0.0, 0.0, 0.0, 1.0]], "suj_ecm_transform": [[0.9934835690057134, 0.11397542735858247, -8.608046100397616e-06, -0.09241841630893899], [-0.11397542765405654, 0.9934835641933768, -9.78197304381501e-05, 1.0067313044205597], [-2.5970932602255727e-06, 9.816340065042882e-05, 0.999999995178601, 0.7425353148713179], [0.0, 0.0, 0.0, 1.0]], "suj_psm2_transform": [[0.29077887776810984, -0.9320326104895225, -0.21624721322598556, -0.0005229592753839551], [-0.7356081179273364, -0.362299598284179, 0.5723807281194264, 0.27748357548243574], [-0.6118237827048902, -0.007363020250461816, -0.7909598250540103, -0.23217634228785733], [0.0, 0.0, 0.0, 1.0]], "ecm_transform": [[0.9595047058910551, 0.280987471639131, 0.01991883919229266, -0.08827540205164876], [0.23834403235403742, -0.7721288516199143, -0.5890748328840149, 0.8838027252061458], [-0.15014273746717627, 0.5699676107271018, -0.8078329537150002, 0.573947199646194], [0.0, 0.0, 0.0, 1.0]], "psm2_transform": [[0.21473559835016232, 0.9690192504199749, -0.12202587888111137, -0.019237382645974452], [0.8424914647900492, -0.24698520667341575, -0.47875509338325284, -0.07547575161573782], [-0.4940614886399413, 0.0, -0.8694269638347347, -0.005523067828174435], [0.0, 0.0, 0.0, 1.0]]}