{"ecm_psm_transform": [[-0.5644118186473542, 0.3420886539461664, -0.751275350196242, 0.003559934256602431], [0.10465564983207329, -0.8730958148700088, -0.476183675712116, 0.2501523267574866], [-0.8188323967268349, -0.34738890439646336, 0.45698408634526017, -0.1591602855826774], [0.0, 0.0, 0.0, 1.0]], "suj_ecm_transform": [[0.9934938446734412, 0.11388582230478864, -8.599223476695977e-06, -0.09246120953714032], [-0.11388582259982866, 0.9934938398610779, -9.782050641999837e-05, 1.0067432611128004], [-2.5970932602261546e-06, 9.816340065047047e-05, 0.9999999951786009, 0.7425510196553564], [0.0, 0.0, 0.0, 1.0]], "suj_psm2_transform": [[0.29077738027390854, -0.9320580951190027, -0.21613935885020774, -0.0006031047435509362], [-0.7356404164997123, -0.36223256516451896, 0.5723816439635903, 0.2775649075943246], [-0.6117856591431123, -0.0074347869820581836, -0.7909886416437084, -0.23215610580143942], [0.0, 0.0, 0.0, 1.0]], "ecm_transform": [[0.9594969296039733, 0.28101266155327304, 0.01993805725976111, -0.08829474500532777], [0.2383753352727804, -0.7721196842256937, -0.5890741827349123, 0.8838088274378041], [-0.15014273746717627, 0.5699676107271018, -0.8078329537150002, 0.5739627525075925], [0.0, 0.0, 0.0, 1.0]], "psm2_transform": [[0.25984280170583673, 0.9542837613662171, -0.1477302311458494, -0.023281476028641182], [0.8295817067317, -0.2989021625762264, -0.4716478443323735, -0.07432911934554264], [-0.4942427644971456, 0.0, -0.8693239268202728, -0.005506826900011398], [0.0, 0.0, 0.0, 1.0]]}