{"ecm_psm_transform": [[-0.7098892471492757, 0.22145463880230415, -0.6685918783045273, 0.01677327923714895], [0.4735116375289271, -0.552667858663967, -0.6858170070248036, 0.21697809193975467], [-0.5213865992778377, -0.803440153933525, 0.2874716214529095, -0.18594264717684905], [0.0, 0.0, 0.0, 1.0]], "suj_ecm_transform": [[0.9934874669503381, 0.11394144521884984, -8.604700174656109e-06, -0.09243285010351374], [-0.11394144551415929, 0.9934874621379913, -9.782002481887819e-05, 1.0067244533294692], [-2.5970932602293128e-06, 9.816340065044274e-05, 0.999999995178601, 0.7425438913077564], [0.0, 0.0, 0.0, 1.0]], "suj_psm2_transform": [[0.29102303619982506, -0.9319668939048631, -0.2162019913561319, -0.0004237549118667888], [-0.7355333390335193, -0.3624647708577078, 0.5723722539198346, 0.2774341495139226], [-0.6117975968988743, -0.007549738564415709, -0.7909783194730253, -0.23226903836665458], [0.0, 0.0, 0.0, 1.0]], "ecm_transform": [[0.9594963214954826, 0.28101463126170256, 0.019939560012372626, -0.08829001944300945], [0.23837778298847445, -0.7721189673482243, -0.5890741318701845, 0.8837971280225265], [-0.15014273746717635, 0.5699676107271018, -0.8078329537150002, 0.573964210484277], [0.0, 0.0, 0.0, 1.0]], "psm2_transform": [[-0.23589465140041393, 0.962496792252987, 0.13399118755868783, 0.02112980418108884], [0.8369098881982222, 0.27129306091883415, -0.4753755506263746, -0.07496457401583273], [-0.4938983220023291, 0.0, -0.8695196648283947, -0.005536372413231221], [0.0, 0.0, 0.0, 1.0]]}