{"ecm_psm_transform": [[-0.7004404770955875, 0.23469146547636968, -0.6740200694924893, 0.015757173490252303], [0.44983532861075887, -0.5880249604005133, -0.6722163513926345, 0.21915193234363783], [-0.5541040652979878, -0.7740455813313122, 0.30630397131234616, -0.18290486205174566], [0.0, 0.0, 0.0, 1.0]], "suj_ecm_transform": [[0.9934889083057865, 0.11392887693362455, -8.603462685698408e-06, -0.09244491025396905], [-0.11392887722887313, 0.9934889034934361, -9.782013366623774e-05, 1.0067387831477634], [-2.5970932602302996e-06, 9.816340065045877e-05, 0.9999999951786009, 0.7425545023745881], [0.0, 0.0, 0.0, 1.0]], "suj_psm2_transform": [[0.29078185044747873, -0.9320220005457485, -0.21628894088473702, -0.000590555323520453], [-0.735592470408639, -0.36232739638802625, 0.5723832416351742, 0.2774816890246544], [-0.6118411827659659, -0.0073381418203304905, -0.7909465966461762, -0.2321733111131682], [0.0, 0.0, 0.0, 1.0]], "ecm_transform": [[0.9594912066552109, 0.28103119773527774, 0.0199521991470291, -0.08829861765676361], [0.2383983698291372, -0.7721129377374235, -0.5890737039125883, 0.8837961293666038], [-0.15014273746717627, 0.5699676107271018, -0.8078329537150003, 0.5739560628988434], [0.0, 0.0, 0.0, 1.0]], "psm2_transform": [[-0.19554717202068883, 0.9743837158949245, 0.11107509943056702, 0.01751608650362069], [0.8472424571713083, 0.22489191670400077, -0.481252370973406, -0.07589152027104065], [-0.4939043655213377, 0.0, -0.8695162320043053, -0.005536487090307504], [0.0, 0.0, 0.0, 1.0]]}