{"ecm_psm_transform": [[-0.696287151934245, 0.2402534483813174, -0.6763597286889452, 0.015386293399360408], [0.43927577719931227, -0.6025958976987252, -0.6662694467275293, 0.22009662002705302], [-0.5676451300039825, -0.7610233009688687, 0.31404226111338696, -0.1816906253423901], [0.0, 0.0, 0.0, 1.0]], "suj_ecm_transform": [[0.9934889083057865, 0.11392887693362455, -8.603462685698408e-06, -0.09244491025396905], [-0.11392887722887313, 0.9934889034934361, -9.782013366623774e-05, 1.0067387831477634], [-2.5970932602302996e-06, 9.816340065045877e-05, 0.9999999951786009, 0.7425545023745881], [0.0, 0.0, 0.0, 1.0]], "suj_psm2_transform": [[0.29078185044747873, -0.9320220005457485, -0.21628894088473702, -0.000590555323520453], [-0.735592470408639, -0.36232739638802625, 0.5723832416351742, 0.2774816890246544], [-0.6118411827659659, -0.0073381418203304905, -0.7909465966461762, -0.2321733111131682], [0.0, 0.0, 0.0, 1.0]], "ecm_transform": [[0.9594912066552109, 0.28103119773527774, 0.0199521991470291, -0.08829861765676361], [0.2383983698291372, -0.7721129377374235, -0.5890737039125883, 0.8837961293666038], [-0.15014273746717627, 0.5699676107271018, -0.8078329537150003, 0.5739560628988434], [0.0, 0.0, 0.0, 1.0]], "psm2_transform": [[-0.1782869528899843, 0.9787517439202761, 0.10128566632166111, 0.015970416133279083], [0.8510102876480866, 0.20504883265461024, -0.4834629939758602, -0.07623097600320804], [-0.49395875611869206, 0.0, -0.8694853346972993, -0.005530959024674799], [0.0, 0.0, 0.0, 1.0]]}