{"ecm_psm_transform": [[-0.4071113080280568, 0.04382495799090205, -0.9123265621107285, 0.011861121222395717], [0.7244668924172646, -0.5928018396900374, -0.3517580143385213, -0.0943626953846568], [-0.5562446446186755, -0.804155054648793, 0.20958660123166348, 0.16403703380037166], [0.0, 0.0, 0.0, 1.0]], "suj_ecm_transform": [[0.9679944275975507, 0.25097168695033273, -2.2122262560841652e-05, 0.0035259976971665635], [-0.25097168791189456, 0.9679944228730096, -9.567342170036585e-05, 0.9073803967515193], [-2.5970932602242763e-06, 9.816340065046925e-05, 0.9999999951786009, 1.088445556893237], [0.0, 0.0, 0.0, 1.0]], "suj_psm2_transform": [[0.037779629636270545, -0.9989725435764699, 0.025031115934064263, 0.024475267708655907], [-0.820369824227864, -0.016702910805276666, 0.5715893318344694, -0.03252797821333592], [-0.5705839562070514, -0.04212920543980514, -0.8201579597663615, 0.11914156314790114], [0.0, 0.0, 0.0, 1.0]], "ecm_transform": [[0.9461594061562653, -0.30035998089515564, -0.12069076194425601, -0.005953373106542809], [-0.31828958914744393, -0.7953675725052476, -0.5158315248678204, 0.866953370471701], [0.05894162860300589, 0.5264734622787469, -0.8481459649929686, 1.0219403525858073], [0.0, 0.0, 0.0, 1.0]], "psm2_transform": [[-0.2924911124316445, 0.94675074521472, 0.13458074001829295, 0.024647785915582095], [0.8600751264070298, 0.3219674307059213, -0.39573697135920927, -0.07247723669536078], [-0.417994887629539, 0.0, -0.9084493788404333, -0.011746004554418609], [0.0, 0.0, 0.0, 1.0]]}