{"ecm_psm_transform": [[-0.401326486489018, 0.04177327127571306, -0.9149819916530084, 0.011333173009201296], [0.6446620883150441, -0.696747335798148, -0.3145694548863088, -0.08752477179027277], [-0.6506518601615359, -0.7160992555959745, 0.2526935159501026, 0.17207628624308058], [0.0, 0.0, 0.0, 1.0]], "suj_ecm_transform": [[0.9680120889485517, 0.2509035574884595, -2.2115528872957406e-05, 0.003493791488896933], [-0.2509035584496888, 0.968012084223943, -9.567497846002605e-05, 0.9074114654519816], [-2.5970932602259822e-06, 9.816340065041935e-05, 0.999999995178601, 1.0884598495577669], [0.0, 0.0, 0.0, 1.0]], "suj_psm2_transform": [[0.03771524594465756, -0.9989764227317868, 0.02497332675749664, 0.024464438441828884], [-0.8203124114175875, -0.016678794027381164, 0.5716724284973478, -0.032404929365472346], [-0.5706707526215068, -0.042046696134118544, -0.8201018030992302, 0.11921201198199771], [0.0, 0.0, 0.0, 1.0]], "ecm_transform": [[0.9461272341138501, -0.30044036136881236, -0.12074289266310162, -0.005886353034876279], [-0.3183852089618818, -0.7953372132478188, -0.5158193248972867, 0.8669257583409761], [0.05894162860300587, 0.526473462278747, -0.8481459649929689, 1.0219395977277002], [0.0, 0.0, 0.0, 1.0]], "psm2_transform": [[-0.17265245262428314, 0.98178287752009, 0.07933165831615833, 0.014552146771727434], [0.892113847812048, 0.19000626676078877, -0.4099152365228817, -0.07519251220081147], [-0.4175212726853589, 0.0, -0.9086671485506661, -0.01181438899024637], [0.0, 0.0, 0.0, 1.0]]}