{"ecm_psm_transform": [[-0.3968482910761088, 0.03930440624452209, -0.9170423095581455, 0.010922515299855268], [0.5628712992802987, -0.7787615303159013, -0.27695916548571575, -0.08063159564574353], [-0.7250429879093242, -0.6260875677968705, 0.2869268602513858, 0.17836625687381943], [0.0, 0.0, 0.0, 1.0]], "suj_ecm_transform": [[0.9680074435492453, 0.2509214792401797, -2.211730019759739e-05, 0.0035023452660826737], [-0.2509214802014965, 0.9680074388246545, -9.567456899628906e-05, 0.9073981623307983], [-2.5970932602232107e-06, 9.816340065041562e-05, 0.999999995178601, 1.088466570849968], [0.0, 0.0, 0.0, 1.0]], "suj_psm2_transform": [[0.03766602891728565, -0.9989783592613106, 0.024970142033673537, 0.024445242753458052], [-0.8203088355002834, -0.016639878116549767, 0.5716786937226499, -0.03239460500270952], [-0.5706791433597088, -0.042016094343072796, -0.8200975327059474, 0.11921540995962565], [0.0, 0.0, 0.0, 1.0]], "ecm_transform": [[0.9461549445632992, -0.3003711296199851, -0.12069799239935414, -0.005937618939622835], [-0.3183028515361522, -0.795363362248377, -0.5158298330815225, 0.8669313428800544], [0.05894162860300591, 0.526473462278747, -0.8481459649929687, 1.0219495733344592], [0.0, 0.0, 0.0, 1.0]], "psm2_transform": [[-0.06290908801754441, 0.9976005218265204, 0.02890753355537443, 0.005303727533123929], [0.9064781364027259, 0.06923293184210999, -0.4165383408191699, -0.07642318783691802], [-0.41754021946231973, 0.0, -0.9086584425026589, -0.011826282164927805], [0.0, 0.0, 0.0, 1.0]]}