{"ecm_psm_transform": [[-0.3949871703840147, 0.037908778899946115, -0.9179041669555404, 0.010679038511876219], [0.5234223741525604, -0.811831356800822, -0.25876411333767596, -0.07718809846635877], [-0.754992816832403, -0.5826600832365743, 0.30082066739873775, 0.18098675416381937], [0.0, 0.0, 0.0, 1.0]], "suj_ecm_transform": [[0.9680160175323267, 0.2508884001141227, -2.2114030770643715e-05, 0.003475726195738535], [-0.2508884010752781, 0.9680160128077029, -9.567532473804296e-05, 0.9074268526285387], [-2.5970932602213642e-06, 9.816340065040874e-05, 0.999999995178601, 1.0884697440818967], [0.0, 0.0, 0.0, 1.0]], "suj_psm2_transform": [[0.03754820645254441, -0.9989835535810712, 0.024939764768993067, 0.024362054882061], [-0.8202768643411016, -0.0165580199102099, 0.5717269433946448, -0.03227733713196346], [-0.5707328604688251, -0.04192483334717856, -0.8200648208098457, 0.11930197619318683], [0.0, 0.0, 0.0, 1.0]], "ecm_transform": [[0.9461610250935668, -0.30035593533021504, -0.12068813821499932, -0.005948174654089011], [-0.3182847765940376, -0.7953691002472629, -0.5158321387431604, 0.8669440970714545], [0.05894162860300586, 0.5264734622787468, -0.8481459649929688, 1.0219425929211723], [0.0, 0.0, 0.0, 1.0]], "psm2_transform": [[-0.013283113631349342, 0.9998931423734728, 0.006104320335514201, 0.0011199559804246466], [0.908546836010849, 0.014618612605234154, -0.41752717628936853, -0.0766034599060248], [-0.41757179702050284, 0.0, -0.9086439315447321, -0.011826617561076277], [0.0, 0.0, 0.0, 1.0]]}