{"ecm_psm_transform": [[-0.39434549320980605, 0.03781312134047978, -0.9181839684069883, 0.010767766836550265], [0.5107274240764716, -0.82161703262265, -0.2531856038572562, -0.07642848668978108], [-0.7639693254845557, -0.5687843348395258, 0.3046887759006418, 0.18156964698761366], [0.0, 0.0, 0.0, 1.0]], "suj_ecm_transform": [[0.9679821344530578, 0.25101909666417915, -2.212694838602445e-05, 0.0035695571221963374], [-0.25101909762597246, 0.9679821297285639, -9.567233809091764e-05, 0.9073887637832657], [-2.5970932602341307e-06, 9.816340065043735e-05, 0.999999995178601, 1.0884710131423494], [0.0, 0.0, 0.0, 1.0]], "suj_psm2_transform": [[0.037872474192280625, -0.9989721099508375, 0.02490781481638632, 0.024505791439155572], [-0.8202594037417283, -0.016841678073428783, 0.5717437087130348, -0.032575940184894514], [-0.5707365296455271, -0.04208421818263164, -0.8200541032810806, 0.11913733413034477], [0.0, 0.0, 0.0, 1.0]], "ecm_transform": [[0.9461495765559499, -0.3003845426187964, -0.12070669135840575, -0.005918355097651614], [-0.31831880748806257, -0.7953582966637901, -0.5158277975521021, 0.866921036604952], [0.058941628603005856, 0.5264734622787469, -0.8481459649929687, 1.0219490167139393], [0.0, 0.0, 0.0, 1.0]], "psm2_transform": [[0.0021613897207434407, 0.99999717112825, -0.000993040770793118, -0.00018223091146188114], [0.9086790872088795, -0.0023785994823409843, -0.4174885132955637, -0.07661247608389082], [-0.41748969432036587, 0.0, -0.9086816577527508, -0.011835038818824875], [0.0, 0.0, 0.0, 1.0]]}