{"ecm_psm_transform": [[-0.389074703991826, 0.033255644571558426, -0.920605744506194, 0.010262969482018117], [0.3865742701261214, -0.9012052235622754, -0.1959323319427561, -0.06585353835871868], [-0.8361705617815844, -0.43211480780945244, 0.3377803790655557, 0.18769256807032098], [0.0, 0.0, 0.0, 1.0]], "suj_ecm_transform": [[0.967992823734246, 0.25097787294815405, -2.2122873964798842e-05, 0.0035334238698478265], [-0.2509778739097461, 0.9679928190097111, -9.567328032526829e-05, 0.9073939553181165], [-2.5970932602261347e-06, 9.816340065043301e-05, 0.999999995178601, 1.0884614868146114], [0.0, 0.0, 0.0, 1.0]], "suj_psm2_transform": [[0.03773597141927187, -0.9989758653675694, 0.024964312010554823, 0.02444929679903804], [-0.8203058401858719, -0.01670051287719266, 0.5716812236085685, -0.03247527613311352], [-0.570678828254558, -0.04205131725350775, -0.8200959466423733, 0.11917168362709996], [0.0, 0.0, 0.0, 1.0]], "ecm_transform": [[0.9461806892657388, -0.3003067909945375, -0.12065626607505622, -0.005994904640443496], [-0.31822631518816435, -0.7953876569313808, -0.5158395947607853, 0.8669569787499579], [0.05894162860300589, 0.5264734622787471, -0.8481459649929689, 1.0219484015159404], [0.0, 0.0, 0.0, 1.0]], "psm2_transform": [[0.14539359305862448, 0.9871176143393718, -0.06677962682173522, -0.01225836944828344], [0.897024357874177, -0.15999629827263853, -0.41200544404106304, -0.07562957728472351], [-0.4173823241081535, 0.0, -0.9087309808310028, -0.011847839255811763], [0.0, 0.0, 0.0, 1.0]]}