{"ecm_psm_transform": [[-0.38554541965320654, 0.029151071184357474, -0.9222282496395551, 0.009992217030412795], [0.2802416218395995, -0.9485852517565334, -0.14714161049378655, -0.056874193414183705], [-0.8791014519230099, -0.3151765143515595, 0.35755335549824924, 0.19130027816840595], [0.0, 0.0, 0.0, 1.0]], "suj_ecm_transform": [[0.9679936433852682, 0.2509747116271009, -2.2122561510048503e-05, 0.003540829217715688], [-0.2509747125886775, 0.9679936386607302, -9.567335257472689e-05, 0.9074019728132727], [-2.5970932602323638e-06, 9.816340065040297e-05, 0.9999999951786008, 1.0884628285919347], [0.0, 0.0, 0.0, 1.0]], "suj_psm2_transform": [[0.03776971199962247, -0.9989738570686532, 0.024993634166403267, 0.024473811723012273], [-0.8203330055155583, -0.016713484188310812, 0.5716418629772475, -0.03245999268193145], [-0.5706375460108428, -0.042093851566060214, -0.8201224900849007, 0.11916039554717228], [0.0, 0.0, 0.0, 1.0]], "ecm_transform": [[0.9461447335050995, -0.3003966432626301, -0.12071453921176381, -0.005918788450271427], [-0.3183332022868329, -0.7953537264844951, -0.5158259610460076, 0.8669316083614034], [0.05894162860300586, 0.526473462278747, -0.8481459649929689, 1.0219468450556186], [0.0, 0.0, 0.0, 1.0]], "psm2_transform": [[0.2571949038426068, 0.9591083708341083, -0.11816054516349782, -0.021684916585377124], [0.8715325334071595, -0.28303910153182504, -0.4003996880829899, -0.0734816670393367], [-0.4174707470593486, 0.0, -0.9086903627472392, -0.01183813535342856], [0.0, 0.0, 0.0, 1.0]]}