{"ecm_psm_transform": [[-0.3841387898164241, 0.0267355876390178, -0.9228881831034408, 0.009790546298806258], [0.22336345521399653, -0.967196954849695, -0.12099098067352697, -0.052059822293561014], [-0.8958494053317433, -0.252616822248783, 0.3655661145178648, 0.1927425355311958], [0.0, 0.0, 0.0, 1.0]], "suj_ecm_transform": [[0.9679762390722958, 0.2510418293865639, -2.212919521823011e-05, 0.0035789659950919844], [-0.2510418303484681, 0.9679762343478244, -9.567181841925718e-05, 0.907386803430489], [-2.597093260219216e-06, 9.816340065040321e-05, 0.999999995178601, 1.088460974632179], [0.0, 0.0, 0.0, 1.0]], "suj_psm2_transform": [[0.0376675160026196, -0.9989782258875131, 0.024973234488737506, 0.024389749782512404], [-0.8203077597051542, -0.016639252146905918, 0.5716802556110387, -0.03244260087097839], [-0.5706805915796536, -0.04201951321265823, -0.8200963497685305, 0.1191789526592908], [0.0, 0.0, 0.0, 1.0]], "ecm_transform": [[0.946145624182269, -0.30039441790027177, -0.1207130959552501, -0.005919867132985665], [-0.3183305550184743, -0.795354566976632, -0.5158262987974193, 0.8669284526414093], [0.058941628603005884, 0.5264734622787469, -0.8481459649929688, 1.021936537610903], [0.0, 0.0, 0.0, 1.0]], "psm2_transform": [[0.313547539041767, 0.9385697479655404, -0.1441345515993773, -0.026439065766106905], [0.8527821163514684, -0.34508959445903603, -0.3920150938767648, -0.07190859327833185], [-0.4176728418175669, 0.0, -0.9085974891050701, -0.011819596346739111], [0.0, 0.0, 0.0, 1.0]]}