{"ecm_psm_transform": [[-0.4043221848485362, 0.04275387176284881, -0.9136168109708754, 0.01148232353785496], [0.6878530956571891, -0.6441518996663931, -0.3345541046691839, -0.09097161170661874], [-0.6028114876428026, -0.7637017982206558, 0.23103652040404518, 0.1681446575934278], [0.0, 0.0, 0.0, 1.0]], "suj_ecm_transform": [[0.9680128478139839, 0.2509006296882839, -2.2115239499281953e-05, 0.003490271215731894], [-0.250900630649499, 0.9680128430893723, -9.567504534910095e-05, 0.9074239954004503], [-2.5970932602422453e-06, 9.816340065044979e-05, 0.999999995178601, 1.0884700092627215], [0.0, 0.0, 0.0, 1.0]], "suj_psm2_transform": [[0.037566016160979425, -0.9989820493491156, 0.02497317576990493, 0.02434554179208767], [-0.8202995886308727, -0.01655521475990529, 0.571694419910038, -0.03222269750377543], [-0.5706990269150758, -0.041961767628341695, -0.8200864775959247, 0.11931241392150005], [0.0, 0.0, 0.0, 1.0]], "ecm_transform": [[0.9461548027694446, -0.300371483928947, -0.12069822218506879, -0.005939931343909367], [-0.3183032730179494, -0.7953632284425469, -0.5158297793143685, 0.866948754713628], [0.05894162860300594, 0.5264734622787473, -0.8481459649929688, 1.0219460962572504], [0.0, 0.0, 0.0, 1.0]], "psm2_transform": [[-0.2354104557253505, 0.9658475040475466, 0.10826133317259347, 0.01983997634263305], [0.8775021170705108, 0.25911117097710107, -0.4035485542182591, -0.07395432454198579], [-0.4178180846635943, 0.0, -0.9085307084122394, -0.011773637762645672], [0.0, 0.0, 0.0, 1.0]]}