{"ecm_psm_transform": [[-0.5778767104647426, 0.18196273735731983, -0.7955803351741917, 0.04995513840054667], [0.526855184619022, -0.6613113899523048, -0.5339390039689993, 0.2206024418232848], [-0.623283340016805, -0.7277065395698887, 0.28628843903433127, -0.17236593776467868], [0.0, 0.0, 0.0, 1.0]], "suj_ecm_transform": [[0.9934922044802944, 0.11390012977566949, -8.600632206430369e-06, -0.092473725638578], [-0.11390013007077882, 0.9934921996679354, -9.782038257084362e-05, 1.0067484185074127], [-2.597093260223331e-06, 9.816340065041655e-05, 0.9999999951786012, 0.7425411307103067], [0.0, 0.0, 0.0, 1.0]], "suj_psm2_transform": [[0.19882223620702644, -0.9771926950986474, -0.0745932640087526, 0.04686218909394286], [-0.7814410601809054, -0.20400740192483205, 0.5896870775447117, 0.2780034600281158], [-0.5914554825622806, -0.05895266411047195, -0.8041797035124039, -0.225303140553622], [0.0, 0.0, 0.0, 1.0]], "ecm_transform": [[0.9913130310747305, 0.1300618264294684, 0.019554941249238476, -0.08851949119897787], [0.1165411288697813, -0.7997078955652945, -0.5889698184561625, 0.8887089895292916], [-0.06096424938590945, 0.5861324108734807, -0.8079184100021821, 0.5806547867558906], [0.0, 0.0, 0.0, 1.0]], "psm2_transform": [[-0.15795666521438623, 0.9833601345468069, 0.08973593315075062, 0.014160460798028757], [0.8550172157144117, 0.18166685383989475, -0.4857393488774504, -0.0766503759010792], [-0.49395875611869206, 0.0, -0.8694853346972993, -0.0055670359881193725], [0.0, 0.0, 0.0, 1.0]]}