{"ecm_psm_transform": [[-0.5734359305217587, 0.18516123143807164, -0.7980517226088683, 0.049584516873548465], [0.5096363671423908, -0.6820733952396144, -0.5244489077042788, 0.22206059731745584], [-0.6414374535935295, -0.7074540281026335, 0.29676049475765337, -0.17076010557768806], [0.0, 0.0, 0.0, 1.0]], "suj_ecm_transform": [[0.993489904728257, 0.11392018753949582, -8.602607117421569e-06, -0.09246017256918754], [-0.11392018783470229, 0.993489899915904, -9.782020891127918e-05, 1.006742661190985], [-2.597093260222584e-06, 9.816340065044976e-05, 0.9999999951786009, 0.7425398245189303], [0.0, 0.0, 0.0, 1.0]], "suj_psm2_transform": [[0.19890835896138054, -0.9771726095533555, -0.0746267771914107, 0.046887443918489494], [-0.7814115599763962, -0.20409534768176255, 0.589695737639264, 0.2779306432048858], [-0.5914655008287006, -0.058981185079195586, -0.8041702438763252, -0.22533165893192042], [0.0, 0.0, 0.0, 1.0]], "ecm_transform": [[0.9913106787105499, 0.13007796699435556, 0.01956682848711778, -0.08854996317347485], [0.11656113662469829, -0.7997052703504313, -0.5889694236566971, 0.8887258808198916], [-0.06096424938590943, 0.5861324108734809, -0.8079184100021819, 0.580651157469935], [0.0, 0.0, 0.0, 1.0]], "psm2_transform": [[-0.13290882383903074, 0.988244803526205, 0.07554768592867625, 0.011916778932678188], [0.8591489823581407, 0.15287971841762535, -0.48835521683454824, -0.07703242115359661], [-0.4941642142635347, 0.0, -0.8693685808339886, -0.005548615734295114], [0.0, 0.0, 0.0, 1.0]]}