{"ecm_psm_transform": [[-0.5708081541299177, 0.18620725857511589, -0.7996905076545153, 0.04919093049456059], [0.5010089883495497, -0.6926331367790127, -0.5188924083358963, 0.22303773527970883], [-0.6505136776208148, -0.696840150026967, 0.3020691320519811, -0.16982774883262697], [0.0, 0.0, 0.0, 1.0]], "suj_ecm_transform": [[0.9934856228478114, 0.11395752331736908, -8.606283244800397e-06, -0.09243056861023073], [-0.1139575236127564, 0.9934856180354693, -9.781988555182984e-05, 1.0067298411042773], [-2.5970932602261974e-06, 9.816340065044869e-05, 0.9999999951786012, 0.7425412772770299], [0.0, 0.0, 0.0, 1.0]], "suj_psm2_transform": [[0.19840495991638019, -0.9772776702993432, -0.07459106524824505, 0.04673522922015234], [-0.7815275144304169, -0.20367232569690194, 0.5896883311830324, 0.27810504833020705], [-0.591481374236581, -0.0587021198893487, -0.8041789881933639, -0.22521880971344976], [0.0, 0.0, 0.0, 1.0]], "ecm_transform": [[0.9913092740221555, 0.13008760380885753, 0.019573925843756477, -0.08855853845739453], [0.11657308237530567, -0.7997037027917969, -0.5889691878244647, 0.8887150157109853], [-0.06096424938590944, 0.5861324108734809, -0.807918410002182, 0.5806478126655609], [0.0, 0.0, 0.0, 1.0]], "psm2_transform": [[-0.12003675431335878, 0.990424267033955, 0.06819786568630515, 0.010761062797421912], [0.8611457735915311, 0.1380571304578397, -0.4892526804782889, -0.07720005260356859], [-0.4939829290971076, 0.0, -0.8694716014687554, -0.005564213001845234], [0.0, 0.0, 0.0, 1.0]]}