{"ecm_psm_transform": [[-0.5586057444391838, 0.19352617148118945, -0.8065402923793573, 0.04820135841904012], [0.4546421842612707, -0.7418625493703926, -0.4928898884454854, 0.22706146437790772], [-0.693729130547137, -0.6420183632837113, 0.3264235203486696, -0.1660259794423944], [0.0, 0.0, 0.0, 1.0]], "suj_ecm_transform": [[0.9934864261141377, 0.11395052019583779, -8.605593708414144e-06, -0.09243325490561904], [-0.1139505204911912, 0.9934864213017937, -9.781994621541977e-05, 1.006748313460721], [-2.597093260226358e-06, 9.816340065044406e-05, 0.999999995178601, 0.7425473824041915], [0.0, 0.0, 0.0, 1.0]], "suj_psm2_transform": [[0.19874274801970326, -0.9772055815126961, -0.07463626176337185, 0.046837072786402825], [-0.7814425786619323, -0.203968282781963, 0.589698597482788, 0.277988532262316], [-0.5914801910155292, -0.05887436691303788, -0.8041672665290615, -0.22528426793338108], [0.0, 0.0, 0.0, 1.0]], "ecm_transform": [[0.9913156218693085, 0.1300440466243765, 0.01954184677615903, -0.08852345232574241], [0.11651908914284612, -0.7997107870106529, -0.5889702530723632, 0.8887125614308088], [-0.0609642493859095, 0.586132410873481, -0.8079184100021818, 0.5806544965063992], [0.0, 0.0, 0.0, 1.0]], "psm2_transform": [[-0.055968562897998564, 0.9979260508771451, 0.03179806515935133, 0.005017617331095276], [0.867668361603542, 0.06437077738186463, -0.4929584336346014, -0.07778702155993111], [-0.4939829290971076, 0.0, -0.8694716014687554, -0.005565524829255462], [0.0, 0.0, 0.0, 1.0]]}