{"ecm_psm_transform": [[-0.5543518466663526, 0.19560609035023402, -0.8089698928362543, 0.04779378469351628], [0.4378891514632793, -0.7580363968969472, -0.4833569198948777, 0.2285821834772476], [-0.707776180108072, -0.6221889410760932, 0.3345650915356173, -0.16472603458775037], [0.0, 0.0, 0.0, 1.0]], "suj_ecm_transform": [[0.9934936735438138, 0.11388731516050864, -8.599370464926004e-06, -0.09248725395089044], [-0.1138873154555559, 0.993493668731451, -9.782049349840411e-05, 1.0067351094640364], [-2.5970932602290176e-06, 9.816340065045647e-05, 0.999999995178601, 0.7425460716808856], [0.0, 0.0, 0.0, 1.0]], "suj_psm2_transform": [[0.19864588042441345, -0.9772247082665911, -0.0746437120170585, 0.046811966706791844], [-0.7814602907053166, -0.20389506734477073, 0.5897004456189885, 0.27800751299766874], [-0.5914893306232767, -0.058810467314478476, -0.8041652197733254, -0.22525145668508317], [0.0, 0.0, 0.0, 1.0]], "ecm_transform": [[0.9913159157574944, 0.13004202954611074, 0.019540361240485388, -0.08851757267808388], [0.11651658878757497, -0.7997111150128959, -0.5889703023600916, 0.8887148652124117], [-0.06096424938590947, 0.5861324108734809, -0.8079184100021819, 0.5806398152174618], [0.0, 0.0, 0.0, 1.0]], "psm2_transform": [[-0.03367063524191253, 0.9992498073966022, 0.01913402049385884, 0.0030188250715811127], [0.8687712947752368, 0.03872754081856131, -0.49369688570691356, -0.07789186474488682], [-0.4940675315146348, 0.0, -0.8694235298765702, -0.005558595737505872], [0.0, 0.0, 0.0, 1.0]]}