{"ecm_psm_transform": [[-0.5466810968194169, 0.19920737803748373, -0.813299575135602, 0.04716667558947301], [0.4086796109333986, -0.7842686241336635, -0.4668015647004803, 0.2311110767960881], [-0.7308356545678689, -0.5875705453261948, 0.3473328378910248, -0.16278673788200662], [0.0, 0.0, 0.0, 1.0]], "suj_ecm_transform": [[0.993487844902399, 0.11393814970040358, -8.604375693783337e-06, -0.09245381670074505], [-0.11393814999569707, 0.9934878400900513, -9.782005336113541e-05, 1.0067330034921085], [-2.5970932602223684e-06, 9.816340065040971e-05, 0.999999995178601, 0.7425491229398202], [0.0, 0.0, 0.0, 1.0]], "suj_psm2_transform": [[0.19885150058248108, -0.9771889447505259, -0.07456438139922877, 0.04687132453125105], [-0.7814451025053909, -0.20401438724195034, 0.589679304002295, 0.2779194398941668], [-0.5914403034004658, -0.05899064379751795, -0.8041880821411864, -0.22536503920644657], [0.0, 0.0, 0.0, 1.0]], "ecm_transform": [[0.9913100631690737, 0.13008219001853016, 0.01956993867415346, -0.08854934039455635], [0.11656637146510034, -0.7997045834329224, -0.5889693203213867, 0.8887205374905542], [-0.060964249385909455, 0.5861324108734808, -0.8079184100021819, 0.5806530445722874], [0.0, 0.0, 0.0, 1.0]], "psm2_transform": [[0.004176624373167815, 0.9999884630246492, -0.0023726833849775824, -0.00037443242119881325], [0.8694821697494599, -0.00480352137497983, -0.49394097083575844, -0.07794866976786828], [-0.49394666948630894, 0.0, -0.8694922010595513, -0.005569431443454589], [0.0, 0.0, 0.0, 1.0]]}