{"ecm_psm_transform": [[-0.5471753679044324, 0.19883238222686403, -0.8130589157844833, 0.04714008459500254], [0.41009734111884044, -0.7831129190605042, -0.46749794310541465, 0.23107920926033051], [-0.7296706706219639, -0.5892366585494545, 0.34695946831808355, -0.162750643820459], [0.0, 0.0, 0.0, 1.0]], "suj_ecm_transform": [[0.9934890918841062, 0.1139272760724019, -8.603305062952922e-06, -0.09245425473493284], [-0.11392727636764273, 0.9934890870717552, -9.782014752934696e-05, 1.00674109484464], [-2.597093260226085e-06, 9.816340065048237e-05, 0.999999995178601, 0.74254592827278], [0.0, 0.0, 0.0, 1.0]], "suj_psm2_transform": [[0.19862267396901606, -0.9772269285628034, -0.07467639169849805, 0.04680104557623531], [-0.7814537553046085, -0.20389509949439338, 0.5897090949972676, 0.2780083646546335], [-0.5915057579649778, -0.0587734505868166, -0.8041558429809461, -0.22523528266876625], [0.0, 0.0, 0.0, 1.0]], "ecm_transform": [[0.991312216623007, 0.13006741504657016, 0.019559057162444743, -0.08854229232488348], [0.1165480564865548, -0.7997069866311938, -0.588969681785457, 0.8887151463385621], [-0.060964249385909455, 0.5861324108734809, -0.807918410002182, 0.580649555261158], [0.0, 0.0, 0.0, 1.0]], "psm2_transform": [[0.002450861130146988, 0.9999960271929601, -0.0013924360011702613, -0.00021971811049687742], [0.869468147225856, -0.0028187937662447747, -0.4939809665982493, -0.07794725539354758], [-0.4939829290971076, 0.0, -0.8694716014687554, -0.005564868915550348], [0.0, 0.0, 0.0, 1.0]]}