{"ecm_psm_transform": [[-0.5296716180831217, 0.20535950500722316, -0.8229674663681407, 0.04557107761184942], [0.3391864258090378, -0.8380131983126061, -0.4274183524379448, 0.23740138540590527], [-0.7774320198860468, -0.505530763808757, 0.3742166502159367, -0.15848600374931887], [0.0, 0.0, 0.0, 1.0]], "suj_ecm_transform": [[0.9934914483221143, 0.11390672516074735, -8.601281595674519e-06, -0.09246922172991386], [-0.11390672545588862, 0.9934914435097573, -9.782032547267772e-05, 1.0067494028331634], [-2.5970932602305664e-06, 9.816340065047845e-05, 0.9999999951786012, 0.7425462157756477], [0.0, 0.0, 0.0, 1.0]], "suj_psm2_transform": [[0.19871991166140218, -0.9772041986490374, -0.0747151313455176, 0.04679735329282241], [-0.7814201938880154, -0.20399491556408558, 0.5897190475201038, 0.2779796332617038], [-0.591517436170145, -0.05880500460585836, -0.8041449459767837, -0.22525400743401902], [0.0, 0.0, 0.0, 1.0]], "ecm_transform": [[0.9913194029504746, 0.13001809210556856, 0.019522731856550946, -0.0884934866639144], [0.11648691613536491, -0.7997150071424626, -0.5889708869888253, 0.8887224758939407], [-0.06096424938590947, 0.5861324108734809, -0.8079184100021819, 0.5806600242931957], [0.0, 0.0, 0.0, 1.0]], "psm2_transform": [[0.08956117542466033, 0.9946797199133078, -0.050902363891440636, -0.008029461445654057], [0.8647672101068137, -0.10301579875525607, -0.4914930493210404, -0.07752929704299731], [-0.49412191631279756, 0.0, -0.869392622363089, -0.005549785225027408], [0.0, 0.0, 0.0, 1.0]]}