{"ecm_psm_transform": [[-0.5956566049679843, 0.16782027062157973, -0.7855122950829698, 0.051440507762179934], [0.5891546170424287, -0.5734363385799958, -0.5692693587516877, 0.2150129439501291], [-0.545976232244229, -0.801877248938058, 0.2426990553338184, -0.17920771305059474], [0.0, 0.0, 0.0, 1.0]], "suj_ecm_transform": [[0.9934865460563587, 0.11394947446545096, -8.60549074446164e-06, -0.09243382495439816], [-0.11394947476079932, 0.9934865412440144, -9.781995527347422e-05, 1.0067332880801696], [-2.5970932602237342e-06, 9.816340065042171e-05, 0.999999995178601, 0.7425507276205594], [0.0, 0.0, 0.0, 1.0]], "suj_psm2_transform": [[0.19858378915091657, -0.9772302429826384, -0.07473640937694159, 0.04675455679799714], [-0.7814407700391407, -0.20389812801560336, 0.5897252549385752, 0.2779952475415479], [-0.5915359681431884, -0.058707798390214894, -0.8041384164440069, -0.2252281471938462], [0.0, 0.0, 0.0, 1.0]], "ecm_transform": [[0.9913180422601835, 0.13002743314891047, 0.01952961131572343, -0.08851382735393282], [0.11649849521023972, -0.7997134884146615, -0.5889706589138405, 0.88870122894924], [-0.06096424938590949, 0.5861324108734812, -0.8079184100021819, 0.5806460666366838], [0.0, 0.0, 0.0, 1.0]], "psm2_transform": [[-0.2557126041373033, 0.9557721540073134, 0.14529505741607018, 0.02292475165026199], [0.8309970554234907, 0.29410812573647177, -0.4721697832912095, -0.07449926522766757], [-0.49401918784881915, 0.0, -0.8694510003658592, -0.005560962431555471], [0.0, 0.0, 0.0, 1.0]]}