{"ecm_psm_transform": [[-0.5886397163709237, 0.17380615512169298, -0.789490154943412, 0.050895982987802416], [0.5655494512801393, -0.60928959507225, -0.555805728194148, 0.21710854506209773], [-0.5776305934310372, -0.7736650501208566, 0.26035607877290007, -0.17647994419495458], [0.0, 0.0, 0.0, 1.0]], "suj_ecm_transform": [[0.9934891661817433, 0.11392662816694245, -8.603241269386386e-06, -0.09245005747981852], [-0.11392662846218012, 0.9934891613693921, -9.782015313994984e-05, 1.006729788850921], [-2.597093260227208e-06, 9.816340065044708e-05, 0.9999999951786009, 0.7425424400603], [0.0, 0.0, 0.0, 1.0]], "suj_psm2_transform": [[0.19875213188730706, -0.977207924773096, -0.07458057274458119, 0.046839209081861365], [-0.7814599641462534, -0.20394410778646516, 0.5896839198551367, 0.27797340385997743], [-0.5914540679602999, -0.05891920450788485, -0.8041831960650331, -0.22532461856660446], [0.0, 0.0, 0.0, 1.0]], "ecm_transform": [[0.9913260651053543, 0.12997234321469137, 0.019489039022424187, -0.0884595132595992], [0.11643020630209217, -0.7997224436783824, -0.5889720028469341, 0.888704775209679], [-0.060964249385909455, 0.5861324108734809, -0.807918410002182, 0.5806414139929593], [0.0, 0.0, 0.0, 1.0]], "psm2_transform": [[-0.21730568819946286, 0.9682671101181081, 0.12343841111941359, 0.0194803614810399], [0.8419173212602583, 0.2499175933453416, -0.4782430560901261, -0.07547365138571265], [-0.4939164524877753, 0.0, -0.8695093662301121, -0.0055708283547601725], [0.0, 0.0, 0.0, 1.0]]}