{"ecm_psm_transform": [[-0.581630029303275, 0.17948509530109674, -0.793405072820579, 0.05027765985374083], [0.5395071294933322, -0.6448545867525236, -0.5413821378380499, 0.21938088434138603], [-0.6088009249652442, -0.7429318020578931, 0.2782333036364897, -0.1736884571783764], [0.0, 0.0, 0.0, 1.0]], "suj_ecm_transform": [[0.993489030832867, 0.113927808461118, -8.603357482597786e-06, -0.09244052135676434], [-0.11392780875636138, 0.9934890260205161, -9.782014291896809e-05, 1.0067331162042525], [-2.597093260218989e-06, 9.816340065043813e-05, 0.999999995178601, 0.7425454929672091], [0.0, 0.0, 0.0, 1.0]], "suj_psm2_transform": [[0.19886222275025173, -0.9771837673501549, -0.07460362719189967, 0.04684585714928288], [-0.7814290330426885, -0.20404526526522165, 0.5896899151594966, 0.27792623795258875], [-0.591457929764069, -0.05896960700398146, -0.8041766614177497, -0.2253341090920722], [0.0, 0.0, 0.0, 1.0]], "ecm_transform": [[0.9913066874646137, 0.13010534616208208, 0.019586992826360658, -0.08856739650589782], [0.11659507573112919, -0.7997008164455544, -0.5889687534085033, 0.8887253629996906], [-0.060964249385909455, 0.5861324108734809, -0.8079184100021821, 0.5806499959226455], [0.0, 0.0, 0.0, 1.0]], "psm2_transform": [[-0.17717064024676082, 0.9790138067823342, 0.10071013039468937, 0.015885264613203002], [0.8511171185952096, 0.20379393055133532, -0.4838054198793412, -0.07631185746623147], [-0.49417629917747075, 0.0, -0.8693617114476915, -0.005546876515284325], [0.0, 0.0, 0.0, 1.0]]}