{"ecm_psm_transform": [[-0.40463318891460043, 0.04153947405175732, -0.9135351413735023, 0.011314132039330157], [0.7353946659716968, -0.5790080264619426, -0.3520573682697509, -0.09511508834555138], [-0.5435684572242747, -0.8142629657476446, 0.20373795650951315, 0.16053005473154866], [0.0, 0.0, 0.0, 1.0]], "suj_ecm_transform": [[0.9680080459532908, 0.25091915526824005, -2.2117070504127742e-05, 0.003502820933597814], [-0.2509191562295455, 0.9680080412286977, -9.56746220947788e-05, 0.9074039141396028], [-2.597093260212289e-06, 9.816340065045146e-05, 0.9999999951786012, 1.088474241198038], [0.0, 0.0, 0.0, 1.0]], "suj_psm2_transform": [[0.034393022731404065, -0.9990397393079896, 0.02714257303244194, 0.02422169161261789], [-0.8203297020378851, -0.012707062405428106, 0.5717496921900871, -0.0324679947213079], [-0.5708557610656407, -0.041930059008411624, -0.8199790059566888, 0.11664128868141832], [0.0, 0.0, 0.0, 1.0]], "ecm_transform": [[0.9449780095493328, -0.30405233673919807, -0.12070102730140402, -0.006279685316245261], [-0.32139358865268275, -0.7940755043109866, -0.51589752337669, 0.8655845051610944], [0.061014118375431095, 0.5263043510903986, -0.8481043611385237, 1.0197084766059596], [0.0, 0.0, 0.0, 1.0]], "psm2_transform": [[-0.3068834603409929, 0.9412328549198192, 0.14107889490857495, 0.025893186710725095], [0.8551936112502565, 0.3377583645440724, -0.3931452332882323, -0.07215666763310487], [-0.4176917871420066, 0.0, -0.9085887798966685, -0.011850966929113346], [0.0, 0.0, 0.0, 1.0]]}