{"ecm_psm_transform": [[-0.39505533299535156, 0.023214131317647622, -0.9183639735851461, -0.0010277959310575398], [0.6421393701517605, -0.7079175185894334, -0.29412551092225936, -0.07774340366550594], [-0.6569538135767479, -0.7059135152278546, 0.26475988337665707, 0.17505887884385568], [0.0, 0.0, 0.0, 1.0]], "suj_ecm_transform": [[0.9679902418249264, 0.2509878308648753, -2.212385817322134e-05, 0.00354798062719347], [-0.25098783182651596, 0.9679902371004014, -9.567305273792051e-05, 0.9073819101496086], [-2.5970932602393044e-06, 9.81634006504428e-05, 0.9999999951786009, 1.0884647189101258], [0.0, 0.0, 0.0, 1.0]], "suj_psm2_transform": [[0.018577201357858335, -0.9994281103313507, 0.028254908763170494, 0.012740980634068949], [-0.8201060776465752, 0.0009330205891210294, 0.5722107573960229, -0.02357554690260827], [-0.5719098783871979, -0.033802096859304076, -0.8196197345422173, 0.12119003550919039], [0.0, 0.0, 0.0, 1.0]], "ecm_transform": [[0.9448729441644588, -0.3043578970906074, -0.120753425891653, -0.006257754455283888], [-0.32166663543916724, -0.793865482971756, -0.5160505504224043, 0.8655487260065877], [0.061202083553042214, 0.5264445511396275, -0.8480037968925391, 1.0197194203332072], [0.0, 0.0, 0.0, 1.0]], "psm2_transform": [[-0.158243046997469, 0.9847176257053538, 0.07273469393740217, 0.013359479569252349], [0.8947291132484277, 0.1741585416372414, -0.41125249698995325, -0.07553643294449977], [-0.417634950623914, 0.0, -0.908614906336761, -0.011889482758333573], [0.0, 0.0, 0.0, 1.0]]}