{"ecm_psm_transform": [[-0.3946342937393869, 0.022741053819009226, -0.9185568129821998, -0.0010337274275415316], [0.6276232276807262, -0.7234654111435004, -0.28755326976856505, -0.07658983749519484], [-0.6710833467464695, -0.6899859732995786, 0.2712314479727428, 0.17622339712256777], [0.0, 0.0, 0.0, 1.0]], "suj_ecm_transform": [[0.9679935829393382, 0.25097494476312554, -2.212258455247296e-05, 0.0035340481483824293], [-0.25097494572470336, 0.9679935782148005, -9.567334724666671e-05, 0.907382029970599], [-2.5970932602277356e-06, 9.816340065044744e-05, 0.999999995178601, 1.0884787158090279], [0.0, 0.0, 0.0, 1.0]], "suj_psm2_transform": [[0.01866361628138158, -0.9994273122351378, 0.02822617554238327, 0.012769014633699421], [-0.820083381168998, 0.0008470067212347221, 0.572243418931173, -0.023644666274004023], [-0.5719396098870274, -0.03382794906674469, -0.8195979212420028, 0.1211641457237822], [0.0, 0.0, 0.0, 1.0]], "ecm_transform": [[0.944861174243584, -0.30438694320628296, -0.12077230730830313, -0.006240030848096895], [-0.3217012066744584, -0.7938543464521255, -0.5160461318944911, 0.865539198373465], [0.06120208355304225, 0.5264445511396278, -0.8480037968925389, 1.019713694840982], [0.0, 0.0, 0.0, 1.0]], "psm2_transform": [[-0.1382495341465792, 0.9883566992281754, 0.06354605730523316, 0.01167127918449061], [0.8980327607320373, 0.15215464202838552, -0.4127785430000079, -0.07581357240748292], [-0.41764126587329614, 0.0, -0.908612003574546, -0.011887450931888456], [0.0, 0.0, 0.0, 1.0]]}