{"ecm_psm_transform": [[-0.3946961208255534, 0.022861997077055607, -0.918527245809785, -0.0010624534747935028], [0.6304939478048633, -0.7204430747525444, -0.2888583698329307, -0.07677872604109076], [-0.6683504724219912, -0.69313714741799, 0.26994173608864747, 0.17603088604469783], [0.0, 0.0, 0.0, 1.0]], "suj_ecm_transform": [[0.9680131263797093, 0.2508995549368348, -2.2115133274572362e-05, 0.0034723119813186987], [-0.2508995558980446, 0.9680131216550967, -9.567506990281029e-05, 0.9074051835196999], [-2.597093260228371e-06, 9.816340065043289e-05, 0.9999999951786009, 1.0884651843484505], [0.0, 0.0, 0.0, 1.0]], "suj_psm2_transform": [[0.018675888397341377, -0.9994271365158416, 0.028224280120410394, 0.012736570505614025], [-0.8200807590447439, 0.0008360072547090244, 0.5722471928602769, -0.02359035518498842], [-0.5719429690425146, -0.033833413774188026, -0.819595351545638, 0.12120231375375856], [0.0, 0.0, 0.0, 1.0]], "ecm_transform": [[0.9448453952605032, -0.30442587745377936, -0.12079761666324548, -0.006209389881111676], [-0.3217475470361667, -0.7938394168293061, -0.5160402079918939, 0.8655552204143248], [0.061202083553042214, 0.5264445511396275, -0.8480037968925391, 1.0197295742645298], [0.0, 0.0, 0.0, 1.0]], "psm2_transform": [[-0.14216890243433006, 0.9876833897454516, 0.0653416008493243, 0.012002234087733456], [0.897435318270502, 0.15646572027423286, -0.41246615364146944, -0.07576360641496499], [-0.4176096894246357, 0.0, -0.9086265169466823, -0.01189161538658294], [0.0, 0.0, 0.0, 1.0]]}