{"ecm_psm_transform": [[-0.3935807812125817, 0.021384759831850262, -0.9190412725808502, -0.0011936714677225728], [0.5940024741873129, -0.7570850434147832, -0.2719987089987506, -0.07358048752265216], [-0.7016090288183621, -0.6529662541698233, 0.2852715225815312, 0.17886775711886166], [0.0, 0.0, 0.0, 1.0]], "suj_ecm_transform": [[0.9680032556703778, 0.25093763472684594, -2.211889695143727e-05, 0.0035127477390659856], [-0.25093763568824157, 0.968003250945803, -9.567419985719922e-05, 0.9074153050841847], [-2.597093260222623e-06, 9.816340065045274e-05, 0.9999999951786012, 1.0884772343715963], [0.0, 0.0, 0.0, 1.0]], "suj_psm2_transform": [[0.0185801168126771, -0.9994271431965785, 0.028287182630186203, 0.012700349180177706], [-0.8201292623701409, 0.0009477349409445501, 0.5721775028806103, -0.023475891632823043], [-0.5718765358566797, -0.03383027106613168, -0.8196418367165967, 0.12122876028015384], [0.0, 0.0, 0.0, 1.0]], "ecm_transform": [[0.9448697687370905, -0.3043657338401639, -0.12075852015760981, -0.0062456964435980405], [-0.3216759628811015, -0.7938624784176002, -0.51604935836137, 0.8655576664529638], [0.06120208355304223, 0.5264445511396275, -0.8480037968925392, 1.0197185722729922], [0.0, 0.0, 0.0, 1.0]], "psm2_transform": [[-0.09323784696501972, 0.9947210090088695, 0.04285811626406567, 0.007871702899469467], [0.9038096739851387, 0.10261634487924721, -0.41544910515549427, -0.07630507849399978], [-0.4176538963115334, 0.0, -0.9086061979184354, -0.011888632600385154], [0.0, 0.0, 0.0, 1.0]]}