{"ecm_psm_transform": [[-0.39302657201461333, 0.020670329530537927, -0.9192947575003031, -0.0012662844775755064], [0.5798776921948113, -0.7703192256349431, -0.265236032077094, -0.07237449483021079], [-0.7136329419143022, -0.6373233308880827, 0.2907696616231785, 0.1799193224350019], [0.0, 0.0, 0.0, 1.0]], "suj_ecm_transform": [[0.9679847054808134, 0.2510091820345714, -2.2125968455071897e-05, 0.003556263201652754], [-0.2510091829963163, 0.9679847007563097, -9.567256472252253e-05, 0.9073908313347363], [-2.5970932602236546e-06, 9.816340065043488e-05, 0.999999995178601, 1.088468711923486], [0.0, 0.0, 0.0, 1.0]], "suj_psm2_transform": [[0.018410785838128704, -0.9994310128934818, 0.02826116472355067, 0.012675248936962896], [-0.8201016266421857, 0.0010734111433573362, 0.5722168904946433, -0.023473292507301735], [-0.5719216423109584, -0.03371198978444345, -0.819615237047915, 0.1212656400661607], [0.0, 0.0, 0.0, 1.0]], "ecm_transform": [[0.9448961530559814, -0.30430061124361024, -0.12071618755068936, -0.006302008413589036], [-0.3215984529017117, -0.7938874432639436, -0.5160592626036905, 0.8655881849412412], [0.061202083553042325, 0.526444551139628, -0.8480037968925389, 1.0197248503459118], [0.0, 0.0, 0.0, 1.0]], "psm2_transform": [[-0.07465244252170772, 0.9966196130717585, 0.03429810003836129, 0.006301970635853199], [0.905612854054779, 0.08215440852868648, -0.41607212323112824, -0.07644954968546247], [-0.41748337858686146, 0.0, -0.9086845594614774, -0.011903777425445086], [0.0, 0.0, 0.0, 1.0]]}