{"ecm_psm_transform": [[-0.393159457507723, 0.02090254684087258, -0.9192326824628235, -0.0012460235573849739], [0.5829669906674401, -0.7674460687282425, -0.2667883419224212, -0.07262300961705245], [-0.7110380642162429, -0.6407726703981148, 0.28954318521852185, 0.1796814948626838], [0.0, 0.0, 0.0, 1.0]], "suj_ecm_transform": [[0.9680127409987933, 0.2509010417971944, -2.211528023072803e-05, 0.003482102902087142], [-0.2509010427584115, 0.9680127362741822, -9.567503593402917e-05, 0.9074108357309874], [-2.597093260214566e-06, 9.816340065044177e-05, 0.9999999951786009, 1.0884675259655756], [0.0, 0.0, 0.0, 1.0]], "suj_psm2_transform": [[0.018522157810524333, -0.9994286083570565, 0.028273423342772885, 0.012683471068733576], [-0.8201154750828494, 0.0009882299676379006, 0.5721971958434988, -0.023455997173790544], [-0.5718981877919131, -0.03378579877712945, -0.8196285638027246, 0.12124912059563053], [0.0, 0.0, 0.0, 1.0]], "ecm_transform": [[0.9448759184729469, -0.3043505564564329, -0.12074865413148572, -0.006254496414367799], [-0.3216578984863762, -0.7938682972383113, -0.5160516669687956, 0.8655738358429778], [0.06120208355304229, 0.5264445511396278, -0.8480037968925391, 1.0197154636782815], [0.0, 0.0, 0.0, 1.0]], "psm2_transform": [[-0.0787410316491656, 0.9962382865140228, 0.03618185205913321, 0.006647254518917708], [0.9052432209285303, 0.08665608163080016, -0.41596326097305336, -0.07641990414664016], [-0.41753390389016976, 0.0, -0.9086613445625573, -0.011898762675126517], [0.0, 0.0, 0.0, 1.0]]}