{"ecm_psm_transform": [[-0.3926601802666578, 0.020191056059081048, -0.9194619644597459, -0.0012889662058536942], [0.5624934627733591, -0.7856913813954695, -0.2574687506050292, -0.07102162101085252], [-0.7276119069738975, -0.6182890703029594, 0.2971523824129811, 0.18103540317006073], [0.0, 0.0, 0.0, 1.0]], "suj_ecm_transform": [[0.9679878963044811, 0.2509968767106881, -2.2124752235745096e-05, 0.003553034133680799], [-0.25099687767237294, 0.9679878915799652, -9.567284598657287e-05, 0.9073798738184828], [-2.597093260244468e-06, 9.816340065045216e-05, 0.9999999951786009, 1.088466730709207], [0.0, 0.0, 0.0, 1.0]], "suj_psm2_transform": [[0.018590088487376512, -0.9994277287394085, 0.028259929879931256, 0.012680337969618455], [-0.8201049320598534, 0.0009253889477245161, 0.5722124116675543, -0.023581154564993934], [-0.5719111023761776, -0.03381358724067218, -0.819618406514143, 0.12120657489390663], [0.0, 0.0, 0.0, 1.0]], "ecm_transform": [[0.9448739738020979, -0.3043553559562902, -0.1207517740331484, -0.006260922650926117], [-0.3216636109357089, -0.7938664572055656, -0.5160509369468143, 0.8655495090308478], [0.061202083553042186, 0.5264445511396274, -0.8480037968925391, 1.019706236869891], [0.0, 0.0, 0.0, 1.0]], "psm2_transform": [[-0.05247392274900919, 0.9983311142622433, 0.024113766342873665, 0.004429698777449184], [0.9071333034744632, 0.057749340220540096, -0.4168623075208408, -0.07657760416739842], [-0.41755916605774407, 0.0, -0.9086497360595894, -0.011894381756415242], [0.0, 0.0, 0.0, 1.0]]}