{"ecm_psm_transform": [[-0.39232110583914537, 0.019582208920188943, -0.9196198600546623, -0.0012435695757000553], [0.5455322490127817, -0.8000072111654858, -0.2497659451772366, -0.06964395393943029], [-0.7405934884943337, -0.5996707423053321, 0.3031769872908651, 0.18211968782935398], [0.0, 0.0, 0.0, 1.0]], "suj_ecm_transform": [[0.967969554862441, 0.2510676011945673, -2.213174242607376e-05, 0.0035930048120808022], [-0.2510676021565973, 0.9679695501379952, -9.567122920631682e-05, 0.9073884810614524], [-2.597093260228984e-06, 9.81634006504428e-05, 0.999999995178601, 1.0884649090680605], [0.0, 0.0, 0.0, 1.0]], "suj_psm2_transform": [[0.01862756006380245, -0.999428277111435, 0.028215827404816485, 0.012758337823160382], [-0.8200705846153417, 0.0008714220795021377, 0.5722617206071111, -0.023628214494682165], [-0.5719591333781824, -0.03379880964809734, -0.8195854990247512, 0.1211883591364149], [0.0, 0.0, 0.0, 1.0]], "ecm_transform": [[0.9448776301706883, -0.30434633186072124, -0.12074590794701129, -0.0062761722690145225], [-0.32165287029931944, -0.7938699168367067, -0.5160523095286847, 0.8655675320437003], [0.06120208355304222, 0.5264445511396277, -0.8480037968925389, 1.0197236704477406], [0.0, 0.0, 0.0, 1.0]], "psm2_transform": [[-0.029633942148908847, 0.9994679881113164, 0.01362241584420759, 0.0025019776728746152], [0.9081141044388381, 0.03261503856685431, -0.4174506349001397, -0.07667158160434485], [-0.4176728418175669, 0.0, -0.9085974891050701, -0.01188853169036929], [0.0, 0.0, 0.0, 1.0]]}