{"ecm_psm_transform": [[-0.3982167757865217, 0.02635849998793347, -0.9169125525155456, -0.0007310283184535585], [0.7245946388925506, -0.6039066427844542, -0.33205327296833526, -0.08469828976898611], [-0.5624820075081169, -0.7966191036368608, 0.2213865283851822, 0.16712346059969194], [0.0, 0.0, 0.0, 1.0]], "suj_ecm_transform": [[0.9679901027301789, 0.25098836731400537, -2.212391119413498e-05, 0.0035532824560716714], [-0.2509883682756487, 0.9679900980056545, -9.567304047708801e-05, 0.9073978179186702], [-2.5970932602319487e-06, 9.81634006504163e-05, 0.9999999951786008, 1.088462871010109], [0.0, 0.0, 0.0, 1.0]], "suj_psm2_transform": [[0.018564877160981756, -0.9994290692629875, 0.028229078059974877, 0.012767063916520383], [-0.8200839210748783, 0.0009296521891973761, 0.57224251689407, -0.023572254252375857], [-0.5719420492763673, -0.03377382505618243, -0.819598451078712, 0.12123122770615091], [0.0, 0.0, 0.0, 1.0]], "ecm_transform": [[0.9449069580358083, -0.30427393693471416, -0.12069884820397195, -0.006331687855628024], [-0.32156670478188865, -0.7938976671320088, -0.5160633183031633, 0.8655834795955303], [0.061202083553042234, 0.5264445511396276, -0.8480037968925391, 1.0197203390903793], [0.0, 0.0, 0.0, 1.0]], "psm2_transform": [[-0.27991414612348, 0.9513634325190338, 0.1286689164700042, 0.023630190734973938], [0.8644119495526508, 0.3080708023581622, -0.3973466524396346, -0.07297315810723293], [-0.4176602115003878, 0.0, -0.9086032950245401, -0.011883603561306955], [0.0, 0.0, 0.0, 1.0]]}