{"ecm_psm_transform": [[-0.3905458870979806, 0.016932295551360645, -0.9204277306981863, -0.0014557271847685307], [0.4766951878403271, -0.8516261047162295, -0.2179327319512534, -0.06373454132578724], [-0.787550384395009, -0.5238762021062064, 0.3245275287337738, 0.18609024290610698], [0.0, 0.0, 0.0, 1.0]], "suj_ecm_transform": [[0.9679989715401726, 0.25095416037167095, -2.2120530291215404e-05, 0.003507388732648109], [-0.2509541613331473, 0.9679989668156141, -9.567382223104958e-05, 0.9074022795981276], [-2.597093260231549e-06, 9.816340065044974e-05, 0.9999999951786009, 1.0884729923367151], [0.0, 0.0, 0.0, 1.0]], "suj_psm2_transform": [[0.018587027912806482, -0.9994265155218469, 0.028304813463933376, 0.012703512163592334], [-0.8201477323713078, 0.0009510645919918528, 0.5721510225127133, -0.023533261371456005], [-0.5718498224880113, -0.03384871560342234, -0.8196597129128822, 0.12119569169342825], [0.0, 0.0, 0.0, 1.0]], "ecm_transform": [[0.9448516147941036, -0.3044105316666352, -0.12078764105409018, -0.006228400425778175], [-0.3217292821453181, -0.793845301545479, -0.5160425430373216, 0.865542252454627], [0.06120208355304224, 0.5264445511396277, -0.848003796892539, 1.0197128205218973], [0.0, 0.0, 0.0, 1.0]], "psm2_transform": [[0.05214098287237024, 0.9983524528413945, -0.023951989701785335, -0.004402127175432705], [0.9072106326439616, -0.05737926372454807, -0.4167451116835945, -0.07659342727733157], [-0.41743285199280383, 0.0, -0.9087077715509833, -0.011916288022245116], [0.0, 0.0, 0.0, 1.0]]}