{"ecm_psm_transform": [[-0.3908563476560628, 0.017111235952644483, -0.9202926279728292, -0.001422689377309801], [0.4797252454681735, -0.8495095427043553, -0.21953866564853208, -0.06400887180700293], [-0.7855539474520282, -0.5272956878814866, 0.3238275052927503, 0.1859669574064415], [0.0, 0.0, 0.0, 1.0]], "suj_ecm_transform": [[0.9679957853523079, 0.2509664500501951, -2.2121744962685893e-05, 0.003530349882666012], [-0.2509664510117314, 0.9679957806277617, -9.567354138144127e-05, 0.9074072320236464], [-2.597093260227363e-06, 9.816340065043668e-05, 0.9999999951786009, 1.088471349020132], [0.0, 0.0, 0.0, 1.0]], "suj_psm2_transform": [[0.01864769828165041, -0.9994276830809563, 0.028223565335163403, 0.012706761539342276], [-0.8200718004909306, 0.000859257665773154, 0.5722599966062866, -0.023545387503140724], [-0.5719567338430065, -0.03381668179605313, -0.8195864363469816, 0.12123602092597063], [0.0, 0.0, 0.0, 1.0]], "ecm_transform": [[0.9448594267786946, -0.3043912553445603, -0.12077511042097866, -0.006231782359253991], [-0.3217063390674845, -0.7938526930389281, -0.516045475862969, 0.8655461218999871], [0.06120208355304226, 0.5264445511396277, -0.848003796892539, 1.019717843673755], [0.0, 0.0, 0.0, 1.0]], "psm2_transform": [[0.04860515300754596, 0.9985682247952553, -0.02233919269726666, -0.004103814318343556], [0.9073255680293444, -0.053492994207209654, -0.4170117662260564, -0.07660701442293476], [-0.4176096894246357, 0.0, -0.9086265169466823, -0.011897610352443078], [0.0, 0.0, 0.0, 1.0]]}