{"ecm_psm_transform": [[-0.3895765573917062, 0.015013815171007666, -0.9208717018590798, -0.0015122540026825063], [0.4214042352780175, -0.8861580200987687, -0.19272372429044665, -0.05924281715487217], [-0.8189313624599907, -0.46313988034787246, 0.33889950547438474, 0.18866110921828189], [0.0, 0.0, 0.0, 1.0]], "suj_ecm_transform": [[0.96798919065766, 0.2509918848896227, -2.2124258860057427e-05, 0.0035389202049826846], [-0.2509918858512831, 0.9679891859331391, -9.567296008040925e-05, 0.9073713300154518], [-2.5970932602305206e-06, 9.816340065040573e-05, 0.9999999951786009, 1.0884660808865791], [0.0, 0.0, 0.0, 1.0]], "suj_psm2_transform": [[0.018752845785511472, -0.9994257478644271, 0.028222425136334384, 0.012729548491065612], [-0.8200776688625557, 0.0007719843383254474, 0.5722517112889556, -0.023700977129039402], [-0.5719448817918573, -0.033875928707749914, -0.8195922606066303, 0.1211180965670724], [0.0, 0.0, 0.0, 1.0]], "ecm_transform": [[0.944879868686919, -0.30434080692563004, -0.12074231648451697, -0.006270717469374472], [-0.3216462944275238, -0.7938720349119576, -0.5160531498458181, 0.865564501363691], [0.061202083553042234, 0.5264445511396276, -0.848003796892539, 1.019720138832879], [0.0, 0.0, 0.0, 1.0]], "psm2_transform": [[0.1154937292798022, 0.9918904392456686, -0.05305238006045123, -0.009750885397064089], [0.9013443061966517, -0.1270958556878815, -0.41403512550729543, -0.07609854740881433], [-0.4174202201426284, 0.0, -0.9087135741343801, -0.011918104083117435], [0.0, 0.0, 0.0, 1.0]]}