{"ecm_psm_transform": [[-0.3977817713767642, 0.025963630287011916, -0.9171126170011421, -0.0008338085160406166], [0.7131129265377364, -0.6201884799811952, -0.32685807822876284, -0.08369796282649561], [-0.5772691022089691, -0.7840230476210086, 0.2281846717768677, 0.16835206436129493], [0.0, 0.0, 0.0, 1.0]], "suj_ecm_transform": [[0.9680038672310808, 0.25093527559200807, -2.2118663782452226e-05, 0.0035131145947064207], [-0.25093527655339226, 0.9680038625065035, -9.567425376315969e-05, 0.9074069561336777], [-2.597093260221732e-06, 9.81634006504275e-05, 0.9999999951786009, 1.0884616486937635], [0.0, 0.0, 0.0, 1.0]], "suj_psm2_transform": [[0.01860967223381306, -0.9994279610330606, 0.028238817338007982, 0.012697924033939517], [-0.8200887805887677, 0.0008981870528649433, 0.5722356028878722, -0.023540983797998294], [-0.5719336255648715, -0.03380745428625764, -0.8196029428832625, 0.12121399540399191], [0.0, 0.0, 0.0, 1.0]], "ecm_transform": [[0.9448927263114998, -0.3043090702434978, -0.12072168625048058, -0.00630177055869492], [-0.3216085209262776, -0.7938842008397283, -0.5160579763211476, 0.865557978891808], [0.06120208355304224, 0.5264445511396277, -0.848003796892539, 1.0197264754832776], [0.0, 0.0, 0.0, 1.0]], "psm2_transform": [[-0.2620588881793727, 0.9575019330849238, 0.12047899096865416, 0.022122395786996436], [0.8699671736682083, 0.288426850585437, -0.3999588336330571, -0.0734405853252706], [-0.4177107322848439, 0.0, -0.9085800702932348, -0.011876341540551994], [0.0, 0.0, 0.0, 1.0]]}