{"ecm_psm_transform": [[-0.3886153511330227, 0.01274251569232238, -0.921311965165757, -0.0016126412145747067], [0.3639890044636088, -0.9164533959278651, -0.1662082360229931, -0.054238898120352735], [-0.8464573902408488, -0.3999384970043706, 0.35150972265434793, 0.19103339234261754], [0.0, 0.0, 0.0, 1.0]], "suj_ecm_transform": [[0.9680003740595854, 0.250948750407745, -2.2119995588284648e-05, 0.0035158319599429833], [-0.2509487513691949, 0.9680003693350215, -9.567394585691183e-05, 0.9073898635020854], [-2.5970932602216895e-06, 9.816340065041928e-05, 0.9999999951786009, 1.0884727860194758], [0.0, 0.0, 0.0, 1.0]], "suj_psm2_transform": [[0.018655557420275852, -0.9994256859809376, 0.02828901516263027, 0.012704782604341242], [-0.8201309029737949, 0.0008867844356101259, 0.5721752490284361, -0.023553528977404814], [-0.5718717270199034, -0.033874943762277954, -0.8196433468407925, 0.12117447411408988], [0.0, 0.0, 0.0, 1.0]], "ecm_transform": [[0.9448908862484331, -0.30431361235921495, -0.12072463881717033, -0.006297594299721139], [-0.32161392702029745, -0.7938824597560281, -0.5160572856169182, 0.8655748468538983], [0.06120208355304227, 0.5264445511396277, -0.8480037968925389, 1.0197147939426299], [0.0, 0.0, 0.0, 1.0]], "psm2_transform": [[0.17829658270505958, 0.9805629888525312, -0.08189354973554724, -0.01505142023396443], [0.891065122007077, -0.19620454860321332, -0.4092758525126084, -0.07522183209390648], [-0.4173886401643088, 0.0, -0.9087280798246467, -0.011915522887658014], [0.0, 0.0, 0.0, 1.0]]}