{"ecm_psm_transform": [[-0.38840916785027046, 0.010911015725712712, -0.9214224156518518, -0.0016433905751641643], [0.31912362296589264, -0.9364602795402145, -0.1456099519558554, -0.05036392846890319], [-0.8644642454115634, -0.3506038998346952, 0.360247795032419, 0.19267439973690706], [0.0, 0.0, 0.0, 1.0]], "suj_ecm_transform": [[0.9680120343487203, 0.2509037681402067, -2.2115549693056973e-05, 0.0034853644924656146], [-0.250903769101437, 0.9680120296241118, -9.567497364744482e-05, 0.9074145677654434], [-2.5970932602298905e-06, 9.816340065046138e-05, 0.999999995178601, 1.088463792073301], [0.0, 0.0, 0.0, 1.0]], "suj_psm2_transform": [[0.018510224819751002, -0.9994282763657536, 0.028292966929985786, 0.012692896229304002], [-0.8201370099011547, 0.001007937886492609, 0.5721662949279787, -0.02346524949128531], [-0.5718676914877392, -0.0337950360525916, -0.8196494610323906, 0.1212743925046047], [0.0, 0.0, 0.0, 1.0]], "ecm_transform": [[0.9448685775024283, -0.3043686736640733, -0.12076043118716852, -0.00625019342179281], [-0.32167946191403707, -0.793861351287093, -0.5160489111657214, 0.865561441541359], [0.06120208355304223, 0.5264445511396276, -0.848003796892539, 1.0197209219697694], [0.0, 0.0, 0.0, 1.0]], "psm2_transform": [[0.22544453745016954, 0.968726741732471, -0.10364970036748541, -0.019036123052981184], [0.8801601860684569, -0.24813000594928133, -0.40465979168623745, -0.07431911102320374], [-0.4177233622791747, 0.0, -0.9085742636714852, -0.01188801239426561], [0.0, 0.0, 0.0, 1.0]]}