{"ecm_psm_transform": [[-0.38792563185869433, 0.00957176933619548, -0.9216409742295575, -0.0016300361923154687], [0.28176588541785386, -0.9508432147345105, -0.12847243598544583, -0.047260108040199617], [-0.8775657752907904, -0.3095247360472443, 0.3661594568124086, 0.1937387175803914], [0.0, 0.0, 0.0, 1.0]], "suj_ecm_transform": [[0.9679958738137588, 0.2509661088477238, -2.2121711239338204e-05, 0.003546992846228003], [-0.25096610980925843, 0.9679958690892123, -9.567354917898381e-05, 0.9074009815183235], [-2.5970932602371224e-06, 9.81634006504345e-05, 0.999999995178601, 1.088467803265879], [0.0, 0.0, 0.0, 1.0]], "suj_psm2_transform": [[0.01857312856202699, -0.9994275786195084, 0.028276385733772058, 0.012746135582520274], [-0.8201237134713477, 0.0009476159477049967, 0.5721854564963902, -0.023514548000734103], [-0.57188472046155, -0.03381740851635895, -0.8196366569302844, 0.12123821396957424], [0.0, 0.0, 0.0, 1.0]], "ecm_transform": [[0.9448709350731668, -0.304362855427944, -0.12075664904968214, -0.006243778580771913], [-0.32167253694203685, -0.7938635819907249, -0.5160497962078169, 0.8655622160171571], [0.061202083553042214, 0.5264445511396275, -0.8480037968925389, 1.0197142474216756], [0.0, 0.0, 0.0, 1.0]], "psm2_transform": [[0.26357858117734734, 0.9569993130498614, -0.1211554636268208, -0.022254643849374277], [0.869538285266247, -0.2900901839464641, -0.39968844821203137, -0.0734174406947564], [-0.4176475811025027, 0.0, -0.9086091007684375, -0.01189366172711286], [0.0, 0.0, 0.0, 1.0]]}