{"ecm_psm_transform": [[-0.38755267595092996, 0.008007116361761522, -0.9218127843824054, -0.0016994572367410362], [0.24401090280033708, -0.9634040290954485, -0.11095655022224084, -0.04389609549351897], [-0.8889665925544326, -0.2679338776829564, 0.37141598580558777, 0.19483181593306295], [0.0, 0.0, 0.0, 1.0]], "suj_ecm_transform": [[0.9680233603411161, 0.2508600672585959, -2.2111230451225562e-05, 0.0034779390732197074], [-0.25086006821961293, 0.9680233556164644, -9.567597195008035e-05, 0.9074240755048768], [-2.597093260224371e-06, 9.816340065043317e-05, 0.999999995178601, 1.0884647290096907], [0.0, 0.0, 0.0, 1.0]], "suj_psm2_transform": [[0.018397749024527205, -0.9994329355180491, 0.02820159982351783, 0.012706653119786665], [-0.8200431662507599, 0.0010534444404461107, 0.5723007039487543, -0.023345778314377175], [-0.5720058813650952, -0.033655573930423954, -0.819558767891086, 0.12137000834887934], [0.0, 0.0, 0.0, 1.0]], "ecm_transform": [[0.9448896729386047, -0.3043166073145808, -0.12072658566579147, -0.006292080386285103], [-0.3216174916616677, -0.7938813117134951, -0.5160568301740783, 0.8655662178900726], [0.06120208355304213, 0.5264445511396273, -0.8480037968925391, 1.0197216121906585], [0.0, 0.0, 0.0, 1.0]], "psm2_transform": [[0.3012645490801995, 0.9434399571670116, -0.13842224780797113, -0.025433478829582183], [0.8572783712563496, -0.33154343187689195, -0.39389433475914953, -0.07237350485802678], [-0.417508641399869, 0.0, -0.9086729523631898, -0.011903893249427613], [0.0, 0.0, 0.0, 1.0]]}