{"ecm_psm_transform": [[-0.3979395649210825, 0.02628403627424828, -0.9170350331953269, -0.0007647630784089789], [0.7155952058532468, -0.6166104398022517, -0.3281997362685159, -0.08408620360980135], [-0.5740797889059233, -0.7868295336119558, 0.2265649597923804, 0.1679948787881292], [0.0, 0.0, 0.0, 1.0]], "suj_ecm_transform": [[0.9679831445687276, 0.25101520141468137, -2.212656339172526e-05, 0.003561954991960131], [-0.2510152023764556, 0.9679831398442298, -9.567242713094686e-05, 0.9073925804997245], [-2.597093260221442e-06, 9.816340065040577e-05, 0.9999999951786009, 1.0884738302973649], [0.0, 0.0, 0.0, 1.0]], "suj_psm2_transform": [[0.01884968235737209, -0.9994241283981568, 0.028215262724479384, 0.012754976180781252], [-0.8200731085000944, 0.0006886987690135973, 0.5722583528520997, -0.023709426595930283], [-0.5719482373344802, -0.033925466387225656, -0.8195878699324379, 0.121131363711376], [0.0, 0.0, 0.0, 1.0]], "ecm_transform": [[0.9448890295912967, -0.3043181953491916, -0.12072761795640953, -0.006279107937709848], [-0.3216193817648183, -0.7938807029741984, -0.5160565886784207, 0.865561812202998], [0.0612020835530422, 0.5264445511396276, -0.848003796892539, 1.019717817414885], [0.0, 0.0, 0.0, 1.0]], "psm2_transform": [[-0.26599749593393696, 0.9561868506691511, 0.1222785294493096, 0.022455023572945224], [0.8687861957983938, 0.29275707780924864, -0.3993793176702376, -0.07334134645894369], [-0.41767915694589103, 0.0, -0.9085945860794956, -0.011880505607756435], [0.0, 0.0, 0.0, 1.0]]}