{"ecm_psm_transform": [[-0.39716752398955557, 0.025481475974341403, -0.9173923109935983, -0.0009047163556782003], [0.7018320602709549, -0.6356641055129235, -0.3215010173207574, -0.08268101669590378], [-0.5913456832207648, -0.771545098710778, 0.23458142209378666, 0.1695474310745945], [0.0, 0.0, 0.0, 1.0]], "suj_ecm_transform": [[0.968008025909619, 0.2509192325936725, -2.2117078146694474e-05, 0.0034960201366356775], [-0.2509192335549783, 0.9680080211850259, -9.567462032803717e-05, 0.9074058685884625], [-2.5970932602257637e-06, 9.816340065043968e-05, 0.999999995178601, 1.0884693819452445], [0.0, 0.0, 0.0, 1.0]], "suj_psm2_transform": [[0.018532208749115472, -0.9994267486695241, 0.02833251282084298, 0.012686478477977048], [-0.8201724252364657, 0.0010104430391380398, 0.5721155232001653, -0.023475498721771904], [-0.571816185605666, -0.03384011005786891, -0.8196835345611488, 0.12121778841061137], [0.0, 0.0, 0.0, 1.0]], "ecm_transform": [[0.9448975336424477, -0.30429720314862696, -0.12071397215046485, -0.006298819564135701], [-0.3215943965388489, -0.7938887495936187, -0.5160597808233989, 0.8655812958354456], [0.061202083553042255, 0.5264445511396276, -0.8480037968925391, 1.0197192523943162], [0.0, 0.0, 0.0, 1.0]], "psm2_transform": [[-0.244842661490404, 0.9630083744538391, 0.11254750928416792, 0.020671186484614017], [0.8749925821649844, 0.26947146552422657, -0.40221028135103515, -0.07387248091687332], [-0.4176602115003878, 0.0, -0.9086032950245401, -0.011888099432811907], [0.0, 0.0, 0.0, 1.0]]}