{"ecm_psm_transform": [[-0.39659215636889855, 0.02472839382574678, -0.917661793933618, -0.0009610844713480032], [0.684706890245403, -0.6578790924466835, -0.3136424304395022, -0.08124974048307765], [-0.6114663817064167, -0.75271748103809, 0.24397798626625355, 0.171312756625654], [0.0, 0.0, 0.0, 1.0]], "suj_ecm_transform": [[0.967991840222688, 0.25098166620862167, -2.2123248878402758e-05, 0.003527481710244862], [-0.25098166717023224, 0.9679918354981569, -9.567319363183273e-05, 0.9074077822044193], [-2.597093260229843e-06, 9.81634006503828e-05, 0.9999999951786009, 1.0884706143611553], [0.0, 0.0, 0.0, 1.0]], "suj_psm2_transform": [[0.01846897558084884, -0.9994311342259101, 0.028218874550649142, 0.012676581466574577], [-0.8200666716450615, 0.0010035133628012727, 0.5722671115990519, -0.023491853238182925], [-0.5719698864433207, -0.03371054584016614, -0.8195816299192982, 0.1212800819278459], [0.0, 0.0, 0.0, 1.0]], "ecm_transform": [[0.9448611331749441, -0.30438704455035753, -0.12077237318716154, -0.006232543875059126], [-0.32170132729618445, -0.7938543075938398, -0.5160461164765977, 0.865549255015026], [0.06120208355304217, 0.5264445511396274, -0.8480037968925391, 1.0197154576185425], [0.0, 0.0, 0.0, 1.0]], "psm2_transform": [[-0.21908959447899423, 0.9704931579426052, 0.10071136965417332, 0.01849626136962339], [0.8817904638241607, 0.2411286594052845, -0.4053425064339809, -0.0744436399680171], [-0.4176665266690657, 0.0, -0.9086003920867515, -0.011885318350968014], [0.0, 0.0, 0.0, 1.0]]}