{"ecm_psm_transform": [[-0.41965273002263975, 0.2795963253227197, -0.8635493506746316, 0.09534535312237362], [0.6626802469211437, -0.5557616316790986, -0.5019799787779569, -0.07932884369298424], [-0.6202793536182528, -0.7829143654445343, 0.047943924072866184, 0.18140762083531778], [0.0, 0.0, 0.0, 1.0]], "suj_ecm_transform": [[0.994194976030869, 0.10759344576368865, -7.979721490737545e-06, -0.10584604117617077], [-0.1075934460282543, 0.9941949712167343, -9.787298996963162e-05, 0.9752685199891944], [-2.597093260226232e-06, 9.816340065046155e-05, 0.9999999951786009, 1.056549084674669], [0.0, 0.0, 0.0, 1.0]], "suj_psm2_transform": [[0.28018493386618915, -0.9598941656769393, 0.009979655994679482, 0.1052036359120189], [-0.6411834784583061, -0.1793988378838089, 0.7461231828043182, -0.014884288449645289], [-0.7144089513622476, -0.21545126517454422, -0.6657331316287197, 0.1391814553796311], [0.0, 0.0, 0.0, 1.0]], "ecm_transform": [[0.9943356138123678, -0.10216494401046775, -0.02930889489079644, -0.10820470753920318], [-0.09235938974263189, -0.6940873266247125, -0.713941542526647, 0.9179432433032634], [0.05259686521790426, 0.712604453560527, -0.6995916398406661, 1.0003891103883895], [0.0, 0.0, 0.0, 1.0]], "psm2_transform": [[-0.09934687566459846, 0.9940048849371133, 0.04565618267922731, 0.008391891203925715], [0.9031936217004184, 0.10933566993966864, -0.4150746836396134, -0.07629331630899441], [-0.41757811247162396, 0.0, -0.9086410292214611, -0.011926505681070471], [0.0, 0.0, 0.0, 1.0]]}