{"ecm_psm_transform": [[-0.4010806062015291, 0.28047276706255725, -0.8720489517597545, 0.09378339277642862], [0.6236798249486845, -0.6136462995435974, -0.48421244821713105, -0.07604059417135287], [-0.6709380174658406, -0.7380875598414608, 0.07119642354982234, 0.18566928912981784], [0.0, 0.0, 0.0, 1.0]], "suj_ecm_transform": [[0.9942042018665722, 0.10750816214274317, -7.971325800090526e-06, -0.10590119318828321], [-0.10750816240689587, 0.9942041970524147, -9.787367411950012e-05, 0.9752736777762152], [-2.597093260223026e-06, 9.8163400650441e-05, 0.999999995178601, 1.0565521892295535], [0.0, 0.0, 0.0, 1.0]], "suj_psm2_transform": [[0.2802965972327798, -0.959861955791445, 0.00994200200900519, 0.10520967215829319], [-0.64112766606249, -0.17949215538632712, 0.746148699633012, -0.014882805801537002], [-0.7144152387715348, -0.21551703408081885, -0.6657050958435111, 0.139164657168104], [0.0, 0.0, 0.0, 1.0]], "ecm_transform": [[0.9943463355753611, -0.10208431810244294, -0.02922596320758319, -0.10829106422791128], [-0.09224388704462415, -0.6940991894270317, -0.7139449422326882, 0.9179706296220707], [0.05259686521790423, 0.7126044535605269, -0.6995916398406664, 1.0003986427758669], [0.0, 0.0, 0.0, 1.0]], "psm2_transform": [[-0.03295157572520301, 0.9993421823368038, 0.015145833075156259, 0.0027835851424059034], [0.9080172034023294, 0.03626572213970495, -0.41736022297662545, -0.0767047748343789], [-0.417634950623914, 0.0, -0.908614906336761, -0.011922453776646462], [0.0, 0.0, 0.0, 1.0]]}