{"ecm_psm_transform": [[-0.472424159607723, 0.2692239947623415, -0.8392460033048377, 0.09983994646931733], [0.7517555308558878, -0.3739769135522759, -0.5431435261121098, -0.08685919546686217], [-0.4600858998562328, -0.8875019486029991, -0.025714898004082665, 0.16785779833533837], [0.0, 0.0, 0.0, 1.0]], "suj_ecm_transform": [[0.994199889205799, 0.10754803689316043, -7.975251241585491e-06, -0.10586377186755791], [-0.1075480371575062, 0.9941998843916522, -9.787335433251228e-05, 0.9752794992010009], [-2.5970932602317188e-06, 9.81634006504541e-05, 0.999999995178601, 1.0565662752907372], [0.0, 0.0, 0.0, 1.0]], "suj_psm2_transform": [[0.28031436259211406, -0.959856646717666, 0.009953686578082266, 0.10523584048114813], [-0.6411355743858888, -0.17949832673142818, 0.7461404197317647, -0.014885014331365354], [-0.7144011711786686, -0.21553553872281794, -0.6657142015655152, 0.13916605516180658], [0.0, 0.0, 0.0, 1.0]], "ecm_transform": [[0.9943383961078708, -0.10214403142546866, -0.02928738414028089, -0.10822739676275743], [-0.09232943081638226, -0.6940904044934316, -0.713942425266399, 0.9179678204546207], [0.05259686521790428, 0.7126044535605273, -0.6995916398406662, 1.000390081949408], [0.0, 0.0, 0.0, 1.0]], "psm2_transform": [[-0.28571858554652796, 0.9492696872690417, 0.1313466813643464, 0.024135246446391118], [0.862498542786182, 0.3144631311173629, -0.3964961574335583, -0.0728570556583825], [-0.41768547205403755, 0.0, -0.9085916830100284, -0.011914439492122335], [0.0, 0.0, 0.0, 1.0]]}