{"ecm_psm_transform": [[-0.3839659573848383, 0.27992931047222375, -0.8798918823969737, 0.09243673097852667], [0.5847356515644194, -0.6637836787586529, -0.4663426268347811, -0.07277838399936745], [-0.7146008405810049, -0.6935638463416148, 0.09118568796004164, 0.1893415528367216], [0.0, 0.0, 0.0, 1.0]], "suj_ecm_transform": [[0.9941960345062592, 0.10758366469110707, -7.978758598423982e-06, -0.10583395296945741], [-0.10758366495562537, 0.9941960296921217, -9.787306847079979e-05, 0.9752686133741779], [-2.5970932602272896e-06, 9.81634006504434e-05, 0.9999999951786009, 1.0565559537066307], [0.0, 0.0, 0.0, 1.0]], "suj_psm2_transform": [[0.2803684109849393, -0.9598407423774471, 0.009965108834903424, 0.10530849612757567], [-0.6411399169916228, -0.17952991007359548, 0.7461290895206687, -0.014908197383157962], [-0.7143760641019234, -0.2155800562697719, -0.6657267295046568, 0.13915136313257448], [0.0, 0.0, 0.0, 1.0]], "ecm_transform": [[0.9943428646731005, -0.10211042991834532, -0.029252821668735267, -0.10826737858159982], [-0.09228129411176325, -0.6940953485419661, -0.7139438422519415, 0.9179617105190842], [0.05259686521790428, 0.7126044535605272, -0.6995916398406661, 1.0003896344041936], [0.0, 0.0, 0.0, 1.0]], "psm2_transform": [[0.0279444434478322, 0.9995269594178376, -0.0128438887150005, -0.002360619875381426], [0.9081908972590684, -0.03075479469826468, -0.4174247677592168, -0.07671984903591131], [-0.4176223200646242, 0.0, -0.9086207117295095, -0.011924270094911062], [0.0, 0.0, 0.0, 1.0]]}