{"ecm_psm_transform": [[-0.3771510708378004, 0.2793490250577022, -0.883018228557719, 0.09179754193928909], [0.5682879263002072, -0.6830395384143121, -0.45880913437307946, -0.07137512438677968], [-0.7313042476201759, -0.6748489543313195, 0.09885841517348859, 0.19076101083651403], [0.0, 0.0, 0.0, 1.0]], "suj_ecm_transform": [[0.9942067446092973, 0.10748464499582565, -7.969010673224179e-06, -0.10591671042352274], [-0.10748464525986447, 0.9942067397951335, -9.787386264756576e-05, 0.9752761705347588], [-2.597093260224974e-06, 9.816340065045742e-05, 0.999999995178601, 1.0565602906774259], [0.0, 0.0, 0.0, 1.0]], "suj_psm2_transform": [[0.2803891296768488, -0.9598342680479894, 0.010005690372989762, 0.10524997149206639], [-0.6411759062401707, -0.17952423578707566, 0.7460995282280796, -0.014887057423985106], [-0.7143356306500157, -0.21561360496463888, -0.66575925088428, 0.13915589256458083], [0.0, 0.0, 0.0, 1.0]], "ecm_transform": [[0.9943364472313613, -0.10215868049954573, -0.029302452216602298, -0.1082218967901576], [-0.09235041676443119, -0.6940882485421392, -0.7139418069836938, 0.9179621897999978], [0.052596865217904284, 0.7126044535605274, -0.699591639840666, 1.0003981103943034], [0.0, 0.0, 0.0, 1.0]], "psm2_transform": [[0.052275094261008424, 0.998343578438436, -0.02402943841917919, -0.004416502193267146], [0.9070982649357533, -0.0575334632256606, -0.4169683901206512, -0.07663690583884362], [-0.4176602115003878, 0.0, -0.9086032950245401, -0.0119263143406039], [0.0, 0.0, 0.0, 1.0]]}