{"ecm_psm_transform": [[-0.3651669325425809, 0.2775774953418825, -0.8885965594448191, 0.0906993682809242], [0.5380613397903711, -0.7160041118436172, -0.44477871626914034, -0.06872807289293986], [-0.7596993523759472, -0.6405379347882222, 0.11210730617049991, 0.19324509389613484], [0.0, 0.0, 0.0, 1.0]], "suj_ecm_transform": [[0.9942062527502233, 0.10748919447482537, -7.969458542955179e-06, -0.10590560347014244], [-0.10748919473888623, 0.9942062479360607, -9.787382618041564e-05, 0.9752703531803795], [-2.5970932602284984e-06, 9.816340065044494e-05, 0.9999999951786009, 1.0565562936242394], [0.0, 0.0, 0.0, 1.0]], "suj_psm2_transform": [[0.280176614933047, -0.9598963660604617, 0.010001543309899663, 0.10516346621438091], [-0.6412035004565538, -0.17938183767764904, 0.7461100638067096, -0.014803800460386651], [-0.7143942437106572, -0.21545561662511914, -0.6657475060544865, 0.13923565771094948], [0.0, 0.0, 0.0, 1.0]], "ecm_transform": [[0.9943380637027893, -0.10214653024563612, -0.029289954430923082, -0.10822739134183663], [-0.09233301057063943, -0.694090036756385, -0.7139423198231651, 0.9179775118211827], [0.0525968652179043, 0.7126044535605274, -0.699591639840666, 1.0003952488012007], [0.0, 0.0, 0.0, 1.0]], "psm2_transform": [[0.09540679470889701, 0.9944716793729131, -0.04385912047216975, -0.0080601000704845], [0.9035686968672444, -0.10500513761344213, -0.41537637284324674, -0.07633475309099881], [-0.41768547205403755, 0.0, -0.9085916830100284, -0.011920433752195186], [0.0, 0.0, 0.0, 1.0]]}