{"ecm_psm_transform": [[-0.3592945679985378, 0.2766471620208104, -0.8912764785141455, 0.09026327547372823], [0.5229725277969782, -0.7313109591732427, -0.4378173319579193, -0.06745911409512503], [-0.7729211787604111, -0.6234185020826245, 0.11807718951886303, 0.1943528200346858], [0.0, 0.0, 0.0, 1.0]], "suj_ecm_transform": [[0.9942038358925859, 0.10751154650976304, -7.971658971530834e-06, -0.10588782795858682], [-0.10751154677393211, 0.9942038310784292, -9.787364698376421e-05, 0.9752801665329532], [-2.5970932602284056e-06, 9.816340065043877e-05, 0.9999999951786009, 1.056554093687136], [0.0, 0.0, 0.0, 1.0]], "suj_psm2_transform": [[0.28022250085769534, -0.959883288814633, 0.009971051472291548, 0.10522186871728603], [-0.6411669848346196, -0.17942776307352068, 0.7461304010670758, -0.014811466743022028], [-0.7144090197996815, -0.2154756359610912, -0.6657251705741805, 0.13923166305934664], [0.0, 0.0, 0.0, 1.0]], "ecm_transform": [[0.9943404586480132, -0.1021285243015862, -0.02927143350843945, -0.108255649355847], [-0.0923072156708688, -0.6940926863825053, -0.7139430794155855, 0.9179534052455082], [0.05259686521790429, 0.7126044535605273, -0.699591639840666, 1.0003909542485798], [0.0, 0.0, 0.0, 1.0]], "psm2_transform": [[0.1161867205125764, 0.9917910032641105, -0.053397114349949155, -0.00981485282161498], [0.9011762408516647, -0.12786948754245123, -0.41416274226455146, -0.07612670476690098], [-0.4175907433133485, 0.0, -0.9086352244432334, -0.011927686919965676], [0.0, 0.0, 0.0, 1.0]]}