{"ecm_psm_transform": [[-0.32575824781855156, 0.267866459094615, -0.9067133637872005, 0.0873554062626907], [0.42744918663578124, -0.8136869271841437, -0.39395529870029034, -0.05941411036198229], [-0.8433082217212141, -0.5159080776860727, 0.15056592760536816, 0.20027573509203028], [0.0, 0.0, 0.0, 1.0]], "suj_ecm_transform": [[0.9942016090903372, 0.1075321366783187, -7.973685955726628e-06, -0.10587891062794043], [-0.10753213694258747, 0.9942016042761861, -9.787348186791231e-05, 0.9752747325901336], [-2.5970932602253855e-06, 9.816340065048076e-05, 0.9999999951786009, 1.0565570383827811], [0.0, 0.0, 0.0, 1.0]], "suj_psm2_transform": [[0.2801851854187989, -0.9598938327645323, 0.010004583572004011, 0.10514559440580908], [-0.6412044768872613, -0.179385977110537, 0.7461082294384851, -0.014836282773898035], [-0.7143900060132187, -0.21546345638347542, -0.6657495161633387, 0.13920477650676744], [0.0, 0.0, 0.0, 1.0]], "ecm_transform": [[0.9943354606273787, -0.10216609519604455, -0.029310079005888674, -0.1081998493781841], [-0.09236103890812558, -0.6940871571770331, -0.713941493915094, 0.917949487805831], [0.05259686521790425, 0.712604453560527, -0.6995916398406661, 1.000391978327338], [0.0, 0.0, 0.0, 1.0]], "psm2_transform": [[0.23709599840698947, 0.9653514887244355, -0.10900454466171994, -0.020029527015085796], [0.8770963207886369, -0.26095306707819327, -0.4032437734690032, -0.07409582856776915], [-0.41771704729209896, 0.0, -0.908577167004306, -0.01191476922022077], [0.0, 0.0, 0.0, 1.0]]}