{"ecm_psm_transform": [[-0.46169427169738503, 0.2724634028892457, -0.8441576236508406, 0.09899055584051328], [0.7361827084983074, -0.41319895211967705, -0.5360052664622779, -0.0855618757525368], [-0.4948468643832331, -0.8689248069040344, -0.009811256640653548, 0.170769848553282], [0.0, 0.0, 0.0, 1.0]], "suj_ecm_transform": [[0.9942037178236842, 0.10751263833622264, -7.971766455575154e-06, -0.10589569415771058], [-0.10751263860039702, 0.9942037130095279, -9.787363822933593e-05, 0.9752782655175054], [-2.5970932602232675e-06, 9.816340065048106e-05, 0.9999999951786012, 1.056566166215432], [0.0, 0.0, 0.0, 1.0]], "suj_psm2_transform": [[0.28038164446458447, -0.9598366557687948, 0.009986375213831278, 0.10529062945548315], [-0.641161619810425, -0.17952951529927816, 0.746110534986927, -0.014904434972281555], [-0.7143513916339825, -0.21559857926012027, -0.6657472056956831, 0.13914566107936288], [0.0, 0.0, 0.0, 1.0]], "ecm_transform": [[0.9943481190123759, -0.10207089701832225, -0.029212158400661128, -0.10830025649534787], [-0.09222466039948249, -0.6941011631942261, -0.7139455072108956, 0.917959781753718], [0.052596865217904284, 0.7126044535605274, -0.699591639840666, 1.0003887967296505], [0.0, 0.0, 0.0, 1.0]], "psm2_transform": [[-0.2479681507777169, 0.9620386914407122, 0.11398838700026298, 0.02094563185062635], [0.8741059394649584, 0.2729130927072614, -0.4018174341924956, -0.07383489028351528], [-0.4176728418175669, 0.0, -0.9085974891050701, -0.011914007795623918], [0.0, 0.0, 0.0, 1.0]]}