{"ecm_psm_transform": [[-0.308981441200408, 0.2613771518595127, -0.9144465284966246, 0.08596537019425385], [0.37437002327957614, -0.8504458952431128, -0.3695793080433346, -0.05493970811929377], [-0.8742868835018449, -0.45653451539828804, 0.16492022794879316, 0.20290026462706107], [0.0, 0.0, 0.0, 1.0]], "suj_ecm_transform": [[0.9942036985617043, 0.10751281645775247, -7.971783990612657e-06, -0.10589507701848971], [-0.10751281672192771, 0.9942036937475481, -9.787363680110122e-05, 0.9752703129640798], [-2.5970932602248485e-06, 9.81634006504693e-05, 0.9999999951786009, 1.056555071307894], [0.0, 0.0, 0.0, 1.0]], "suj_psm2_transform": [[0.2801499949272189, -0.9599043079573115, 0.009984984089835724, 0.10517121973946036], [-0.6411946926122876, -0.17937277080022687, 0.7461198129397739, -0.014846742782477995], [-0.7144125884306024, -0.215427780614396, -0.6657368285076637, 0.13920972959646472], [0.0, 0.0, 0.0, 1.0]], "ecm_transform": [[0.9943401213418437, -0.10213106058299291, -0.02927404232559668, -0.1082419086744182], [-0.09231084908686198, -0.6940923131903245, -0.7139429724501583, 0.9179616211699105], [0.05259686521790428, 0.7126044535605274, -0.6995916398406661, 1.000398735691868], [0.0, 0.0, 0.0, 1.0]], "psm2_transform": [[0.2979963342885757, 0.9446802070049245, -0.13703098643629671, -0.025174442057346133], [0.8582846939935431, -0.3279928451858868, -0.39467464773313876, -0.07250706069667195], [-0.41778651104000675, 0.0, -0.908545227929253, -0.011906653390700996], [0.0, 0.0, 0.0, 1.0]]}