{"ecm_psm_transform": [[-0.4443088562340587, 0.27643648247168673, -0.8521575625614455, 0.09749485936697266], [0.7080516923822321, -0.4744068618407116, -0.5230687625476266, -0.08315772305590813], [-0.5488646838580891, -0.8357756879672497, 0.015051850923766735, 0.17538023317432916], [0.0, 0.0, 0.0, 1.0]], "suj_ecm_transform": [[0.9942010463789339, 0.10753733916851924, -7.974198111276038e-06, -0.10587947801241676], [-0.10753733943281321, 0.9942010415647842, -9.787344014158345e-05, 0.9752858271885945], [-2.5970932602206527e-06, 9.8163400650465e-05, 0.9999999951786009, 1.0565552150078281], [0.0, 0.0, 0.0, 1.0]], "suj_psm2_transform": [[0.2803636477519008, -0.9598426357005526, 0.009916638072689166, 0.10526514461732236], [-0.6410896170637067, -0.17954896135948567, 0.7461677246891882, -0.01487460298251464], [-0.7144230734742254, -0.21555575883317646, -0.6656841495194967, 0.13919110871933782], [0.0, 0.0, 0.0, 1.0]], "ecm_transform": [[0.9943333847685476, -0.10218169322651446, -0.029326123236562064, -0.10820457230535542], [-0.09238338435007212, -0.6940848610473112, -0.7139408350563525, 0.917973638672873], [0.052596865217904264, 0.7126044535605272, -0.6995916398406661, 1.000394441139247], [0.0, 0.0, 0.0, 1.0]], "psm2_transform": [[-0.18637104562953521, 0.9787374897199203, 0.08566656038211608, 0.01574274826342993], [0.8892897904227746, 0.2051168599036877, -0.40876734511586027, -0.07511824198106803], [-0.4176475811025027, 0.0, -0.9086091007684375, -0.011917640178999711], [0.0, 0.0, 0.0, 1.0]]}