{"ecm_psm_transform": [[-0.5454544863647504, 0.15992347176084037, -0.8227416887969919, -0.01982313778303724], [0.5778459892748449, -0.6392820129339205, -0.507358374936426, 0.21978455064694544], [-0.6071024756855654, -0.752158886884357, 0.2562881052591847, -0.1731692470295405], [0.0, 0.0, 0.0, 1.0]], "suj_ecm_transform": [[0.977938357757705, 0.20889367655194582, -1.796591663348541e-05, 0.059085269738260775], [-0.20889367730838151, 0.9779383529960148, -9.654027118353672e-05, 1.0330133855115935], [-2.597093260236421e-06, 9.816340065049598e-05, 0.999999995178601, 0.649294681296009], [0.0, 0.0, 0.0, 1.0]], "suj_psm2_transform": [[0.1693472050756913, -0.9848742783662727, -0.03666305968635958, -0.01967677232470974], [-0.7649695416792235, -0.15480822702155078, 0.6251847832037527, 0.2792726442129604], [-0.6214041554706011, -0.077827171726575, -0.7796151659023262, -0.22369881144866732], [0.0, 0.0, 0.0, 1.0]], "ecm_transform": [[0.9912854907195705, -0.06944121242323034, -0.11194192202232328, 0.047645473009231], [-0.1244191107428316, -0.7727225446738482, -0.6224305212911204, 0.9693443212507293], [-0.04327771679309244, 0.6309340591297673, -0.7746284607856933, 0.5700685010466968], [0.0, 0.0, 0.0, 1.0]], "psm2_transform": [[-0.15714977315112272, 0.9835085192906129, 0.08952620443946435, 0.01408251178511298], [0.8545648472210501, 0.1808618049306876, -0.4868346016988493, -0.07657929942132874], [-0.4949978491797859, 0.0, -0.868894199144744, -0.005420824781678525], [0.0, 0.0, 0.0, 1.0]]}