{"ecm_psm_transform": [[-0.5416143240061231, 0.16164550374346692, -0.8249391826982834, -0.02018764000783732], [0.5621892907798001, -0.6599399994880996, -0.4984199016975071, 0.2212300512628661], [-0.6249776998932812, -0.7337233321867094, 0.26655758560006493, -0.17149242529084185], [0.0, 0.0, 0.0, 1.0]], "suj_ecm_transform": [[0.9779517889285877, 0.20883078845999686, -1.7959708442491566e-05, 0.05903592147358545], [-0.20883078921612636, 0.9779517841668488, -9.654142630664631e-05, 1.033024866203081], [-2.5970932602185876e-06, 9.81634006504392e-05, 0.9999999951786009, 0.649282321316345], [0.0, 0.0, 0.0, 1.0]], "suj_psm2_transform": [[0.16928270322082925, -0.9848840939984852, -0.03669724484252157, -0.019691550334033053], [-0.7649518250752164, -0.15477634166934207, 0.6252143547404768, 0.2793226072738069], [-0.6214435386294915, -0.07776635164541545, -0.7795898427041091, -0.22363389202719386], [0.0, 0.0, 0.0, 1.0]], "ecm_transform": [[0.9912932475441272, -0.06939302545789616, -0.1119031071562279, 0.047600573388612066], [-0.1243572941270247, -0.7727268735121327, -0.6224375007577625, 0.969362800452718], [-0.043277716793092454, 0.6309340591297672, -0.7746284607856935, 0.5700574534383129], [0.0, 0.0, 0.0, 1.0]], "psm2_transform": [[-0.13334530750442714, 0.9881537188148762, 0.07596878937353319, 0.011951049744861369], [0.8585908348885471, 0.15346735155182187, -0.4891518682914918, -0.07695105264873611], [-0.49501596662323666, 0.0, -0.868883877620055, -0.005425092488994605], [0.0, 0.0, 0.0, 1.0]]}