{"ecm_psm_transform": [[-0.5389860922322941, 0.16284916368672728, -0.8264224962249602, -0.020333489983714075], [0.5513121194329912, -0.6735755454956135, -0.49229151066882093, 0.22204663141597633], [-0.6368272445070671, -0.7209550155154066, 0.2732671335098968, -0.17053105744357497], [0.0, 0.0, 0.0, 1.0]], "suj_ecm_transform": [[0.9779166181383379, 0.2089954249397367, -1.7975961061105145e-05, 0.05915795941237238], [-0.20899542569666782, 0.9779166133767264, -9.65384013985829e-05, 1.0329758217279192], [-2.5970932602318556e-06, 9.816340065045597e-05, 0.9999999951786009, 0.6492808675969275], [0.0, 0.0, 0.0, 1.0]], "suj_psm2_transform": [[0.16935393985716285, -0.9848694338673442, -0.03676195436417479, -0.019603030840789196], [-0.7648866458590761, -0.1548659940600653, 0.6252718951546121, 0.27916637608737305], [-0.6215043540002829, -0.0777735309575503, -0.7795406441238879, -0.22373203072157266], [0.0, 0.0, 0.0, 1.0]], "ecm_transform": [[0.9912818226090477, -0.06946399103909638, -0.11196027024710567, 0.04765561941645191], [-0.12444833222691849, -0.7727204973203158, -0.6224272211487722, 0.9693568044928471], [-0.04327771679309245, 0.6309340591297672, -0.7746284607856934, 0.5700626850703767], [0.0, 0.0, 0.0, 1.0]], "psm2_transform": [[-0.1171797908951693, 0.9908647683807952, 0.0667525833765062, 0.010501787250944186], [0.8609668762438206, 0.13485922579368834, -0.4904579770268646, -0.07716083887290276], [-0.49497973152112185, 0.0, -0.868904520291659, -0.005427685379340456], [0.0, 0.0, 0.0, 1.0]]}