{"ecm_psm_transform": [[-0.539355149251481, 0.16271147322916168, -0.8262088110493064, -0.0202715726096153], [0.5533748291917696, -0.6710647358264823, -0.49340492371592093, 0.22195687273239947], [-0.6347222395606545, -0.723323645963361, 0.2719017870433694, -0.1707232440276415], [0.0, 0.0, 0.0, 1.0]], "suj_ecm_transform": [[0.9779411806974943, 0.20888046048700679, -1.7964611968168156e-05, 0.05909031513536262], [-0.20888046124337814, 0.9779411759357938, -9.654051396952308e-05, 1.0330034742575491], [-2.5970932602256875e-06, 9.81634006504676e-05, 0.9999999951786012, 0.6492907510487289], [0.0, 0.0, 0.0, 1.0]], "suj_psm2_transform": [[0.1694160518479177, -0.9848627017374846, -0.03665596953575506, -0.019575493835852303], [-0.7649634908149078, -0.15485779884608203, 0.6251799099913696, 0.27925698851115727], [-0.6213928379829738, -0.07787503363009829, -0.7796194071728697, -0.2237269406012199], [0.0, 0.0, 0.0, 1.0]], "ecm_transform": [[0.991281087744145, -0.06946855382960007, -0.11196394557896144, 0.04765810965368655], [-0.12445418558634966, -0.7727200871330183, -0.6224265600303212, 0.96934948677815], [-0.043277716793092454, 0.6309340591297672, -0.7746284607856934, 0.5700589082563803], [0.0, 0.0, 0.0, 1.0]], "psm2_transform": [[-0.12027510722616558, 0.990374091410817, 0.06850589495753685, 0.010778452235146573], [0.8605711879512286, 0.13841661411188577, -0.4901612708140178, -0.07712007628339715], [-0.49492537725393104, 0.0, -0.8689354814657151, -0.005431247171687484], [0.0, 0.0, 0.0, 1.0]]}