{"ecm_psm_transform": [[-0.5354406614153288, 0.16440571001822946, -0.8284165984675328, -0.020596991138930723], [0.5368083207541477, -0.6910042383723259, -0.48409706601113967, 0.2233244884011389], [-0.6520277025343534, -0.703906176322444, 0.28173741331759433, -0.1692736754479216], [0.0, 0.0, 0.0, 1.0]], "suj_ecm_transform": [[0.977922294892771, 0.20896886090663208, -1.7973338702215226e-05, 0.0591319640396121], [-0.20896886166343387, 0.977922290131139, -9.653888965878309e-05, 1.0329995496254203], [-2.5970932602139984e-06, 9.816340065041042e-05, 0.9999999951786009, 0.6492807215795291], [0.0, 0.0, 0.0, 1.0]], "suj_psm2_transform": [[0.1695087970727926, -0.9848460507760245, -0.036674568651902106, -0.019554556942697893], [-0.7649327150269153, -0.15493961251132177, 0.6251972952247902, 0.2791401872595398], [-0.6214054306139325, -0.07792286407537735, -0.7796045908393583, -0.22382285208009312], [0.0, 0.0, 0.0, 1.0]], "ecm_transform": [[0.9912782868323836, -0.06948594275573727, -0.1119779523567071, 0.04767666434585446], [-0.12447649289657645, -0.7727185236484123, -0.6224240402866736, 0.9693428424174121], [-0.04327771679309245, 0.6309340591297672, -0.7746284607856934, 0.5700746071351768], [0.0, 0.0, 0.0, 1.0]], "psm2_transform": [[-0.09621059339830931, 0.9938510828997924, 0.05480462331642352, 0.008621397707500318], [0.8635719557359727, 0.11072499726308362, -0.49191813571715093, -0.07738438166180682], [-0.49496161364725294, 0.0, -0.8689148410607956, -0.005424071878390592], [0.0, 0.0, 0.0, 1.0]]}