{"ecm_psm_transform": [[-0.5316682843318861, 0.16557041797366123, -0.8306113845400968, -0.021062807560561884], [0.5208614937408899, -0.7094074678738521, -0.4748098028293211, 0.2248793490830276], [-0.6678563766062268, -0.6850747997239693, 0.29093019611165377, -0.16771592520830864], [0.0, 0.0, 0.0, 1.0]], "suj_ecm_transform": [[0.9779394743734582, 0.2088884490329924, -1.796540058249568e-05, 0.059069236864634264], [-0.20888844978940266, 0.9779394696117639, -9.654036721795988e-05, 1.033007705485363], [-2.597093260226482e-06, 9.816340065047544e-05, 0.9999999951786012, 0.6492798513803801], [0.0, 0.0, 0.0, 1.0]], "suj_psm2_transform": [[0.16927457757063996, -0.9848866579335496, -0.036665902590350685, -0.019677994382839237], [-0.7649782411438497, -0.15475328073484348, 0.6251877419449818, 0.2792607415047243], [-0.6214132344621763, -0.07777977324656082, -0.7796126595361123, -0.22369416556415134], [0.0, 0.0, 0.0, 1.0]], "ecm_transform": [[0.9912777107796488, -0.0694895186784996, -0.11198083275851184, 0.047672412861149684], [-0.12448108025172432, -0.7727182020787823, -0.6224235220776108, 0.9693521365470253], [-0.04327771679309244, 0.6309340591297673, -0.7746284607856934, 0.5700615224244379], [0.0, 0.0, 0.0, 1.0]], "psm2_transform": [[-0.07343084245638631, 0.9964226867341366, 0.04182990243438474, 0.006580548861004402], [0.8657996046157805, 0.08450934481774647, -0.4932030162981907, -0.07758914934683453], [-0.4949736922537435, 0.0, -0.8689079605900136, -0.005425608069037184], [0.0, 0.0, 0.0, 1.0]]}