{"ecm_psm_transform": [[-0.529137250947819, 0.16633176072567518, -0.8320742244735634, -0.021355766968238477], [0.510532440966902, -0.7208483066872726, -0.4687583017573863, 0.22587758955808618], [-0.677768689435977, -0.6728383640370017, 0.2965099315372921, -0.1667758467058234], [0.0, 0.0, 0.0, 1.0]], "suj_ecm_transform": [[0.9779450336800682, 0.2088624206932092, -1.7962831114091176e-05, 0.0590544912779545], [-0.20886242144949269, 0.9779450289183539, -9.654084534032811e-05, 1.0330179763534595], [-2.5970932602242526e-06, 9.81634006504268e-05, 0.999999995178601, 0.6492884296021242], [0.0, 0.0, 0.0, 1.0]], "suj_psm2_transform": [[0.16920658755551696, -0.984898599880143, -0.03665895091176913, -0.019740859188629875], [-0.7649957536327902, -0.15469691354588413, 0.6251802634945995, 0.27932951847786824], [-0.6214101927484106, -0.07774067721284389, -0.7796189835136597, -0.22364258326797537], [0.0, 0.0, 0.0, 1.0]], "ecm_transform": [[0.9912793163364784, -0.06947955164235457, -0.11197280431900367, 0.04765987200691228], [-0.12446829408592931, -0.7727190983362668, -0.6224249664286657, 0.9693551189273841], [-0.04327771679309245, 0.6309340591297671, -0.7746284607856935, 0.5700581737747896], [0.0, 0.0, 0.0, 1.0]], "psm2_transform": [[-0.0589162860716027, 0.9976989407484013, 0.033551376500037006, 0.005279675884450651], [0.8669737591897748, 0.06779987927362527, -0.4937202418848474, -0.07769227753566821], [-0.4948589416307231, 0.0, -0.8689733182832029, -0.005438510226810252], [0.0, 0.0, 0.0, 1.0]]}