{"ecm_psm_transform": [[-0.525139735623997, 0.16776555374459595, -0.8343158736626842, -0.021635656546319784], [0.4927800060921706, -0.7393482778443102, -0.4588376506395842, 0.22736590284346714], [-0.6938271569090959, -0.6520880638574991, 0.3055896485649, -0.16539985212100589], [0.0, 0.0, 0.0, 1.0]], "suj_ecm_transform": [[0.9779357612494062, 0.20890583176811328, -1.796711657421532e-05, 0.05908795601858312], [-0.20890583252460815, 0.9779357564877253, -9.6540047869592e-05, 1.0330067901512896], [-2.5970932602221808e-06, 9.81634006504067e-05, 0.999999995178601, 0.6492847916643034], [0.0, 0.0, 0.0, 1.0]], "suj_psm2_transform": [[0.16936647399613539, -0.9848686290798618, -0.03672575309602483, -0.019667603331949987], [-0.7649149008138032, -0.1548565291314646, 0.6252396739638054, 0.2792301457256442], [-0.6214661631972622, -0.07780256319498502, -0.7795681940415247, -0.22369806247996227], [0.0, 0.0, 0.0, 1.0]], "ecm_transform": [[0.9912824811900538, -0.06945990171237966, -0.11195697628909686, 0.047653568825915406], [-0.12444308624776117, -0.772720864920925, -0.6224278136466831, 0.9693495890955276], [-0.04327771679309243, 0.6309340591297671, -0.7746284607856935, 0.5700562829644953], [0.0, 0.0, 0.0, 1.0]], "psm2_transform": [[-0.03468573373455634, 0.9992030420221193, 0.019752991900933808, 0.0031080448534013877], [0.8682773463049788, 0.03991592180750555, -0.4944705947575054, -0.07780273463898574], [-0.49486498135236795, 0.0, -0.8689698787824125, -0.005434040314350578], [0.0, 0.0, 0.0, 1.0]]}