{"ecm_psm_transform": [[-0.5212462102334612, 0.16888176642777675, -0.8365293403614057, -0.021942989275449618], [0.4753102242007595, -0.7566666829537424, -0.448927301105652, 0.22893909250667], [-0.7087895167731239, -0.63161260268935, 0.3141384106353552, -0.16408137759691768], [0.0, 0.0, 0.0, 1.0]], "suj_ecm_transform": [[0.9779334907572068, 0.2089164601762372, -1.796816579159465e-05, 0.05910039280498794], [-0.2089164609327838, 0.9779334859955342, -9.653985259336523e-05, 1.0330085176063084], [-2.597093260221732e-06, 9.816340065044932e-05, 0.9999999951786009, 0.6492897329095448], [0.0, 0.0, 0.0, 1.0]], "suj_psm2_transform": [[0.16937850633973262, -0.9848682727844528, -0.036679788067681296, -0.01962261174773257], [-0.7649502134309597, -0.15484135359458062, 0.6252002288778592, 0.2792444748532374], [-0.6214194175933438, -0.07783726921961565, -0.7796019926593201, -0.22372638337867445], [0.0, 0.0, 0.0, 1.0]], "ecm_transform": [[0.9912836330579294, -0.06945274900061232, -0.11195121476665955, 0.04764699075440245], [-0.12443391041291624, -0.7727215078450281, -0.6224288499523917, 0.9693509493002044], [-0.04327771679309249, 0.6309340591297671, -0.7746284607856936, 0.5700654497877626], [0.0, 0.0, 0.0, 1.0]], "psm2_transform": [[-0.011420993263455881, 0.9999136176749457, 0.006505236435255302, 0.0010235261276928403], [0.8688569811331106, 0.013143712877359947, -0.4948886633860743, -0.0778651909605427], [-0.4949314167125923, 0.0, -0.8689320415031698, -0.005432015330925834], [0.0, 0.0, 0.0, 1.0]]}