{"ecm_psm_transform": [[-0.5645073691934233, 0.14855985180450934, -0.8119491366816906, -0.018163373910122467], [0.6508913585631059, -0.5248119536567999, -0.5485552411989221, 0.21327048378949254], [-0.5076138980309688, -0.8381541527253537, 0.1995638915110901, -0.1820616945927546], [0.0, 0.0, 0.0, 1.0]], "suj_ecm_transform": [[0.9779308059635979, 0.208929027242478, -1.7969406390215794e-05, 0.05910745815432749], [-0.20892902799908583, 0.977930801201935, -9.653962168271165e-05, 1.0329956065705763], [-2.5970932602188824e-06, 9.81634006504234e-05, 0.9999999951786008, 0.6492843591053563], [0.0, 0.0, 0.0, 1.0]], "suj_psm2_transform": [[0.16918174384008183, -0.98490192721528, -0.03668421075689521, -0.019720073621709938], [-0.7649784509226026, -0.15469099918943324, 0.6252028985807969, 0.27928943592478506], [-0.621438256929266, -0.07771028591764506, -0.7795996435910639, -0.22367551731682367], [0.0, 0.0, 0.0, 1.0]], "ecm_transform": [[0.9912849586614583, -0.06944451678872099, -0.11194458369895399, 0.047641194007194174], [-0.1244233497408262, -0.7727222477177789, -0.6224300425921421, 0.9693604775948184], [-0.043277716793092426, 0.6309340591297674, -0.7746284607856933, 0.5700616645965624], [0.0, 0.0, 0.0, 1.0]], "psm2_transform": [[-0.2779715083377978, 0.9474645058346238, 0.15824933091789567, 0.024906019450022267], [0.8233832853269721, 0.31986092318936377, -0.4687525522710354, -0.07377446790070279], [-0.4947441823776926, 0.0, -0.8690386608220768, -0.005445519063196187], [0.0, 0.0, 0.0, 1.0]]}