{"ecm_psm_transform": [[-0.5186781207540506, 0.16950004187987006, -0.8379992499124143, -0.02218908986802081], [0.4639949697586004, -0.7674468112549028, -0.442418421783494, 0.22993561149986008], [-0.718109793200011, -0.618300192218476, 0.3194107030342496, -0.163194977144311], [0.0, 0.0, 0.0, 1.0]], "suj_ecm_transform": [[0.9779328434294592, 0.20891949028060444, -1.796846491811383e-05, 0.05910627474768562], [-0.2089194910371658, 0.9779328386677889, -9.653979691894608e-05, 1.0330058030773337], [-2.597093260225645e-06, 9.816340065045896e-05, 0.9999999951786012, 0.6492920617720346], [0.0, 0.0, 0.0, 1.0]], "suj_psm2_transform": [[0.16935011819877657, -0.9848697408596851, -0.036771334012206, -0.019638255557690054], [-0.7648795098404912, -0.15486801287346327, 0.6252801244360764, 0.2792241807065981], [-0.6215141775472468, -0.07776562304515816, -0.7795336009308181, -0.22367367214912326], [0.0, 0.0, 0.0, 1.0]], "ecm_transform": [[0.9912836417517814, -0.06945269501268853, -0.11195117127926969, 0.047651712689046576], [-0.12443384115465855, -0.7727215126974982, -0.6224288577741132, 0.9693513277381987], [-0.04327771679309243, 0.6309340591297671, -0.7746284607856935, 0.5700644261553305], [0.0, 0.0, 0.0, 1.0]], "psm2_transform": [[0.0035769714150987917, 0.999991528392322, -0.002036766821110537, -0.00032053382141779654], [0.868990031808331, -0.004116204998297652, -0.4948124710172208, -0.07787054000312829], [-0.49481666290986165, 0.0, -0.8689973936133228, -0.005442298898607811], [0.0, 0.0, 0.0, 1.0]]}