{"ecm_psm_transform": [[-0.5144124978571695, 0.17033873441209388, -0.8404549349056344, -0.02265151081372135], [0.444844040814986, -0.7848890659337986, -0.4313501286993716, 0.23175366835524824], [-0.7331395238286794, -0.5957632665215736, 0.3279825740245993, -0.16185397167457632], [0.0, 0.0, 0.0, 1.0]], "suj_ecm_transform": [[0.9779404175409983, 0.20888403341806244, -1.796496468122268e-05, 0.05907999349081446], [-0.20888403417445117, 0.9779404127793005, -9.654044833473451e-05, 1.0330107093164052], [-2.5970932602269512e-06, 9.816340065048074e-05, 0.999999995178601, 0.6492917709732184], [0.0, 0.0, 0.0, 1.0]], "suj_psm2_transform": [[0.16923870274838598, -0.9848936727763321, -0.03664307324981014, -0.01971910356711952], [-0.7650035191976609, -0.15471338282777009, 0.6251666856040734, 0.2793167224405559], [-0.6213918869016861, -0.07777031888281905, -0.7796306179169895, -0.2236775526581063], [0.0, 0.0, 0.0, 1.0]], "ecm_transform": [[0.9912827148502151, -0.06945845080455573, -0.11195580758057361, 0.047658961267022196], [-0.12444122495525428, -0.7727209953416995, -0.6224280238628151, 0.9693441760514377], [-0.04327771679309244, 0.6309340591297671, -0.7746284607856936, 0.5700660264414712], [0.0, 0.0, 0.0, 1.0]], "psm2_transform": [[0.028201191541630408, 0.9994732643893779, -0.016058846984543237, -0.0025270446816707164], [0.8685293494285466, -0.03245294702859357, -0.4945741354037681, -0.07782694111021404], [-0.494834782505088, 0.0, -0.868987075866576, -0.005438710730772834], [0.0, 0.0, 0.0, 1.0]]}