{"ecm_psm_transform": [[-0.5082779845279932, 0.17153788565329076, -0.8439361612288929, -0.02315810620917588], [0.41589332951143687, -0.8092213388683258, -0.4149621225943956, 0.23431312334250334], [-0.754112875445084, -0.5619035313163223, 0.33996792875533755, -0.1599476471313297], [0.0, 0.0, 0.0, 1.0]], "suj_ecm_transform": [[0.9779385633159776, 0.20889271422601355, -1.796582163444275e-05, 0.05908343673382893], [-0.20889271498244458, 0.9779385585542867, -9.654028886254564e-05, 1.0330174828502547], [-2.5970932602301852e-06, 9.816340065045643e-05, 0.9999999951786009, 0.6492863923624377], [0.0, 0.0, 0.0, 1.0]], "suj_psm2_transform": [[0.16928149101291118, -0.98488407905843, -0.03670323715524365, -0.019673428452674974], [-0.7649467129419426, -0.15477854061689306, 0.6252200650361619, 0.2792898709844031], [-0.6214501614447963, -0.07776216420427856, -0.7795849810370283, -0.22365678525745247], [0.0, 0.0, 0.0, 1.0]], "ecm_transform": [[0.9912883826977632, -0.06942324970005968, -0.11192745297529322, 0.04762800741087311], [-0.12439606729165596, -0.7727241586951445, -0.6224331233243063, 0.9693598767145589], [-0.04327771679309244, 0.6309340591297672, -0.7746284607856935, 0.5700685003600408], [0.0, 0.0, 0.0, 1.0]], "psm2_transform": [[0.06446527777875713, 0.9972444325113242, -0.036711984229602895, -0.005777130352817319], [0.8665753736358011, -0.07418586000827199, -0.4935013474984692, -0.07765915336961597], [-0.49486498135236795, 0.0, -0.8689698787824125, -0.0054392785444577], [0.0, 0.0, 0.0, 1.0]]}