{"ecm_psm_transform": [[-0.508183595857104, 0.17160568731218073, -0.8439792183364813, -0.023163683984685948], [0.41551633773498703, -0.8095033091111862, -0.41478978484690754, 0.23426836753280295], [-0.7543842561831791, -0.5614765183159077, 0.34007133575589465, -0.1599613351392658], [0.0, 0.0, 0.0, 1.0]], "suj_ecm_transform": [[0.9779358931482154, 0.20890521431880857, -1.796705562074494e-05, 0.05907723679749032], [-0.20890521507530044, 0.9779358883865341, -9.654005921372485e-05, 1.033018399320044], [-2.5970932602301852e-06, 9.816340065047722e-05, 0.999999995178601, 0.6492882820740828], [0.0, 0.0, 0.0, 1.0]], "suj_psm2_transform": [[0.16933116291074618, -0.9848734520457577, -0.036759226362467534, -0.019669155942182867], [-0.7648923182740938, -0.15484683430684038, 0.6252697012893178, 0.27921536787271], [-0.6215035790022267, -0.0777607957818251, -0.779542532468114, -0.22369519302266339], [0.0, 0.0, 0.0, 1.0]], "ecm_transform": [[0.9912913806925071, -0.06940462493142083, -0.11191245061597067, 0.047615475543146796], [-0.12437217451632884, -0.7727258317593405, -0.6224358208987619, 0.9693816452650701], [-0.04327771679309246, 0.6309340591297672, -0.7746284607856934, 0.5700605030492727], [0.0, 0.0, 0.0, 1.0]], "psm2_transform": [[0.0649759410512548, 0.9972007190103206, -0.03699801467381164, -0.005822937985954156], [0.8665648257293002, -0.0747711575762989, -0.4934315320320014, -0.0776587943074268], [-0.49481666290986165, 0.0, -0.8689973936133228, -0.005445573103455056], [0.0, 0.0, 0.0, 1.0]]}