{"ecm_psm_transform": [[-0.5040686488096228, 0.17218038480127568, -0.8463265991193508, -0.023494408446365845], [0.3959158054242902, -0.8248315504314229, -0.4036131668171039, 0.2360463552321986], [-0.7675711512963976, -0.5385228207816084, 0.34760278939465217, -0.15880041028809783], [0.0, 0.0, 0.0, 1.0]], "suj_ecm_transform": [[0.9779297892939753, 0.20893378589525624, -1.7969876156141267e-05, 0.05911326394928655], [-0.20893378665188722, 0.9779297845323162, -9.653953424164359e-05, 1.032999232142664], [-2.597093260223685e-06, 9.816340065043709e-05, 0.999999995178601, 0.6492840654225851], [0.0, 0.0, 0.0, 1.0]], "suj_psm2_transform": [[0.16931551650864074, -0.9848781112472388, -0.036706427985901124, -0.019635913648368322], [-0.7649381937872971, -0.15480659642471106, 0.6252235419342625, 0.279230454046414], [-0.6214513782709312, -0.07778189821204273, -0.7795820423507019, -0.2237099159040461], [0.0, 0.0, 0.0, 1.0]], "ecm_transform": [[0.9912831780159338, -0.06945557472196424, -0.11195349089096064, 0.04764648383508583], [-0.12443753538144207, -0.7727212538620102, -0.6224284405601299, 0.9693444929822024], [-0.04327771679309246, 0.6309340591297672, -0.7746284607856934, 0.5700590474072185], [0.0, 0.0, 0.0, 1.0]], "psm2_transform": [[0.08881038517203833, 0.9947637163561528, -0.05057533101117459, -0.007958238220306576], [0.8644231275097369, -0.10220150987776885, -0.4922677198486507, -0.07746036861048154], [-0.4948589416307231, 0.0, -0.8689733182832029, -0.005436545867192475], [0.0, 0.0, 0.0, 1.0]]}