{"ecm_psm_transform": [[-0.5002815255348807, 0.1726348047545427, -0.8484784142191565, -0.02386364224466399], [0.377397552093645, -0.8384675721573657, -0.3931198520988961, 0.23774945520159646], [-0.7792878049104951, -0.5168842758566895, 0.3543178833898856, -0.15772074487230017], [0.0, 0.0, 0.0, 1.0]], "suj_ecm_transform": [[0.9779446706432829, 0.20886412051314981, -1.796299891703551e-05, 0.059070616463876506], [-0.20886412126944162, 0.9779446658815698, -9.654081411801003e-05, 1.0330202968200644], [-2.5970932602303563e-06, 9.816340065044228e-05, 0.9999999951786009, 0.6492872646215544], [0.0, 0.0, 0.0, 1.0]], "suj_psm2_transform": [[0.16933721208477495, -0.9848749193881071, -0.036691985005258, -0.019662226490628626], [-0.7649468877506523, -0.1548157936996307, 0.6252106276621863, 0.2792805271710164], [-0.6214347653003873, -0.0778040049189212, -0.779593079301394, -0.22368743816818126], [0.0, 0.0, 0.0, 1.0]], "ecm_transform": [[0.9912856058687647, -0.06944049727015278, -0.11194134596417094, 0.04764834804441122], [-0.12441819331019555, -0.7727226089412091, -0.6224306248928613, 0.9693678889205803], [-0.04327771679309245, 0.6309340591297674, -0.774628460785693, 0.570074896011356], [0.0, 0.0, 0.0, 1.0]], "psm2_transform": [[0.11087117243566416, 0.991826515002018, -0.06314861250805909, -0.009936388348609734], [0.8618366621481701, -0.12759374647274752, -0.4908741219888752, -0.0772386868475031], [-0.4949193377713606, 0.0, -0.8689389213862837, -0.005435061942536044], [0.0, 0.0, 0.0, 1.0]]}