{"ecm_psm_transform": [[-0.5608977184060662, 0.1512560416062333, -0.8139504649328992, -0.018443897886559216], [0.6369915661037959, -0.5491439492324461, -0.5410015413416365, 0.21445674763312778], [-0.5288057244390447, -0.8219261115812093, 0.21166476537556017, -0.18018573842168617], [0.0, 0.0, 0.0, 1.0]], "suj_ecm_transform": [[0.977936722401949, 0.20890133234360247, -1.7966672399203242e-05, 0.05908888599717475], [-0.20890133310007547, 0.9779367176402646, -9.654013053420699e-05, 1.0330121008427104], [-2.597093260226382e-06, 9.816340065044457e-05, 0.9999999951786009, 0.649289156118505], [0.0, 0.0, 0.0, 1.0]], "suj_psm2_transform": [[0.16934739675818597, -0.9848717787570292, -0.03672926107602753, -0.019681147064221485], [-0.7649148671571814, -0.15484355983399659, 0.6252429271729888, 0.2792427778173241], [-0.6214714033751976, -0.07778850420146266, -0.7795654195774475, -0.22369816293236822], [0.0, 0.0, 0.0, 1.0]], "ecm_transform": [[0.9912772039576305, -0.06949266473232221, -0.11198336690037225, 0.04766679853146075], [-0.12448511615096486, -0.7727179191518965, -0.6224230661523108, 0.9693408583270193], [-0.04327771679309247, 0.6309340591297669, -0.7746284607856935, 0.5700607950840695], [0.0, 0.0, 0.0, 1.0]], "psm2_transform": [[-0.2535932519462321, 0.9564667619023629, 0.14443613101763525, 0.022723595074453075], [0.8311144865588083, 0.2918412811375537, -0.47336811981382954, -0.07447323187084882], [-0.4949132982648815, 0.0, -0.868942361264875, -0.005428401325998783], [0.0, 0.0, 0.0, 1.0]]}