{"ecm_psm_transform": [[-0.4897163533537479, 0.1732107921476142, -0.8545033146462943, -0.024822365898408957], [0.3251935188510198, -0.8730593695810651, -0.36334076633926615, 0.24244269807713903], [-0.8089666671471695, -0.45581285487611, 0.3712244237311058, -0.15503411301681624], [0.0, 0.0, 0.0, 1.0]], "suj_ecm_transform": [[0.9779486697291765, 0.20884539509486763, -1.796115038029389e-05, 0.059062121183863794], [-0.20884539585106823, 0.9779486649674489, -9.654115805016822e-05, 1.0330158439980774], [-2.597093260215445e-06, 9.816340065038922e-05, 0.999999995178601, 0.6492859504649693], [0.0, 0.0, 0.0, 1.0]], "suj_psm2_transform": [[0.1693012956813585, -0.9848812269323713, -0.03668841938269696, -0.0196737717737102], [-0.7649555691499136, -0.1547860141482536, 0.6252073792355853, 0.2792932281829924], [-0.6214338649503627, -0.07778340864402933, -0.7795958522417694, -0.22366076139131397], [0.0, 0.0, 0.0, 1.0]], "ecm_transform": [[0.9912833030012488, -0.06945479859601768, -0.11195286572000539, 0.04763877488717429], [-0.12443653973054626, -0.7727213236232208, -0.622428553006581, 0.9693492339078016], [-0.04327771679309246, 0.6309340591297672, -0.7746284607856934, 0.5700719926924567], [0.0, 0.0, 0.0, 1.0]], "psm2_transform": [[0.1710510761455945, 0.9804339825958532, -0.09742040402640623, -0.015329568763603495], [0.8519473649254323, -0.19684817949687572, -0.4852179733123848, -0.07635137999645715], [-0.4949012191801981, 0.0, -0.868949240896126, -0.005436685738461702], [0.0, 0.0, 0.0, 1.0]]}