{"ecm_psm_transform": [[-0.4871729072909617, 0.17330369447480756, -0.8559371401470172, -0.025010551334550685], [0.31271485463079074, -0.8805024670047037, -0.35626510535256495, 0.24355807002608998], [-0.8153968224704555, -0.441226965495099, 0.37476230710287717, -0.15446526356379112], [0.0, 0.0, 0.0, 1.0]], "suj_ecm_transform": [[0.9779456841892781, 0.20885937482648964, -1.7962530432021415e-05, 0.05907952387940715], [-0.2088593755827583, 0.9779456794275614, -9.654090128615613e-05, 1.0330177480871978], [-2.5970932602309933e-06, 9.816340065045781e-05, 0.9999999951786008, 0.6492859576061913], [0.0, 0.0, 0.0, 1.0]], "suj_psm2_transform": [[0.16936990577815852, -0.9848684148557332, -0.03671567017300659, -0.019635298083131428], [-0.7649225058546378, -0.15485381314357888, 0.6252310425690292, 0.27929102175068565], [-0.6214558673419692, -0.07781068033662775, -0.7795755915700491, -0.22366185236565328], [0.0, 0.0, 0.0, 1.0]], "ecm_transform": [[0.9912794287250497, -0.06947885391357317, -0.11197224229868885, 0.04767018633108736], [-0.12446739900759879, -0.7727191610726964, -0.6224250675345522, 0.9693444832923296], [-0.04327771679309248, 0.6309340591297676, -0.7746284607856933, 0.5700600680183638], [0.0, 0.0, 0.0, 1.0]], "psm2_transform": [[0.18501807990856767, 0.9770716704130553, -0.10535303025157222, -0.016580093272932944], [0.8490693746106949, -0.21291066407355416, -0.48347724478196663, -0.07608796628520338], [-0.4948227027988413, 0.0, -0.8689939544063869, -0.0054430673269557014], [0.0, 0.0, 0.0, 1.0]]}