{"ecm_psm_transform": [[-0.48251156407474266, 0.1731479997016442, -0.8586048920973287, -0.02548311166852198], [0.288056790224116, -0.8943685650048888, -0.34223990932805565, 0.24576022152143714], [-0.8271673809694902, -0.412461683226958, 0.38166671813201014, -0.15344071868662945], [0.0, 0.0, 0.0, 1.0]], "suj_ecm_transform": [[0.9779368718099054, 0.2089006329139714, -1.7966603352785455e-05, 0.059089842389261314], [-0.20890063367044095, 0.9779368670482206, -9.654014338413342e-05, 1.0330136288685845], [-2.5970932602299565e-06, 9.816340065046153e-05, 0.9999999951786009, 0.6492826151364477], [0.0, 0.0, 0.0, 1.0]], "suj_psm2_transform": [[0.1693139303801846, -0.9848791561701025, -0.036685701858915565, -0.01969216076829715], [-0.764956349055385, -0.15479444861075922, 0.6252043367725044, 0.27928187248703534], [-0.6214294626255421, -0.07779284299315886, -0.7795984200599512, -0.22369698850359376], [0.0, 0.0, 0.0, 1.0]], "ecm_transform": [[0.9912830383328197, -0.06945644210994825, -0.11195418957359715, 0.0476550457735294], [-0.12443864810753294, -0.7727211758968839, -0.6224283148907244, 0.9693452704684149], [-0.0432777167930924, 0.6309340591297672, -0.7746284607856935, 0.5700645747820217], [0.0, 0.0, 0.0, 1.0]], "psm2_transform": [[0.21197938111940956, 0.969785122724351, -0.1207541209348468, -0.018997204919034043], [0.8426540131969519, -0.24396068482957556, -0.4800181228876217, -0.07551711340987191], [-0.4949736922537435, 0.0, -0.8689079605900136, -0.005426917346621908], [0.0, 0.0, 0.0, 1.0]]}