{"ecm_psm_transform": [[-0.47905334498058977, 0.17297879512333686, -0.8605731979910757, -0.02574301051207176], [0.2707150492043957, -0.9034866542789135, -0.3323029155366486, 0.24729072532674662], [-0.8349977573605633, -0.392160938872772, 0.38599034084450395, -0.15276610936276724], [0.0, 0.0, 0.0, 1.0]], "suj_ecm_transform": [[0.9779306845703567, 0.20892959544509704, -1.796946248218222e-05, 0.059106325425302114], [-0.20892959620170765, 0.9779306798086942, -9.653961124206725e-05, 1.0330003685446825], [-2.5970932602347694e-06, 9.8163400650475e-05, 0.9999999951786009, 0.6492891554318487], [0.0, 0.0, 0.0, 1.0]], "suj_psm2_transform": [[0.16932745043416866, -0.9848785784919482, -0.0366387794166797, -0.0196395901603722], [-0.7649923338893904, -0.15477993634600548, 0.6251638988258922, 0.27925791467537103], [-0.6213814799460377, -0.07782902371484846, -0.7796330543580525, -0.22372209680176236], [0.0, 0.0, 0.0, 1.0]], "ecm_transform": [[0.9912799759062457, -0.06947545684025098, -0.11196950595653925, 0.04766456609361561], [-0.12446304108646043, -0.7727194665121838, -0.6224255597873822, 0.9693481310845542], [-0.04327771679309246, 0.6309340591297672, -0.7746284607856934, 0.570063555544188], [0.0, 0.0, 0.0, 1.0]], "psm2_transform": [[0.23064032338295376, 0.9641319672259422, -0.1313567318520114, -0.020669558305268287], [0.8377850574201692, -0.2654233406711526, -0.4771442630803068, -0.07508074406779372], [-0.49489517960199436, 0.0, -0.8689526806487853, -0.005436572263361434], [0.0, 0.0, 0.0, 1.0]]}