{"ecm_psm_transform": [[-0.47207527082455775, 0.17234499056552538, -0.8645473630188747, -0.02636207384105979], [0.23321882161385799, -0.9213464642690402, -0.3110139450635325, 0.2506593772995744], [-0.850149351538284, -0.34845070957871127, 0.3947507860323125, -0.1513764595711915], [0.0, 0.0, 0.0, 1.0]], "suj_ecm_transform": [[0.9779295665271496, 0.20893482856886592, -1.7969979087072658e-05, 0.0591100613693933], [-0.208934829325502, 0.9779295617654912, -9.653951508202046e-05, 1.0330051490056573], [-2.5970932602273883e-06, 9.816340065044183e-05, 0.999999995178601, 0.6492929351298009], [0.0, 0.0, 0.0, 1.0]], "suj_psm2_transform": [[0.16932387857582723, -0.984877049120431, -0.03669635213302763, -0.019637281610863505], [-0.7649456284395185, -0.15480778992703645, 0.625214150279068, 0.27926608988323065], [-0.6214399485672844, -0.07779297072190522, -0.7795900486992842, -0.2236900136756126], [0.0, 0.0, 0.0, 1.0]], "ecm_transform": [[0.99128119679429, -0.06946787674883681, -0.11196340018992085, 0.047656658561594255], [-0.12445331699579901, -0.7727201480031718, -0.6224266581362814, 0.9693478340536731], [-0.04327771679309244, 0.6309340591297672, -0.7746284607856933, 0.5700666036445048], [0.0, 0.0, 0.0, 1.0]], "psm2_transform": [[0.2699834353953764, 0.9505032634153062, -0.1537936632275971, -0.024194619511508766], [0.8259031221232613, -0.3107145735829797, -0.47046836942582715, -0.07401347332245137], [-0.4949676529624538, 0.0, -0.8689114008463924, -0.0054261492825353475], [0.0, 0.0, 0.0, 1.0]]}