{"ecm_psm_transform": [[-0.46844957146696864, 0.17191638076225693, -0.8666024215394396, -0.026653145679381478], [0.21460458406021693, -0.9293656407073103, -0.30037373116341565, 0.25227944893115695], [-0.8570296794701774, -0.3266867978634847, 0.3984668927388422, -0.15083986196122529], [0.0, 0.0, 0.0, 1.0]], "suj_ecm_transform": [[0.9779245039700227, 0.20895852270721357, -1.7972318132212688e-05, 0.05913087551382627], [-0.208958523463965, 0.9779244992083826, -9.653907966009187e-05, 1.032999196749436], [-2.5970932602289773e-06, 9.816340065044965e-05, 0.999999995178601, 0.6492862468943641], [0.0, 0.0, 0.0, 1.0]], "suj_psm2_transform": [[0.16937602590947007, -0.9848705382239229, -0.036630380637323934, -0.01960187301483754], [-0.764990815976434, -0.15481310197428613, 0.6251575440869357, 0.2792178808557635], [-0.6213701097726091, -0.07786479561149567, -0.7796385446381907, -0.2237642161892197], [0.0, 0.0, 0.0, 1.0]], "ecm_transform": [[0.9912897079764218, -0.06941501697354854, -0.11192082147028021, 0.04761420174717298], [-0.12438550594501455, -0.772724898297316, -0.6224343157813561, 0.9693671554753694], [-0.04327771679309245, 0.630934059129767, -0.7746284607856935, 0.5700591956219161], [0.0, 0.0, 0.0, 1.0]], "psm2_transform": [[0.28901796338418995, 0.9430681046370927, -0.16459394538517103, -0.02589967751413968], [0.8194945328469738, -0.33259968432967824, -0.4666970758615469, -0.07343711054085375], [-0.49487102105010666, 0.0, -0.8689664392396435, -0.0054367729758013975], [0.0, 0.0, 0.0, 1.0]]}