{"ecm_psm_transform": [[-0.4693302142865197, 0.17186884174920491, -0.8661352383973052, -0.026664706343293234], [0.2187558144727716, -0.9276689323230035, -0.3026156731516949, 0.25200480443589834], [-0.8554969570910957, -0.33149879824591494, 0.3977857503347628, -0.15088475807872204], [0.0, 0.0, 0.0, 1.0]], "suj_ecm_transform": [[0.9779351836705183, 0.20890853552807015, -1.7967383484516775e-05, 0.059087793186119446], [-0.20890853628457817, 0.9779351789088396, -9.653999819442004e-05, 1.0330020521891916], [-2.597093260224185e-06, 9.816340065042576e-05, 0.999999995178601, 0.6492824702176987], [0.0, 0.0, 0.0, 1.0]], "suj_psm2_transform": [[0.16919598757635623, -0.9848997979016826, -0.036675685150881265, -0.019691533151654186], [-0.7649830247656259, -0.15469750229901905, 0.6251956930456888, 0.2793094731995515], [-0.6214287486176477, -0.07772432615127689, -0.7796058231669608, -0.2236790543094631], [0.0, 0.0, 0.0, 1.0]], "ecm_transform": [[0.9912864462314054, -0.06943527789776399, -0.11193714174111968, 0.0476291950926201], [-0.12441149764828052, -0.7727230779608537, -0.6224313809887932, 0.969355467561998], [-0.04327771679309248, 0.6309340591297673, -0.7746284607856934, 0.570072427860697], [0.0, 0.0, 0.0, 1.0]], "psm2_transform": [[0.2848771297452456, 0.9447333876051238, -0.16224625509470894, -0.025528693236829193], [0.8209286096578803, -0.32783963510250996, -0.4675439995348383, -0.07356587264142246], [-0.49489517960199436, 0.0, -0.8689526806487853, -0.005433953303827135], [0.0, 0.0, 0.0, 1.0]]}