{"ecm_psm_transform": [[-0.46632927015457093, 0.1714122318384109, -0.8678449507678664, -0.02693298313640974], [0.20237381221032186, -0.9343574618114312, -0.2932933236348241, 0.253472971957237], [-0.8611514686328805, -0.3124003526462081, 0.4010288864133833, -0.15037806592947553], [0.0, 0.0, 0.0, 1.0]], "suj_ecm_transform": [[0.9779351836705183, 0.20890853552807015, -1.7967383484516775e-05, 0.059087793186119446], [-0.20890853628457817, 0.9779351789088396, -9.653999819442004e-05, 1.0330020521891916], [-2.597093260224185e-06, 9.816340065042576e-05, 0.999999995178601, 0.6492824702176987], [0.0, 0.0, 0.0, 1.0]], "suj_psm2_transform": [[0.16919598757635623, -0.9848997979016826, -0.036675685150881265, -0.019691533151654186], [-0.7649830247656259, -0.15469750229901905, 0.6251956930456888, 0.2793094731995515], [-0.6214287486176477, -0.07772432615127689, -0.7796058231669608, -0.2236790543094631], [0.0, 0.0, 0.0, 1.0]], "ecm_transform": [[0.9912864462314054, -0.06943527789776399, -0.11193714174111968, 0.0476291950926201], [-0.12441149764828052, -0.7727230779608537, -0.6224313809887932, 0.969355467561998], [-0.04327771679309248, 0.6309340591297673, -0.7746284607856934, 0.570072427860697], [0.0, 0.0, 0.0, 1.0]], "psm2_transform": [[0.3014307071252135, 0.9379044194100533, -0.17168234869398957, -0.027012080893361295], [0.8149848808429334, -0.34689378785312786, -0.4641813696674382, -0.07303316154531991], [-0.4949132982648815, 0.0, -0.868942361264875, -0.005431674908775334], [0.0, 0.0, 0.0, 1.0]]}