{"ecm_psm_transform": [[-0.5551033291355261, 0.15482498528985839, -0.8172450782431492, -0.01892335793187748], [0.6155802251594215, -0.5843034861341085, -0.5288198393443684, 0.21635786420556527], [-0.5593936720908914, -0.7966295626083197, 0.22904161107350213, -0.17749256403526673], [0.0, 0.0, 0.0, 1.0]], "suj_ecm_transform": [[0.9779236537556403, 0.2089625016652519, -1.7972710928363098e-05, 0.0591474422773051], [-0.20896250242202272, 0.9779236489940033, -9.653900653390011e-05, 1.0329927934519854], [-2.5970932602226246e-06, 9.81634006504696e-05, 0.999999995178601, 0.6492811570224315], [0.0, 0.0, 0.0, 1.0]], "suj_psm2_transform": [[0.1693756012583287, -0.9848695936767264, -0.03665772973629794, -0.019641078162220882], [-0.7649693595381042, -0.15482743584450512, 0.6251802492703031, 0.2792268678792767], [-0.62139664037251, -0.07784824057649264, -0.7796190523408866, -0.2237445496128454], [0.0, 0.0, 0.0, 1.0]], "ecm_transform": [[0.991289006131994, -0.069419376969752, -0.11192433347121458, 0.04763011560983507], [-0.12439109916316787, -0.7727245066200291, -0.6224336842731214, 0.9693584189889578], [-0.043277716793092474, 0.6309340591297671, -0.7746284607856936, 0.5700562822778392], [0.0, 0.0, 0.0, 1.0]], "psm2_transform": [[-0.21731562223443293, 0.9682207723634041, 0.12378390968488004, 0.01947359732216226], [0.8413113909471953, 0.25009705308942226, -0.4792145735455905, -0.07538969854721296], [-0.4949434955581867, 0.0, -0.868925161452149, -0.0054263501008838255], [0.0, 0.0, 0.0, 1.0]]}