{"ecm_psm_transform": [[-0.5674652585743485, 0.1467019966219527, -0.8102232436176345, -0.017778418652941955], [0.6615453157004508, -0.5046379674284835, -0.5547056130096757, 0.21220557718743452], [-0.4902458317884395, -0.8507755556060493, 0.18931449600408173, -0.1837323356994761], [0.0, 0.0, 0.0, 1.0]], "suj_ecm_transform": [[0.9779297668415968, 0.20893389098521867, -1.7969886530443416e-05, 0.05911392498255491], [-0.20893389174185015, 0.9779297620799378, -9.653953231060145e-05, 1.0330039135434654], [-2.5970932602271867e-06, 9.816340065046828e-05, 0.9999999951786009, 0.6492831919274875], [0.0, 0.0, 0.0, 1.0]], "suj_psm2_transform": [[0.16950429260986613, -0.9848468345774363, -0.03667433993452618, -0.01960141628369949], [-0.7649346281866921, -0.15493611972578802, 0.6251958200477702, 0.2791838463411665], [-0.6214043042880508, -0.07791990263803328, -0.7796057846021689, -0.22377487662041107], [0.0, 0.0, 0.0, 1.0]], "ecm_transform": [[0.9912883472353049, -0.06942346998569592, -0.11192763041645806, 0.04762326692990035], [-0.12439634988485367, -0.7727241389041637, -0.622433091416374, 0.9693463616683278], [-0.043277716793092454, 0.630934059129767, -0.7746284607856935, 0.570060501813292], [0.0, 0.0, 0.0, 1.0]], "psm2_transform": [[-0.2975858472966797, 0.9395572663823106, 0.16933637139408952, 0.026660396052629758], [0.8166052662814629, 0.34239179778172224, -0.4646759041452238, -0.0731587876758879], [-0.49456900688387084, 0.0, -0.8691383649511174, -0.005461868792596223], [0.0, 0.0, 0.0, 1.0]]}