{"ecm_psm_transform": [[-0.5287870423177827, 0.16659542957652143, -0.8322440908297435, -0.021282753795149593], [0.5086651151175646, -0.7227435908231459, -0.4678691083909047, 0.2259610668576991], [-0.6794439377455999, -0.6707366582857087, 0.2974361623819036, -0.1667054911166893], [0.0, 0.0, 0.0, 1.0]], "suj_ecm_transform": [[0.9779255537004724, 0.208953609915306, -1.7971833149605517e-05, 0.059142477573689164], [-0.20895361067203352, 0.9779255489388285, -9.653916994618528e-05, 1.0329924896829756], [-2.597093260217622e-06, 9.816340065041266e-05, 0.999999995178601, 0.6492827590938777], [0.0, 0.0, 0.0, 1.0]], "suj_psm2_transform": [[0.16933474986488675, -0.9848758846275616, -0.03667743675987506, -0.019637150329653935], [-0.7649593505992311, -0.1548061579729649, 0.6251977650187597, 0.2792540499350882], [-0.6214200949591178, -0.07781095895005952, -0.7796040791634389, -0.22372192441634708], [0.0, 0.0, 0.0, 1.0]], "ecm_transform": [[0.9912899221548976, -0.0694136864150728, -0.11191974969775104, 0.04762093667537524], [-0.12438379903875822, -0.7727250178221912, -0.6224345084973844, 0.9693544493689619], [-0.04327771679309244, 0.6309340591297672, -0.7746284607856935, 0.5700568712913558], [0.0, 0.0, 0.0, 1.0]], "psm2_transform": [[-0.05643004136222288, 0.9978891011662699, 0.032140196101324923, 0.005057150479865323], [0.8671081118479024, 0.06494106384695131, -0.49386858636077663, -0.077708541373892], [-0.4949132982648815, 0.0, -0.868942361264875, -0.005434293774996574], [0.0, 0.0, 0.0, 1.0]]}