{"ecm_psm_transform": [[-0.5185903107824339, 0.16943258942993503, -0.8380672331034345, -0.022256699511383614], [0.4635044783187091, -0.7679442772512293, -0.4420692090788374, 0.23001419438730003], [-0.718489866415025, -0.6177007241991503, 0.3197156974293964, -0.1631712488317934], [0.0, 0.0, 0.0, 1.0]], "suj_ecm_transform": [[0.9779277260071719, 0.20894344302583678, -1.7970829491474063e-05, 0.059113358716275884], [-0.20894344378251478, 0.9779277212455202, -9.653935678289635e-05, 1.0329993352315272], [-2.597093260229013e-06, 9.816340065046983e-05, 0.9999999951786009, 0.6492879916872603], [0.0, 0.0, 0.0, 1.0]], "suj_psm2_transform": [[0.16925792618319374, -0.9848878655099642, -0.03671030911599171, -0.019695404408637443], [-0.764945017266911, -0.1547640521134685, 0.6252257262236938, 0.27925817564868316], [-0.6214586671554998, -0.07774304177639774, -0.779580107796924, -0.2236903080989816], [0.0, 0.0, 0.0, 1.0]], "ecm_transform": [[0.9912787874013667, -0.06948283530002214, -0.11197544930361339, 0.047682665670646496], [-0.12447250651149022, -0.7727188030769703, -0.6224244905962824, 0.9693513942071441], [-0.04327771679309245, 0.6309340591297672, -0.7746284607856933, 0.570067335928796], [0.0, 0.0, 0.0, 1.0]], "psm2_transform": [[0.0041807930344862874, 0.9999884258985168, -0.002380974298357209, -0.0003746753108453042], [0.8689529421889528, -0.004811244018613757, -0.49487133296661645, -0.07787403275861811], [-0.49487706072393906, 0.0, -0.8689629996548961, -0.0054388507960188605], [0.0, 0.0, 0.0, 1.0]]}