{"ecm_psm_transform": [[-0.5108927099676459, 0.17118339704482932, -0.8424279693113874, -0.02285207906433712], [0.4276495563415975, -0.7994956543856085, -0.42180867176880454, 0.23322043351135358], [-0.7457241419336982, -0.5757629227335853, 0.33524999767715125, -0.16074891193775198], [0.0, 0.0, 0.0, 1.0]], "suj_ecm_transform": [[0.9779402989588687, 0.20888458858780604, -1.7965019486544524e-05, 0.059078581588411706], [-0.20888458934419749, 0.9779402941971714, -9.65404381361255e-05, 1.0330080643734458], [-2.597093260221847e-06, 9.816340065047008e-05, 0.9999999951786012, 0.6492901800255992], [0.0, 0.0, 0.0, 1.0]], "suj_psm2_transform": [[0.16935902282645796, -0.9848708197565506, -0.036701359366212216, -0.01960193667900284], [-0.7649350564992239, -0.15483763285273855, 0.625219694820221, 0.27925803668663407], [-0.6214433849722732, -0.07781244016621691, -0.7795853663516155, -0.22370971026505004], [0.0, 0.0, 0.0, 1.0]], "ecm_transform": [[0.9912775015765205, -0.06949081730131738, -0.11198187879744916, 0.0476810818070717], [-0.1244827461835115, -0.7727180852942623, -0.6224233338828014, 0.9693263180563818], [-0.04327771679309243, 0.6309340591297672, -0.7746284607856935, 0.5700679173890968], [0.0, 0.0, 0.0, 1.0]], "psm2_transform": [[0.04977690734751191, 0.9983577660510534, -0.028355430881356378, -0.0044612359855277645], [0.8674810104386228, -0.057286743366595415, -0.4941608296524889, -0.0777476485936046], [-0.4949736922537435, 0.0, -0.8689079605900136, -0.005430190540583697], [0.0, 0.0, 0.0, 1.0]]}