{"ecm_psm_transform": [[-0.4978151551642834, 0.17280213154327861, -0.8498938137337276, -0.024032884358117162], [0.3655116842624513, -0.846869497139875, -0.38628132686124206, 0.2388320389089618], [-0.7864993833159611, -0.5029428179705472, 0.35842327197806, -0.15708308153985495], [0.0, 0.0, 0.0, 1.0]], "suj_ecm_transform": [[0.9779319831883317, 0.20892351694928085, -1.7968862423724453e-05, 0.05910977446470389], [-0.20892351770586182, 0.9779319784266646, -9.653972293234119e-05, 1.0330068881528098], [-2.597093260224456e-06, 9.816340065041369e-05, 0.9999999951786009, 0.6492827566219164], [0.0, 0.0, 0.0, 1.0]], "suj_psm2_transform": [[0.1692899372394115, -0.9848839115034194, -0.0366687606990071, -0.019609338378429667], [-0.7649731311041856, -0.15476668758232986, 0.6251906757969541, 0.27929558452752695], [-0.6214153408455048, -0.07778787358270212, -0.7796101723844725, -0.22369690553561372], [0.0, 0.0, 0.0, 1.0]], "ecm_transform": [[0.991283969145499, -0.06945066190941393, -0.11194953360996976, 0.0476503153144341], [-0.12443123299365938, -0.7727216954314017, -0.622429152326028, 0.9693512464657392], [-0.043277716793092454, 0.6309340591297671, -0.7746284607856934, 0.5700634103507769], [0.0, 0.0, 0.0, 1.0]], "psm2_transform": [[0.12486106841806591, 0.9896224555224815, -0.07111335401423036, -0.011190188777212996], [0.8599316815000206, -0.14369201622099326, -0.48976535976617747, -0.07706804028996381], [-0.4949012191801981, 0.0, -0.868949240896126, -0.005437340470569225], [0.0, 0.0, 0.0, 1.0]]}