{"ecm_psm_transform": [[-0.497630826789278, 0.1726887345540544, -0.8500248003365195, -0.024199410555406323], [0.36481837130086736, -0.8474173055651102, -0.38573496884538716, 0.23894940187067032], [-0.7869378096078512, -0.5020582746921802, 0.3587009515218899, -0.15697183486579785], [0.0, 0.0, 0.0, 1.0]], "suj_ecm_transform": [[0.977945408701041, 0.20886066474541595, -1.796265777031349e-05, 0.05905490786828056], [-0.20886066550169088, 0.9779454039393253, -9.65408775933047e-05, 1.033002358816426], [-2.597093260230365e-06, 9.816340065042831e-05, 0.999999995178601, 0.6492891551571867], [0.0, 0.0, 0.0, 1.0]], "suj_psm2_transform": [[0.16916206774773518, -0.9849056896816215, -0.036673931723784914, -0.019756324611799464], [-0.7649908295345402, -0.15467035311265526, 0.6251928603207679, 0.27934626619417324], [-0.6214283752479985, -0.07770369554131074, -0.7796081773146409, -0.22362889982445067], [0.0, 0.0, 0.0, 1.0]], "ecm_transform": [[0.9912762407282681, -0.06949864361095229, -0.11198818287601017, 0.04768435691127416], [-0.1244927861235732, -0.7727173814314477, -0.6224221996658834, 0.9693281652325629], [-0.04327771679309245, 0.6309340591297672, -0.7746284607856934, 0.5700581726761398], [0.0, 0.0, 0.0, 1.0]], "psm2_transform": [[0.12576251632024602, 0.9894721088818564, -0.07161518856842772, -0.011270962432026554], [0.8598350714248261, -0.1447236875735676, -0.4896311920241321, -0.07705927864142091], [-0.49484082232235455, 0.0, -0.8689836365337014, -0.00544471761393852], [0.0, 0.0, 0.0, 1.0]]}