{"ecm_psm_transform": [[-0.4933017905895369, 0.17312577927056277, -0.8524557513168161, -0.024473806533320958], [0.3434009532673231, -0.861635793277786, -0.3737105096697895, 0.24078955492986506], [-0.7992053107282574, -0.47708618120264235, 0.3655949220233085, -0.15594565614577832], [0.0, 0.0, 0.0, 1.0]], "suj_ecm_transform": [[0.9779440752522561, 0.2088669082366337, -1.796327411573824e-05, 0.05906077016630758], [-0.20886690899293905, 0.9779440704905452, -9.654076291239776e-05, 1.033008530991561], [-2.5970932602358874e-06, 9.816340065045926e-05, 0.9999999951786009, 0.6492805754247994], [0.0, 0.0, 0.0, 1.0]], "suj_psm2_transform": [[0.16933571535497055, -0.9848762469141346, -0.03666324821328815, -0.019648051757426704], [-0.7649707779904353, -0.1547993510824887, 0.625185468261338, 0.27927054301461396], [-0.6214057646384755, -0.07781991498819046, -0.7796146076782441, -0.22369260714086892], [0.0, 0.0, 0.0, 1.0]], "ecm_transform": [[0.9912842111850186, -0.06944915882494698, -0.11194832287177249, 0.047649615408551865], [-0.124429304765687, -0.7727218305241177, -0.6224293700870684, 0.9693486630978615], [-0.04327771679309246, 0.630934059129767, -0.7746284607856935, 0.5700661774027926], [0.0, 0.0, 0.0, 1.0]], "psm2_transform": [[0.15040548123729486, 0.9849066840359597, -0.08565637720022876, -0.01347868712910228], [0.8558474665400444, -0.17308617432160814, -0.48740772488307704, -0.07669733933119238], [-0.49487706072393906, 0.0, -0.8689629996548961, -0.005437541269595746], [0.0, 0.0, 0.0, 1.0]]}