{"ecm_psm_transform": [[-0.48691097893303315, 0.17323894317228816, -0.856099274128313, -0.02510041934676909], [0.3114504104934864, -0.8812709596464852, -0.3554717112334008, 0.2436466873936811], [-0.8160369724454368, -0.4397155492500943, 0.3751451657022567, -0.15438590389580648], [0.0, 0.0, 0.0, 1.0]], "suj_ecm_transform": [[0.9779396956325903, 0.20888741317581808, -1.7965298324590673e-05, 0.05907503135571695], [-0.2088874139322233, 0.9779396908708953, -9.65403862472654e-05, 1.033014826346403], [-2.5970932602319725e-06, 9.816340065044805e-05, 0.999999995178601, 0.6492827585445531], [0.0, 0.0, 0.0, 1.0]], "suj_psm2_transform": [[0.16929313274895252, -0.9848797322093221, -0.03676612962143011, -0.01969596808033125], [-0.7648934136836325, -0.15482107044637206, 0.6252747410932569, 0.2792679601285079], [-0.6215125911093398, -0.07773254935439705, -0.7795381644688227, -0.22364825277786538], [0.0, 0.0, 0.0, 1.0]], "ecm_transform": [[0.9912865188591906, -0.06943482680362223, -0.11193677838306164, 0.04763420244731617], [-0.12441091896294534, -0.772723118495096, -0.6224314463344612, 0.9693498765873484], [-0.04327771679309246, 0.6309340591297673, -0.7746284607856933, 0.570064715855497], [0.0, 0.0, 0.0, 1.0]], "psm2_transform": [[0.18652020051662047, 0.9766952664734975, -0.10619120136576014, -0.01671588150379441], [0.8487758705890632, -0.2146307444152951, -0.4832319992069172, -0.07606702564520593], [-0.49476230283340855, 0.0, -0.8690283445866323, -0.005453719138619577], [0.0, 0.0, 0.0, 1.0]]}