{"ecm_psm_transform": [[-0.4765795562343897, 0.17289569020853418, -0.8619623001539841, -0.02594900568279739], [0.25799412228984125, -0.9097945573308581, -0.3251351969797221, 0.24838396386072467], [-0.8404230835973789, -0.3773339949679366, 0.38898341455415614, -0.1523193094979736], [0.0, 0.0, 0.0, 1.0]], "suj_ecm_transform": [[0.9779275864801724, 0.2089440960594778, -1.797089395783244e-05, 0.059113900675528325], [-0.20894409681615903, 0.9779275817185211, -9.653934478244155e-05, 1.033004771317237], [-2.597093260238449e-06, 9.816340065046853e-05, 0.9999999951786012, 0.649282176946921], [0.0, 0.0, 0.0, 1.0]], "suj_psm2_transform": [[0.16941513163215838, -0.9848620674823909, -0.03667725737250532, -0.01962803924608729], [-0.7649466228373019, -0.15486846571529334, 0.6251979066957901, 0.2792118078519217], [-0.6214138535500036, -0.07786184149698472, -0.7796039739860445, -0.2237524090385179], [0.0, 0.0, 0.0, 1.0]], "ecm_transform": [[0.9912780157752703, -0.06948762539485193, -0.11197930772079048, 0.04768692414716823], [-0.12447865146208661, -0.7727183723369209, -0.62242379644673, 0.9693335131881835], [-0.043277716793092474, 0.6309340591297673, -0.7746284607856933, 0.5700632637840537], [0.0, 0.0, 0.0, 1.0]], "psm2_transform": [[0.24351393361458257, 0.959932692998989, -0.13867295715914302, -0.02182102103242186], [0.8341591992128221, -0.2802306637606043, -0.475025478744998, -0.07474810644396385], [-0.49485290188517234, 0.0, -0.8689767577420147, -0.0054370870834815795], [0.0, 0.0, 0.0, 1.0]]}