{"ecm_psm_transform": [[-0.47616593933153056, 0.1729067688838626, -0.8621886379990544, -0.025932177739401093], [0.25574828953128614, -0.910864335667932, -0.32391198559182544, 0.2484954747023181], [-0.8413434558028863, -0.37473912430164014, 0.389501961606482, -0.15225930451563063], [0.0, 0.0, 0.0, 1.0]], "suj_ecm_transform": [[0.9779197621316804, 0.20898071324702344, -1.7974508746066014e-05, 0.0591363807230213], [-0.2089807140038829, 0.9779197573700575, -9.653867181598035e-05, 1.03298492402058], [-2.597093260225037e-06, 9.816340065041378e-05, 0.9999999951786009, 0.6492890136717178], [0.0, 0.0, 0.0, 1.0]], "suj_psm2_transform": [[0.16944482475002218, -0.9848544310598321, -0.036745081129988866, -0.019570589926895546], [-0.7648853764322269, -0.15492749737701342, 0.6252582118426169, 0.2791276584878986], [-0.6214811439501327, -0.07784099291704016, -0.7795524148741535, -0.2237805319567927], [0.0, 0.0, 0.0, 1.0]], "ecm_transform": [[0.9912882123462532, -0.06942430788464433, -0.1119283053481459, 0.047628285759867106], [-0.12439742478261583, -0.7727240636247676, -0.622432970047924, 0.9693600078269962], [-0.04327771679309244, 0.6309340591297671, -0.7746284607856935, 0.5700539622045464], [0.0, 0.0, 0.0, 1.0]], "psm2_transform": [[0.2465771125153386, 0.9588982670715287, -0.1404059863069136, -0.022096922953097984], [0.8332767969759194, -0.28375008970433674, -0.4744846322214589, -0.07467381296484187], [-0.4948227027988413, 0.0, -0.8689939544063869, -0.00544372216014951], [0.0, 0.0, 0.0, 1.0]]}