{"ecm_psm_transform": [[-0.5581306090460558, 0.15302258771892063, -0.8155208831744805, -0.018620962257235113], [0.6266249797616594, -0.5665251330091949, -0.5351545649694248, 0.21537991133867102], [-0.5439038131734133, -0.8097119001945812, 0.22030724159387433, -0.17884653999505418], [0.0, 0.0, 0.0, 1.0]], "suj_ecm_transform": [[0.9779275735078454, 0.20894415677425518, -1.7970899951498468e-05, 0.05912701843545008], [-0.20894415753093667, 0.9779275687461942, -9.65393436666906e-05, 1.0329980597920152], [-2.5970932602267022e-06, 9.816340065044532e-05, 0.999999995178601, 0.6492860992289913], [0.0, 0.0, 0.0, 1.0]], "suj_psm2_transform": [[0.16933728617860008, -0.9848753805854229, -0.036679261529994456, -0.019608841953985254], [-0.7649571002441129, -0.154809054446329, 0.6251998012216191, 0.27924253173356484], [-0.6214221739653207, -0.07781157611918921, -0.7796023603902585, -0.2237155204464394], [0.0, 0.0, 0.0, 1.0]], "ecm_transform": [[0.9912842571161408, -0.06944887358640635, -0.11194809311140973, 0.047649071773353896], [-0.12442893884815702, -0.7727218561601678, -0.6224294114110507, 0.9693464797200573], [-0.04327771679309243, 0.6309340591297674, -0.7746284607856934, 0.5700670462286295], [0.0, 0.0, 0.0, 1.0]], "psm2_transform": [[-0.2358596601178231, 0.9624527819949802, 0.13436838601110068, 0.02113687040247985], [0.8362663279398408, 0.2714491525684381, -0.47641786944224884, -0.07494309534234087], [-0.49500388835151565, 0.0, -0.8688907586784891, -0.005422247397705578], [0.0, 0.0, 0.0, 1.0]]}