{"ecm_psm_transform": [[-0.5587083273398104, 0.15254596159351866, -0.8152145328455941, -0.01864229830894215], [0.6290712252467938, -0.5626108124295511, -0.5364125905530724, 0.21521610348558168], [-0.5404760850654254, -0.812526186248092, 0.2183730709897212, -0.17908381126746975], [0.0, 0.0, 0.0, 1.0]], "suj_ecm_transform": [[0.9779374826213405, 0.20889777347173102, -1.796632107386044e-05, 0.05908169024577031], [-0.20889777422818664, 0.9779374778596533, -9.654019591714006e-05, 1.0330142332183503], [-2.5970932602274357e-06, 9.816340065037736e-05, 0.9999999951786009, 0.6492799936898359], [0.0, 0.0, 0.0, 1.0]], "suj_psm2_transform": [[0.16925550083387647, -0.9848889022087989, -0.036693674433350365, -0.01968096589144447], [-0.7649591602382345, -0.15475333017640677, 0.6252110763309677, 0.27929208224729263], [-0.6214419189313581, -0.077751251470694, -0.7795926399663173, -0.22364641568110533], [0.0, 0.0, 0.0, 1.0]], "ecm_transform": [[0.9912866467507591, -0.06943403245870722, -0.11193613853514536, 0.047646320560636016], [-0.12440989993892346, -0.7727231898723881, -0.6224315614030416, 0.9693432485755747], [-0.043277716793092454, 0.6309340591297672, -0.7746284607856933, 0.57005512306518], [0.0, 0.0, 0.0, 1.0]], "psm2_transform": [[-0.2399037585192156, 0.961131370110749, 0.1366480004880725, 0.02149823670748901], [0.8351545372868122, 0.276091451133559, -0.47569991534602585, -0.07483980259728717], [-0.49493745614734436, 0.0, -0.8689286014986477, -0.00542820066064327], [0.0, 0.0, 0.0, 1.0]]}