{"ecm_psm_transform": [[-0.5516291246046986, 0.1567593406421596, -0.819226353341547, -0.01928527608325825], [0.6017322021103644, -0.6053610464080654, -0.521014741091981, 0.21761352751640653], [-0.5776016497823268, -0.7803617831577656, 0.2396076408538899, -0.1758047942823504], [0.0, 0.0, 0.0, 1.0]], "suj_ecm_transform": [[0.9779306052592899, 0.2089299666737545, -1.796949912923279e-05, 0.0591155674399987], [-0.20892996743036688, 0.9779306004976277, -9.653960442071379e-05, 1.0330051022175972], [-2.5970932602249506e-06, 9.816340065045166e-05, 0.9999999951786009, 0.6492830457727579], [0.0, 0.0, 0.0, 1.0]], "suj_psm2_transform": [[0.16929387399712648, -0.9848813829121296, -0.036718467017786416, -0.019692134089766597], [-0.7649323678344974, -0.15479627506290305, 0.6252332251774209, 0.2792442196459149], [-0.6214644453757225, -0.07776101092283505, -0.779573709352813, -0.22369616963901895], [0.0, 0.0, 0.0, 1.0]], "ecm_transform": [[0.991289902966357, -0.06941380562236678, -0.11191984571992096, 0.047609706459543995], [-0.12438395196377831, -0.7727250071138217, -0.6224344912316612, 0.9693650997987152], [-0.04327771679309246, 0.6309340591297673, -0.7746284607856934, 0.5700618130859225], [0.0, 0.0, 0.0, 1.0]], "psm2_transform": [[-0.19471298074644416, 0.9745657574487875, 0.11094340691138921, 0.01744940280567974], [0.8467610018855357, 0.22410172781188284, -0.4824668084723887, -0.0758833527451481], [-0.4950582398209717, 0.0, -0.8688597925933512, -0.005415412932878165], [0.0, 0.0, 0.0, 1.0]]}