{"ecm_psm_transform": [[-0.5487168605396758, 0.1582697416340405, -0.8208900631890829, -0.019502394347169633], [0.5905617413935138, -0.6216243237232459, -0.5146066748089053, 0.2186543167204993], [-0.5917318958462043, -0.7671596242234806, 0.24762769311921817, -0.1745252753749748], [0.0, 0.0, 0.0, 1.0]], "suj_ecm_transform": [[0.9779365278803839, 0.2089022429617616, -1.7966762293777597e-05, 0.05908388978842225], [-0.20890224371823898, 0.9779365231187003, -9.654011380428976e-05, 1.0330077802606221], [-2.5970932602228245e-06, 9.816340065046664e-05, 0.999999995178601, 0.6492845027881242], [0.0, 0.0, 0.0, 1.0]], "suj_psm2_transform": [[0.1692840705976829, -0.9848851731832711, -0.036661956925911565, -0.019644682753308523], [-0.7649802887909003, -0.15475859254173874, 0.6251839215749966, 0.2792878436017996], [-0.6214081277254668, -0.07778800471961456, -0.7796159087130482, -0.2236855725295528], [0.0, 0.0, 0.0, 1.0]], "ecm_transform": [[0.9912912257246879, -0.06940558774352945, -0.11191322616751434, 0.0476118471644396], [-0.12437340965987409, -0.7727257452809572, -0.6224356814559772, 0.9693494957621851], [-0.043277716793092474, 0.6309340591297673, -0.7746284607856934, 0.5700635515615833], [0.0, 0.0, 0.0, 1.0]], "psm2_transform": [[-0.1769501057245737, 0.9790421265527959, 0.10082249014501429, 0.015858931851404072], [0.8506503390168157, 0.20365783666478274, -0.4846828718818081, -0.07623847242476095], [-0.4950582398209717, 0.0, -0.8688597925933512, -0.005419340112391674], [0.0, 0.0, 0.0, 1.0]]}