{"ecm_psm_transform": [[-0.5491149012775628, 0.1579445841607243, -0.8206865013689627, -0.019570162021071428], [0.592487029709145, -0.6189989498236663, -0.5155573874396846, 0.21855566897890516], [-0.5894335796519973, -0.7693463514253475, 0.24632142969530396, -0.17470829378658603], [0.0, 0.0, 0.0, 1.0]], "suj_ecm_transform": [[0.9779372487881384, 0.2088988681393331, -1.796642913746952e-05, 0.05908486752479817], [-0.20889886889579404, 0.9779372440264521, -9.654017580633869e-05, 1.033007760546734], [-2.597093260222887e-06, 9.816340065048787e-05, 0.999999995178601, 0.6492868269813532], [0.0, 0.0, 0.0, 1.0]], "suj_psm2_transform": [[0.16919303997827467, -0.9849028982399323, -0.036605959371275865, -0.019747684683324246], [-0.7650418667772215, -0.15465825838132322, 0.6251333979179803, 0.2793544568348028], [-0.6213571093187347, -0.07776312849311956, -0.7796590527570553, -0.22366209009256055], [0.0, 0.0, 0.0, 1.0]], "ecm_transform": [[0.9912807680311966, -0.06947053886578221, -0.11196554452678248, 0.04766288127612505], [-0.12445673208251111, -0.77271990867308, -0.622426272404699, 0.9693473485619314], [-0.043277716793092454, 0.6309340591297671, -0.7746284607856933, 0.5700629788904794], [0.0, 0.0, 0.0, 1.0]], "psm2_transform": [[-0.17993505750653732, 0.978322061435064, 0.10251497056316233, 0.016125864395101323], [0.8500415342454142, 0.2070892177527525, -0.4842968572562242, -0.07618112168579158], [-0.4950280447993039, 0.0, -0.8688769963937234, -0.005421391704565112], [0.0, 0.0, 0.0, 1.0]]}