{"ecm_psm_transform": [[-0.5838428594633343, 0.22567815077488632, -0.7798697889497359, 0.02357396571557149], [0.46326887743395645, -0.6962395519095965, -0.5482995837658522, 0.23596269458816638], [-0.6667154285411129, -0.6814101984998115, 0.3019448272875165, -0.1735364311618286], [0.0, 0.0, 0.0, 1.0]], "suj_ecm_transform": [[0.9934842842674092, 0.11396919250212373, -8.60743220808616e-06, -0.09241055434407353], [-0.11396919279756759, 0.9934842794550707, -9.781978445821916e-05, 1.0067280136920145], [-2.5970932602261826e-06, 9.816340065048145e-05, 0.999999995178601, 0.7425408399114908], [0.0, 0.0, 0.0, 1.0]], "suj_psm2_transform": [[0.2398035046171861, -0.9666908944730621, -0.0894594529168766, 0.01937583872651813], [-0.7801675157056378, -0.246731828988516, 0.5748582886257061, 0.28978464239407936], [-0.5777827676653303, -0.06805967313213712, -0.8133479908883638, -0.2299200814850617], [0.0, 0.0, 0.0, 1.0]], "ecm_transform": [[0.9745239720451103, 0.22341023369005564, 0.019771074628764186, -0.08837524646845114], [0.19190910923585236, -0.7849868731432256, -0.5890386258855385, 0.8853418377926019], [-0.11607722301004245, 0.5778265107066103, -0.8078629845604394, 0.5760423830022388], [0.0, 0.0, 0.0, 1.0]], "psm2_transform": [[-0.11621820750875511, 0.9910089634252626, 0.06629149760141675, 0.010419359340148787], [0.8608158711504392, 0.13379549473277008, -0.49101405434541673, -0.07717508365927918], [-0.49546883274224474, 0.0, -0.8686257167394007, -0.0053838436767218965], [0.0, 0.0, 0.0, 1.0]]}