{"ecm_psm_transform": [[-0.5803425955711491, 0.227630943209864, -0.781912159682358, 0.023242855955389326], [0.4533682635602472, -0.7072895002815354, -0.5424009406222141, 0.236880209751959], [-0.676505498397543, -0.6692725278127617, 0.30726957895796997, -0.17270165555638756], [0.0, 0.0, 0.0, 1.0]], "suj_ecm_transform": [[0.9934874453369132, 0.11394163367221292, -8.604718730017104e-06, -0.09245169402878724], [-0.11394163396752328, 0.9934874405245666, -9.782002318667255e-05, 1.0067274956587984], [-2.5970932602247257e-06, 9.816340065045403e-05, 0.999999995178601, 0.7425508703420087], [0.0, 0.0, 0.0, 1.0]], "suj_psm2_transform": [[0.23978715931774208, -0.9667006385850158, -0.08939795067925563, 0.01935951771274584], [-0.780187591413002, -0.24668393847353892, 0.5748515953742863, 0.28980185751820425], [-0.5777624429049596, -0.06809485926636533, -0.8133594836909368, -0.22995022345271998], [0.0, 0.0, 0.0, 1.0]], "ecm_transform": [[0.9745335601126967, 0.2233710093105861, 0.019741641614704403, -0.08835995651977291], [0.1918604141357728, -0.7849980354906588, -0.5890396130681332, 0.8853345403853278], [-0.11607722301004242, 0.5778265107066103, -0.8078629845604394, 0.5760428262730197], [0.0, 0.0, 0.0, 1.0]], "psm2_transform": [[-0.10201152660045362, 0.9930819995397469, 0.05815316526882338, 0.009143915109632141], [0.8627430712263242, 0.1174229202078459, -0.49181932745758544, -0.0773329217551553], [-0.4952454356090672, 0.0, -0.8687531056107859, -0.005402561768379954], [0.0, 0.0, 0.0, 1.0]]}