{"ecm_psm_transform": [[-0.5662137738578359, 0.23528471205487764, -0.7899639653597629, 0.0219566655725955], [0.4091413840589144, -0.7517622006609042, -0.5171623744123599, 0.24085171406679534], [-0.7155454493908986, -0.6160314098572631, 0.32939339994184647, -0.16915057323315183], [0.0, 0.0, 0.0, 1.0]], "suj_ecm_transform": [[0.9934914603671781, 0.11390662010396976, -8.601271251664772e-06, -0.09245679855963813], [-0.11390662039911054, 0.993491455554821, -9.782032638225158e-05, 1.0067428792486126], [-2.5970932602311915e-06, 9.816340065051029e-05, 0.9999999951786009, 0.7425508754232633], [0.0, 0.0, 0.0, 1.0]], "suj_psm2_transform": [[0.23983927279854073, -0.9666830300237956, -0.08944854771029079, 0.019342789099563218], [-0.7801610709172346, -0.2467545270436354, 0.5748572925594186, 0.289812970107483], [-0.5777766234876074, -0.06808908023673715, -0.8133498942667752, -0.22989784384755874], [0.0, 0.0, 0.0, 1.0]], "ecm_transform": [[0.974534549790334, 0.22336695998257466, 0.01973860311912498, -0.08835372688250451], [0.19185538711026157, -0.7849991877147179, -0.5890397148953586, 0.885326672830875], [-0.11607722301004239, 0.5778265107066103, -0.8078629845604396, 0.5760498031099737], [0.0, 0.0, 0.0, 1.0]], "psm2_transform": [[-0.041571046413547, 0.9988546657322042, 0.023689762453206347, 0.0037262232769531296], [0.8678337236844271, 0.04784722296023693, -0.49454551993827095, -0.0777883286734881], [-0.4951125893532744, 0.0, -0.8688288231083819, -0.005418395765696332], [0.0, 0.0, 0.0, 1.0]]}