{"ecm_psm_transform": [[-0.5602156556130308, 0.23821633686110774, -0.7933545210424767, 0.02148236616988898], [0.3892818887147155, -0.76969246651729, -0.5059971522698864, 0.2426404391816377], [-0.7311757861997115, -0.5923060727689746, 0.33846046421440124, -0.16778034552633217], [0.0, 0.0, 0.0, 1.0]], "suj_ecm_transform": [[0.9934929990718279, 0.11389319874911935, -8.599949769666164e-06, -0.09247207997753973], [-0.11389319904419509, 0.9934929942594667, -9.782044257018313e-05, 1.0067375533209573], [-2.597093260226034e-06, 9.816340065047138e-05, 0.9999999951786012, 0.7425392418226491], [0.0, 0.0, 0.0, 1.0]], "suj_psm2_transform": [[0.23986446556418256, -0.9666812690967749, -0.0894000119522258, 0.01940177445291741], [-0.7801666369031964, -0.24674741058322253, 0.5748527933598575, 0.289823240304507], [-0.5777586492842539, -0.06813985139346612, -0.8133584104374351, -0.22993043853261275], [0.0, 0.0, 0.0, 1.0]], "ecm_transform": [[0.9745171455544674, 0.22343815417049137, 0.019792025698670418, -0.08840415937455681], [0.191943771242127, -0.784978926332107, -0.5890379222901042, 0.8853518165856405], [-0.11607722301004242, 0.5778265107066104, -0.8078629845604393, 0.5760477686169108], [0.0, 0.0, 0.0, 1.0]], "psm2_transform": [[-0.015637436136094016, 0.9998379739482306, 0.00891607773557605, 0.0014017535037505414], [0.8685710426534233, 0.018000718071711858, -0.4952376379202692, -0.07785947080451609], [-0.49531789232273304, 0.0, -0.8687117965959512, -0.005396066858158792], [0.0, 0.0, 0.0, 1.0]]}