{"ecm_psm_transform": [[-0.5549749260477098, 0.24042475138677857, -0.7963659776628742, 0.02094580175475401], [0.3726476981358993, -0.7840432931757869, -0.49639682462731716, 0.24407927677923213], [-0.7437314868501639, -0.572251739487678, 0.34553063846925636, -0.1666164299393829], [0.0, 0.0, 0.0, 1.0]], "suj_ecm_transform": [[0.9934869832118219, 0.11394566299173205, -8.60511546190588e-06, -0.09244166017028665], [-0.11394566328706192, 0.9934869783994764, -9.781998828739373e-05, 1.0067414212200048], [-2.597093260223053e-06, 9.816340065042716e-05, 0.999999995178601, 0.7425514524889658], [0.0, 0.0, 0.0, 1.0]], "suj_psm2_transform": [[0.2398213208606003, -0.9666820094139938, -0.08950769093212393, 0.019340811368240618], [-0.7801501620197884, -0.2467733850901432, 0.5748640022750168, 0.28977314878887317], [-0.5777988047419063, -0.068035204758092, -0.8133386454315016, -0.2298960161848822], [0.0, 0.0, 0.0, 1.0]], "ecm_transform": [[0.9745119069585173, 0.22345957652018314, 0.019808100804835832, -0.08841751666437712], [0.1919703661879901, -0.7849728283106645, -0.5890373819373479, 0.8853410175532119], [-0.11607722301004239, 0.5778265107066104, -0.8078629845604393, 0.5760438430388914], [0.0, 0.0, 0.0, 1.0]], "psm2_transform": [[0.005911182264646728, 0.9999768547342338, -0.003368667401687863, -0.0005298767311167326], [0.8688018314242003, -0.00680367517074915, -0.49511320697202826, -0.07787915408674989], [-0.4951246667640279, 0.0, -0.8688219405389176, -0.005419276534550065], [0.0, 0.0, 0.0, 1.0]]}