{"ecm_psm_transform": [[-0.5454527864355517, 0.2441646729153265, -0.8017885446112613, 0.02012405247738041], [0.3409342595715865, -0.8092697737483229, -0.47837878710046605, 0.24693291610618323], [-0.7656664341735683, -0.5342902261856288, 0.3581743510951658, -0.16467688053223103], [0.0, 0.0, 0.0, 1.0]], "suj_ecm_transform": [[0.9934889772261887, 0.11392827592851233, -8.603403510010534e-06, -0.09245482504805809], [-0.113928276223758, 0.9934889724138379, -9.782013887084177e-05, 1.006728558233241], [-2.5970932602206815e-06, 9.816340065046924e-05, 0.999999995178601, 0.7425390953932571], [0.0, 0.0, 0.0, 1.0]], "suj_psm2_transform": [[0.2397984884921844, -0.9666914252843232, -0.08946716268345645, 0.019368628652392847], [-0.7801665404922339, -0.24673209980282376, 0.5748594958972755, 0.2897810707737142], [-0.5777861663394546, -0.06805115141313761, -0.813346289582797, -0.22992262626360616], [0.0, 0.0, 0.0, 1.0]], "ecm_transform": [[0.974526161015042, 0.2234012796324557, 0.019764355690634505, -0.08836372562848116], [0.19189799320358059, -0.7849894214466873, -0.5890388513682554, 0.8853192898356247], [-0.11607722301004242, 0.5778265107066103, -0.8078629845604393, 0.5760388998710133], [0.0, 0.0, 0.0, 1.0]], "psm2_transform": [[0.04560721813960493, 0.9986210207188798, -0.026000742911485044, -0.004088243211243287], [0.8675413630647693, -0.05249816166669694, -0.4945866217290352, -0.07776663942022696], [-0.49526958822977296, 0.0, -0.8687393366106494, -0.0054017053178962195], [0.0, 0.0, 0.0, 1.0]]}