{"ecm_psm_transform": [[-0.514637591910947, 0.2526431624861372, -0.8193409433447743, 0.017414616327752094], [0.23648898905545357, -0.8767084128078559, -0.41887386761107404, 0.2562836073255802], [-0.8241487165843498, -0.4093333499251352, 0.3914397802873842, -0.15944097078822178], [0.0, 0.0, 0.0, 1.0]], "suj_ecm_transform": [[0.9934851033056732, 0.11396205261243893, -8.606729205111796e-06, -0.09241021975238774], [-0.11396205290784821, 0.9934850984933326, -9.781984631484559e-05, 1.0067382160380638], [-2.5970932602271905e-06, 9.816340065048592e-05, 0.999999995178601, 0.7425369088402234], [0.0, 0.0, 0.0, 1.0]], "suj_psm2_transform": [[0.2398652612181364, -0.9666780558125795, -0.08943261637214017, 0.019425498987781994], [-0.7801576146446231, -0.24676640164161173, 0.5748568859575942, 0.2897759563361294], [-0.5777705018195086, -0.06811666045294623, -0.8133519335416687, -0.22993361057167527], [0.0, 0.0, 0.0, 1.0]], "ecm_transform": [[0.9745214145467239, 0.22342069453235977, 0.019778924251088063, -0.08839312923426303], [0.19192209588301493, -0.7849838958725851, -0.5890383623606951, 0.8853325845003642], [-0.11607722301004242, 0.5778265107066104, -0.8078629845604391, 0.5760409294201525], [0.0, 0.0, 0.0, 1.0]], "psm2_transform": [[0.16822645154723087, 0.9810717972374698, -0.09590615029844562, -0.015081597643879598], [0.852295662299497, -0.1936443354845188, -0.48589502504164495, -0.07640879382643365], [-0.49526958822977296, 0.0, -0.8687393366106494, -0.0054069393795618086], [0.0, 0.0, 0.0, 1.0]]}