{"ecm_psm_transform": [[-0.509121581393828, 0.2534971751137168, -0.8225171108058565, 0.01681988979715536], [0.21817820599194726, -0.8864190818139949, -0.40823949077247557, 0.25794120285926], [-0.832582419817512, -0.38729884276279525, 0.3959875258204688, -0.1586962344870551], [0.0, 0.0, 0.0, 1.0]], "suj_ecm_transform": [[0.99348948806158, 0.1139238212014009, -8.602964892153602e-06, -0.09245293133948546], [-0.113923821496625, 0.993489483249228, -9.78201774468565e-05, 1.006734937135483], [-2.597093260228056e-06, 9.816340065048581e-05, 0.9999999951786009, 0.7425431627314074], [0.0, 0.0, 0.0, 1.0]], "suj_psm2_transform": [[0.23980315369125876, -0.9666961468688529, -0.08940361910258493, 0.01932546139777247], [-0.7801827438351931, -0.24670012739088704, 0.5748512271597843, 0.289782326461521], [-0.5777623505400091, -0.06809997631595527, -0.8133591208834203, -0.22993172806052276], [0.0, 0.0, 0.0, 1.0]], "ecm_transform": [[0.9745256967718877, 0.22340317868098228, 0.01976578069544585, -0.08837932615720864], [0.19190035078014897, -0.7849888809912259, -0.5890388035525328, 0.8853466297568948], [-0.11607722301004245, 0.5778265107066104, -0.8078629845604394, 0.5760426838262325], [0.0, 0.0, 0.0, 1.0]], "psm2_transform": [[0.1887269436656961, 0.9761249832376672, -0.10752747478607147, -0.016916135001704073], [0.8481258264395926, -0.21720961557735896, -0.4832210316479346, -0.07601994023650246], [-0.4950401228797151, 0.0, -0.8688701149994955, -0.005426200235758828], [0.0, 0.0, 0.0, 1.0]]}