{"ecm_psm_transform": [[-0.5106185570032239, 0.2532887959709279, -0.8216528920898066, 0.01692361458777306], [0.22315849636812385, -0.883834938817209, -0.41113998397711116, 0.25751711745528655], [-0.830342685126246, -0.39329452928000264, 0.3947789742321111, -0.1588628388608897], [0.0, 0.0, 0.0, 1.0]], "suj_ecm_transform": [[0.993493583207841, 0.1138881032017593, -8.599448056353562e-06, -0.09247911843086949], [-0.11388810349681036, 0.9934935783954784, -9.782048667734709e-05, 1.0067412629265187], [-2.597093260223284e-06, 9.816340065046985e-05, 0.999999995178601, 0.7425462141276731], [0.0, 0.0, 0.0, 1.0]], "suj_psm2_transform": [[0.23981904315995395, -0.9666875981623483, -0.08945341858730121, 0.019294518432820193], [-0.780165613846178, -0.24674102413031096, 0.5748569230540258, 0.28980736307609384], [-0.577778886348282, -0.06807315601789077, -0.813349619733054, -0.22990050097516057], [0.0, 0.0, 0.0, 1.0]], "ecm_transform": [[0.9745252991881901, 0.2234048050305262, 0.01976700107354535, -0.08838157557374476], [0.19190236981456446, -0.7849884181399724, -0.5890387626002708, 0.8853476961837798], [-0.11607722301004239, 0.5778265107066104, -0.8078629845604393, 0.576048494721298], [0.0, 0.0, 0.0, 1.0]], "psm2_transform": [[0.18319783283542745, 0.9775183794081829, -0.10438568849992186, -0.016420909900711426], [0.8493196892891505, -0.21085022627258418, -0.4839403346142799, -0.0761286412555221], [-0.49507031766223253, 0.0, -0.8688529107793885, -0.005423493761088798], [0.0, 0.0, 0.0, 1.0]]}