{"ecm_psm_transform": [[-0.6107977072121706, 0.20647881814317967, -0.7643903835884849, 0.0260241667786907], [0.542370755183343, -0.5942315735636526, -0.5939047069201554, 0.22883425557167036], [-0.5768536424312546, -0.7773386228911188, 0.25096721016007906, -0.1815882733416257], [0.0, 0.0, 0.0, 1.0]], "suj_ecm_transform": [[0.993487619384277, 0.11394011609667351, -8.604569307621906e-06, -0.09244092326316944], [-0.11394011639197651, 0.9934876145719298, -9.78200363304803e-05, 1.006737531565585], [-2.597093260227615e-06, 9.816340065046562e-05, 0.9999999951786009, 0.7425440396597851], [0.0, 0.0, 0.0, 1.0]], "suj_psm2_transform": [[0.23988984959539114, -0.9666667589351391, -0.08948875477362664, 0.01939754143326783], [-0.7801369294432318, -0.24681793162047205, 0.5748628357699583, 0.28975264567894415], [-0.5777882236425269, -0.06809027684203989, -0.8133415536043808, -0.2299171321886052], [0.0, 0.0, 0.0, 1.0]], "ecm_transform": [[0.9745275630984005, 0.22339554407394305, 0.019760051857222807, -0.08838033065273766], [0.1918908727891195, -0.7849910537149649, -0.5890389957614857, 0.8853346456743547], [-0.1160772230100424, 0.5778265107066103, -0.8078629845604395, 0.5760498037966293], [0.0, 0.0, 0.0, 1.0]], "psm2_transform": [[-0.2363483843228012, 0.962251269896157, 0.1349516017364547, 0.021190500458485306], [0.8356273543377761, 0.27216262341334313, -0.4771314610243339, -0.07492059607665036], [-0.4958491362405002, 0.0, -0.8684086791882897, -0.005339287220238267], [0.0, 0.0, 0.0, 1.0]]}