{"ecm_psm_transform": [[-0.478310947496671, 0.2559961293789432, -0.8400503670898766, 0.014102988815233116], [0.10817413885976673, -0.9321101465575031, -0.34564292321194434, 0.26780178074239713], [-0.8715027212733102, -0.25619651915580255, 0.41814632652417966, -0.1551944659493583], [0.0, 0.0, 0.0, 1.0]], "suj_ecm_transform": [[0.9934929584701025, 0.11389355291834363, -8.599984641561338e-06, -0.09246724720079363], [-0.1138935532134211, 0.9934929536577416, -9.782043950437438e-05, 1.0067242411646093], [-2.5970932602311047e-06, 9.816340065045484e-05, 0.999999995178601, 0.7425523247480825], [0.0, 0.0, 0.0, 1.0]], "suj_psm2_transform": [[0.23985207727543056, -0.966677778031129, -0.08947097008225896, 0.01936675819484736], [-0.7801517357315414, -0.24677747995987925, 0.5748601087392609, 0.2897844863042945], [-0.5777839131212674, -0.06808045861663242, -0.813345437617268, -0.22991366345830067], [0.0, 0.0, 0.0, 1.0]], "ecm_transform": [[0.9745407821500847, 0.22334145731759206, 0.019719466766514822, -0.08833877456206102], [0.1918237269593581, -0.7850064439021365, -0.5890403558395162, 0.8853258539420671], [-0.11607722301004239, 0.5778265107066104, -0.8078629845604395, 0.5760503837462869], [0.0, 0.0, 0.0, 1.0]], "psm2_transform": [[0.3044241360597585, 0.9366147795017141, -0.1734321198717963, -0.027284230441807215], [0.813812703919873, -0.35036089225105516, -0.463633614095947, -0.07293854435333388], [-0.4950099274993327, 0.0, -0.8688873181702593, -0.005426288335343303], [0.0, 0.0, 0.0, 1.0]]}