{"ecm_psm_transform": [[-0.5974168855200661, 0.21665207771258124, -0.7721107058695184, 0.02475565817229044], [0.5040648568890481, -0.6473864061747994, -0.5716725121514077, 0.23231404357374355], [-0.6237080125707283, -0.7307206842035467, 0.2775528719580699, -0.17739181932858028], [0.0, 0.0, 0.0, 1.0]], "suj_ecm_transform": [[0.993486822815817, 0.11394706146839997, -8.605253157697062e-06, -0.09244279900639632], [-0.11394706176373662, 0.9934868180034719, -9.781997617435575e-05, 1.006734430230797], [-2.5970932602219516e-06, 9.816340065043231e-05, 0.999999995178601, 0.7425392440199481], [0.0, 0.0, 0.0, 1.0]], "suj_psm2_transform": [[0.23976772373836855, -0.9667050771026221, -0.08940208362971613, 0.019336507526980476], [-0.7801921027909561, -0.24667065760338847, 0.5748511715393283, 0.28979115302678016], [-0.5777644168655142, -0.068079957267358, -0.813359328969999, -0.22992074098446258], [0.0, 0.0, 0.0, 1.0]], "ecm_transform": [[0.9745069863925876, 0.2234796954858614, 0.019823197965615255, -0.08843995302307052], [0.19199534309538394, -0.7849671007310882, -0.5890368740575718, 0.8853528655690118], [-0.1160772230100424, 0.5778265107066103, -0.8078629845604394, 0.5760544547923798], [0.0, 0.0, 0.0, 1.0]], "psm2_transform": [[-0.17615241122602487, 0.9792163470685621, 0.10052697972663274, 0.01579318251224672], [0.8504713184532819, 0.20281850416986463, -0.4853485251390335, -0.07625015553451239], [-0.49564994149862857, 0.0, -0.8685223862931837, -0.005363029201884514], [0.0, 0.0, 0.0, 1.0]]}