{"ecm_psm_transform": [[-0.5584950445777236, 0.1841380412129204, -0.8088117623776222, -0.011606744244889208], [0.5675997586726327, -0.6262101194261076, -0.5345010760355017, 0.21583532945270645], [-0.6049080914791072, -0.7575975634244139, 0.24521854080900074, -0.17114630130564373], [0.0, 0.0, 0.0, 1.0]], "suj_ecm_transform": [[0.977932961433671, 0.2089189379130258, -1.796841038936228e-05, 0.05910944718200314], [-0.2089189386695845, 0.9779329566720003, -9.653980706809849e-05, 1.0330121256655598], [-2.5970932602306104e-06, 9.816340065046588e-05, 0.9999999951786012, 0.6492888642210393], [0.0, 0.0, 0.0, 1.0]], "suj_psm2_transform": [[0.19613693839999155, -0.9790868980640308, -0.05402913505167184, -0.012969662648241856], [-0.7455603657251106, -0.18469113884141378, 0.6403350094234274, 0.2757261883880445], [-0.6369223205814953, -0.08531136660970495, -0.7661931403192457, -0.22098176656360913], [0.0, 0.0, 0.0, 1.0]], "ecm_transform": [[0.9913070723989185, -0.06912368547069997, -0.11194732832378507, 0.04766440803608739], [-0.12417496789694937, -0.7727625986846397, -0.6224295489627355, 0.9693504873886264], [-0.04348408398112094, 0.6309198698575839, -0.7746284607856934, 0.5700655923718807], [0.0, 0.0, 0.0, 1.0]], "psm2_transform": [[-0.14744192645309775, 0.9855245154697321, 0.08367979285316864, 0.013178249154982443], [0.8571054312224533, 0.16953297439775514, -0.48644511546609526, -0.0766074426484872], [-0.493590070901727, 0.0, -0.8696946831545127, -0.005475363744317629], [0.0, 0.0, 0.0, 1.0]]}