{"ecm_psm_transform": [[-0.555891527261704, 0.18552142856631537, -0.8102878559261295, -0.01184314848082345], [0.5586756876157896, -0.6384123008995732, -0.529444246476565, 0.21660405361704022], [-0.6155209874453309, -0.7470016958500338, 0.2512416772979724, -0.17019341859327972], [0.0, 0.0, 0.0, 1.0]], "suj_ecm_transform": [[0.977939208194077, 0.20888969518380313, -1.7965523600177625e-05, 0.059083598526884454], [-0.20888969594021944, 0.9779392034323836, -9.65403443252096e-05, 1.0329992884340855], [-2.5970932602290366e-06, 9.816340065042695e-05, 0.9999999951786012, 0.6492945345919547], [0.0, 0.0, 0.0, 1.0]], "suj_psm2_transform": [[0.19614224491058624, -0.9790849980535214, -0.05404429986568243, -0.012972333199724809], [-0.7455456985989999, -0.18470326731853254, 0.6403485881474154, 0.2756995426136058], [-0.6369378549450213, -0.08530691430590437, -0.7661807223557902, -0.22097881208837666], [0.0, 0.0, 0.0, 1.0]], "ecm_transform": [[0.9913076431058784, -0.06912013379532965, -0.11194446758989109, 0.047642722464004875], [-0.12417041177426798, -0.7727629163741007, -0.6224300634744465, 0.9693496690606597], [-0.043484083981120955, 0.6309198698575839, -0.7746284607856934, 0.5700637045828729], [0.0, 0.0, 0.0, 1.0]], "psm2_transform": [[-0.1335034504806049, 0.9881477921413969, 0.07576786651249517, 0.011932728858372167], [0.8593902709751936, 0.15350550767344673, -0.48773396566888855, -0.07681352841558034], [-0.4935840261424147, 0.0, -0.8696981137941165, -0.0054772168722665784], [0.0, 0.0, 0.0, 1.0]]}