{"ecm_psm_transform": [[-0.5392790112967313, 0.19307470140779392, -0.8196952529148329, -0.013323970748694076], [0.4990796861991044, -0.7107362400571003, -0.49575544766840407, 0.22188153002020727], [-0.6783049570792063, -0.6764437572672154, 0.28692547543916164, -0.16465281648625885], [0.0, 0.0, 0.0, 1.0]], "suj_ecm_transform": [[0.9779235084406094, 0.20896318172393097, -1.7972778062616014e-05, 0.05913908064314099], [-0.2089631824807051, 0.977923503678973, -9.653899403542955e-05, 1.032999459877069], [-2.597093260232921e-06, 9.816340065043796e-05, 0.9999999951786009, 0.6492852282058557], [0.0, 0.0, 0.0, 1.0]], "suj_psm2_transform": [[0.19619982191537746, -0.9790776534897612, -0.053968308453737845, -0.012960070809777915], [-0.7456033292891862, -0.1847065926001414, 0.6402805244601206, 0.27567010393925], [-0.6368526558264918, -0.08538397441574747, -0.7662429586493539, -0.22106434886164195], [0.0, 0.0, 0.0, 1.0]], "ecm_transform": [[0.991305604335077, -0.0691328210534794, -0.11195468666855998, 0.04766921901539597], [-0.12418668710530395, -0.772761781451488, -0.6224282254796389, 0.969352233566538], [-0.04348408398112095, 0.6309198698575837, -0.7746284607856933, 0.5700603582678554], [0.0, 0.0, 0.0, 1.0]], "psm2_transform": [[-0.04594160821360692, 0.9986035321985026, 0.02608359859033357, 0.004107708476040551], [0.8684013764301376, 0.052829778351552885, -0.49303961700209087, -0.07764507672395426], [-0.493729093784223, 0.0, -0.8696157668482156, -0.0054747496706135], [0.0, 0.0, 0.0, 1.0]]}