{"ecm_psm_transform": [[-0.5354793578192828, 0.19440751399077164, -0.8218683445986813, -0.013705282184312651], [0.4848270246925049, -0.7260588896397231, -0.48762818304825817, 0.2231762522989933], [-0.6915234005276046, -0.6595788105139979, 0.29453553137724797, -0.16340179699145843], [0.0, 0.0, 0.0, 1.0]], "suj_ecm_transform": [[0.9779219240539998, 0.20897059633229728, -1.7973510020595946e-05, 0.059152842148468644], [-0.2089705970891075, 0.977921919292369, -9.653885776303553e-05, 1.0330038707447278], [-2.597093260218547e-06, 9.816340065039412e-05, 0.9999999951786009, 0.6492859556835546], [0.0, 0.0, 0.0, 1.0]], "suj_psm2_transform": [[0.19611322484292346, -0.9790918249873157, -0.05402593159508462, -0.012999815805818937], [-0.7455675181111121, -0.18467134504137742, 0.6403323904490894, 0.27569067703686057], [-0.6369212502180671, -0.08529767032936103, -0.7661955549708169, -0.2210013079896842], [0.0, 0.0, 0.0, 1.0]], "ecm_transform": [[0.9913040078047037, -0.06914275507843662, -0.11196268811749466, 0.047656864702104076], [-0.12419943055688651, -0.7727608926692999, -0.622426786224928, 0.9693405813705764], [-0.04348408398112095, 0.6309198698575837, -0.7746284607856935, 0.570058028169385], [0.0, 0.0, 0.0, 1.0]], "psm2_transform": [[-0.026039916392851938, 0.9995515694635452, 0.014784543862318922, 0.002328345473400575], [0.8692223744743502, 0.029944281306512454, -0.49351373205839855, -0.07772106294248349], [-0.49373513797118557, 0.0, -0.8696123352003319, -0.005475521714143672], [0.0, 0.0, 0.0, 1.0]]}