{"ecm_psm_transform": [[-0.5799257156508919, 0.17029218886755423, -0.7966722881696705, -0.00970289539586218], [0.6373563358000393, -0.514241177522434, -0.5738753458338218, 0.20957288846417704], [-0.5074081843470294, -0.840569201048336, 0.18968487737986223, -0.1799052248738738], [0.0, 0.0, 0.0, 1.0]], "suj_ecm_transform": [[0.9779294027002281, 0.20893559536721518, -1.797005478408668e-05, 0.05911834535765911], [-0.20893559612385498, 0.9779293979385703, -9.653950099166945e-05, 1.033010859669853], [-2.597093260223304e-06, 9.816340065045284e-05, 0.9999999951786012, 0.6492766498467804], [0.0, 0.0, 0.0, 1.0]], "suj_psm2_transform": [[0.19618419578530846, -0.979077069076479, -0.054035674629673014, -0.012990114139460496], [-0.7455455202074643, -0.18473060706083208, 0.6403409092924788, 0.27566914706157186], [-0.6369251436571284, -0.08533871116643726, -0.7661877483709839, -0.22100737979817575], [0.0, 0.0, 0.0, 1.0]], "ecm_transform": [[0.9913022555744241, -0.06915365672223756, -0.11197146893294854, 0.04766784505375282], [-0.12421341527138746, -0.772759917167572, -0.6224252066600334, 0.9693499304934647], [-0.04348408398112097, 0.6309198698575836, -0.7746284607856936, 0.5700639915364152], [0.0, 0.0, 0.0, 1.0]], "psm2_transform": [[-0.2657693903637187, 0.9521785014610318, 0.15074061331015315, 0.023743673935566444], [0.8282319471596705, 0.305542306981249, -0.4697613653214543, -0.07399373294819846], [-0.4933543076226233, 0.0, -0.8698284469653783, -0.005483956554847815], [0.0, 0.0, 0.0, 1.0]]}