{"ecm_psm_transform": [[-0.5320156329754706, 0.1955464200169546, -0.8238452305428869, -0.013984617859772168], [0.472251285662503, -0.7390577304186736, -0.48038775410964896, 0.22432414871858597], [-0.7028072918374018, -0.6446357643871091, 0.3008432179943987, -0.16236530138154684], [0.0, 0.0, 0.0, 1.0]], "suj_ecm_transform": [[0.9779314786416301, 0.2089258786242302, -1.7969095564140372e-05, 0.05911694695874744], [-0.20892587938082272, 0.9779314738799648, -9.653967953784766e-05, 1.0330103933896702], [-2.597093260216709e-06, 9.816340065045255e-05, 0.9999999951786009, 0.6492850810898074], [0.0, 0.0, 0.0, 1.0]], "suj_psm2_transform": [[0.1961018461274516, -0.9790933979889482, -0.05403872648259467, -0.012963779258197791], [-0.7455589715823898, -0.18466961648122796, 0.6403428399238066, 0.2757173976033435], [-0.6369347579135676, -0.08528335572156831, -0.7661859196033649, -0.22097662677330554], [0.0, 0.0, 0.0, 1.0]], "ecm_transform": [[0.9913047839465216, -0.06913792585202655, -0.11195879837520567, 0.04765271966335331], [-0.12419323558496695, -0.772761324748961, -0.6224274859027096, 0.9693524607977224], [-0.04348408398112092, 0.6309198698575839, -0.7746284607856934, 0.5700650103622553], [0.0, 0.0, 0.0, 1.0]], "psm2_transform": [[-0.008778038375806131, 0.9999490599322307, 0.004982327058806796, 0.0007849191010375605], [0.8696332278940118, 0.01009344047627188, -0.49359514928936843, -0.07776130637025995], [-0.4936202943406144, 0.0, -0.869677529326293, -0.005491697383788262], [0.0, 0.0, 0.0, 1.0]]}