{"ecm_psm_transform": [[-0.5119444704473327, 0.20074693421891607, -0.8352326188434612, -0.01579465664224991], [0.39405586156812233, -0.8090910435909909, -0.43599502422005465, 0.23132863076961196], [-0.7633038956681704, -0.552333551020167, 0.3351041797340754, -0.1569592825106887], [0.0, 0.0, 0.0, 1.0]], "suj_ecm_transform": [[0.9779419533429451, 0.20887684306564652, -1.7964254863144494e-05, 0.05907938057911778], [-0.20887684382200028, 0.9779419485812418, -9.654058042022494e-05, 1.0330069621960414], [-2.597093260228176e-06, 9.816340065044408e-05, 0.999999995178601, 0.6492807258367963], [0.0, 0.0, 0.0, 1.0]], "suj_psm2_transform": [[0.19614611677209928, -0.9790896783399051, -0.05394536721060755, -0.012967175254106053], [-0.745633289529899, -0.1846533495431074, 0.6402609921331557, 0.27574423626069056], [-0.6368341215890114, -0.08536124571942644, -0.7662608950671957, -0.22099424890544284], [0.0, 0.0, 0.0, 1.0]], "ecm_transform": [[0.9913101414972783, -0.06910458402769329, -0.111931942853707, 0.04763696052776127], [-0.12415046437677499, -0.7727643070725052, -0.6224323159266252, 0.9693624547812338], [-0.04348408398112094, 0.6309198698575837, -0.7746284607856935, 0.5700632685906455], [0.0, 0.0, 0.0, 1.0]], "psm2_transform": [[0.09186087770253915, 0.9944057997509413, -0.05214100660142453, -0.00821649704073973], [0.8648055556361823, -0.10562720019810545, -0.49087090514625453, -0.07735254078139034], [-0.49363238354924927, 0.0, -0.8696706675009149, -0.005503743667684913], [0.0, 0.0, 0.0, 1.0]]}