{"ecm_psm_transform": [[-0.494773254406609, 0.20292222888786912, -0.844998222333676, -0.01736084976557372], [0.32278694249365303, -0.8598780638075728, -0.3954975412542272, 0.237756186184586], [-0.8068506779321019, -0.4684359981958255, 0.35994402219621413, -0.1530171248846217], [0.0, 0.0, 0.0, 1.0]], "suj_ecm_transform": [[0.9779429205651762, 0.20887231456982286, -1.796380781862239e-05, 0.05908369262457452], [-0.20887231532615452, 0.9779429158034694, -9.654066360512575e-05, 1.0330185567058654], [-2.5970932602325315e-06, 9.816340065044663e-05, 0.9999999951786009, 0.649285371613961], [0.0, 0.0, 0.0, 1.0]], "suj_psm2_transform": [[0.1960550040544155, -0.9791068173685494, -0.053965503496709755, -0.013000432531016168], [-0.7456321390956776, -0.18459467446050676, 0.6402792510369392, 0.27579129532113683], [-0.6368635242599685, -0.08529153734837824, -0.7662442202874505, -0.22094685389666746], [0.0, 0.0, 0.0, 1.0]], "ecm_transform": [[0.9912988333090873, -0.06917494504711481, -0.11198861575075883, 0.047685590833366515], [-0.12424072408178118, -0.7727580117971073, -0.6224221217815259, 0.9693366384404514], [-0.04348408398112095, 0.6309198698575839, -0.7746284607856933, 0.5700639908497593], [0.0, 0.0, 0.0, 1.0]], "psm2_transform": [[0.176170675496983, 0.9792664391868616, -0.10000567072532143, -0.015756648453012237], [0.8516191381755821, -0.20257650673828073, -0.4834331416140128, -0.07616854132071317], [-0.49366865060282644, 0.0, -0.8696500810164882, -0.005496561810961951], [0.0, 0.0, 0.0, 1.0]]}