{"ecm_psm_transform": [[-0.4902077582057696, 0.20318609063931492, -0.8475917451023138, -0.01778690132584384], [0.3026917588668339, -0.8722389386954923, -0.38415743249020146, 0.23946520412658948], [-0.8173579710928233, -0.44487598990513444, 0.36607553960480693, -0.1521348969145053], [0.0, 0.0, 0.0, 1.0]], "suj_ecm_transform": [[0.97792304074612, 0.20896537046801356, -1.797299413182043e-05, 0.05914486774680851], [-0.20896537122479836, 0.9779230359844853, -9.653895380929742e-05, 1.0329818059884937], [-2.5970932602331126e-06, 9.816340065041432e-05, 0.999999995178601, 0.6492846527881275], [0.0, 0.0, 0.0, 1.0]], "suj_psm2_transform": [[0.19602772129455343, -0.9791093025323451, -0.054019498134375954, -0.013013630815706903], [-0.7455890065740768, -0.1846027453986206, 0.6403271504997844, 0.27571030001021646], [-0.6369224173790293, -0.08524552824586773, -0.7662003877277386, -0.22101818683641627], [0.0, 0.0, 0.0, 1.0]], "ecm_transform": [[0.9913014499574886, -0.06915866851732735, -0.11197550571929146, 0.0476829224593926], [-0.12421984443921777, -0.7727594686497217, -0.6224244804469828, 0.9693418341839146], [-0.04348408398112094, 0.6309198698575839, -0.7746284607856933, 0.5700622478421689], [0.0, 0.0, 0.0, 1.0]], "psm2_transform": [[0.19881565721878852, 0.9735133610682394, -0.11288963755048942, -0.017785059842253082], [0.8465625228784994, -0.2286301288579869, -0.4806871737793411, -0.0757292727354675], [-0.49376535854821907, 0.0, -0.8695951763307732, -0.0054925053306256084], [0.0, 0.0, 0.0, 1.0]]}