{"ecm_psm_transform": [[-0.47775435959932044, 0.20329848624477362, -0.8546464165808145, -0.018904869551484745], [0.24792541247095048, -0.9021067448770418, -0.3531804223034696, 0.24442195823946547], [-0.842783342108132, -0.38062205182822983, 0.3805825691320031, -0.14978965035662412], [0.0, 0.0, 0.0, 1.0]], "suj_ecm_transform": [[0.9779510131553537, 0.20883442136260327, -1.7960067075320752e-05, 0.05905348677847649], [-0.20883442211875047, 0.9779510083936176, -9.654135958913864e-05, 1.03302020853817], [-2.5970932602298362e-06, 9.816340065048204e-05, 0.9999999951786009, 0.6492881346833721], [0.0, 0.0, 0.0, 1.0]], "suj_psm2_transform": [[0.1961000023801312, -0.9790942204337901, -0.05403051526370739, -0.013018942312262957], [-0.7455652884746403, -0.18466364152602815, 0.6403372081333969, 0.2757725500783537], [-0.6369279313142416, -0.08528685134002628, -0.7661912054443495, -0.22094942716348842], [0.0, 0.0, 0.0, 1.0]], "ecm_transform": [[0.9913005128356813, -0.06916449808273568, -0.11198020118163182, 0.04768679963687562], [-0.12422732264698579, -0.7727589469063769, -0.6224236357049026, 0.9693349731115443], [-0.043484083981120934, 0.6309198698575841, -0.7746284607856933, 0.5700628286158136], [0.0, 0.0, 0.0, 1.0]], "psm2_transform": [[0.2591693922234107, 0.9545488442661969, -0.14719962650976953, -0.023185420536650056], [0.8300153745185679, -0.29805453177240526, -0.47142122794029306, -0.074253581200318], [-0.49386810404940046, 0.0, -0.8695368283187611, -0.005482657821092602], [0.0, 0.0, 0.0, 1.0]]}