{"ecm_psm_transform": [[-0.47413084870939315, 0.20305470590585273, -0.8567197468901943, -0.0192456708314218], [0.23242423843976884, -0.9096610460094787, -0.34423212336828, 0.2458021903881939], [-0.8492225336670032, -0.36233350353290394, 0.38410352840056927, -0.1492015120883305], [0.0, 0.0, 0.0, 1.0]], "suj_ecm_transform": [[0.9779336952380925, 0.20891550300329081, -1.7968071301178067e-05, 0.05911899199222096], [-0.2089155037598328, 0.9779336904764192, -9.653987018005715e-05, 1.033007004325246], [-2.597093260234532e-06, 9.816340065046723e-05, 0.9999999951786009, 0.6492882819367514], [0.0, 0.0, 0.0, 1.0]], "suj_psm2_transform": [[0.19602104214896798, -0.9791095643499305, -0.0540389862351468, -0.013034267505283498], [-0.7455723260883743, -0.18460800367952324, 0.6403450566285589, 0.27576035177557706], [-0.6369439987989554, -0.08523113266847399, -0.7661840486580529, -0.22093243814153185], [0.0, 0.0, 0.0, 1.0]], "ecm_transform": [[0.9913036504465093, -0.06914497851239082, -0.11196447900091494, 0.047664833452116626], [-0.12420228279604256, -0.7727606937243966, -0.6224264640765538, 0.9693539815253999], [-0.04348408398112095, 0.630919869857584, -0.7746284607856934, 0.5700657361919801], [0.0, 0.0, 0.0, 1.0]], "psm2_transform": [[0.27435878348179277, 0.9489291404417147, -0.1557586092225378, -0.024541683200539816], [0.8252167673139015, -0.31548928099152357, -0.4684909823288447, -0.0738165121530922], [-0.4937049167978632, 0.0, -0.8696294930196509, -0.005497912029037051], [0.0, 0.0, 0.0, 1.0]]}