{"ecm_psm_transform": [[-0.4748747635308559, 0.2031926183619133, -0.8562749084287962, -0.019160602668763578], [0.2354739019878293, -0.9081681110714349, -0.3460964078339561, 0.24551072150368508], [-0.84796580145908, -0.3659828436910285, 0.38341955829050806, -0.14933646245267995], [0.0, 0.0, 0.0, 1.0]], "suj_ecm_transform": [[0.9779485692739003, 0.2088458654906229, -1.7961196816830018e-05, 0.05905232912360958], [-0.20884586624682577, 0.977948564512173, -9.65411494108562e-05, 1.03302764007805], [-2.597093260230275e-06, 9.816340065044524e-05, 0.9999999951786012, 0.6492830494807003], [0.0, 0.0, 0.0, 1.0]], "suj_psm2_transform": [[0.19613111116299797, -0.9790888262381229, -0.05401534568641092, -0.013017368658252593], [-0.7455731262015503, -0.1846792451232392, 0.6403235821885351, 0.27574687824066857], [-0.6369091777640004, -0.08531498553223382, -0.7662036625621282, -0.2209552664428709], [0.0, 0.0, 0.0, 1.0]], "ecm_transform": [[0.991296641858727, -0.069188574558289, -0.11199959370552709, 0.04769596396569327], [-0.124258208098837, -0.7727567916035949, -0.6224201464851413, 0.9693307776470603], [-0.043484083981120934, 0.630919869857584, -0.7746284607856935, 0.5700636982656375], [0.0, 0.0, 0.0, 1.0]], "psm2_transform": [[0.27137647310077817, 0.9500559637585111, -0.15410540410468848, -0.024276286971736605], [0.8261445197480084, -0.31207958236143346, -0.46913917632558244, -0.0739036852103325], [-0.49380162245350645, 0.0, -0.8695745843010159, -0.005488605152012341], [0.0, 0.0, 0.0, 1.0]]}