{"ecm_psm_transform": [[-0.469915277752894, 0.20286422420675268, -0.8590842439897342, -0.019567478604763135], [0.21298206521111962, -0.9184218913988551, -0.33337646782242436, 0.2474535089170471], [-0.8566319347495908, -0.3396282319483202, 0.3883740367620253, -0.14861892299175428], [0.0, 0.0, 0.0, 1.0]], "suj_ecm_transform": [[0.9779259350308224, 0.2089518252399615, -1.7971656969458023e-05, 0.05913190414826104], [-0.20895182599668036, 0.9779259302691771, -9.65392027439532e-05, 1.0330045200462183], [-2.597093260223946e-06, 9.816340065046478e-05, 0.9999999951786009, 0.6492890109250937], [0.0, 0.0, 0.0, 1.0]], "suj_psm2_transform": [[0.19615428287817624, -0.9790823170875758, -0.05404917830062206, -0.012982869497511582], [-0.7455394237236157, -0.18471508824947527, 0.6403524840639314, 0.2756783593103494], [-0.6369414925897099, -0.08531208905783855, -0.7661771221318084, -0.22101142912522653], [0.0, 0.0, 0.0, 1.0]], "ecm_transform": [[0.9913057942807142, -0.06913163909397549, -0.1119537346481248, 0.04765862458394573], [-0.12418517087722367, -0.772761887191048, -0.6224283967165419, 0.9693530011068736], [-0.04348408398112094, 0.6309198698575839, -0.7746284607856933, 0.5700555587827449], [0.0, 0.0, 0.0, 1.0]], "psm2_transform": [[0.29466200263733366, 0.940835727052336, -0.1673392927666969, -0.02635865148952172], [0.8181139196451036, -0.338863002852041, -0.4646089536169343, -0.07318344236325927], [-0.4938257979132732, 0.0, -0.8695608554410204, -0.0054844741426919655], [0.0, 0.0, 0.0, 1.0]]}