{"ecm_psm_transform": [[-0.566819562774252, 0.17932062089841283, -0.8040893595720651, -0.010858301582173383], [0.5959924664246973, -0.5845899629319848, -0.5504975524052648, 0.21321423071139287], [-0.5687781318066056, -0.7912639825998582, 0.22448328806127066, -0.1744793347861829], [0.0, 0.0, 0.0, 1.0]], "suj_ecm_transform": [[0.9779194872965564, 0.2089819993266245, -1.7974635705798116e-05, 0.05915546711626219], [-0.20898200008349024, 0.9779194825349344, -9.653864817734321e-05, 1.0329935313377947], [-2.5970932602227262e-06, 9.816340065045989e-05, 0.9999999951786012, 0.6492795572856154], [0.0, 0.0, 0.0, 1.0]], "suj_psm2_transform": [[0.19622848330640075, -0.9790727099962556, -0.05395378466667344, -0.012967308629936447], [-0.7456105641676142, -0.18472061674841322, 0.640268053513322, 0.27563371780675217], [-0.6368353546568547, -0.08541031722616427, -0.7662544021213871, -0.22107313269855133], [0.0, 0.0, 0.0, 1.0]], "ecm_transform": [[0.9913164549527153, -0.06906527837496992, -0.11190028356965542, 0.0475951676753882], [-0.1241000426281321, -0.772767820979806, -0.6224380083814117, 0.9693618142353244], [-0.04348408398112094, 0.6309198698575839, -0.7746284607856934, 0.5700735911932924], [0.0, 0.0, 0.0, 1.0]], "psm2_transform": [[-0.19338639895203216, 0.9749691445190752, 0.10971266078310253, 0.017281898424156047], [0.8480057443483145, 0.22234020607110777, -0.4810936398628842, -0.07578169517786769], [-0.49344499009780884, 0.0, -0.869777006908882, -0.005485703847252624], [0.0, 0.0, 0.0, 1.0]]}