{"ecm_psm_transform": [[-0.5838949812385903, 0.14415784895395808, -0.7989275095209541, -0.016889819687166928], [0.6634103328809825, -0.48249524472744826, -0.5719135153518791, 0.20951701216212731], [-0.46792454638662695, -0.8639541963555519, 0.1860907453058907, -0.18111455779167554], [0.0, 0.0, 0.0, 1.0]], "suj_ecm_transform": [[0.9779388518394476, 0.20889136348872175, -1.7965688292153133e-05, 0.059066839151733046], [-0.20889136424514618, 0.9779388470777556, -9.654031367695878e-05, 1.033011240832218], [-2.597093260222245e-06, 9.81634006504161e-05, 0.999999995178601, 0.6492862471690264], [0.0, 0.0, 0.0, 1.0]], "suj_psm2_transform": [[0.17549886643981885, -0.982414687704948, -0.06373012835330011, -0.020285535381714348], [-0.7413477572069689, -0.17447386198034018, 0.6480450403867484, 0.2773265138229912], [-0.6477682075885909, -0.06648498226858973, -0.7589308903781751, -0.21955094864314595], [0.0, 0.0, 0.0, 1.0]], "ecm_transform": [[0.9912888226792593, -0.06952932849710815, -0.11185768864905804, 0.047668305513127306], [-0.12440788151687586, -0.7731060938495007, -0.6219563060772441, 0.9693972962798649], [-0.04323365642241423, 0.6304543124854557, -0.7750214260398485, 0.5700262736104785], [0.0, 0.0, 0.0, 1.0]], "psm2_transform": [[-0.29118402501694707, 0.942638367833421, 0.163232261098332, 0.02596849422071718], [0.822253870683032, 0.33381567891329506, -0.46093997945332077, -0.07333058497131464], [-0.48898919796014084, 0.0, -0.8722898396051042, -0.005939541895911032], [0.0, 0.0, 0.0, 1.0]]}