{"ecm_psm_transform": [[-0.5664694242973126, 0.16175044347318882, -0.8080527120012024, -0.018464705325854133], [0.5796453290738224, -0.6187784636508928, -0.530211755249486, 0.21686327132848182], [-0.5857676022273435, -0.7687327279087756, 0.25676119103704365, -0.17031883194308434], [0.0, 0.0, 0.0, 1.0]], "suj_ecm_transform": [[0.9779472360152042, 0.20885210855434555, -1.7961813119799248e-05, 0.05906187924738612], [-0.20885210931057885, 0.9779472312534818, -9.654103474749452e-05, 1.0330269919548194], [-2.59709326023243e-06, 9.816340065047253e-05, 0.9999999951786012, 0.649288859826441], [0.0, 0.0, 0.0, 1.0]], "suj_psm2_transform": [[0.17533562179949827, -0.9824433150194574, -0.06373815577629072, -0.020332549055021854], [-0.7413680115628172, -0.17435507500745936, 0.648053839777636, 0.27743246006683725], [-0.6477892335934412, -0.06637349314841445, -0.7589227024194884, -0.21946599679244594], [0.0, 0.0, 0.0, 1.0]], "ecm_transform": [[0.9912911497433683, -0.0695148663663768, -0.1118460539962676, 0.047643977875901314], [-0.12438933793866688, -0.7731073943654634, -0.6219583984356384, 0.9694047254860945], [-0.043233656422414224, 0.6304543124854559, -0.7750214260398482, 0.5700251131618385], [0.0, 0.0, 0.0, 1.0]], "psm2_transform": [[-0.1495988276559891, 0.9850799584276946, 0.0850744748326152, 0.013394554307546998], [0.8562994292959893, 0.17209728499918758, -0.48696387122996243, -0.07667004741241665], [-0.49433943616842535, 0.0, -0.8692689582912089, -0.005463425851001982], [0.0, 0.0, 0.0, 1.0]]}