{"ecm_psm_transform": [[-0.5636134246878768, 0.1636474811945633, -0.8096662333395649, -0.018722268097807634], [0.5685913924353679, -0.6341570857463676, -0.5239738724841956, 0.2177965230219755], [-0.5992025834056568, -0.7556879597402286, 0.2643708976866364, -0.16916075751265708], [0.0, 0.0, 0.0, 1.0]], "suj_ecm_transform": [[0.9779383215037112, 0.20889384627539756, -1.796593338827277e-05, 0.059079589886121095], [-0.20889384703183408, 0.977938316742021, -9.654026806549186e-05, 1.0330184165283267], [-2.597093260231781e-06, 9.816340065047942e-05, 0.999999995178601, 0.6493031139123482], [0.0, 0.0, 0.0, 1.0]], "suj_psm2_transform": [[0.17538357989621917, -0.9824346890980183, -0.06373916817520353, -0.02033322462261003], [-0.7413585784842508, -0.1743918383407294, 0.6480547390675824, 0.2773809396967602], [-0.6477870468067402, -0.06640458099424523, -0.7589218494762036, -0.21951157827345935], [0.0, 0.0, 0.0, 1.0]], "ecm_transform": [[0.9912888004188032, -0.06952946682983728, -0.11185779993638753, 0.04764900994333364], [-0.12440805888928168, -0.7731060814085282, -0.6219562860624142, 0.9693950419665716], [-0.04323365642241427, 0.630454312485456, -0.7750214260398482, 0.5700261270437555], [0.0, 0.0, 0.0, 1.0]], "psm2_transform": [[-0.13246339981960892, 0.9883214212130268, 0.07532739262508265, 0.011860714130281332], [0.8591239236776305, 0.15238362238594713, -0.4885543116105825, -0.07692557548049271], [-0.4943273525438215, 0.0, -0.8692758299452576, -0.005466474183636421], [0.0, 0.0, 0.0, 1.0]]}