{"ecm_psm_transform": [[-0.5642508502494625, 0.1631141280814843, -0.8093298210327947, -0.01869740197162631], [0.5713597244815539, -0.6304710476275192, -0.525408720277672, 0.2175652013250975], [-0.5959606054372396, -0.7588807807051615, 0.26254698140181115, -0.1694281189349659], [0.0, 0.0, 0.0, 1.0]], "suj_ecm_transform": [[0.9779326004504986, 0.20892062763943614, -1.7968577196154684e-05, 0.05910623130314448], [-0.20892062839600306, 0.9779325956888292, -9.653977602112036e-05, 1.0330075536255015], [-2.597093260232396e-06, 9.816340065044564e-05, 0.999999995178601, 0.6492811568851002], [0.0, 0.0, 0.0, 1.0]], "suj_psm2_transform": [[0.17529117345187425, -0.9824504519100534, -0.0637504043249651, -0.020363763511719243], [-0.7413642410059602, -0.17432841918345335, 0.6480653241939848, 0.27739242711827], [-0.6478055778298928, -0.06633786103523209, -0.7589118667709371, -0.2194901863875749], [0.0, 0.0, 0.0, 1.0]], "ecm_transform": [[0.9912967636708252, -0.06947996821111276, -0.11181797866680948, 0.047620040672917766], [-0.12434459090807663, -0.7731105314803792, -0.6219634465352676, 0.9694042015574613], [-0.04323365642241426, 0.6304543124854555, -0.7750214260398485, 0.5700243877441077], [0.0, 0.0, 0.0, 1.0]], "psm2_transform": [[-0.13590344604104804, 0.9877039230638188, 0.07727362886852006, 0.012168476899694008], [0.8586142944410441, 0.15633604947145696, -0.4882013242681405, -0.07687831701116106], [-0.49427901709022204, 0.0, -0.8693033148817069, -0.005471457574737864], [0.0, 0.0, 0.0, 1.0]]}