{"ecm_psm_transform": [[-0.5602846048351453, 0.16571882684084072, -0.8115530987034802, -0.019006124589877153], [0.5557121607217461, -0.6513423812397905, -0.5166595560200624, 0.2188578478438346], [-0.6142191433118097, -0.7404663211999417, 0.27284514134932203, -0.1678839599161535], [0.0, 0.0, 0.0, 1.0]], "suj_ecm_transform": [[0.9779315183442245, 0.20892569278590858, -1.796907721848244e-05, 0.059103159396086076], [-0.20892569354250015, 0.977931513582559, -9.65396829525018e-05, 1.0329990118668246], [-2.59709326023099e-06, 9.816340065040032e-05, 0.9999999951786009, 0.6492837768210684], [0.0, 0.0, 0.0, 1.0]], "suj_psm2_transform": [[0.17543262016136002, -0.982424514077042, -0.06376103766257346, -0.020319284627053583], [-0.7413336388453418, -0.1744416063322159, 0.6480698742393145, 0.27728948143581805], [-0.6478023091187964, -0.06642439401849554, -0.7589070879756172, -0.21957654013009287], [0.0, 0.0, 0.0, 1.0]], "ecm_transform": [[0.9912889254101054, -0.06952869009617654, -0.11185717506172109, 0.04765939712375565], [-0.12440706294912407, -0.7731061512638489, -0.6219563984447558, 0.9694008416665064], [-0.04323365642241424, 0.630454312485456, -0.7750214260398482, 0.5700156621316531], [0.0, 0.0, 0.0, 1.0]], "psm2_transform": [[-0.11236773517840185, 0.9916102983194615, 0.06389450960501397, 0.010061133833537314], [0.8619998993324971, 0.12926336010946285, -0.4901501374925606, -0.07718137540024851], [-0.4942971430644136, 0.0, -0.8692930083454937, -0.005469179097009218], [0.0, 0.0, 0.0, 1.0]]}