{"ecm_psm_transform": [[-0.5534222685497192, 0.16948859723842002, -0.8154737323049931, -0.019644445605860636], [0.5282388057583092, -0.6855556486814609, -0.5009762635614357, 0.2214544519593015], [-0.6439623876938142, -0.7080162907497922, 0.2898713081154942, -0.16512638242846614], [0.0, 0.0, 0.0, 1.0]], "suj_ecm_transform": [[0.9779405572430367, 0.20888337936858817, -1.796490011465962e-05, 0.05908301098242016], [-0.20888338012497373, 0.9779405524813386, -9.654046034968073e-05, 1.0330279993758889], [-2.59709326023821e-06, 9.816340065042369e-05, 0.9999999951786012, 0.649290026454985], [0.0, 0.0, 0.0, 1.0]], "suj_psm2_transform": [[0.17532545852231568, -0.9824460791769214, -0.06372350511259056, -0.02034180906006873], [-0.7413831012920207, -0.1743391029281563, 0.648040873949191, 0.2774244386915177], [-0.6477747144745349, -0.06637453352077377, -0.7589350041916201, -0.2194877526643919], [0.0, 0.0, 0.0, 1.0]], "ecm_transform": [[0.991297379305293, -0.06947614043713186, -0.11181489924164234, 0.04762932296758397], [-0.12433968286435083, -0.7731108754754725, -0.621964000153338, 0.9694142102305585], [-0.043233656422414245, 0.6304543124854558, -0.7750214260398485, 0.5700224935005332], [0.0, 0.0, 0.0, 1.0]], "psm2_transform": [[-0.0717889350133957, 0.9965839903056394, 0.04082522597771758, 0.006428006522598834], [0.8662995271026793, 0.08258541194720323, -0.49265076786216927, -0.07756876473653243], [-0.49433943616842535, 0.0, -0.8692689582912089, -0.005465392216438596], [0.0, 0.0, 0.0, 1.0]]}