{"ecm_psm_transform": [[-0.5537914568964433, 0.16938239924053575, -0.8152451319057571, -0.019604034116861985], [0.5297984824331898, -0.6836514732062494, -0.5019305043473791, 0.2212655178107531], [-0.642361728529965, -0.7098804589580172, 0.28886180728776, -0.16526707118974104], [0.0, 0.0, 0.0, 1.0]], "suj_ecm_transform": [[0.9779444899484377, 0.20886496656169393, -1.796308243731086e-05, 0.05908102857352941], [-0.20886496731798984, 0.9779444851867253, -9.654079857768893e-05, 1.0330157706393825], [-2.5970932602455487e-06, 9.816340065047216e-05, 0.9999999951786008, 0.6492859540355802], [0.0, 0.0, 0.0, 1.0]], "suj_psm2_transform": [[0.1754266151459347, -0.982423883079498, -0.06378727657959238, -0.020334705194078692], [-0.741308788987677, -0.1744517272725237, 0.6480955749125721, 0.2773789757325505], [-0.6478323718895687, -0.06640714424393135, -0.7588829350600143, -0.2194815667564156], [0.0, 0.0, 0.0, 1.0]], "ecm_transform": [[0.9912995078403558, -0.06946290486226386, -0.11180425127679534, 0.047600326795512814], [-0.12432271195488517, -0.7731120647852986, -0.6219659143197441, 0.969415898004131], [-0.043233656422414266, 0.6304543124854557, -0.7750214260398484, 0.5700275859817588], [0.0, 0.0, 0.0, 1.0]], "psm2_transform": [[-0.07375130999548538, 0.996394568141058, 0.04193577056576449, 0.006603673438024482], [0.8661622548058587, 0.08484022972030793, -0.49250896821340834, -0.07755594680868691], [-0.49429110109689467, 0.0, -0.8692964438995592, -0.005471031113550379], [0.0, 0.0, 0.0, 1.0]]}