{"ecm_psm_transform": [[-0.5496696942747731, 0.1714968155806216, -0.817589181338393, -0.01996984897801065], [0.5131459429985489, -0.7029775152472453, -0.4924468034630127, 0.22268446147228765], [-0.6591998698270558, -0.6902256553494047, 0.29840254073562666, -0.1638379164987882], [0.0, 0.0, 0.0, 1.0]], "suj_ecm_transform": [[0.9779362497057805, 0.20890354517954993, -1.7966890846329766e-05, 0.05908900705829306], [-0.2089035459360337, 0.9779362449440979, -9.654008987965149e-05, 1.0329932214805344], [-2.5970932602313694e-06, 9.81634006504093e-05, 0.9999999951786009, 0.6492823215910073], [0.0, 0.0, 0.0, 1.0]], "suj_psm2_transform": [[0.17543841980340796, -0.9824231817593037, -0.06376560827600808, -0.020333127137937557], [-0.7413264507694355, -0.17444836632413943, 0.6480762770511128, 0.2773035552291316], [-0.6478089643146928, -0.06642634589351565, -0.7589012362124337, -0.21955635519166994], [0.0, 0.0, 0.0, 1.0]], "ecm_transform": [[0.9912926294337611, -0.06950566932068689, -0.11183865504638234, 0.04764486230163815], [-0.12437754533133791, -0.7731082212735646, -0.6219597289347409, 0.9694025678036547], [-0.04323365642241424, 0.6304543124854558, -0.7750214260398484, 0.5700152244914515], [0.0, 0.0, 0.0, 1.0]], "psm2_transform": [[-0.04980625827819249, 0.9983573236110658, 0.02831944611879999, 0.004459407802463384], [0.8678753308515285, 0.057294453415227146, -0.49346707661930234, -0.07770529559453687], [-0.49427901709022204, 0.0, -0.8693033148817069, -0.005470146508987361], [0.0, 0.0, 0.0, 1.0]]}