{"ecm_psm_transform": [[-0.5458478282541215, 0.17326169476990044, -0.8197746846028617, -0.02029939469327936], [0.49719384781230647, -0.7205386618227501, -0.483344922923862, 0.22420464204752413], [-0.6744245147441282, -0.6714197062524625, 0.3071598150279508, -0.16239567745667124], [0.0, 0.0, 0.0, 1.0]], "suj_ecm_transform": [[0.9779432943250655, 0.20887056461346182, -1.7963635066256158e-05, 0.05907759015816603], [-0.208870565369785, 0.9779432895633574, -9.654069574983518e-05, 1.033008212402751], [-2.5970932602342815e-06, 9.816340065041306e-05, 0.999999995178601, 0.6492843589680248], [0.0, 0.0, 0.0, 1.0]], "suj_psm2_transform": [[0.17535994272022257, -0.9824378311589188, -0.06375577147929729, -0.020315979298993952], [-0.7413489841158987, -0.1743835405343336, 0.6480679474723587, 0.2774001496984109], [-0.6478044259184139, -0.06637988172986259, -0.7589091757661415, -0.21948708096729685], [0.0, 0.0, 0.0, 1.0]], "ecm_transform": [[0.9912977068923848, -0.06947410356662043, -0.11181326058886784, 0.04762558680114276], [-0.12433707115035406, -0.7731110585175368, -0.6219642947433928, 0.9694057474319725], [-0.04323365642241427, 0.6304543124854558, -0.7750214260398484, 0.5700297648442451], [0.0, 0.0, 0.0, 1.0]], "psm2_transform": [[-0.02741881228180395, 0.9995024231881693, 0.015592138212348216, 0.0024552799559452547], [0.8688432984491921, 0.03154213120538579, -0.494081386715742, -0.07780255080397341], [-0.4943273525438215, 0.0, -0.8692758299452576, -0.0054704070077868094], [0.0, 0.0, 0.0, 1.0]]}