{"ecm_psm_transform": [[-0.5321635136865821, 0.1787338733825189, -0.8275603888577756, -0.021549451663805633], [0.4391397867999766, -0.7774255588297507, -0.4502951788854961, 0.22933943121640235], [-0.723849599260801, -0.603045357318943, 0.3352283619654614, -0.1580028974249453], [0.0, 0.0, 0.0, 1.0]], "suj_ecm_transform": [[0.9779326129790403, 0.20892056899481434, -1.7968571406854675e-05, 0.05909983569747696], [-0.20892056975138099, 0.9779326082173709, -9.65397770986258e-05, 1.0330013459111824], [-2.597093260231981e-06, 9.816340065041168e-05, 0.9999999951786009, 0.6492782490342714], [0.0, 0.0, 0.0, 1.0]], "suj_psm2_transform": [[0.1753507717114063, -0.9824375030705089, -0.06378604409114969, -0.020342810859545576], [-0.7413244527551696, -0.17439391000026286, 0.6480932185280668, 0.27733162196491173], [-0.6478349810001485, -0.06635749178053701, -0.7588850510302159, -0.21951516624053657], [0.0, 0.0, 0.0, 1.0]], "ecm_transform": [[0.991292198284095, -0.06950834923123009, -0.11184081101385154, 0.047642199865810815], [-0.12438098155841729, -0.7731079803336924, -0.6219593412522428, 0.9693885802234734], [-0.04323365642241425, 0.6304543124854556, -0.7750214260398485, 0.5700230771581333], [0.0, 0.0, 0.0, 1.0]], "psm2_transform": [[0.050074746449975796, 0.9983395771868854, -0.028471185263026416, -0.00448360035246963], [0.8678667632318735, -0.057602852553592654, -0.4934462408967366, -0.077707187781976], [-0.4942669329880381, 0.0, -0.8693101856958759, -0.005473195100618458], [0.0, 0.0, 0.0, 1.0]]}