{"ecm_psm_transform": [[-0.5211878202153761, 0.18211764296748703, -0.8337843966992382, -0.022460479315317427], [0.3908894952167894, -0.8175297499780305, -0.42290721255379804, 0.2336705235430018], [-0.7586624141133587, -0.5463316502096749, 0.3548986748226385, -0.15490607647063218], [0.0, 0.0, 0.0, 1.0]], "suj_ecm_transform": [[0.9779388191837237, 0.20889151636861147, -1.7965703384169748e-05, 0.05908917766318696], [-0.20889151712503667, 0.9779388144220318, -9.654031086841683e-05, 1.0330030126689735], [-2.5970932602278915e-06, 9.816340065042678e-05, 0.999999995178601, 0.6492882816620889], [0.0, 0.0, 0.0, 1.0]], "suj_psm2_transform": [[0.17544534813921817, -0.9824211800562423, -0.06377738465325722, -0.02027180774314226], [-0.7413167822384024, -0.17446049770292318, 0.6480840710223867, 0.27734445572535205], [-0.6478181520982647, -0.06642408989327092, -0.758893590758178, -0.21953008852647726], [0.0, 0.0, 0.0, 1.0]], "ecm_transform": [[0.9912862166946881, -0.06954552146272928, -0.11187071571957118, 0.04767380611519384], [-0.12442864438496744, -0.7731046373635126, -0.621953963041921, 0.9693939814847271], [-0.04323365642241424, 0.6304543124854559, -0.7750214260398482, 0.5700229301794161], [0.0, 0.0, 0.0, 1.0]], "psm2_transform": [[0.11026236180881377, 0.9919237769822302, -0.06268518346187671, -0.00987238144401812], [0.8623132950862055, -0.12683540774289684, -0.49023316948189477, -0.07720754057581493], [-0.4942246378782763, 0.0, -0.869334232222617, -0.005476982067807137], [0.0, 0.0, 0.0, 1.0]]}