{"ecm_psm_transform": [[-0.5210797960993048, 0.18214703173040395, -0.8338454922399653, -0.022517606577204096], [0.39044218612944515, -0.8178761628409842, -0.42265054305769906, 0.23371089250078075], [-0.7589668934726777, -0.5458031156821215, 0.3550608589018535, -0.15487312961120547], [0.0, 0.0, 0.0, 1.0]], "suj_ecm_transform": [[0.9779403944007147, 0.20888414175478787, -1.796497537600748e-05, 0.05907727970126555], [-0.20888414251117715, 0.9779403896390171, -9.654044634453076e-05, 1.0330121386526185], [-2.597093260233355e-06, 9.816340065044319e-05, 0.9999999951786009, 0.6492833398675224], [0.0, 0.0, 0.0, 1.0]], "suj_psm2_transform": [[0.17545545757244005, -0.9824217566231593, -0.0637406818406539, -0.020316284955255892], [-0.7413451128625662, -0.17444700431471374, 0.6480552957274643, 0.277348309934763], [-0.6477829930175958, -0.06645099547100869, -0.7589212470066162, -0.21952838406824737], [0.0, 0.0, 0.0, 1.0]], "ecm_transform": [[0.9912884067373573, -0.06953191324401993, -0.11185976805240591, 0.04766174805595421], [-0.12441119571992144, -0.7731058613858244, -0.6219559320968183, 0.9693961609890898], [-0.04323365642241426, 0.6304543124854559, -0.7750214260398482, 0.5700256917381842], [0.0, 0.0, 0.0, 1.0]], "psm2_transform": [[0.11076714525620014, 0.9918491629215656, -0.06297521372398578, -0.009918421986313394], [0.862238209124376, -0.12741757340253276, -0.4902142722465343, -0.07720739205689695], [-0.4942427644971456, 0.0, -0.8693239268202728, -0.00547863698101396], [0.0, 0.0, 0.0, 1.0]]}