{"ecm_psm_transform": [[-0.5167236406762253, 0.18329009202016142, -0.8363022308552981, -0.022798915084666246], [0.37037545184197523, -0.832824243760117, -0.4113706402725436, 0.2354200595988013], [-0.7718929354769094, -0.5223107515384214, 0.3624538246290272, -0.15375888456352588], [0.0, 0.0, 0.0, 1.0]], "suj_ecm_transform": [[0.9779349529452858, 0.20890961558786866, -1.7967490106080326e-05, 0.059100656901631576], [-0.20890961634438196, 0.9779349481836079, -9.653997835064394e-05, 1.0329938149555096], [-2.597093260215037e-06, 9.816340065040862e-05, 0.9999999951786009, 0.649288717379654], [0.0, 0.0, 0.0, 1.0]], "suj_psm2_transform": [[0.1755195026501043, -0.9824064526204265, -0.06380020406871978, -0.020213222001645992], [-0.7412864348658744, -0.17452974480337713, 0.6481001386072296, 0.2772605943085101], [-0.647832791446452, -0.06645998817798804, -0.7588779508577648, -0.2195662217737404], [0.0, 0.0, 0.0, 1.0]], "ecm_transform": [[0.9912878951309928, -0.06953509237371189, -0.11186232562996934, 0.04766511658676008], [-0.12441527204935324, -0.7731055754533601, -0.6219554721069785, 0.9693874496815253], [-0.04323365642241425, 0.6304543124854557, -0.7750214260398484, 0.5700261296530483], [0.0, 0.0, 0.0, 1.0]], "psm2_transform": [[0.1348081804109848, 0.987902332490505, -0.0766533492686341, -0.01207016971864687], [0.8587799845540759, -0.1550773402525973, -0.4883113317029222, -0.07689162581190061], [-0.49429110109689467, 0.0, -0.8692964438995592, -0.005469064561561689], [0.0, 0.0, 0.0, 1.0]]}