{"ecm_psm_transform": [[-0.5825328029985102, 0.14963883533560754, -0.7989141082682808, -0.017007239007788423], [0.6390366606282181, -0.5230804992323881, -0.56393167821637, 0.2114719850934977], [-0.5022824701339227, -0.8390441050875687, 0.20908684777854053, -0.17786360131002932], [0.0, 0.0, 0.0, 1.0]], "suj_ecm_transform": [[0.9779421066297949, 0.20887612538958886, -1.7964184015520404e-05, 0.059074234380690184], [-0.20887612614593912, 0.977942101868091, -9.654059360348427e-05, 1.033004491140084], [-2.5970932602235326e-06, 9.8163400650417e-05, 0.999999995178601, 0.6492859563702105], [0.0, 0.0, 0.0, 1.0]], "suj_psm2_transform": [[0.17545806528087163, -0.9824215685568994, -0.063736402174073, -0.020314016918586655], [-0.7413475056795146, -0.17444644201117762, 0.6480527098102463, 0.2773554414724589], [-0.6477795482651918, -0.06645525189059653, -0.7589238145858265, -0.21952669558264715], [0.0, 0.0, 0.0, 1.0]], "ecm_transform": [[0.9912949738555483, -0.06949109571374111, -0.11182693067965375, 0.04762640437780126], [-0.12435885879613505, -0.7731095313634384, -0.6219618370558824, 0.9694085337737983], [-0.04323365642241424, 0.6304543124854558, -0.7750214260398485, 0.5700267107013556], [0.0, 0.0, 0.0, 1.0]], "psm2_transform": [[-0.25059000136638054, 0.9575553752825917, 0.14245123545484722, 0.022434236519383657], [0.8324521128333383, 0.2882493768725527, -0.47321852940464626, -0.07452582899769791], [-0.4941944263693273, 0.0, -0.869351407053265, -0.005475753186284203], [0.0, 0.0, 0.0, 1.0]]}