{"ecm_psm_transform": [[-0.5127413314806317, 0.1839626006620798, -0.8386024615687181, -0.023278304896394427], [0.35235584612651244, -0.8456300293455115, -0.40094290263026106, 0.2371624775807777], [-0.7829059232704392, -0.501066477652171, 0.36876916937470233, -0.15269749586836867], [0.0, 0.0, 0.0, 1.0]], "suj_ecm_transform": [[0.977936463952138, 0.2089025422295844, -1.7966791836943525e-05, 0.05910612130999696], [-0.20890254298606328, 0.9779364591904546, -9.654010830609027e-05, 1.0330055469720523], [-2.5970932602291637e-06, 9.81634006504531e-05, 0.9999999951786009, 0.6492837742117752], [0.0, 0.0, 0.0, 1.0]], "suj_psm2_transform": [[0.17536662405383846, -0.9824365297787816, -0.06375744759779012, -0.020332675355995533], [-0.7413451063594934, -0.17438941209507602, 0.6480708034049716, 0.27738379645338285], [-0.6478070549513885, -0.06638371717039515, -0.7589065961301494, -0.21949595651285003], [0.0, 0.0, 0.0, 1.0]], "ecm_transform": [[0.9912941524933171, -0.06949620179200636, -0.11183103848682237, 0.047635830360280185], [-0.12436540590093795, -0.7731090723856345, -0.6219610984700883, 0.9694103918831768], [-0.04323365642241424, 0.6304543124854558, -0.7750214260398484, 0.5700249648098098], [0.0, 0.0, 0.0, 1.0]], "psm2_transform": [[0.1560369819201437, 0.9837589834989217, -0.08871709338352574, -0.013971201256070147], [0.8551950841760458, -0.17949446338304834, -0.48623359161616714, -0.0765722490091494], [-0.4942608909011301, 0.0, -0.8693136210399681, -0.0054737360967245345], [0.0, 0.0, 0.0, 1.0]]}