{"ecm_psm_transform": [[-0.5100871334700018, 0.1845663177458725, -0.840087132755934, -0.023454488456633026], [0.3402324660162581, -0.8537485716989526, -0.3941512975882413, 0.2382072054224977], [-0.7899702433236664, -0.48687642238634665, 0.3726907082118084, -0.15210630532534436], [0.0, 0.0, 0.0, 1.0]], "suj_ecm_transform": [[0.9779448056828908, 0.2088634882290012, -1.796293649917228e-05, 0.05907023660303893], [-0.2088634889852899, 0.9779448009211772, -9.654082573189864e-05, 1.0330181606034856], [-2.597093260229682e-06, 9.816340065048574e-05, 0.999999995178601, 0.6492791212933882], [0.0, 0.0, 0.0, 1.0]], "suj_psm2_transform": [[0.17548580133809769, -0.9824151123413506, -0.06375955279060153, -0.020273488271190257], [-0.7413255854466413, -0.1744808997283833, 0.6480685087181515, 0.2773460780401282], [-0.6477971209344178, -0.06646023377408206, -0.7589083788151071, -0.21953132242379758], [0.0, 0.0, 0.0, 1.0]], "ecm_transform": [[0.9912838770957355, -0.0695600568442526, -0.11188240926021821, 0.047705718746149595], [-0.12444728186021281, -0.7731033296787149, -0.6219518596139809, 0.9693882042263792], [-0.043233656422414266, 0.6304543124854557, -0.7750214260398482, 0.5700277284285459], [0.0, 0.0, 0.0, 1.0]], "psm2_transform": [[0.170004367822239, 0.9806915725813408, -0.0966568900249623, -0.015221304664944516], [0.8525319110558818, -0.19556083316435527, -0.4847115649161563, -0.07633126207873481], [-0.49425484879034515, 0.0, -0.869317056342065, -0.005472965964633685], [0.0, 0.0, 0.0, 1.0]]}