{"ecm_psm_transform": [[-0.5053680432619575, 0.1852577495100823, -0.8427827164198611, -0.023901053186156075], [0.31788323396649626, -0.8680248104625163, -0.3814225714145854, 0.2401753168596873], [-0.8022177948740492, -0.46066527399834717, 0.37978166743465325, -0.15100496757736667], [0.0, 0.0, 0.0, 1.0]], "suj_ecm_transform": [[0.9779287705208971, 0.2089385542798496, -1.797034688283395e-05, 0.05911881200845247], [-0.20893855503650377, 0.9779287657592416, -9.653944661932176e-05, 1.0330012163603843], [-2.597093260222562e-06, 9.816340065040513e-05, 0.9999999951786012, 0.6492911933581915], [0.0, 0.0, 0.0, 1.0]], "suj_psm2_transform": [[0.1754052094385039, -0.9824269449269319, -0.06379898418760083, -0.020298844789173084], [-0.7413041263438401, -0.17444243121618352, 0.6481034103111811, 0.2773103041970087], [-0.6478435032995473, -0.06638626418862748, -0.7588752592881436, -0.21952924128728002], [0.0, 0.0, 0.0, 1.0]], "ecm_transform": [[0.991291875983417, -0.0695103525167898, -0.1118424226412744, 0.04764765356269332], [-0.12438355020510741, -0.7731078002203077, -0.6219590514470309, 0.9693988022957856], [-0.043233656422414266, 0.6304543124854557, -0.7750214260398484, 0.5700286008249938], [0.0, 0.0, 0.0, 1.0]], "psm2_transform": [[0.19541924613366318, 0.97440455307315, -0.11111743873427624, -0.017496532314718663], [0.8470464129060286, -0.2248016168765582, -0.48163949945235485, -0.07583887067776318], [-0.49429110109689467, 0.0, -0.8692964438995592, -0.005467753526902548], [0.0, 0.0, 0.0, 1.0]]}