{"ecm_psm_transform": [[-0.5014465593501657, 0.1856441628509004, -0.8450370364163157, -0.02433818824128381], [0.2994800685925318, -0.8790859523129827, -0.37083632098513364, 0.24193217521501295], [-0.8117037862617703, -0.43902634686925673, 0.38521789953601815, -0.15007016388688674], [0.0, 0.0, 0.0, 1.0]], "suj_ecm_transform": [[0.9779485816426026, 0.20884580757251928, -1.7961191099261388e-05, 0.05905111626707133], [-0.20884580832872188, 0.9779485768808752, -9.654115047460486e-05, 1.0330182628135862], [-2.597093260240836e-06, 9.816340065045677e-05, 0.999999995178601, 0.6492849361710586], [0.0, 0.0, 0.0, 1.0]], "suj_psm2_transform": [[0.17529297268075794, -0.9824476292036699, -0.06378894575733046, -0.0203813218317188], [-0.7413305032889412, -0.17435177949905012, 0.6480976329835498, 0.27741663376959913], [-0.6478436992223575, -0.06631826941049646, -0.7588810371331522, -0.21944941664896134], [0.0, 0.0, 0.0, 1.0]], "ecm_transform": [[0.9912926457531457, -0.0695055678823047, -0.11183857343996902, 0.04764480261701297], [-0.12437741526530309, -0.7731082303932935, -0.6219597436089196, 0.9694025751288192], [-0.04323365642241424, 0.6304543124854559, -0.7750214260398482, 0.5700203129900722], [0.0, 0.0, 0.0, 1.0]], "psm2_transform": [[0.21594341556088215, 0.9686558012412436, -0.12277776670710579, -0.01933481111489171], [0.8420656821183972, -0.24840680087647424, -0.47876867929804506, -0.07539558855176769], [-0.4942608909011301, 0.0, -0.8693136210399681, -0.005473080540530976], [0.0, 0.0, 0.0, 1.0]]}