{"ecm_psm_transform": [[-0.4987283381904046, 0.18615887091062205, -0.8465311095684078, -0.02444267844685714], [0.28700639765037556, -0.8860977836130696, -0.36394786107869914, 0.24292410830653655], [-0.8178614628368253, -0.424470956199936, 0.3884932881648278, -0.14965873540525598], [0.0, 0.0, 0.0, 1.0]], "suj_ecm_transform": [[0.9779331129223612, 0.20891822880524094, -1.796834038750815e-05, 0.0591054416298973], [-0.2089182295617962, 0.9779331081606899, -9.653982009714977e-05, 1.0330097245866547], [-2.5970932602280338e-06, 9.816340065049233e-05, 0.9999999951786009, 0.6492804328406812], [0.0, 0.0, 0.0, 1.0]], "suj_psm2_transform": [[0.17555323266666797, -0.9824027263225156, -0.06376476938224807, -0.020246535796896267], [-0.74130912401941, -0.1745347639692472, 0.6480728344960729, 0.2772987371480077], [-0.6477976884381865, -0.06650187576518213, -0.7589042465119393, -0.21957667164462902], [0.0, 0.0, 0.0, 1.0]], "ecm_transform": [[0.9912952043048491, -0.0694896630543908, -0.11182577811397004, 0.04763750440075717], [-0.12435702181443664, -0.7731096601369554, -0.6219620442827404, 0.9693950626633164], [-0.04323365642241423, 0.6304543124854559, -0.7750214260398482, 0.5700242393920786], [0.0, 0.0, 0.0, 1.0]], "psm2_transform": [[0.22949493186640216, 0.9645244675791472, -0.13047845679957276, -0.02054709788820219], [0.8384808843182223, -0.26399346855777045, -0.47671506709120187, -0.07507071579908411], [-0.49424880665568344, 0.0, -0.8693204916021667, -0.005472195801187678], [0.0, 0.0, 0.0, 1.0]]}