{"ecm_psm_transform": [[-0.49840611240874655, 0.18599020362978902, -0.8467579295568183, -0.02454671131143039], [0.28544041951042914, -0.887052299560835, -0.36285256613884503, 0.24309203014711592], [-0.8186055912485024, -0.4225468755032799, 0.3890231663784374, -0.14956849323893712], [0.0, 0.0, 0.0, 1.0]], "suj_ecm_transform": [[0.9779166896889596, 0.20899509014484846, -1.797592801067774e-05, 0.05913634342501865], [-0.20899509090177792, 0.9779166849273478, -9.653840755272843e-05, 1.0329904205566678], [-2.597093260227961e-06, 9.816340065044323e-05, 0.999999995178601, 0.649279847809769], [0.0, 0.0, 0.0, 1.0]], "suj_psm2_transform": [[0.1753449813818131, -0.9824399263275907, -0.06376463488211825, -0.02031481333688573], [-0.7413446595750584, -0.1743773823615229, 0.6480745514524422, 0.2773223332882451], [-0.6478134247017057, -0.06636504861884351, -0.7589027915998636, -0.219565407817347], [0.0, 0.0, 0.0, 1.0]], "ecm_transform": [[0.9912963808134202, -0.06948234859144181, -0.11181989367027706, 0.04764696873176201], [-0.12434764307602836, -0.773110317550289, -0.6219631022486205, 0.969406117385876], [-0.04323365642241423, 0.6304543124854558, -0.7750214260398484, 0.5700243845854899], [0.0, 0.0, 0.0, 1.0]], "psm2_transform": [[0.2313009504148426, 0.9639554723526499, -0.13149037097282149, -0.02071053059383726], [0.8380094240391234, -0.2660636151776107, -0.4763930707936851, -0.0750347968019957], [-0.4942065110445302, 0.0, -0.8693445372469955, -0.005481227554363859], [0.0, 0.0, 0.0, 1.0]]}