{"ecm_psm_transform": [[-0.49399012579073526, 0.18643567444005552, -0.8492440726418617, -0.024896277533557457], [0.26350502746145543, -0.8987024628132242, -0.35056951355755894, 0.2450383258246619], [-0.8285764033109992, -0.3969579607836673, 0.39482340514042624, -0.1486424645476657], [0.0, 0.0, 0.0, 1.0]], "suj_ecm_transform": [[0.9779394503481719, 0.20888856151058177, -1.7965411686063185e-05, 0.05907930569013467], [-0.20888856226699254, 0.9779394455864776, -9.654036515164267e-05, 1.0329977625321576], [-2.5970932602314744e-06, 9.816340065044556e-05, 0.9999999951786012, 0.6492817410920249], [0.0, 0.0, 0.0, 1.0]], "suj_psm2_transform": [[0.17544653759907253, -0.9824206434854208, -0.06378237764609812, -0.020275722987353126], [-0.7413126430383321, -0.17446428628786687, 0.6480877857833676, 0.27730754663479307], [-0.647822566538107, -0.06642207512384318, -0.7588899987614955, -0.21952904396395567], [0.0, 0.0, 0.0, 1.0]], "ecm_transform": [[0.9912880326948376, -0.06953423756025201, -0.11186163794131168, 0.047663074971212346], [-0.12441417599432669, -0.773105652336992, -0.6219555957914092, 0.9694030371785104], [-0.04323365642241426, 0.6304543124854557, -0.7750214260398484, 0.5700126103233939], [0.0, 0.0, 0.0, 1.0]], "psm2_transform": [[0.2547620266263906, 0.9560873165411934, -0.1448908311049191, -0.02281100473994164], [0.8310806002293967, -0.293081973429039, -0.4726605470877444, -0.07441369407422702], [-0.4943696448120173, 0.0, -0.869251778421212, -0.005460721044985566], [0.0, 0.0, 0.0, 1.0]]}