{"ecm_psm_transform": [[-0.49008857083530166, 0.18657233416519703, -0.851471641841795, -0.025314717396795843], [0.24492280608928343, -0.9079978532022894, -0.33993046000231486, 0.24671385672341162], [-0.8365560422314593, -0.3751408571512629, 0.3993035505750645, -0.1479473662594311], [0.0, 0.0, 0.0, 1.0]], "suj_ecm_transform": [[0.9779250290655113, 0.20895606524871105, -1.7972075536006832e-05, 0.05912996747216491], [-0.2089560660054505, 0.9779250243038693, -9.653912482301135e-05, 1.0329917908492454], [-2.597093260230165e-06, 9.816340065045918e-05, 0.9999999951786009, 0.6492852288925115], [0.0, 0.0, 0.0, 1.0]], "suj_psm2_transform": [[0.17541196039501386, -0.9824277969722945, -0.06376729480339033, -0.020341897276679066], [-0.7413284239784825, -0.17442923352692227, 0.6480791697723282, 0.2773183554691542], [-0.6478138713797026, -0.06640832950296838, -0.7588986242052806, -0.21954988032907763], [0.0, 0.0, 0.0, 1.0]], "ecm_transform": [[0.9912950924144357, -0.06949035865842258, -0.11182633772318255, 0.04763300625937001], [-0.12435791373050663, -0.7731095976134401, -0.6219619436674407, 0.9694047585953286], [-0.04323365642241424, 0.6304543124854557, -0.7750214260398482, 0.5700294789893522], [0.0, 0.0, 0.0, 1.0]], "psm2_transform": [[0.2743969735320767, 0.9488730873655487, -0.15603257669412696, -0.024569409144106005], [0.8248422207249475, -0.31565782751798155, -0.4690367222682732, -0.07385608426892934], [-0.49430922692781476, 0.0, -0.8692861371113807, -0.0054687526264633295], [0.0, 0.0, 0.0, 1.0]]}