{"ecm_psm_transform": [[-0.49087043100840316, 0.18658228769405938, -0.8510189597655721, -0.025189903881369047], [0.2488174541303155, -0.9060935698111823, -0.3421758572239381, 0.24636849977790307], [-0.8349467614655042, -0.37971238150168324, 0.39834961133731156, -0.14806584046411253], [0.0, 0.0, 0.0, 1.0]], "suj_ecm_transform": [[0.9779300068471296, 0.20893276761929952, -1.796977563369698e-05, 0.05911255350095421], [-0.20893276837592556, 0.9779300020854697, -9.653955295284388e-05, 1.0330077883287694], [-2.597093260230883e-06, 9.8163400650436e-05, 0.9999999951786009, 0.6492904629965368], [0.0, 0.0, 0.0, 1.0]], "suj_psm2_transform": [[0.17544403817935705, -0.9824205991053524, -0.06378993588961668, -0.020287440820964023], [-0.7413062108952261, -0.17446668140105825, 0.6480944983326619, 0.2773230533156266], [-0.647830603750304, -0.06641644024172566, -0.7588836309409596, -0.21952258105407152], [0.0, 0.0, 0.0, 1.0]], "ecm_transform": [[0.9912881813418786, -0.06953331386791638, -0.11186089484022839, 0.04766654326097683], [-0.12441299162169296, -0.7731057354146567, -0.6219557294411745, 0.9693913798454374], [-0.043233656422414266, 0.6304543124854557, -0.775021426039848, 0.5700325306602801], [0.0, 0.0, 0.0, 1.0]], "psm2_transform": [[0.27033384981466185, 0.9504168423187457, -0.1537121839063137, -0.024205168521761286], [0.826197246418468, -0.31097881895213464, -0.4697768450803814, -0.07397609879593231], [-0.49428505910549747, 0.0, -0.8692998794116302, -0.005470916585611479], [0.0, 0.0, 0.0, 1.0]]}