{"ecm_psm_transform": [[-0.4872348955425628, 0.1866757147584196, -0.8530851857142177, -0.02551617853388412], [0.23094066073266767, -0.9145618100932875, -0.33202877396281294, 0.2479361970769153], [-0.8421808403104328, -0.3587880614489882, 0.4024954150989675, -0.14742812308662423], [0.0, 0.0, 0.0, 1.0]], "suj_ecm_transform": [[0.9779288534458515, 0.20893816615245372, -1.7970308567561116e-05, 0.05911620674432093], [-0.20893816690910602, 0.9779288486841956, -9.653945375153825e-05, 1.0329980584460412], [-2.597093260231239e-06, 9.816340065042783e-05, 0.9999999951786009, 0.6492852301284922], [0.0, 0.0, 0.0, 1.0]], "suj_psm2_transform": [[0.1754399692289041, -0.9824198043324633, -0.06381336264706589, -0.02028566993492545], [-0.7412866146115157, -0.17447698295783393, 0.648114139188253, 0.2772929514152112], [-0.6478541287934805, -0.06640113307238432, -0.7588648874021936, -0.21953798468666985], [0.0, 0.0, 0.0, 1.0]], "ecm_transform": [[0.9912882699954965, -0.06953276297032751, -0.11186045164868672, 0.04765468230078786], [-0.12441228525223932, -0.7731057849623194, -0.6219558091505472, 0.9693955033461162], [-0.043233656422414245, 0.6304543124854557, -0.7750214260398484, 0.5700283103008404], [0.0, 0.0, 0.0, 1.0]], "psm2_transform": [[0.2889366389339755, 0.9431451366815696, -0.16429506941914246, -0.025872542792551533], [0.8198694731723435, -0.3323811835136029, -0.4661939465567957, -0.07341439322897811], [-0.4942971430644136, 0.0, -0.8692930083454937, -0.005472456644792571], [0.0, 0.0, 0.0, 1.0]]}