{"ecm_psm_transform": [[-0.5799386535427307, 0.1516093087528112, -0.8004284950116032, -0.017307500636182492], [0.6303680861586954, -0.5388757506244333, -0.558792449252473, 0.21226949448865018], [-0.5160496430380207, -0.8286299191366728, 0.21694520744160975, -0.17662301818771828], [0.0, 0.0, 0.0, 1.0]], "suj_ecm_transform": [[0.9779263914081747, 0.20894968931398963, -1.7971446114426336e-05, 0.05912636464346886], [-0.20894969007069805, 0.9779263866465279, -9.653924199626574e-05, 1.0329994708861936], [-2.5970932602340545e-06, 9.816340065042029e-05, 0.999999995178601, 0.6492817379334073], [0.0, 0.0, 0.0, 1.0]], "suj_psm2_transform": [[0.17532673080208516, -0.982445516214205, -0.06372868378413316, -0.020379273909817697], [-0.7413762727317386, -0.174342802450826, 0.6480476907327017, 0.27736982268674093], [-0.6477821853807408, -0.06637314897002511, -0.758928748565473, -0.21952117673277716], [0.0, 0.0, 0.0, 1.0]], "ecm_transform": [[0.991288195992933, -0.06953322282582071, -0.11186082159778464, 0.047666784194269916], [-0.12441287488610363, -0.7731057436029992, -0.6219557426140776, 0.9693895038932089], [-0.043233656422414266, 0.6304543124854558, -0.7750214260398484, 0.5700179896208307], [0.0, 0.0, 0.0, 1.0]], "psm2_transform": [[-0.23473092482466293, 0.9628625598164745, 0.1334057114018159, 0.02101373974781736], [0.8371122194010598, 0.2699920200740499, -0.47575985667746906, -0.07494052320269051], [-0.4941098309691788, 0.0, -0.8693994909934153, -0.005484637911363183], [0.0, 0.0, 0.0, 1.0]]}