{"ecm_psm_transform": [[-0.5761628938369364, 0.15466435497338651, -0.8025679143014088, -0.017622849393505682], [0.6164170229571138, -0.5625782415964222, -0.550940809789007, 0.2135277125435706], [-0.5367181509639266, -0.8121481757554738, 0.22879896643761258, -0.17473742077685897], [0.0, 0.0, 0.0, 1.0]], "suj_ecm_transform": [[0.9779319996980212, 0.20892343967049193, -1.7968854794895973e-05, 0.05909641777590703], [-0.20892344042707256, 0.9779319949363541, -9.653972435227471e-05, 1.0330026386654994], [-2.5970932602240984e-06, 9.816340065039993e-05, 0.9999999951786009, 0.6492829016779962], [0.0, 0.0, 0.0, 1.0]], "suj_psm2_transform": [[0.17529303459030743, -0.9824493116699061, -0.0637628577108102, -0.020358996647481947], [-0.7413530678235875, -0.17433692814399726, 0.6480758167945091, 0.2773783705942128], [-0.647817860862663, -0.06633238639339356, -0.7589018603631704, -0.21948809124071267], [0.0, 0.0, 0.0, 1.0]], "ecm_transform": [[0.9912857668696806, -0.06954831629133736, -0.11187296412730574, 0.04768182132017888], [-0.12443222795537327, -0.7731043859463813, -0.6219535586171451, 0.9693867781471184], [-0.04323365642241423, 0.6304543124854557, -0.7750214260398482, 0.5700149320446614], [0.0, 0.0, 0.0, 1.0]], "psm2_transform": [[-0.20881576662302764, 0.9707217672525662, 0.11872331780948449, 0.018694663200303455], [0.843864989235168, 0.24020668305035686, -0.47978394029091365, -0.07554875771789284], [-0.49425484879034515, 0.0, -0.869317056342065, -0.005469032580836128], [0.0, 0.0, 0.0, 1.0]]}