{"ecm_psm_transform": [[-0.573366270836285, 0.1570300231734187, -0.8041098751348899, -0.017783694749391118], [0.6056218953465937, -0.579772499985337, -0.5450559312011498, 0.2144320660994204], [-0.5517909380771778, -0.7995032333161066, 0.2373211759894174, -0.17340063630938457], [0.0, 0.0, 0.0, 1.0]], "suj_ecm_transform": [[0.9779344629565317, 0.20891190928015838, -1.7967716535249255e-05, 0.0591124005518458], [-0.20891191003668283, 0.9779344581948556, -9.653993620862461e-05, 1.0330064268833508], [-2.5970932602307375e-06, 9.816340065041576e-05, 0.999999995178601, 0.6492884225982332], [0.0, 0.0, 0.0, 1.0]], "suj_psm2_transform": [[0.1754652478095512, -0.9824147870918726, -0.0638211008551568, -0.020269422011269397], [-0.7412746043152553, -0.1745003910028532, 0.6481215738865, 0.2773312097489052], [-0.6478610250728124, -0.06641385128934069, -0.7588578869251627, -0.2195011722850302], [0.0, 0.0, 0.0, 1.0]], "ecm_transform": [[0.9912927621732769, -0.06950484423242766, -0.11183799126907336, 0.047643083417884785], [-0.12437648738899164, -0.7731082954520133, -0.6219598482925234, 0.9694011917475839], [-0.043233656422414266, 0.6304543124854557, -0.7750214260398484, 0.570027292710981], [0.0, 0.0, 0.0, 1.0]], "psm2_transform": [[-0.19205414286705885, 0.9752909267343605, 0.1091916408761753, 0.017194956076944806], [0.847840387883847, 0.22092444009124995, -0.48203637668057325, -0.07590868914509168], [-0.49424880665568344, 0.0, -0.8693204916021667, -0.005472195801187678], [0.0, 0.0, 0.0, 1.0]]}