{"ecm_psm_transform": [[-0.5738964716951049, 0.1564793678286293, -0.8038389435825206, -0.017771006128162764], [0.6080554196348157, -0.5760799006426334, -0.5462605191008245, 0.2142352872071135], [-0.5485539594503335, -0.8022756106971759, 0.23546209472404597, -0.17370709019138908], [0.0, 0.0, 0.0, 1.0]], "suj_ecm_transform": [[0.977932250964936, 0.20892226353306173, -1.7968738688689882e-05, 0.059096174380793454], [-0.20892226428963664, 0.9779322462032678, -9.653974596299688e-05, 1.0330139920766523], [-2.597093260226006e-06, 9.81634006504465e-05, 0.9999999951786009, 0.6492850817764633], [0.0, 0.0, 0.0, 1.0]], "suj_psm2_transform": [[0.17537745308966624, -0.9824349542724176, -0.06375193778651173, -0.02030341477587866], [-0.7413510141830482, -0.17439475159076034, 0.6480626083854578, 0.2773435647465041], [-0.6477973623885391, -0.06639300596712228, -0.7589140570849257, -0.21951638498842407], [0.0, 0.0, 0.0, 1.0]], "ecm_transform": [[0.991285366461339, -0.06955080401849452, -0.11187496547481146, 0.047675204078771044], [-0.12443541775538798, -0.7731041621469079, -0.6219531986244384, 0.9693771773867728], [-0.04323365642241423, 0.630454312485456, -0.7750214260398482, 0.5700216223400659], [0.0, 0.0, 0.0, 1.0]], "psm2_transform": [[-0.19607919550908703, 0.9742323961010365, 0.11146383931904687, 0.017554372593592875], [0.8469503043473099, 0.22554653264289626, -0.481460220141567, -0.07582487867806728], [-0.4941944263693273, 0.0, -0.869351407053265, -0.005476408827975739], [0.0, 0.0, 0.0, 1.0]]}