{"ecm_psm_transform": [[-0.4001518718611291, 0.041206969477160044, -0.9155219632059862, 0.01117142367315541], [0.6244905137659578, -0.7188879711913625, -0.305305884471127, -0.08591681529690447], [-0.6707384569728838, -0.6939035023278636, 0.26193100579114337, 0.17373184154427393], [0.0, 0.0, 0.0, 1.0]], "suj_ecm_transform": [[0.9679763082682146, 0.25104156257826765, -2.212916884771873e-05, 0.0035714844420778047], [-0.25104156354017054, 0.967976303543743, -9.567182451888557e-05, 0.9073881203009977], [-2.5970932602247286e-06, 9.816340065045106e-05, 0.9999999951786009, 1.088474684417319], [0.0, 0.0, 0.0, 1.0]], "suj_psm2_transform": [[0.037719452478088694, -0.9989770391043444, 0.02494229835180456, 0.024407082113724332], [-0.8202829944331054, -0.016697843473533668, 0.5717140815715417, -0.032491702946833234], [-0.5707127578288498, -0.04202448531095404, -0.8200737105198156, 0.11916911181654077], [0.0, 0.0, 0.0, 1.0]], "ecm_transform": [[0.9461538168734975, -0.3003739474327228, -0.12069981988137433, -0.005937261714186907], [-0.31830620357344225, -0.7953622980880555, -0.5158294054692399, 0.8669441442052439], [0.05894162860300588, 0.5264734622787469, -0.8481459649929688, 1.021944033960342], [0.0, 0.0, 0.0, 1.0]], "psm2_transform": [[-0.1445534635808306, 0.9872654634783832, 0.06641687127228127, 0.012184823389291503], [0.8971042883519398, 0.15908144022108076, -0.4121856271120413, -0.07561947700569663], [-0.41750232572687007, 0.0, -0.9086758542036069, -0.011821232409164727], [0.0, 0.0, 0.0, 1.0]]}