{"ecm_psm_transform": [[-0.3985152062005908, 0.04051696275989475, -0.9162663401847818, 0.0110409320859291], [0.597506484783343, -0.7464616172839252, -0.29288402920562173, -0.08363647259546814], [-0.6958244254614473, -0.6641938193408459, 0.27326715733996754, 0.17578973833489664], [0.0, 0.0, 0.0, 1.0]], "suj_ecm_transform": [[0.9679906520413941, 0.2509862487687694, -2.2123701803930526e-05, 0.0035437487075909713], [-0.2509862497304023, 0.9679906473168676, -9.567308889731941e-05, 0.9073888909059596], [-2.5970932602271376e-06, 9.816340065045274e-05, 0.999999995178601, 1.088453648527651], [0.0, 0.0, 0.0, 1.0]], "suj_psm2_transform": [[0.03780061398974766, -0.9989709755600851, 0.025061994544138155, 0.024421157580937713], [-0.8203906409040933, -0.016704039719870993, 0.5715594206852059, -0.03248048924572028], [-0.5705526355201327, -0.04216592279992565, -0.8201778618418455, 0.11911373372488643], [0.0, 0.0, 0.0, 1.0]], "ecm_transform": [[0.946159663614283, -0.300359337537525, -0.12069034469801687, -0.005940052746004393], [-0.31828882381719326, -0.7953678154603994, -0.5158316224920879, 0.8669415291312444], [0.05894162860300591, 0.5264734622787471, -0.8481459649929688, 1.0219406622047198], [0.0, 0.0, 0.0, 1.0]], "psm2_transform": [[-0.10824838766808095, 0.9928792248042915, 0.04973058937203613, 0.009125465426353641], [0.9022226638671665, 0.11912533295663527, -0.41449176089809625, -0.07605842362509592], [-0.41746443126534105, 0.0, -0.9086932643242742, -0.011831172458751996], [0.0, 0.0, 0.0, 1.0]]}