{"ecm_psm_transform": [[-0.3958261351881346, 0.03869697103016641, -0.9175097902121346, 0.010750111235256266], [0.5437035633192324, -0.795302940989425, -0.2681038367639312, -0.07902189304175737], [-0.7400730409466313, -0.6049758478539963, 0.2937620083968384, 0.17960063206497373], [0.0, 0.0, 0.0, 1.0]], "suj_ecm_transform": [[0.9679847592274372, 0.25100897476752315, -2.212594796943942e-05, 0.0035622748707443974], [-0.25100897572926706, 0.9679847545029332, -9.567256946018077e-05, 0.9073912097503849], [-2.5970932602321385e-06, 9.816340065043139e-05, 0.999999995178601, 1.0884630796333683], [0.0, 0.0, 0.0, 1.0]], "suj_psm2_transform": [[0.037667642905892175, -0.99897716182715, 0.025015571664192215, 0.024357372919051462], [-0.8203435896165304, -0.016617768846499695, 0.5716294645429238, -0.03240422916098579], [-0.570629077118385, -0.04205329840020222, -0.8201304630610204, 0.11918730233469832], [0.0, 0.0, 0.0, 1.0]], "ecm_transform": [[0.9461703632558348, -0.30033259883619484, -0.12067300349547425, -0.005965548166352353], [-0.3182570158126083, -0.7953779124369283, -0.5158356795468176, 0.8669508940611306], [0.05894162860300589, 0.5264734622787469, -0.8481459649929687, 1.0219454992384693], [0.0, 0.0, 0.0, 1.0]], "psm2_transform": [[-0.038626373978110806, 0.9990961028699908, 0.017747688956585687, 0.003256345663821059], [0.9078516054894317, 0.04250855478602618, -0.41713125653715355, -0.07653523575896076], [-0.417508641399869, 0.0, -0.9086729523631898, -0.01182744543715445], [0.0, 0.0, 0.0, 1.0]]}