{"ecm_psm_transform": [[-0.4072298276046879, 0.04374278045537929, -0.9122776094298757, 0.011766957893317775], [0.726971386290363, -0.589129310144257, -0.35275949235140336, -0.0944710428303352], [-0.5528801597309531, -0.8068539056650741, 0.20811127765907245, 0.16382141408549827], [0.0, 0.0, 0.0, 1.0]], "suj_ecm_transform": [[0.9679943432413656, 0.2509720123107787, -2.212229471841587e-05, 0.0035347168537671614], [-0.2509720132723422, 0.9679943385168248, -9.567341426465633e-05, 0.9073886035952409], [-2.5970932602163413e-06, 9.816340065046001e-05, 0.999999995178601, 1.0884729620380196], [0.0, 0.0, 0.0, 1.0]], "suj_psm2_transform": [[0.03767201370292994, -0.9989789592953539, 0.024937086211868686, 0.024372115357669866], [-0.8202746227781951, -0.016661199065549748, 0.5717271619153562, -0.032430849596968125], [-0.570727923453598, -0.04199337246364043, -0.8200647499188549, 0.11920576390091053], [0.0, 0.0, 0.0, 1.0]], "ecm_transform": [[0.9461403264594718, -0.3004076539861836, -0.12072168021395914, -0.005912318648188964], [-0.31834630053573626, -0.7953495677642292, -0.515824289843416, 0.8669279688723416], [0.058941628603005905, 0.526473462278747, -0.8481459649929687, 1.0219409960625894], [0.0, 0.0, 0.0, 1.0]], "psm2_transform": [[-0.29611320182369416, 0.945389755381531, 0.136217407571019, 0.024951737053479948], [0.8588716920832993, 0.32594203536771527, -0.3950964516650605, -0.07237212151148702], [-0.4179191168679539, 0.0, -0.9084842385844178, -0.01175238947910993], [0.0, 0.0, 0.0, 1.0]]}