{"ecm_psm_transform": [[-0.39410855861983035, 0.03760679281943742, -0.918294164827609, 0.010653204261730567], [0.5087341041630441, -0.8232018501871025, -0.2520482594860686, -0.07613342089048246], [-0.7654201821771003, -0.566501935550416, 0.3052990365749748, 0.18171402597494266], [0.0, 0.0, 0.0, 1.0]], "suj_ecm_transform": [[0.9679937515674023, 0.25097429437506186, -2.2122520270227097e-05, 0.003537041556339368], [-0.25097429533663645, 0.9679937468428639, -9.567336211065895e-05, 0.9073968586953798], [-2.597093260228078e-06, 9.816340065045402e-05, 0.9999999951786008, 1.088467485567314], [0.0, 0.0, 0.0, 1.0]], "suj_psm2_transform": [[0.03773330932776819, -0.9989752539264257, 0.024992787155666163, 0.024411262454395927], [-0.8203295054694627, -0.016683772978134406, 0.5716477535820823, -0.03245840272495193], [-0.5706449858041356, -0.042072482240147646, -0.820118409996234, 0.11916179606536437], [0.0, 0.0, 0.0, 1.0]], "ecm_transform": [[0.9461620745394302, -0.3003533128314846, -0.120686437408659, -0.005952065654804469], [-0.31828165690291854, -0.7953700905788333, -0.5158325366742115, 0.8669489986267298], [0.05894162860300586, 0.5264734622787469, -0.8481459649929689, 1.0219498910330238], [0.0, 0.0, 0.0, 1.0]], "psm2_transform": [[0.004582572758007042, 0.9999872843819957, -0.002105018109021929, -0.00038634736120213834], [0.9087020192796962, -0.005042923192131576, -0.4174149123865618, -0.0766108135772289], [-0.4174202201426284, 0.0, -0.9087135741343801, -0.011840896182489659], [0.0, 0.0, 0.0, 1.0]]}