{"ecm_psm_transform": [[-0.3934906438925255, 0.036939768495845224, -0.9185861781414518, 0.01055107725992354], [0.4925849877359958, -0.8351853802079606, -0.24459233541550987, -0.07469212079164993], [-0.7762249306909528, -0.548726556848088, 0.3104416576161576, 0.182688825832433], [0.0, 0.0, 0.0, 1.0]], "suj_ecm_transform": [[0.9680038353544234, 0.2509353985588534, -2.2118675936077476e-05, 0.003509025732237478], [-0.25093539952023813, 0.9680038306298463, -9.567425095343007e-05, 0.9073930983053917], [-2.5970932602355334e-06, 9.816340065046017e-05, 0.9999999951786009, 1.088468236385595], [0.0, 0.0, 0.0, 1.0]], "suj_psm2_transform": [[0.037615847360608835, -0.9989806997789527, 0.024952144126259124, 0.024359251312012026], [-0.8202884822513771, -0.01660741286228031, 0.5717088417400541, -0.03238199795459712], [-0.5707117082319898, -0.041973268959851096, -0.8200770639273777, 0.11922055581553903], [0.0, 0.0, 0.0, 1.0]], "ecm_transform": [[0.9461490956887273, -0.3003857441210582, -0.12070747059002412, -0.005928857611093548], [-0.3183202367821259, -0.7953578428890149, -0.5158276152067708, 0.8669316757149154], [0.05894162860300589, 0.5264734622787469, -0.8481459649929686, 1.0219490470126351], [0.0, 0.0, 0.0, 1.0]], "psm2_transform": [[0.024137380198629443, 0.9996471392336334, -0.011089810600713373, -0.0020349845214674587], [0.9083610196466128, -0.026563076290461608, -0.4173423785868778, -0.0765824873981235], [-0.41748969432036587, 0.0, -0.9086816577527508, -0.011832790287598118], [0.0, 0.0, 0.0, 1.0]]}