{"ecm_psm_transform": [[-0.3927077192863399, 0.03637414917930327, -0.9189437243294083, 0.010543595323901322], [0.474107484070644, -0.8481981255509917, -0.23618220373260224, -0.07317663982040779], [-0.7880372711751175, -0.5284286717081752, 0.3158486950354687, 0.18368090673014875], [0.0, 0.0, 0.0, 1.0]], "suj_ecm_transform": [[0.9679904327655537, 0.250987094458847, -2.2123785389225922e-05, 0.0035308394414985955], [-0.2509870954204841, 0.9679904280410281, -9.567306956875849e-05, 0.9074055942001731], [-2.5970932602171833e-06, 9.816340065041942e-05, 0.999999995178601, 1.0884631240714555], [0.0, 0.0, 0.0, 1.0]], "suj_psm2_transform": [[0.03768654040657696, -0.99897780041473, 0.02496154944573198, 0.0244223465525214], [-0.8203004966082093, -0.01666104946528732, 0.5716900425012151, -0.03241750377213398], [-0.5706897755668219, -0.042020991293204024, -0.8200898830946689, 0.11921242337271098], [0.0, 0.0, 0.0, 1.0]], "ecm_transform": [[0.9461376314481085, -0.300414387049291, -0.12072604694746686, -0.005910764705802925], [-0.31835431012535154, -0.7953470246188312, -0.5158232678491578, 0.8669339710687539], [0.05894162860300587, 0.5264734622787469, -0.8481459649929688, 1.0219450499594482], [0.0, 0.0, 0.0, 1.0]], "psm2_transform": [[0.04601441346554109, 0.998716999514643, -0.02114305166930088, -0.0038798068756391987], [0.9075013281580475, -0.0506394597173834, -0.4169855926898567, -0.07651797833468037], [-0.4175212726853589, 0.0, -0.9086671485506661, -0.011834624778883817], [0.0, 0.0, 0.0, 1.0]]}