{"ecm_psm_transform": [[-0.39185459864068595, 0.03573665211316137, -0.9193328370181767, 0.010451332336275317], [0.45483609368368233, -0.8610694167874107, -0.2273402457902185, -0.0715354623519921], [-0.7997337690798827, -0.5072300771534859, 0.32115969146851725, 0.1846651776050005], [0.0, 0.0, 0.0, 1.0]], "suj_ecm_transform": [[0.9680045746734683, 0.25093254655786323, -2.211839405388586e-05, 0.0035048107635388126], [-0.2509325475192341, 0.9680045699488885, -9.567431612058348e-05, 0.9074045333232279], [-2.59709326022821e-06, 9.816340065045624e-05, 0.9999999951786009, 1.088464119871431], [0.0, 0.0, 0.0, 1.0]], "suj_psm2_transform": [[0.03772612920534127, -0.9989763357596443, 0.024960363927956475, 0.02440111489241842], [-0.8202974756954439, -0.016694061999434767, 0.5716934140443123, -0.03240123021427321], [-0.5706915020769665, -0.04204270312662073, -0.8200875688430731, 0.11921406693093894], [0.0, 0.0, 0.0, 1.0]], "ecm_transform": [[0.9461639814259178, -0.3003485475688071, -0.12068334692725155, -0.005964063428095159], [-0.3182759882081598, -0.7953718900549206, -0.5158332597269999, 0.8669270120732107], [0.05894162860300591, 0.526473462278747, -0.8481459649929687, 1.0219427184418892], [0.0, 0.0, 0.0, 1.0]], "psm2_transform": [[0.06851720921594562, 0.9971531691735872, -0.03147934637710599, -0.00577695212643515], [0.9060976882461171, -0.0754026339531417, -0.41629487403518545, -0.07639661665690244], [-0.41748337858686146, 0.0, -0.9086845594614774, -0.011837070344809828], [0.0, 0.0, 0.0, 1.0]]}