{"ecm_psm_transform": [[-0.3913672411022786, 0.0351896351693422, -0.9195615108129744, 0.010385163673788063], [0.44233601272034706, -0.8690623712643857, -0.22151624478351065, -0.07042939622991837], [-0.8069513829485991, -0.49344937372436887, 0.32455689967765616, 0.18530262054562063], [0.0, 0.0, 0.0, 1.0]], "suj_ecm_transform": [[0.968002151727801, 0.25094189319657895, -2.2119317844339847e-05, 0.003505111243018111], [-0.25094189415799545, 0.9680021470032304, -9.567410255003375e-05, 0.9074100946132303], [-2.597093260221278e-06, 9.816340065040035e-05, 0.999999995178601, 1.0884691551427677], [0.0, 0.0, 0.0, 1.0]], "suj_psm2_transform": [[0.0376252428532125, -0.9989802713292304, 0.024955131640896633, 0.02437624084422435], [-0.820290600777358, -0.01661358533873831, 0.5717056227277406, -0.032352556565125146], [-0.5707080439038494, -0.0419810228218675, -0.8200792171164151, 0.11923949552421909], [0.0, 0.0, 0.0, 1.0]], "ecm_transform": [[0.9461430024586557, -0.3004009682331017, -0.12071734416866174, -0.005904422980845118], [-0.31833834722845666, -0.795352092975711, -0.5158253046167963, 0.8669308439356574], [0.05894162860300588, 0.5264734622787469, -0.8481459649929688, 1.021945776538773], [0.0, 0.0, 0.0, 1.0]], "psm2_transform": [[0.08296428417700137, 0.9958232400504347, -0.03811826499792787, -0.006995100847118832], [0.9048834229650451, -0.09130210608444086, -0.41575222941989015, -0.07629488835246592], [-0.4174960100337023, 0.0, -0.9086787560001273, -0.011836005333903794], [0.0, 0.0, 0.0, 1.0]]}