{"ecm_psm_transform": [[-0.38887368587569776, 0.033237311791847635, -0.9206913367346847, 0.01018565691796228], [0.3851471709083474, -0.9019669422123822, -0.19523650247159646, -0.06571416775042553], [-0.8369222862218124, -0.43052400195679796, 0.33794995275093276, 0.18777203861333622], [0.0, 0.0, 0.0, 1.0]], "suj_ecm_transform": [[0.9679980634117531, 0.25095766324574126, -2.212087650374017e-05, 0.003523623820882976], [-0.2509576642072347, 0.9679980586871981, -9.567374218333457e-05, 0.907385192240828], [-2.5970932602254046e-06, 9.816340065041854e-05, 0.999999995178601, 1.088470444402351], [0.0, 0.0, 0.0, 1.0]], "suj_psm2_transform": [[0.03776851298750543, -0.9989755251783551, 0.02492868872087367, 0.024387081393674348], [-0.8202671400941451, -0.016744809587197783, 0.57173545476353, -0.03245888934525609], [-0.5707323000395936, -0.04204178215202192, -0.8200592236204634, 0.11919712881003308], [0.0, 0.0, 0.0, 1.0]], "ecm_transform": [[0.9461780179777248, -0.3003134676253872, -0.12066059613046802, -0.005982190076387046], [-0.3182342576049438, -0.7953851360687128, -0.5158385819300316, 0.8669619938479377], [0.05894162860300585, 0.5264734622787469, -0.848145964992969, 1.0219503706107407], [0.0, 0.0, 0.0, 1.0]], "psm2_transform": [[0.14704783211793365, 0.9868231218491457, -0.06750600901639958, -0.012396070571355966], [0.8968340221129598, -0.16180273849322274, -0.41171423414400554, -0.07560273190555546], [-0.4172117829713193, 0.0, -0.90880929140821, -0.011860717359523997], [0.0, 0.0, 0.0, 1.0]]}