{"ecm_psm_transform": [[-0.38826247047677553, 0.032230603377635815, -0.9209850390886839, 0.01013401471862822], [0.3617706224361478, -0.9138295103640985, -0.1844929340919971, -0.06372017170029234], [-0.8475696259077675, -0.40481701322156083, 0.3431456178431271, 0.18869209877110937], [0.0, 0.0, 0.0, 1.0]], "suj_ecm_transform": [[0.9679831276055211, 0.25101526682942776, -2.2126569857120623e-05, 0.003552996500787345], [-0.2510152677912023, 0.9679831228810233, -9.567242563573959e-05, 0.9073949528462354], [-2.597093260233021e-06, 9.81634006504757e-05, 0.999999995178601, 1.0884624035518704], [0.0, 0.0, 0.0, 1.0]], "suj_psm2_transform": [[0.03764830009650792, -0.9989791130843106, 0.02496672027173974, 0.02438908922174962], [-0.8203020856043122, -0.016626759756976105, 0.5716887607896445, -0.03243515519374007], [-0.5706900155540299, -0.042003362737616845, -0.8200906191791693, 0.1192046001118301], [0.0, 0.0, 0.0, 1.0]], "ecm_transform": [[0.946171635821084, -0.3003294184598913, -0.12067094088966777, -0.005968143712275706], [-0.318253232482059, -0.7953791133313549, -0.5158361620620917, 0.8669582194759765], [0.05894162860300593, 0.5264734622787473, -0.8481459649929687, 1.021945337359317], [0.0, 0.0, 0.0, 1.0]], "psm2_transform": [[0.1723209048929637, 0.9818547082386387, -0.0791633605052721, -0.014529336724976149], [0.8922104576463695, -0.18963473286720847, -0.40987701491647255, -0.07522724057618672], [-0.4174517996168252, 0.0, -0.9086990673466514, -0.011841981525611094], [0.0, 0.0, 0.0, 1.0]]}