{"ecm_psm_transform": [[-0.38708535976783814, 0.031046432634948197, -0.9215210487417241, 0.010044106903777121], [0.3280991379346323, -0.9293794737048131, -0.1691293869873468, -0.06092769464857889], [-0.8616936114071835, -0.36781777129008913, 0.3495628801563994, 0.18981596286657637], [0.0, 0.0, 0.0, 1.0]], "suj_ecm_transform": [[0.9679885088138479, 0.25099451451147053, -2.2124518763497298e-05, 0.003547190340950107], [-0.25099451547314383, 0.9679885040893296, -9.567289997771993e-05, 0.9073938255543462], [-2.597093260238242e-06, 9.816340065045002e-05, 0.9999999951786009, 1.0884623651735224], [0.0, 0.0, 0.0, 1.0]], "suj_psm2_transform": [[0.037772625477303236, -0.9989731934440951, 0.025015745934472644, 0.02439665991544565], [-0.8203461857782055, -0.016704199987520117, 0.571623219596551, -0.0324780271879207], [-0.5706184051042354, -0.04211328154969207, -0.8201348104265633, 0.11914253860468671], [0.0, 0.0, 0.0, 1.0]], "ecm_transform": [[0.9461509678893778, -0.30038106617737637, -0.12070443672101089, -0.005930473912813539], [-0.31831467195154417, -0.7953596096096229, -0.51582832514511, 0.8669432412497381], [0.058941628603005836, 0.5264734622787469, -0.8481459649929688, 1.0219520869303014], [0.0, 0.0, 0.0, 1.0]], "psm2_transform": [[0.20792212754562517, 0.9734692016891707, -0.09553063508398439, -0.017531114057118078], [0.8845707831953525, -0.22881807918660757, -0.4064195075959221, -0.07458326573918458], [-0.4174960100337023, 0.0, -0.9086787560001273, -0.011836754836961654], [0.0, 0.0, 0.0, 1.0]]}