{"ecm_psm_transform": [[-0.3870561066561675, 0.03096326245689386, -0.9215361342227417, 0.01007818432666652], [0.32605886131066675, -0.9302648291740403, -0.16820513239073598, -0.06065769488108792], [-0.8624808341412353, -0.3655798462440444, 0.3499688368401107, 0.18995948301885512], [0.0, 0.0, 0.0, 1.0]], "suj_ecm_transform": [[0.9680207603073381, 0.25087010010173183, -2.2112222061752844e-05, 0.003472567286103484], [-0.25087010106279783, 0.9680207555826962, -9.567574277816562e-05, 0.9074120955480056], [-2.597093260235603e-06, 9.816340065044415e-05, 0.999999995178601, 1.0884703269612868], [0.0, 0.0, 0.0, 1.0]], "suj_psm2_transform": [[0.037759797257403346, -0.9989749177772969, 0.02496620441562919, 0.024433274149657375], [-0.8203015044038726, -0.016718704204298072, 0.5716869132685063, -0.032379492484252204], [-0.5706834845900337, -0.04206659698112475, -0.8200919227956124, 0.11921779150067535], [0.0, 0.0, 0.0, 1.0]], "ecm_transform": [[0.9461715379922229, -0.3003296629538502, -0.12067109945408828, -0.0059585600368177085], [-0.31825352332858325, -0.7953790210121561, -0.5158361249686642, 0.8669500617806429], [0.05894162860300585, 0.5264734622787469, -0.8481459649929688, 1.0219506580106095], [0.0, 0.0, 0.0, 1.0]], "psm2_transform": [[0.21012183324790867, 0.9728971859287169, -0.096539529750884, -0.017716508334754456], [0.8840538277326928, -0.23123811453128518, -0.40617454875852416, -0.07453936016691268], [-0.41748969432036587, 0.0, -0.9086816577527508, -0.011837287350051646], [0.0, 0.0, 0.0, 1.0]]}