{"ecm_psm_transform": [[-0.38532574012332477, 0.02854289515344871, -0.9223390792624322, 0.0098908355701351], [0.2683927515539031, -0.9528436295951752, -0.14161337667472504, -0.05575181754727303], [-0.8828869717646404, -0.30211640252748934, 0.35949447062800727, 0.19175085022353552], [0.0, 0.0, 0.0, 1.0]], "suj_ecm_transform": [[0.9680082734399151, 0.25091827765771424, -2.2116983764079086e-05, 0.0034851308497728523], [-0.2509182786190154, 0.9680082687153211, -9.56746421464058e-05, 0.9074160883200479], [-2.5970932602232345e-06, 9.816340065045143e-05, 0.999999995178601, 1.088469138983463], [0.0, 0.0, 0.0, 1.0]], "suj_psm2_transform": [[0.03761205364868925, -0.9989821290121885, 0.024900589041296384, 0.02439137546865522], [-0.8202404647717483, -0.016630270072713005, 0.5717770667562099, -0.03234024949589315], [-0.5707809679477363, -0.04193018043824798, -0.820031064409795, 0.1192831659023994], [0.0, 0.0, 0.0, 1.0]], "ecm_transform": [[0.9461577091689788, -0.30036422142532165, -0.12069351211921303, -0.0059339922769907], [-0.31829463363012517, -0.7953659711125372, -0.5158308813928023, 0.8669333873891879], [0.05894162860300586, 0.526473462278747, -0.8481459649929688, 1.02196649069005], [0.0, 0.0, 0.0, 1.0]], "psm2_transform": [[0.269295592646586, 0.9550767511652746, -0.12372664694684116, -0.02270545462684792], [0.8678607255299732, -0.2963585655647298, -0.3987347008964786, -0.07317302200264561], [-0.41748969432036587, 0.0, -0.9086816577527508, -0.011836537839642725], [0.0, 0.0, 0.0, 1.0]]}