{"ecm_psm_transform": [[-0.47953370585138555, 0.266754902786339, -0.8359959609901761, 0.10048511338896325], [0.7613424771044319, -0.34725268196378395, -0.5475154860142744, -0.08768489512897033], [-0.4363542798104823, -0.8990313658090078, -0.0365724730181774, 0.16582350919310052], [0.0, 0.0, 0.0, 1.0]], "suj_ecm_transform": [[0.994196639725606, 0.1075780716255023, -7.978207992272518e-06, -0.10585228360795124], [-0.1075780718899935, 0.9941966349114671, -9.787311335549136e-05, 0.9752581258717984], [-2.5970932602268483e-06, 9.816340065045887e-05, 0.9999999951786009, 1.0565607217772295], [0.0, 0.0, 0.0, 1.0]], "suj_psm2_transform": [[0.2802530414124, -0.9598744420466248, 0.009964350695378876, 0.10527934919793788], [-0.6411618006611688, -0.17945353007045967, 0.7461286590918341, -0.014905719324993294], [-0.7144016924336247, -0.21549358702971066, -0.6657272232656865, 0.1391349207918542], [0.0, 0.0, 0.0, 1.0]], "ecm_transform": [[0.9943343711989546, -0.10217428165243467, -0.029318499640823364, -0.1082054808758504], [-0.0923727666665323, -0.6940859521230146, -0.7139411481654907, 0.9179558632023529], [0.052596865217904284, 0.7126044535605274, -0.6995916398406662, 1.0003920146857734], [0.0, 0.0, 0.0, 1.0]], "psm2_transform": [[-0.3108022570674581, 0.9396735569547288, 0.14288304084747716, 0.026253255519885513], [0.8537741225945581, 0.342072516230182, -0.3924998614367202, -0.07211772014858975], [-0.4176981022097975, 0.0, -0.9085858767394164, -0.011911124788477633], [0.0, 0.0, 0.0, 1.0]]}