{"ecm_psm_transform": [[-0.437355084963869, 0.27751602767947214, -0.8553977928643803, 0.09686326640514424], [0.6960055292437226, -0.4978822969311518, -0.5173872067076323, -0.08214339164368034], [-0.5694706602788354, -0.8216435192853204, 0.02459866455766363, 0.177117021625257], [0.0, 0.0, 0.0, 1.0]], "suj_ecm_transform": [[0.9941989523813352, 0.10755669677076156, -7.976103757655697e-06, -0.1058624828575202], [-0.10755669703514927, 0.9941989475671905, -9.787328486117025e-05, 0.9752549967822289], [-2.5970932602232484e-06, 9.816340065047852e-05, 0.9999999951786009, 1.0565531059668125], [0.0, 0.0, 0.0, 1.0]], "suj_psm2_transform": [[0.28022297661497164, -0.9598827915891475, 0.01000548789765604, 0.1052228182402329], [-0.6412016673989411, -0.17941180159524983, 0.7461044344950407, -0.014884005170035963], [-0.7143777047905839, -0.21549114102294736, -0.6657537555573874, 0.13918408906061686], [0.0, 0.0, 0.0, 1.0]], "ecm_transform": [[0.9943332457007155, -0.10218273804734598, -0.02932719794710307, -0.10820588036758554], [-0.09238488114150878, -0.6940847072302125, -0.7139407909102964, 0.9179576135553146], [0.05259686521790429, 0.7126044535605274, -0.6995916398406661, 1.0003959349822633], [0.0, 0.0, 0.0, 1.0]], "psm2_transform": [[-0.16201970638065372, 0.9839731377584789, 0.07447468639786357, 0.013685850955231246], [0.8940440915526044, 0.1783167523530343, -0.4109602148507139, -0.07552016021833192], [-0.4176538963115334, 0.0, -0.9086061979184354, -0.01191710673262597], [0.0, 0.0, 0.0, 1.0]]}