{"ecm_psm_transform": [[-0.43104415222328873, 0.2784967089623311, -0.8582776485096518, 0.0963024675886171], [0.6842505189885951, -0.519177995274391, -0.5121088131312557, -0.08111241874974924], [-0.5882194880297197, -0.8080184356312766, 0.033227121181945735, 0.1787391406728084], [0.0, 0.0, 0.0, 1.0]], "suj_ecm_transform": [[0.9942070088404102, 0.1074822008943962, -7.96877006568305e-06, -0.10591862851664746], [-0.10748220115842319, 0.9942070040262458, -9.787388223783531e-05, 0.9752814371590108], [-2.597093260224713e-06, 9.816340065046174e-05, 0.9999999951786009, 1.0565612783977494], [0.0, 0.0, 0.0, 1.0]], "suj_psm2_transform": [[0.28027718035476784, -0.9598668853173737, 0.010013223432287388, 0.10519488694517977], [-0.6411982959853761, -0.17944403675867987, 0.7460995797460281, -0.014839604050933763], [-0.7143594665137653, -0.2155351482771975, -0.6657590798924906, 0.13922162950852401], [0.0, 0.0, 0.0, 1.0]], "ecm_transform": [[0.9943442350325751, -0.10210012189986256, -0.029242218888386906, -0.1082799559906146], [-0.09226652711971303, -0.694096864907007, -0.7139442766067472, 0.9179703635040292], [0.05259686521790427, 0.7126044535605272, -0.6995916398406661, 1.0003978048152171], [0.0, 0.0, 0.0, 1.0]], "psm2_transform": [[-0.1393519467342405, 0.9881679368199333, 0.06407155049172589, 0.01177196543797557], [0.8978153483784974, 0.15337577592643625, -0.4127995537485008, -0.07584430284961866], [-0.41774230711932353, 0.0, -0.9085655534096728, -0.011910387639295316], [0.0, 0.0, 0.0, 1.0]]}