{"ecm_psm_transform": [[-0.4264974264906186, 0.27897677286111955, -0.8603905539932868, 0.0959044197501778], [0.6760644880200183, -0.533598672785985, -0.508142956695521, -0.08049821694405826], [-0.6008633398994401, -0.7984011627027048, 0.038972171608202544, 0.17975687616383937], [0.0, 0.0, 0.0, 1.0]], "suj_ecm_transform": [[0.9941940958011871, 0.10760157903289067, -7.980522166145356e-06, -0.10583896622244443], [-0.1076015792974957, 0.9941940909870545, -9.787292468616873e-05, 0.975271499748956], [-2.597093260226018e-06, 9.81634006504791e-05, 0.9999999951786009, 1.0565566701863895], [0.0, 0.0, 0.0, 1.0]], "suj_psm2_transform": [[0.28023438970143394, -0.959880379642401, 0.009916834486112969, 0.10518602804180827], [-0.641110574125673, -0.17946150606113004, 0.7461707576597472, -0.01491954306390475], [-0.7144549800882594, -0.21546049433673697, -0.6656807469104495, 0.13917158930420515], [0.0, 0.0, 0.0, 1.0]], "ecm_transform": [[0.9943444921195048, -0.10209818787294005, -0.02924022955906161, -0.10827501196596663], [-0.09226375648570999, -0.6940971493953598, -0.7139443580842848, 0.9179690403052754], [0.052596865217904284, 0.7126044535605274, -0.6995916398406661, 1.0003881044888485], [0.0, 0.0, 0.0, 1.0]], "psm2_transform": [[-0.12366153253870413, 0.9906963239473352, 0.05682093881146048, 0.010445795111476381], [0.9002132037608521, 0.13609112284508756, -0.41363679001919795, -0.0760417770189648], [-0.4175212726853589, 0.0, -0.9086671485506661, -0.01193355530111128], [0.0, 0.0, 0.0, 1.0]]}