{"ecm_psm_transform": [[-0.4130193936608346, 0.28006729334270447, -0.8665894596980325, 0.09474636255865067], [0.6488833224413137, -0.5771807431492881, -0.4957951427708399, -0.07808741536010426], [-0.6390347520421393, -0.7670884570486818, 0.05665584475686883, 0.18306358634550968], [0.0, 0.0, 0.0, 1.0]], "suj_ecm_transform": [[0.9942111696971059, 0.10744370612591254, -7.964980482146095e-06, -0.10595053224075249], [-0.10744370638975313, 0.9942111648829313, -9.787419070713004e-05, 0.975291259868986], [-2.5970932602241188e-06, 9.816340065041718e-05, 0.9999999951786009, 1.0565585379994302], [0.0, 0.0, 0.0, 1.0]], "suj_psm2_transform": [[0.2802029939088713, -0.9598888222252618, 0.009986549529479527, 0.10516672556098841], [-0.6411864135232171, -0.17940744644107492, 0.7461185906239884, -0.014798684622353453], [-0.7143992338445914, -0.21546790278018807, -0.6657381749259752, 0.1392477350318404], [0.0, 0.0, 0.0, 1.0]], "ecm_transform": [[0.9943395377236444, -0.10213544870128102, -0.02927855594317412, -0.10824308057127043], [-0.09231713540171835, -0.694091667493776, -0.7139427873624961, 0.9179600167545896], [0.05259686521790427, 0.712604453560527, -0.6995916398406661, 1.0003889121508023], [0.0, 0.0, 0.0, 1.0]], "psm2_transform": [[-0.07525850369839507, 0.996563550751745, 0.03460125625108114, 0.0063580467585688995], [0.9054491009267016, 0.0828316926850727, -0.4162941704107248, -0.07649484693805982], [-0.41772967724607085, 0.0, -0.9085713602947725, -0.011915949948545446], [0.0, 0.0, 0.0, 1.0]]}