{"ecm_psm_transform": [[-0.39065115557423996, 0.2802766030638647, -0.8768333367427884, 0.09297161824989113], [0.6006047081792015, -0.6442487232060111, -0.47351617412755936, -0.07415490164504115], [-0.6976142624412776, -0.7116098709422218, 0.08334106080502654, 0.18789576109662925], [0.0, 0.0, 0.0, 1.0]], "suj_ecm_transform": [[0.9941973880820019, 0.10757115536836495, -7.977527125395245e-06, -0.10585675079097713], [-0.10757115563282268, 0.9941973832678611, -9.787316885451052e-05, 0.9752652046547151], [-2.5970932602264333e-06, 9.816340065043403e-05, 0.9999999951786012, 1.0565550043646559], [0.0, 0.0, 0.0, 1.0]], "suj_psm2_transform": [[0.2803208101767842, -0.9598549700536262, 0.009933772958145848, 0.10528437185122902], [-0.6411196881385025, -0.17951368420594835, 0.7461503753694672, -0.014942879477762516], [-0.7144128980239794, -0.21553021515824583, -0.6657033404534033, 0.13913829672920897], [0.0, 0.0, 0.0, 1.0]], "ecm_transform": [[0.9943423517615095, -0.10211428767464824, -0.029256789743403323, -0.1082768466998791], [-0.09228682063350184, -0.6940947810050166, -0.7139436796547458, 0.9179721391487117], [0.052596865217904264, 0.7126044535605272, -0.6995916398406661, 1.0003898228283223], [0.0, 0.0, 0.0, 1.0]], "psm2_transform": [[0.0038174753041001295, 0.9999911751122282, -0.0017540182346655294, -0.00032248929812802614], [0.9086649334263639, -0.004201154325296032, -0.41750495693296485, -0.07676139156669487], [-0.417508641399869, 0.0, -0.9086729523631898, -0.011939119202141728], [0.0, 0.0, 0.0, 1.0]]}