{"ecm_psm_transform": [[-0.3728777433270445, 0.27872248131194044, -0.8850287944144224, 0.09138350129352626], [0.5576334063367689, -0.6950417771842298, -0.4538302679480948, -0.07048034749422921], [-0.7416246845059722, -0.6627448275014318, 0.10374064271786029, 0.1916739173599732], [0.0, 0.0, 0.0, 1.0]], "suj_ecm_transform": [[0.9942043304991705, 0.1075069725792538, -7.971208694414125e-06, -0.10589482034232126], [-0.10750697284340073, 0.9942043256850126, -9.787368365712782e-05, 0.9752646838157648], [-2.5970932602328966e-06, 9.81634006504618e-05, 0.999999995178601, 1.0565466094571756], [0.0, 0.0, 0.0, 1.0]], "suj_psm2_transform": [[0.2802458848730831, -0.9598769188531382, 0.009926966541139115, 0.10519594207621716], [-0.6411203608532547, -0.17946490732736514, 0.7461615307273438, -0.014899406039466379], [-0.7144416889509565, -0.21547307880797195, -0.6656909383474575, 0.13919332888146108], [0.0, 0.0, 0.0, 1.0]], "ecm_transform": [[0.9943438825371899, -0.10210277357479068, -0.029244946387411746, -0.10827465724680446], [-0.0922703258372765, -0.6940964748462838, -0.7139441648867545, 0.9179575813350376], [0.05259686521790424, 0.712604453560527, -0.6995916398406662, 1.0003925084028817], [0.0, 0.0, 0.0, 1.0]], "psm2_transform": [[0.06784000834354213, 0.9972087973093601, -0.031182492472021782, -0.005731126717089401], [0.906075883305421, -0.07466334153263944, -0.41647554444826834, -0.07654532818194143], [-0.41764126587329614, 0.0, -0.908612003574546, -0.011924917630558293], [0.0, 0.0, 0.0, 1.0]]}