{"ecm_psm_transform": [[-0.35554366019416195, 0.2759498550613175, -0.8929951753438407, 0.08990105465223155], [0.5128296294042722, -0.7411685135150428, -0.4332147340280331, -0.06666382470310608], [-0.781405449751162, -0.6119811370177518, 0.12200250421054643, 0.19502176854080544], [0.0, 0.0, 0.0, 1.0]], "suj_ecm_transform": [[0.9942035586576231, 0.10751411018544081, -7.971911350664031e-06, -0.10589841206988718], [-0.10751411044962232, 0.9942035538434671, -9.787362642759703e-05, 0.9752727302650094], [-2.597093260230084e-06, 9.816340065049362e-05, 0.999999995178601, 1.0565719603847017], [0.0, 0.0, 0.0, 1.0]], "suj_psm2_transform": [[0.28024721844227013, -0.9598761865740576, 0.009960070452352254, 0.10517628445498073], [-0.641152347885889, -0.17944978802785283, 0.746137681917467, -0.014870471620494596], [-0.7144124602467281, -0.2154889324879679, -0.6657171746465712, 0.13918278430245512], [0.0, 0.0, 0.0, 1.0]], "ecm_transform": [[0.9943408628443704, -0.10212548492443045, -0.029268307208704047, -0.10825118722834015], [-0.09230286153290569, -0.6940931335884633, -0.7139432075859993, 0.9179673907188985], [0.052596865217904284, 0.7126044535605274, -0.6995916398406659, 1.000380638438106], [0.0, 0.0, 0.0, 1.0]], "psm2_transform": [[0.1298037470447317, 0.9897430616511874, -0.05966287930096252, -0.010965476836885844], [0.8992952992596528, -0.14285892311414752, -0.41335129468305515, -0.07597008559509284], [-0.417634950623914, 0.0, -0.908614906336761, -0.011923952459297057], [0.0, 0.0, 0.0, 1.0]]}