{"ecm_psm_transform": [[-0.3381443229939711, 0.2718014180296486, -0.9009896813970855, 0.08848076594728149], [0.464279736659078, -0.7845883899416602, -0.4109323356667501, -0.06257726173418472], [-0.818598035029847, -0.5572656884519497, 0.13911221915938327, 0.198136395884097], [0.0, 0.0, 0.0, 1.0]], "suj_ecm_transform": [[0.9941955104765601, 0.10758850721422003, -7.979235317912887e-06, -0.10583014230430615], [-0.10758850747876178, 0.9941955056624239, -9.787302960676191e-05, 0.9752668203322343], [-2.5970932602327987e-06, 9.816340065045818e-05, 0.999999995178601, 1.0565631384172443], [0.0, 0.0, 0.0, 1.0]], "suj_psm2_transform": [[0.28026687240940984, -0.9598701823850422, 0.009985649600982416, 0.10522492857425675], [-0.6411748404269919, -0.17945092643698712, 0.7461180797999258, -0.014884620532896853], [-0.7143845632663608, -0.21551472796310944, -0.6657387609248224, 0.13915554328978397], [0.0, 0.0, 0.0, 1.0]], "ecm_transform": [[0.9943349400105113, -0.10217000747737456, -0.02931410319908115, -0.10821981438891026], [-0.0923666435654277, -0.694086581297878, -0.7139413286949297, 0.9179585707248329], [0.05259686521790427, 0.7126044535605272, -0.6995916398406661, 1.0003941032415515], [0.0, 0.0, 0.0, 1.0]], "psm2_transform": [[0.19233866185111054, 0.9773372745374007, -0.08841770726008248, -0.016248523100465276], [0.888003356418372, -0.21168810027917367, -0.4082134088805764, -0.07501738293897413], [-0.41767915694589103, 0.0, -0.9085945860794956, -0.01191946868054184], [0.0, 0.0, 0.0, 1.0]]}