{"ecm_psm_transform": [[-0.3370460064802693, 0.2714513718300053, -0.9015065957869143, 0.08836245927167027], [0.46092942497366596, -0.7873561875994638, -0.409407253284897, -0.062188030357584016], [-0.8209409568958953, -0.55351999654976, 0.14025533398201184, 0.1984752004884317], [0.0, 0.0, 0.0, 1.0]], "suj_ecm_transform": [[0.9942163784415021, 0.10739549699730756, -7.960234582521975e-06, -0.10595585039786733], [-0.1073954972609147, 0.9942163736273147, -9.787457681160101e-05, 0.9752714345898352], [-2.5970932602253038e-06, 9.816340065042804e-05, 0.999999995178601, 1.0565461965365899], [0.0, 0.0, 0.0, 1.0]], "suj_psm2_transform": [[0.280236141271358, -0.9598796379836194, 0.009939100048559246, 0.10520150900945799], [-0.6411332393475606, -0.17945230210518093, 0.7461534967235994, -0.01477625700552665], [-0.7144339539306926, -0.2154714641282846, -0.6656997623684195, 0.13929220770341022], [0.0, 0.0, 0.0, 1.0]], "ecm_transform": [[0.9943347002375988, -0.10217180921875622, -0.029315956480570594, -0.10819933652639452], [-0.09236922470527854, -0.6940863160779562, -0.713941252597633, 0.9179615222973341], [0.05259686521790428, 0.7126044535605272, -0.6995916398406661, 1.000392486183838], [0.0, 0.0, 0.0, 1.0]], "psm2_transform": [[0.1965384461478542, 0.9763241877751955, -0.09035330403970805, -0.016603986029631777], [0.8870743681316244, -0.21631246003202148, -0.407808760375221, -0.07494192970581161], [-0.4176981022097975, 0.0, -0.9085858767394164, -0.011919366734329317], [0.0, 0.0, 0.0, 1.0]]}