{"ecm_psm_transform": [[-0.3304884902949293, 0.2693640937342749, -0.9045553287606524, 0.08772607536107933], [0.44148101891534963, -0.8029717056769116, -0.4004134735742244, -0.06056301520367871], [-0.8341893476423944, -0.5316760525818558, 0.14645377219768932, 0.19957837884570664], [0.0, 0.0, 0.0, 1.0]], "suj_ecm_transform": [[0.994205850968883, 0.10749291063005473, -7.969824376863043e-06, -0.10590471893664175], [-0.10749291089413357, 0.9942058461547215, -9.787379639143028e-05, 0.9752768307990575], [-2.5970932602245393e-06, 9.816340065048116e-05, 0.9999999951786009, 1.0565640591943293], [0.0, 0.0, 0.0, 1.0]], "suj_psm2_transform": [[0.28014216956852384, -0.9599068372772763, 0.009961354214031937, 0.1051189776665858], [-0.6411652411998865, -0.17937658981956667, 0.7461442035570567, -0.014798024616459515], [-0.7144420888403287, -0.21541333007276942, -0.6657098458941616, 0.13927291835058808], [0.0, 0.0, 0.0, 1.0]], "ecm_transform": [[0.9943464551653809, -0.10208341822791994, -0.029225037603822376, -0.1082945410720347], [-0.09224259791056877, -0.6940993217750657, -0.7139449801224902, 0.91797090975997], [0.05259686521790426, 0.7126044535605272, -0.6995916398406661, 1.0003938077620305], [0.0, 0.0, 0.0, 1.0]], "psm2_transform": [[0.22033393335130386, 0.9701495385625615, -0.10130562985733925, -0.018614323323203445], [0.8814444523942323, -0.24250746963103845, -0.4052725064898715, -0.07446647812595387], [-0.41774230711932353, 0.0, -0.9085655534096728, -0.011914133720985976], [0.0, 0.0, 0.0, 1.0]]}