{"ecm_psm_transform": [[-0.32442586044497185, 0.26763966986986143, -0.9072578840586019, 0.08736023392194373], [0.42373956951896, -0.8163936913303622, -0.3923596793503018, -0.05917483757093711], [-0.8456906280067353, -0.5117326918108094, 0.15144970727484788, 0.20038725004556482], [0.0, 0.0, 0.0, 1.0]], "suj_ecm_transform": [[0.9942005234179343, 0.10754217392218784, -7.974674065307567e-06, -0.10588085040891243], [-0.10754217418650525, 0.9942005186037859, -9.787340136220986e-05, 0.9752715529937763], [-2.597093260225924e-06, 9.81634006504145e-05, 0.9999999951786009, 1.056550701732383], [0.0, 0.0, 0.0, 1.0]], "suj_psm2_transform": [[0.2803790452895299, -0.9598372763822799, 0.009999691474171069, 0.10526087026535527], [-0.641171089249171, -0.17952013926608407, 0.7461046534561472, -0.014904965831822992], [-0.7143439124634321, -0.21560362349676, -0.6657535972576522, 0.1391233829835079], [0.0, 0.0, 0.0, 1.0]], "ecm_transform": [[0.9943351963405083, -0.10216808126355441, -0.02931212188509437, -0.1082183307709812], [-0.09236388410917169, -0.6940868648351057, -0.7139414100440185, 0.9179657022614391], [0.05259686521790427, 0.7126044535605272, -0.6995916398406661, 1.0003931299467264], [0.0, 0.0, 0.0, 1.0]], "psm2_transform": [[0.24146217757874622, 0.9640417206497337, -0.11099359281341761, -0.020397871933901204], [0.8759314839234752, -0.2657509376214893, -0.4026418689417655, -0.07399559803156423], [-0.4176602115003878, 0.0, -0.9086032950245401, -0.011920319845263972], [0.0, 0.0, 0.0, 1.0]]}