{"ecm_psm_transform": [[-0.5949451922398916, 0.1766966661528072, -0.7841036324371427, 0.0504833017073171], [0.5997886703503621, -0.5518126295816652, -0.5794448832749435, 0.21229602423061017], [-0.5350642663736602, -0.8150344225887957, 0.22231761253972984, -0.1770733125109339], [0.0, 0.0, 0.0, 1.0]], "suj_ecm_transform": [[0.9934944791694157, 0.11388028708233204, -8.598678472583198e-06, -0.09248055835896403], [-0.11388028737734525, 0.9934944743570507, -9.782055432873379e-05, 1.0067455193682318], [-2.5970932602247316e-06, 9.816340065041207e-05, 0.999999995178601, 0.7425344373936154], [0.0, 0.0, 0.0, 1.0]], "suj_psm2_transform": [[0.2090093634744661, -0.9756937126346558, -0.06585487912979776, 0.04578750130134725], [-0.7824259226682378, -0.20724478878165806, 0.5872471992777852, 0.27642121367334094], [-0.5866214806131422, -0.07121359875787558, -0.8067241547364236, -0.22150679983584998], [0.0, 0.0, 0.0, 1.0]], "ecm_transform": [[0.9911758818849388, 0.13109408688464655, 0.019614065195536504, -0.08855873280342955], [0.11740123136350965, -0.7995121449867797, -0.5890647510189099, 0.8884264910558939], [-0.06154122231436175, 0.5861694894845001, -0.8078477626097227, 0.580264930249669], [0.0, 0.0, 0.0, 1.0]], "psm2_transform": [[-0.2797591275737899, 0.9468004632907961, 0.15907140928364782, 0.025089038646511477], [0.8230535285655648, 0.3218211968039611, -0.4679893229588036, -0.07381214677573836], [-0.49428505910549747, 0.0, -0.8692998794116302, -0.005543679871980772], [0.0, 0.0, 0.0, 1.0]]}