{"ecm_psm_transform": [[-0.5678087398614234, 0.19651814961757633, -0.7993584000983955, 0.04832624052051444], [0.50733249517587, -0.6811764065026944, -0.5278375153043805, 0.22035691474133756], [-0.6482337342931239, -0.7052512460782755, 0.28707787380679767, -0.16709834352989056], [0.0, 0.0, 0.0, 1.0]], "suj_ecm_transform": [[0.9934851698594487, 0.11396147241619897, -8.606672078221919e-06, -0.09242601860656735], [-0.11396147271160542, 0.9934851650471078, -9.781985134113511e-05, 1.0067157162068416], [-2.597093260230815e-06, 9.816340065045364e-05, 0.9999999951786012, 0.742535022012534], [0.0, 0.0, 0.0, 1.0]], "suj_psm2_transform": [[0.209356879384682, -0.975618586508605, -0.06586403201489832, 0.04604059062749962], [-0.7823675447612498, -0.2075308604336225, 0.5872239495047304, 0.27620467729673986], [-0.586575418815485, -0.07140949255268608, -0.8067403314665794, -0.2216765525162543], [0.0, 0.0, 0.0, 1.0]], "ecm_transform": [[0.9911887673381699, 0.1310060110551096, 0.019551280522461627, -0.08848909677989232], [0.11729528425821897, -0.7995455374039673, -0.589040533332117, 0.8884037062597936], [-0.06153571152934769, 0.5861436331521735, -0.8078669429564174, 0.5802634065977657], [0.0, 0.0, 0.0, 1.0]], "psm2_transform": [[-0.13555717030976538, 0.9877557842896988, 0.0772189366661534, 0.012157757605471504], [0.858272262221289, 0.15600804659453352, -0.48890716224996006, -0.07697612822502543], [-0.4949676529624538, 0.0, -0.8689114008463924, -0.005462809490387941], [0.0, 0.0, 0.0, 1.0]]}