{"ecm_psm_transform": [[-0.5637102853471949, 0.19848927358531174, -0.8017684968027612, 0.04780791428161159], [0.49380029608250126, -0.6971377939555781, -0.5197693371367573, 0.22176271366389086], [-0.6621117592843508, -0.6889128424629093, 0.2949696826913853, -0.1657475824821492], [0.0, 0.0, 0.0, 1.0]], "suj_ecm_transform": [[0.9934905334970348, 0.11391470395774886, -8.60206719741574e-06, -0.09244803978515971], [-0.11391470425292877, 0.9934905286846801, -9.78202563919763e-05, 1.0067454975409489], [-2.5970932602213642e-06, 9.816340065043869e-05, 0.9999999951786009, 0.7425358979795929], [0.0, 0.0, 0.0, 1.0]], "suj_psm2_transform": [[0.20913342655256728, -0.9756699180042319, -0.06581353204316931, 0.04589418157623685], [-0.7824315116925529, -0.20732327429064668, 0.5872120481120185, 0.2763830355539338], [-0.5865698077883725, -0.07131108636825423, -0.806753115613501, -0.22157140191423497], [0.0, 0.0, 0.0, 1.0]], "ecm_transform": [[0.9911823400208618, 0.13104981265047377, 0.01958355011340812, -0.08851257587726583], [0.11734958473444017, -0.7995383592545425, -0.5890394613633355, 0.8884141679167072], [-0.06153571152934767, 0.5861436331521735, -0.8078669429564173, 0.5802683435857403], [0.0, 0.0, 0.0, 1.0]], "psm2_transform": [[-0.1158808083178032, 0.9910687934879108, 0.06598700506940358, 0.010392319469449515], [0.861225972835675, 0.13335159007082345, -0.4904153108731703, -0.07723570084659775], [-0.494834782505088, 0.0, -0.868987075866576, -0.005476035336390503], [0.0, 0.0, 0.0, 1.0]]}