{"ecm_psm_transform": [[-0.5646434376892864, 0.19818784055742178, -0.8011862256239877, 0.04796945144165358], [0.4967873300889657, -0.6935762943038658, -0.5216840735951163, 0.22131988323586227], [-0.6590752134146016, -0.6925846546342933, 0.29316609494891177, -0.16607209699881945], [0.0, 0.0, 0.0, 1.0]], "suj_ecm_transform": [[0.9934863317309967, 0.11395134307953918, -8.605674730599385e-06, -0.09244707386066203], [-0.11395134337489658, 0.9934863269186528, -9.781993908758849e-05, 1.0067305102089477], [-2.5970932602295694e-06, 9.816340065047702e-05, 0.9999999951786012, 0.7425418539307385], [0.0, 0.0, 0.0, 1.0]], "suj_psm2_transform": [[0.20932418756500074, -0.9756204480382814, -0.06594032051662863, 0.045969827589722234], [-0.7823487053183785, -0.2075474248418563, 0.5872431947057124, 0.27621734805238096], [-0.5866122124426916, -0.07133588025038545, -0.8067200904911154, -0.22162036981981292], [0.0, 0.0, 0.0, 1.0]], "ecm_transform": [[0.99118396707336, 0.13103872638588693, 0.01957538259857944, -0.08852173845844108], [0.11733584117094407, -0.7995401762903067, -0.5890397328486185, 0.8884104903139993], [-0.061535711529347656, 0.5861436331521734, -0.8078669429564171, 0.580256713281075], [0.0, 0.0, 0.0, 1.0]], "psm2_transform": [[-0.12023288426461659, 0.9903826411569724, 0.06845639222418091, 0.01078223494581253], [0.8606569638758863, 0.13835542669132853, -0.4900279241400452, -0.07718192613458291], [-0.494786463106412, 0.0, -0.8690145890183014, -0.005480368596611433], [0.0, 0.0, 0.0, 1.0]]}