{"ecm_psm_transform": [[-0.5555678901167882, 0.20283657772302374, -0.8063508183221448, 0.04709552304962182], [0.4641296495219739, -0.7289840956633868, -0.5031558970184528, 0.22434195893571846], [-0.6898753422943816, -0.6537885828059754, 0.310857686227579, -0.16327974000311107], [0.0, 0.0, 0.0, 1.0]], "suj_ecm_transform": [[0.993490903675476, 0.11391147545395106, -8.601749315111337e-06, -0.09246190946544247], [-0.11391147574911534, 0.9934908988631204, -9.782028434525431e-05, 1.0067441112650268], [-2.597093260227757e-06, 9.816340065046699e-05, 0.9999999951786009, 0.7425462198955832], [0.0, 0.0, 0.0, 1.0]], "suj_psm2_transform": [[0.20927611798345147, -0.9756361349371119, -0.06586075194492036, 0.04590747764067921], [-0.7823853468509341, -0.20746419802881533, 0.5872237866173373, 0.27631014581999674], [-0.5865804936023019, -0.07136342719652916, -0.8067407178170973, -0.22159363808374688], [0.0, 0.0, 0.0, 1.0]], "ecm_transform": [[0.9911822821517354, 0.1310502069295707, 0.01958384058846993, -0.08854121558657126], [0.11735007351959693, -0.7995382946293988, -0.5890394517059602, 0.8884087440072845], [-0.061535711529347684, 0.5861436331521735, -0.8078669429564175, 0.5802639814661694], [0.0, 0.0, 0.0, 1.0]], "psm2_transform": [[-0.07472790933785467, 0.9962949557192149, 0.04256877699019441, 0.006701982331828137], [0.8656886181201009, 0.08600210002347344, -0.4931397928061197, -0.0776393970460862], [-0.4949736922537435, 0.0, -0.8689079605900136, -0.005460958563824576], [0.0, 0.0, 0.0, 1.0]]}