{"ecm_psm_transform": [[-0.551274803542637, 0.20460425219808542, -0.8088468278737886, 0.046704957077534456], [0.449483484784316, -0.7439135664542501, -0.4945272515761554, 0.22565756317311958], [-0.7028945069391105, -0.6361837043085754, 0.3181345729200846, -0.16209290988035446], [0.0, 0.0, 0.0, 1.0]], "suj_ecm_transform": [[0.9934870805047319, 0.11394481469614179, -8.605031937649777e-06, -0.09243037799597723], [-0.11394481499146755, 0.9934870756923861, -9.781999563492724e-05, 1.0067312487909328], [-2.5970932602239184e-06, 9.816340065046065e-05, 0.999999995178601, 0.7425361856197912], [0.0, 0.0, 0.0, 1.0]], "suj_psm2_transform": [[0.20916242316704897, -0.9756602628277796, -0.06586449934309896, 0.04590577529228123], [-0.7824082967655356, -0.2073751302844619, 0.5872246695192196, 0.2763023812473043], [-0.5865904345344737, -0.07129240407176068, -0.8067397692157782, -0.22157082949896523], [0.0, 0.0, 0.0, 1.0]], "ecm_transform": [[0.9911765964399388, 0.13108893716924774, 0.019612374195296045, -0.08855966076589249], [0.1173980871918968, -0.7995319454949925, -0.589038502355047, 0.8884258390028692], [-0.06153571152934767, 0.5861436331521735, -0.8078669429564176, 0.5802619468357757], [0.0, 0.0, 0.0, 1.0]], "psm2_transform": [[-0.05467438723694362, 0.9980189432043961, 0.03112716475114709, 0.004902905933890417], [0.8673101820537137, 0.06291413994628169, -0.4937761224490038, -0.07777572741119654], [-0.49475626270540396, 0.0, -0.8690317833737621, -0.005482421956921887], [0.0, 0.0, 0.0, 1.0]]}