{"ecm_psm_transform": [[-0.552182386615694, 0.20424189211109728, -0.8083191581413095, 0.04677966166479345], [0.4529639106895547, -0.7404625469652022, -0.49652684937939773, 0.22538407742143363], [-0.6999416457992919, -0.6403127876660631, 0.316356170205504, -0.16240130724769708], [0.0, 0.0, 0.0, 1.0]], "suj_ecm_transform": [[0.993494724561018, 0.11387814625947154, -8.598467684823311e-06, -0.09249427605090844], [-0.11387814655447437, 0.9934947197486524, -9.782057285729647e-05, 1.006743383653731], [-2.597093260227119e-06, 9.816340065041697e-05, 0.999999995178601, 0.7425427294858045], [0.0, 0.0, 0.0, 1.0]], "suj_psm2_transform": [[0.20922714297339992, -0.9756507334684514, -0.06580006782413977, 0.04589861766126559], [-0.7824161643510734, -0.2073908818159448, 0.5872086238312233, 0.27634178663811865], [-0.5865568586295302, -0.0713769460125448, -0.8067567063077813, -0.22161021573537898], [0.0, 0.0, 0.0, 1.0]], "ecm_transform": [[0.9911925654178027, 0.13098011776128168, 0.019532204476603365, -0.08847633777442336], [0.1172631846192656, -0.7995497796050044, -0.5890411661900524, 0.8883917359356399], [-0.06153571152934767, 0.5861436331521735, -0.8078669429564171, 0.5802607876231163], [0.0, 0.0, 0.0, 1.0]], "psm2_transform": [[-0.059382255759002564, 0.9976626706777495, 0.03380744351637208, 0.005325082343710004], [0.8670005699045149, 0.06833151202878714, -0.49359985438521564, -0.0777479630535105], [-0.49475626270540396, 0.0, -0.8690317833737621, -0.005482421956921887], [0.0, 0.0, 0.0, 1.0]]}