{"ecm_psm_transform": [[-0.5476417046571266, 0.20615802070090655, -0.8109176492227317, 0.04640892220062342], [0.43594638804164454, -0.7569252174604061, -0.4868418243392417, 0.22686888725415894], [-0.714170364880594, -0.6201315067573988, 0.3246499718976082, -0.1610632199657702], [0.0, 0.0, 0.0, 1.0]], "suj_ecm_transform": [[0.9934862269208984, 0.11395225686408537, -8.6057647030069e-06, -0.09243263843125185], [-0.11395225715944719, 0.9934862221085549, -9.781993117228244e-05, 1.0067267391617656], [-2.597093260225605e-06, 9.816340065050355e-05, 0.9999999951786012, 0.7425425862150299], [0.0, 0.0, 0.0, 1.0]], "suj_psm2_transform": [[0.20912543901500252, -0.9756618546711118, -0.06595829058207053, 0.04593453168317408], [-0.7823848440606851, -0.20739812044643105, 0.5872477972878444, 0.276299044207278], [-0.5866349005479643, -0.07120368652685105, -0.8067152710120629, -0.2215547952239092], [0.0, 0.0, 0.0, 1.0]], "ecm_transform": [[0.9911875081219268, 0.1310145941297425, 0.019557603842608566, -0.08850724068548202], [0.11730592461432834, -0.7995441310147859, -0.5890403234161381, 0.8884038043154905], [-0.06153571152934768, 0.5861436331521737, -0.8078669429564174, 0.5802570040798911], [0.0, 0.0, 0.0, 1.0]], "psm2_transform": [[-0.03664639776009625, 0.9991104896071868, 0.020863151442106685, 0.003286143529339359], [0.8682622062571149, 0.042169059236452804, -0.4943101370886905, -0.07785851830622711], [-0.49475022255349843, 0.0, -0.8690352221189104, -0.0054816537511600295], [0.0, 0.0, 0.0, 1.0]]}