{"ecm_psm_transform": [[-0.5432386418017895, 0.20800032209996439, -0.8134049692863071, 0.0459358568737016], [0.41902558243626553, -0.772366074333906, -0.47735543202312036, 0.22844140923856407], [-0.727536486588333, -0.6001554075606937, 0.33242164108006256, -0.1598282411385043], [0.0, 0.0, 0.0, 1.0]], "suj_ecm_transform": [[0.9934919816184057, 0.11390207366839092, -8.600823604348965e-06, -0.09247002661364216], [-0.11390207396350965, 0.9934919768060473, -9.782036574253585e-05, 1.0067405086892554], [-2.597093260230495e-06, 9.81634006505188e-05, 0.999999995178601, 0.7425434602594523], [0.0, 0.0, 0.0, 1.0]], "suj_psm2_transform": [[0.20914337187903115, -0.9756609592020382, -0.06591466216273989, 0.04585489549241255], [-0.7823954059127818, -0.20738798653889284, 0.5872373045421395, 0.27635980050249614], [-0.5866144208981252, -0.07124546110667579, -0.8067264750000798, -0.22152456058483128], [0.0, 0.0, 0.0, 1.0]], "ecm_transform": [[0.9911861873739931, 0.13102359576425032, 0.019564235533588485, -0.08851012948758032], [0.1173170838607247, -0.7995426559403673, -0.5890401031901301, 0.8884102097186131], [-0.06153571152934766, 0.5861436331521735, -0.8078669429564174, 0.5802583105459294], [0.0, 0.0, 0.0, 1.0]], "psm2_transform": [[-0.014675057177201585, 0.9998573738127439, 0.008359110546517185, 0.0013161110163535635], [0.868797790371532, 0.01688881382107786, -0.49487894218006556, -0.0779168577733372], [-0.494949534945119, 0.0, -0.8689217213636741, -0.005463125095944613], [0.0, 0.0, 0.0, 1.0]]}