{"ecm_psm_transform": [[-0.5395467958011828, 0.20934784751403798, -0.8155137852188126, 0.045662475345425876], [0.4063408593599781, -0.7835810614688428, -0.46998704888747334, 0.22954189102300598], [-0.7374119345082987, -0.584956578601011, 0.33771206670198795, -0.1590275178473513], [0.0, 0.0, 0.0, 1.0]], "suj_ecm_transform": [[0.993487229109419, 0.11394351900149738, -8.604904361918238e-06, -0.09244309322674457], [-0.11394351929681687, 0.9934872242970729, -9.782000685741159e-05, 1.0067384924144], [-2.597093260220156e-06, 9.816340065044369e-05, 0.999999995178601, 0.742546512479705], [0.0, 0.0, 0.0, 1.0]], "suj_psm2_transform": [[0.20921552601180565, -0.9756492819058671, -0.06585850280844074, 0.04591399855008359], [-0.7823990250598354, -0.2074143508266149, 0.5872231710828457, 0.27631805931646086], [-0.58658386379189, -0.07132857623519367, -0.8067413494740663, -0.22159671546005155], [0.0, 0.0, 0.0, 1.0]], "ecm_transform": [[0.9911868720871866, 0.13101892917054234, 0.019560797555926202, -0.08849240795747762], [0.11731129872521416, -0.7995434206559233, -0.5890402173682445, 0.8884127884718904], [-0.06153571152934763, 0.5861436331521734, -0.8078669429564174, 0.5802584612325883], [0.0, 0.0, 0.0, 1.0]], "psm2_transform": [[0.0017516828533786625, 0.9999979686119277, -0.0009971856393208767, -0.0001570757807487608], [0.8690472113039589, -0.0020156319153279444, -0.4947250567262529, -0.07792864385228643], [-0.4947260617068736, 0.0, -0.8690489766796843, -0.00548447523285801], [0.0, 0.0, 0.0, 1.0]]}