{"ecm_psm_transform": [[-0.5347298676608541, 0.21098186554118495, -0.8182607292569817, 0.04521200947710354], [0.3879732262549556, -0.7989375760931484, -0.4595383827448218, 0.23125357105420866], [-0.7506935089240665, -0.5631921536377851, 0.34536046927827, -0.15777886925900003], [0.0, 0.0, 0.0, 1.0]], "suj_ecm_transform": [[0.9934961436665161, 0.11386576502991806, -8.597248615681494e-06, -0.09250346470474671], [-0.11386576532486094, 0.9934961388541469, -9.782068000636438e-05, 1.0067496057740106], [-2.5970932602227665e-06, 9.816340065047196e-05, 0.9999999951786009, 0.7425417101106395], [0.0, 0.0, 0.0, 1.0]], "suj_psm2_transform": [[0.20917682637329926, -0.9756563636693848, -0.06587651584463333, 0.04589396494454904], [-0.7824012567665491, -0.2073934294984977, 0.5872275868953847, 0.2763807128976491], [-0.5865946886211291, -0.07129253419738474, -0.8067366645003783, -0.2215402140357734], [0.0, 0.0, 0.0, 1.0]], "ecm_transform": [[0.9911834718919655, 0.13104210054864648, 0.019577868422978702, -0.08852453295302018], [0.11734002409564245, -0.7995396232826545, -0.5890396502327031, 0.888410599102872], [-0.061535711529347656, 0.5861436331521734, -0.8078669429564175, 0.5802665970075389], [0.0, 0.0, 0.0, 1.0]], "psm2_transform": [[0.0249489886192538, 0.9995878066665422, -0.014204391238194627, -0.002237182973213876], [0.8686666994847594, -0.02870917559895017, -0.49456440272494717, -0.07789359236732549], [-0.49476834293751193, 0.0, -0.8690249057575212, -0.005478719048959243], [0.0, 0.0, 0.0, 1.0]]}