{"ecm_psm_transform": [[-0.5298395993557308, 0.21245878531361959, -0.8210549698391825, 0.044680878770336066], [0.3684100249612399, -0.8143433875143621, -0.44846281977405045, 0.23296084619206134], [-0.7639005514218574, -0.5400982426880272, 0.35319942777797275, -0.15662480722118682], [0.0, 0.0, 0.0, 1.0]], "suj_ecm_transform": [[0.9934825973479856, 0.11398389663714648, -8.60887999707641e-06, -0.09241313493646561], [-0.11398389693266156, 0.9934825925356514, -9.78196570524464e-05, 1.0067318783963222], [-2.597093260223384e-06, 9.816340065044605e-05, 0.9999999951786009, 0.7425312435505624], [0.0, 0.0, 0.0, 1.0]], "suj_psm2_transform": [[0.20907632547858823, -0.9756816117390665, -0.06582159705316687, 0.045806406942656044], [-0.7824405929847542, -0.20728196563583556, 0.5872145307907587, 0.27634239524836596], [-0.5865780498569972, -0.07127116693588165, -0.8067506505665551, -0.22159141235430524], [0.0, 0.0, 0.0, 1.0]], "ecm_transform": [[0.9911841517102487, 0.1310374682399621, 0.019574455693484163, -0.08852343752615531], [0.11733428145692186, -0.79954038249011, -0.5890397636514505, 0.8884094231366212], [-0.061535711529347684, 0.5861436331521735, -0.8078669429564174, 0.5802577304589405], [0.0, 0.0, 0.0, 1.0]], "psm2_transform": [[0.04905142081917381, 0.9984051990961007, -0.027946673030896915, -0.004399820871093283], [0.8674878753855639, -0.05645403810070223, -0.4942446030470793, -0.0778120428684875], [-0.49503408385146663, 0.0, -0.8688735557175965, -0.0054601241422451395], [0.0, 0.0, 0.0, 1.0]]}