{"ecm_psm_transform": [[-0.5165552811939174, 0.2158401769430103, -0.828603439220405, 0.043646374488213596], [0.31679889041642967, -0.8508622901983638, -0.4191322299099832, 0.2375424644920628], [-0.7954929946276037, -0.47900561701884653, 0.37113948100788485, -0.15381541930673076], [0.0, 0.0, 0.0, 1.0]], "suj_ecm_transform": [[0.993482305301747, 0.11398644208066636, -8.609130624942447e-06, -0.0924153152323077], [-0.11398644237619376, 0.9934823004894137, -9.781963499496403e-05, 1.0067303997517305], [-2.597093260223706e-06, 9.816340065046146e-05, 0.9999999951786008, 0.7425453469498107], [0.0, 0.0, 0.0, 1.0]], "suj_psm2_transform": [[0.20915562052207126, -0.9756632811136838, -0.06584138736773754, 0.04596320274832877], [-0.7824176700260828, -0.20735672819506887, 0.5872186789460914, 0.2762984930183067], [-0.5865803576961843, -0.0713046222815707, -0.8067460162940374, -0.2216141619839913], [0.0, 0.0, 0.0, 1.0]], "ecm_transform": [[0.9911856858337205, 0.13102701381255535, 0.019566753683275193, -0.08852059507085004], [0.11732132118636596, -0.7995420958064277, -0.589040019547527, 0.8884247031064394], [-0.06153571152934771, 0.5861436331521735, -0.8078669429564174, 0.5802580229057308], [0.0, 0.0, 0.0, 1.0]], "psm2_transform": [[0.11071107525493065, 0.9918491629215656, -0.06307373326264196, -0.00993058684439834], [0.8618017466934956, -0.12741757340253276, -0.49098117212806697, -0.07730208625006366], [-0.49501596662323666, 0.0, -0.868883877620055, -0.0054624037973100975], [0.0, 0.0, 0.0, 1.0]]}