{"ecm_psm_transform": [[-0.5134176440514561, 0.2164879467548641, -0.8303826176447314, 0.04326794566327935], [0.30556304365124226, -0.858111996244356, -0.41264394852719666, 0.23858076285475893], [-0.8018937268312065, -0.4655929239275334, 0.37441912351984474, -0.1532620212442682], [0.0, 0.0, 0.0, 1.0]], "suj_ecm_transform": [[0.9934904470308192, 0.11391545805774703, -8.602141446989365e-06, -0.09246060713749231], [-0.1139154583529306, 0.9934904422184647, -9.782024986263558e-05, 1.0067442953458592], [-2.5970932602301496e-06, 9.816340065044678e-05, 0.999999995178601, 0.7425472341894941], [0.0, 0.0, 0.0, 1.0]], "suj_psm2_transform": [[0.20924419751298334, -0.9756462185285845, -0.06581278050669115, 0.04586585133826841], [-0.7824082096165338, -0.20741168305535435, 0.5872118759500662, 0.2763251841547463], [-0.5865613858172035, -0.07137821798713889, -0.8067533022338258, -0.22161899964270393], [0.0, 0.0, 0.0, 1.0]], "ecm_transform": [[0.9911874791108977, 0.13101479186547874, 0.019557749518524837, -0.0885119609169465], [0.1173061697455039, -0.7995440986134634, -0.5890403185793174, 0.8883945458409989], [-0.0615357115293477, 0.5861436331521737, -0.8078669429564174, 0.5802587479114685], [0.0, 0.0, 0.0, 1.0]], "psm2_transform": [[0.12385519886153387, 0.9897915480075886, -0.070516531449804, -0.011107615575505367], [0.8601501029613439, -0.1425225999367865, -0.4897235024816025, -0.07714021509591433], [-0.4947743830177138, 0.0, -0.8690214668864289, -0.005484071490612065], [0.0, 0.0, 0.0, 1.0]]}