{"ecm_psm_transform": [[-0.5031418199033958, 0.21813436702827524, -0.8362210873838766, 0.0424187667938074], [0.2632745570821422, -0.8829362719921992, -0.38872875786815575, 0.24232848166034865], [-0.8231250309992407, -0.41574143108630757, 0.38681293388511195, -0.15133596851304615], [0.0, 0.0, 0.0, 1.0]], "suj_ecm_transform": [[0.9934884931589383, 0.11393249706188602, -8.603819127983286e-06, -0.09245798819086559], [-0.11393249735715213, 0.9934884883465889, -9.782010231581836e-05, 1.0067339747835136], [-2.5970932602227834e-06, 9.81634006504559e-05, 0.9999999951786009, 0.7425523218641275], [0.0, 0.0, 0.0, 1.0]], "suj_psm2_transform": [[0.20924591205881435, -0.9756414474347053, -0.06587802618619043, 0.04593832291945648], [-0.782386060298393, -0.20744967795976949, 0.5872279657553338, 0.27628798460369774], [-0.5865903178006218, -0.07133300191286918, -0.8067362653932599, -0.22161123721426568], [0.0, 0.0, 0.0, 1.0]], "ecm_transform": [[0.9911809028236999, 0.1310596041949677, 0.019590763789452948, -0.08852820902262891], [0.1173617232498426, -0.7995367542917767, -0.5890392214890268, 0.8884144213996279], [-0.061535711529347656, 0.5861436331521734, -0.8078669429564175, 0.5802652924641372], [0.0, 0.0, 0.0, 1.0]], "psm2_transform": [[0.17157446103057195, 0.980310654102533, -0.09774060453635719, -0.015389803214987506], [0.8517929860374849, -0.1974614429529568, -0.4852398247096803, -0.07640371624240556], [-0.49498577076458866, 0.0, -0.8689010799513293, -0.005465766905336081], [0.0, 0.0, 0.0, 1.0]]}