{"ecm_psm_transform": [[-0.4993503298802116, 0.21864909074400984, -0.8383566205173916, 0.0420987447432006], [0.24930728142621977, -0.8904445067069443, -0.38072885352084107, 0.24356628948728817], [-0.8297560650434509, -0.3991254885274106, 0.39013294776443097, -0.15075457567184933], [0.0, 0.0, 0.0, 1.0]], "suj_ecm_transform": [[0.9934941949478092, 0.11388276661138495, -8.598922609742693e-06, -0.09248759429054926], [-0.11388276690641018, 0.993494190135445, -9.782053286816024e-05, 1.0067466097402442], [-2.5970932602223176e-06, 9.816340065043015e-05, 0.999999995178601, 0.7425360431730044], [0.0, 0.0, 0.0, 1.0]], "suj_psm2_transform": [[0.2093657612099849, -0.9756128461851915, -0.06592080393467209, 0.04595733264568129], [-0.7823463577035886, -0.20756980569971722, 0.5872384118479563, 0.27627109141201805], [-0.5866005068365454, -0.07137471625310693, -0.806725167116346, -0.22160481023019463], [0.0, 0.0, 0.0, 1.0]], "ecm_transform": [[0.9911867453238126, 0.13101979313122725, 0.019561434053722796, -0.08850096134737737], [0.11731236976962249, -0.7995432790806392, -0.5890401962311357, 0.8884131862220054], [-0.061535711529347684, 0.5861436331521735, -0.8078669429564174, 0.5802603472362908], [0.0, 0.0, 0.0, 1.0]], "psm2_transform": [[0.1871438228065717, 0.9765408637424002, -0.1065135250876117, -0.01678215702958224], [0.8487054874355917, -0.2153321653660846, -0.483043532360664, -0.07610782203980967], [-0.49464753631455316, 0.0, -0.8690936743630935, -0.005496101918690897], [0.0, 0.0, 0.0, 1.0]]}