{"ecm_psm_transform": [[-0.4899651920039628, 0.21923331898698423, -0.8437243995941277, 0.041245191939749036], [0.20862077416667868, -0.9102476126499075, -0.3576683607075697, 0.24724129467893094], [-0.8464109422795856, -0.3512634844544699, 0.40025302157296566, -0.14918100378874521], [0.0, 0.0, 0.0, 1.0]], "suj_ecm_transform": [[0.9934888935268373, 0.11392900580976177, -8.6034753750053e-06, -0.09245442173602475], [-0.11392900610501096, 0.9934888887144869, -9.78201325501595e-05, 1.0067432946926724], [-2.597093260222316e-06, 9.816340065042981e-05, 0.9999999951786009, 0.7425418565400315], [0.0, 0.0, 0.0, 1.0]], "suj_psm2_transform": [[0.20922913880050395, -0.975639568071625, -0.06595908345188539, 0.04594841770780486], [-0.7823626263627714, -0.20748173390969363, 0.5872478616091965, 0.27630331209877035], [-0.5866275550530731, -0.07126544258503137, -0.8067151593627168, -0.2215555297648948], [0.0, 0.0, 0.0, 1.0]], "ecm_transform": [[0.9911825975885973, 0.1310480577466897, 0.019582257233060923, -0.08851652962919603], [0.117347409192101, -0.7995386468933137, -0.5890395043457708, 0.888413151250906], [-0.061535711529347684, 0.5861436331521737, -0.8078669429564176, 0.5802507479914079], [0.0, 0.0, 0.0, 1.0]], "psm2_transform": [[0.230795889683551, 0.9640745504661956, -0.13150482290996407, -0.020703906822562238], [0.8376422966919685, -0.2656318150060396, -0.4772788719912098, -0.07514201437957221], [-0.49506427875356, 0.0, -0.8688563517073564, -0.005460688296499167], [0.0, 0.0, 0.0, 1.0]]}