{"ecm_psm_transform": [[-0.48619331524078235, 0.2191390399409951, -0.8459279764784449, 0.0408447246008219], [0.19481896564250198, -0.9164992225595245, -0.34939196566860664, 0.2485544173286529], [-0.8518577527035621, -0.3346748514924988, 0.40290335433861924, -0.14873098770916524], [0.0, 0.0, 0.0, 1.0]], "suj_ecm_transform": [[0.9934896359022634, 0.11392253192753143, -8.60283794869372e-06, -0.09246161728636208], [-0.11392253222274928, 0.993489631089911, -9.782018861103647e-05, 1.0067365194781828], [-2.5970932602239396e-06, 9.816340065048649e-05, 0.9999999951786009, 0.7425469469612886], [0.0, 0.0, 0.0, 1.0]], "suj_psm2_transform": [[0.20906170020905665, -0.9756852341520921, -0.06581435529788321, 0.04588613178264748], [-0.7824465363522493, -0.20726622317026266, 0.5872121682008158, 0.27635838320864575], [-0.5865753346809486, -0.07126735992242411, -0.8067529610442226, -0.22157047318169254], [0.0, 0.0, 0.0, 1.0]], "ecm_transform": [[0.991182315390588, 0.13104998046385902, 0.019583673745634453, -0.08852229466732262], [0.11734979277156901, -0.7995383317487615, -0.5890394572529734, 0.8884175120157183], [-0.061535711529347684, 0.5861436331521734, -0.8078669429564175, 0.5802600582227804], [0.0, 0.0, 0.0, 1.0]], "psm2_transform": [[0.24559892039543327, 0.9592372355569833, -0.1398037775655377, -0.02202469392625787], [0.8336373311963621, -0.2826020628392452, -0.47453648343916643, -0.07475850071140516], [-0.49470190047785806, 0.0, -0.8690627305687406, -0.005490571716021717], [0.0, 0.0, 0.0, 1.0]]}