{"ecm_psm_transform": [[-0.48129854006120654, 0.21948230584641948, -0.8486337447658383, 0.04054259181927541], [0.17363678318925924, -0.9250874639920278, -0.3377328107964709, 0.25033345318557243], [-0.8591868148770891, -0.309904342314104, 0.40713304429415365, -0.1482036255224767], [0.0, 0.0, 0.0, 1.0]], "suj_ecm_transform": [[0.9934865732070297, 0.1139492377477759, -8.605467436939222e-06, -0.09243612010772322], [-0.1139492380431231, 0.9934865683946852, -9.781995732392176e-05, 1.0067468003144389], [-2.597093260223899e-06, 9.816340065044505e-05, 0.9999999951786009, 0.7425450538163643], [0.0, 0.0, 0.0, 1.0]], "suj_psm2_transform": [[0.2093981640822185, -0.975614782882292, -0.06578908952504725, 0.046011772824886533], [-0.7823839626304864, -0.20752193022937132, 0.5872052311521873, 0.2762492198810075], [-0.586538782944158, -0.07148736878228446, -0.8067600710291578, -0.22169069660198903], [0.0, 0.0, 0.0, 1.0]], "ecm_transform": [[0.9911760880235592, 0.13109239964100852, 0.019614925099945866, -0.08855045950755527], [0.11740237960489251, -0.7995313777904733, -0.5890384174156866, 0.8884172721900739], [-0.061535711529347725, 0.5861436331521739, -0.8078669429564174, 0.5802551102483102], [0.0, 0.0, 0.0, 1.0]], "psm2_transform": [[0.2673127235653834, 0.9515037035206666, -0.1522649336075521, -0.023972173452934648], [0.8267822359470887, -0.3076372899803522, -0.4709463155561124, -0.07414449601790438], [-0.494949534945119, 0.0, -0.8689217213636741, -0.005460506416352939], [0.0, 0.0, 0.0, 1.0]]}