{"ecm_psm_transform": [[-0.4728572888265065, 0.2188431809808887, -0.8535301087494291, 0.039526363897357156], [0.1377113026960763, -0.9384088237004864, -0.3168982119085232, 0.25375458882980567], [-0.8703111980857168, -0.2673883724832396, 0.41359627264685167, -0.14697243451979852], [0.0, 0.0, 0.0, 1.0]], "suj_ecm_transform": [[0.9934968879557646, 0.11385927080527693, -8.596609187506633e-06, -0.0924960151225371], [-0.11385927110018833, 0.9934968831433935, -9.782073620223384e-05, 1.0067447996924999], [-2.5970932602320004e-06, 9.81634006504838e-05, 0.9999999951786009, 0.7425382195635291], [0.0, 0.0, 0.0, 1.0]], "suj_psm2_transform": [[0.20899596913439317, -0.9756938185927292, -0.06589580597818628, 0.04576352794548525], [-0.7824327811712389, -0.20725916724922847, 0.5872329865903284, 0.27643744418844884], [-0.586617104962186, -0.07117028840109707, -0.8067311585743349, -0.22147391941862038], [0.0, 0.0, 0.0, 1.0]], "ecm_transform": [[0.991191303358629, 0.13098872261328598, 0.019538543813755888, -0.08847785319772077], [0.11727385195685927, -0.7995483699334958, -0.5890409559477938, 0.8883999387042695], [-0.061535711529347656, 0.5861436331521734, -0.8078669429564174, 0.5802652865588953], [0.0, 0.0, 0.0, 1.0]], "psm2_transform": [[0.30396433052945193, 0.9368337614678249, -0.17305545105493944, -0.027259577928451503], [0.8141350928812519, -0.34977493245520963, -0.4635100291959052, -0.07301178717261776], [-0.49476230283340855, 0.0, -0.8690283445866323, -0.0054844999532153264], [0.0, 0.0, 0.0, 1.0]]}