{"ecm_psm_transform": [[-0.5842095128839657, 0.1857392987524229, -0.7900633885675492, 0.049632634196703676], [0.5628329464935033, -0.6086337124343566, -0.5592710241285656, 0.2154838836603651], [-0.5847378210765242, -0.7714051574803811, 0.2510294078695719, -0.17268354638824251], [0.0, 0.0, 0.0, 1.0]], "suj_ecm_transform": [[0.9934841716868019, 0.11397017387764184, -8.607528835631198e-06, -0.09241784160590533], [-0.11397017417309045, 0.9934841668744637, -9.781977595561151e-05, 1.00673569179648], [-2.5970932602180294e-06, 9.816340065044601e-05, 0.9999999951786012, 0.742537927940726], [0.0, 0.0, 0.0, 1.0]], "suj_psm2_transform": [[0.2091728103153994, -0.9756558454871523, -0.06589693916646211, 0.04588064412165649], [-0.7823772627394173, -0.20739948208134193, 0.5872574167950273, 0.2763064186780114], [-0.5866281225556231, -0.0712820173616151, -0.8067132822928625, -0.22157554163508952], [0.0, 0.0, 0.0, 1.0]], "ecm_transform": [[0.9911883542990646, 0.13100910984140698, 0.019551456223889683, -0.08850104971070649], [0.11729588338030798, -0.7995260738312683, -0.5890668323764213, 0.8884120527552609], [-0.06154122231436181, 0.5861694894845003, -0.8078477626097226, 0.5802607126368531], [0.0, 0.0, 0.0, 1.0]], "psm2_transform": [[-0.21952479551469045, 0.9675607483138178, 0.1250402434284193, 0.019689563388595274], [0.8407412078973107, 0.2526384735593631, -0.4788820554384618, -0.07540755142254756], [-0.49493745614734436, 0.0, -0.8689286014986477, -0.005468791158574807], [0.0, 0.0, 0.0, 1.0]]}