{"ecm_psm_transform": [[-0.5846265496456926, 0.18529254397572398, -0.7898597790724485, 0.049736544332302034], [0.5648252102549118, -0.6059217311662902, -0.5602065133153493, 0.21532889838188568], [-0.5823952947181729, -0.7736443167550903, 0.2495800309373374, -0.17292277996035887], [0.0, 0.0, 0.0, 1.0]], "suj_ecm_transform": [[0.9934831974650548, 0.11397866590071766, -8.60836497163525e-06, -0.0924103705302163], [-0.1139786661962074, 0.993483192652719, -9.781970237728511e-05, 1.0067175459797122], [-2.597093260228194e-06, 9.816340065046235e-05, 0.999999995178601, 0.7425511608661626], [0.0, 0.0, 0.0, 1.0]], "suj_psm2_transform": [[0.2091315487029523, -0.9756674183602942, -0.065856541719584, 0.04594709627044541], [-0.7823997895111019, -0.20734375055587956, 0.5872470846912776, 0.27631850357061183], [-0.5866127894191262, -0.07128574791344905, -0.8067241024255641, -0.22159771082353974], [0.0, 0.0, 0.0, 1.0]], "ecm_transform": [[0.9911873748680277, 0.13101578571499897, 0.019556374810017457, -0.0884958978379027], [0.11730415959497224, -0.7995249799042942, -0.5890666691052512, 0.8883993938805781], [-0.06154122231436175, 0.5861694894845003, -0.8078477626097226, 0.5802594009522293], [0.0, 0.0, 0.0, 1.0]], "psm2_transform": [[-0.22254245297507244, 0.9666532022794185, 0.12671402111362146, 0.019957410435496398], [0.8400257622278428, 0.25608902069972783, -0.47830443471766626, -0.07533276769915728], [-0.49480458306019115, 0.0, -0.8690042719012552, -0.005478743626013471], [0.0, 0.0, 0.0, 1.0]]}