{"ecm_psm_transform": [[-0.5755995956487848, 0.19145884886103542, -0.795002273381506, 0.04875152279056792], [0.5346568014145097, -0.6474959360863947, -0.5430387808000539, 0.2181242021407782], [-0.6187303210528486, -0.7376262752535396, 0.27033362326101507, -0.16960036196210626], [0.0, 0.0, 0.0, 1.0]], "suj_ecm_transform": [[0.9934983005525945, 0.11384694429463775, -8.595395506655599e-06, -0.09250353482283656], [-0.11384694458948945, 0.9934982957402196, -9.782084285440477e-05, 1.006742248530839], [-2.597093260224453e-06, 9.816340065044448e-05, 0.9999999951786012, 0.742543890071776], [0.0, 0.0, 0.0, 1.0]], "suj_psm2_transform": [[0.20908259259620282, -0.9756837886317286, -0.06576940074599047, 0.045773275453463644], [-0.7824389779808266, -0.2072555423682983, 0.5872260092110548, 0.27641163000896357], [-0.5865779702729805, -0.07131819374366477, -0.8067465525377666, -0.2215387022323141], [0.0, 0.0, 0.0, 1.0]], "ecm_transform": [[0.9911873566575446, 0.13101590983443692, 0.019556466257597493, -0.08849918533878764], [0.11730431346836379, -0.7995249595652005, -0.5890666660692837, 0.8884050372992364], [-0.061541222314361765, 0.5861694894845003, -0.8078477626097227, 0.580261290801205], [0.0, 0.0, 0.0, 1.0]], "psm2_transform": [[-0.1757506011553112, 0.9793320943317674, 0.10010182418568112, 0.01576316894990269], [0.8509797737276161, 0.20225886633656948, -0.484690391584918, -0.07632484815437003], [-0.4949193377713606, 0.0, -0.8689389213862837, -0.005470416216610492], [0.0, 0.0, 0.0, 1.0]]}