{"ecm_psm_transform": [[-0.5731867131486297, 0.1930944571671368, -0.7963488698310557, 0.04870831618960354], [0.5264328299119834, -0.6579793345268143, -0.5384530350239576, 0.21874861852165356], [-0.627953395930567, -0.7278583144726586, 0.27549375055033304, -0.1688292133209431], [0.0, 0.0, 0.0, 1.0]], "suj_ecm_transform": [[0.993486623635144, 0.11394879808049108, -8.605424146742329e-06, -0.092438206152571], [-0.11394879837583616, 0.9934866188227993, -9.781996113231754e-05, 1.0067337909124567], [-2.597093260224826e-06, 9.816340065050285e-05, 0.9999999951786009, 0.7425405495246684], [0.0, 0.0, 0.0, 1.0]], "suj_psm2_transform": [[0.20921836717992884, -0.9756474289145797, -0.0658769252996444, 0.045944236407530384], [-0.7823888021373456, -0.20742654787576004, 0.587232483371309, 0.27630080396779977], [-0.5865964857759158, -0.07131845265227982, -0.8067330668731948, -0.22158931291989836], [0.0, 0.0, 0.0, 1.0]], "ecm_transform": [[0.9911877326962001, 0.1310131201147585, 0.019556096501152753, -0.088495052315936], [0.1173034488521531, -0.799540581445885, -0.5890456344873177, 0.8884022642830359], [-0.06153681369681756, 0.5861488044677498, -0.8078631069562908, 0.5802599526897638], [0.0, 0.0, 0.0, 1.0]], "psm2_transform": [[-0.1634410841308734, 0.9821536998240078, 0.0930651489019251, 0.014657592676422644], [0.8534890052747446, 0.18808006253192477, -0.48598601621148935, -0.0765419188183128], [-0.49481666290986165, 0.0, -0.8689973936133228, -0.005478315151927562], [0.0, 0.0, 0.0, 1.0]]}