{"ecm_psm_transform": [[-0.5395121856266503, 0.27116027038626334, -0.7971190057478269, 0.03181492352118358], [0.4773304555440556, -0.6813847370883077, -0.5548607719718547, 0.21622657138019938], [-0.6936009211141951, -0.6798433259414604, 0.23818231337022894, -0.1625076432221019], [0.0, 0.0, 0.0, 1.0]], "suj_ecm_transform": [[0.990530087921334, 0.13729582952019018, -1.0904926558018742e-05, -0.06327019176624306], [-0.13729582992869685, 0.9905300831172721, -9.759037195050697e-05, 1.0298264762598313], [-2.5970932602266997e-06, 9.816340065050602e-05, 0.999999995178601, 0.749580965227622], [0.0, 0.0, 0.0, 1.0]], "suj_psm2_transform": [[0.2792910392667395, -0.9596606768438342, -0.032371294458813205, 0.031240765425441692], [-0.7779813414815376, -0.24591921366582034, 0.5781598158438306, 0.2712413815699514], [-0.5627979634752529, -0.1362905927407288, -0.8152811334984327, -0.2178761956594828], [0.0, 0.0, 0.0, 1.0]], "ecm_transform": [[0.993741822231763, 0.11156349707610445, 0.005547690298239094, -0.06221600316964569], [0.09329644515207537, -0.801668894359218, -0.5904428483256063, 0.9112583630871997], [-0.061424458235143864, 0.5872653318024308, -0.8070603855929864, 0.5874793953019328], [0.0, 0.0, 0.0, 1.0]], "psm2_transform": [[-0.13167792128726646, 0.9884516848711321, 0.07499461127897508, 0.0117995444917079], [0.8589177412605786, 0.15153635430292006, -0.48917997411219283, -0.07696687496008878], [-0.49489517960199436, 0.0, -0.8689526806487853, -0.005431989084176393], [0.0, 0.0, 0.0, 1.0]]}