{"ecm_psm_transform": [[-0.5397106508910385, 0.27103977251416433, -0.7970256300961982, 0.031707005502673406], [0.4775569824636201, -0.6811109974297029, -0.5550019258349981, 0.21622411303176445], [-0.6932905176151001, -0.6801656054930926, 0.23816592386233887, -0.16250074029849104], [0.0, 0.0, 0.0, 1.0]], "suj_ecm_transform": [[0.9905292560440739, 0.13730183102145255, -1.090551784624822e-05, -0.06328283248118996], [-0.13730183142998836, 0.9905292512400145, -9.759030587701844e-05, 1.0298237945828963], [-2.5970932602293873e-06, 9.816340065045896e-05, 0.9999999951786012, 0.7495782002355738], [0.0, 0.0, 0.0, 1.0]], "suj_psm2_transform": [[0.2792102946765878, -0.9596813827257059, -0.03245389031056495, 0.031117003250097343], [-0.7779718384237461, -0.24589620917891508, 0.5781823872542435, 0.27126161238483015], [-0.5628511614682783, -0.13618626201315762, -0.8152618426448608, -0.21784984918121975], [0.0, 0.0, 0.0, 1.0]], "ecm_transform": [[0.9937489640340326, 0.11150210430523852, 0.005502473697425195, -0.06217523227438901], [0.09322034333666776, -0.8016774356301198, -0.5904432714407957, 0.9112276727333245], [-0.06142445823514385, 0.5872653318024308, -0.8070603855929867, 0.5874927786393664], [0.0, 0.0, 0.0, 1.0]], "psm2_transform": [[-0.13199928040009618, 0.9883942706363343, 0.0751861406585375, 0.011829049035873826], [0.8588440513133059, 0.15191038731195639, -0.48919334597935704, -0.07696487712933192], [-0.49493745614734436, 0.0, -0.8689286014986477, -0.0054295100315442935], [0.0, 0.0, 0.0, 1.0]]}