{"ecm_psm_transform": [[-0.5226951944555984, 0.27568333593091116, -0.806714591403322, 0.030225456607692654], [0.4343652487947055, -0.7281138854845756, -0.5302612567443226, 0.220084950624238], [-0.7335642877979667, -0.6275737949074667, 0.2608343681589969, -0.15894493189259346], [0.0, 0.0, 0.0, 1.0]], "suj_ecm_transform": [[0.9905312959464775, 0.13728711385885106, -1.0904067861694738e-05, -0.06327343592086268], [-0.1372871142673155, 0.9905312911424119, -9.759046789889506e-05, 1.029817709218432], [-2.5970932602251937e-06, 9.81634006504227e-05, 0.9999999951786009, 0.7495781989995933], [0.0, 0.0, 0.0, 1.0]], "suj_psm2_transform": [[0.27926412255238947, -0.9596692556508285, -0.032349182580536484, 0.031160157915780244], [-0.7779991888362529, -0.24588672295452643, 0.578149618736203, 0.27124583728170465], [-0.5627866487623678, -0.13628880817319103, -0.8152892423806133, -0.21789141865555006], [0.0, 0.0, 0.0, 1.0]], "ecm_transform": [[0.9937507879028675, 0.11148641771860449, 0.005490920387628332, -0.06215618379827089], [0.09320089845569898, -0.8016796172581999, -0.5904433789956468, 0.9112375220095634], [-0.061424458235143836, 0.5872653318024309, -0.8070603855929865, 0.5874850677328158], [0.0, 0.0, 0.0, 1.0]], "psm2_transform": [[-0.0710656388813605, 0.9966506300855281, 0.04046228516166529, 0.006367804037361233], [0.8661039376986064, 0.08177726793015194, -0.49312924021279547, -0.07760684682591659], [-0.494786463106412, 0.0, -0.8690145890183014, -0.005443040445320565], [0.0, 0.0, 0.0, 1.0]]}