{"ecm_psm_transform": [[-0.5160599923687106, 0.277157669886243, -0.8104725228529558, 0.029642084116970984], [0.4162701660225743, -0.7458001677704955, -0.5200973549567807, 0.2217211463983036], [-0.7485995145309305, -0.6057769686747171, 0.2695051596302488, -0.15762930645894524], [0.0, 0.0, 0.0, 1.0]], "suj_ecm_transform": [[0.9905293057526783, 0.1373014724108518, -1.0905482514714905e-05, -0.06325474840673705], [-0.13730147281938584, 0.9905293009486186, -9.759030982521607e-05, 1.029827210949182], [-2.5970932602254444e-06, 9.816340065043645e-05, 0.999999995178601, 0.7495799448911389], [0.0, 0.0, 0.0, 1.0]], "suj_psm2_transform": [[0.2792982352676805, -0.9596611614444542, -0.0322947517631042, 0.03116759110972886], [-0.7780122200419303, -0.24588686065194268, 0.5781320240430894, 0.2712623674661689], [-0.5627517047879877, -0.1363455425520513, -0.8153038769590146, -0.21792384869017023], [0.0, 0.0, 0.0, 1.0]], "ecm_transform": [[0.9937446221562981, 0.1115394342518071, 0.005529967651212844, -0.062184684830718394], [0.09326661710363321, -0.8016722426713848, -0.5904430145782714, 0.9112451270029021], [-0.06142445823514385, 0.5872653318024309, -0.8070603855929864, 0.5874831762358657], [0.0, 0.0, 0.0, 1.0]], "psm2_transform": [[-0.046722268159538144, 0.9985533141678937, 0.026614064371004033, 0.004186747545598949], [0.8676612294665047, 0.05377061245992776, -0.4942395290912676, -0.07775047458047388], [-0.49495557430814124, 0.0, -0.8689182812332229, -0.005424613060258994], [0.0, 0.0, 0.0, 1.0]]}