{"ecm_psm_transform": [[-0.5100771074210598, 0.2782381918625455, -0.8138825794142704, 0.029091899800100508], [0.39993906402968343, -0.7610007000879208, -0.5108098271654097, 0.22316373890210808], [-0.7614920154197454, -0.5860558361237914, 0.2768907138154302, -0.15641229794810968], [0.0, 0.0, 0.0, 1.0]], "suj_ecm_transform": [[0.9905371107649903, 0.13724515320599498, -1.0899933759683888e-05, -0.06330789778674994], [-0.1372451536142559, 0.9905371059609074, -9.759092972558159e-05, 1.029825378893303], [-2.5970932602200606e-06, 9.816340065047982e-05, 0.999999995178601, 0.7495755842822107], [0.0, 0.0, 0.0, 1.0]], "suj_psm2_transform": [[0.2792869787768002, -0.959661555818859, -0.03238026820540951, 0.03115944892430457], [-0.7779801632693604, -0.24592079096191877, 0.5781607303614142, 0.2712505192121371], [-0.562801607180636, -0.13628155728487745, -0.8152801286054395, -0.2178719748779243], [0.0, 0.0, 0.0, 1.0]], "ecm_transform": [[0.9937450917482796, 0.11153539776909607, 0.005526994725227996, -0.0621832394942221], [0.0932616135219751, -0.8016728042708386, -0.5904430424145987, 0.911236640341159], [-0.06142445823514385, 0.5872653318024309, -0.8070603855929864, 0.5874801285475422], [0.0, 0.0, 0.0, 1.0]], "psm2_transform": [[-0.02503362247299105, 0.999584919356169, 0.014258567305340761, 0.0022435166954203395], [0.8685748031666207, 0.028809529599095766, -0.4947199433096922, -0.07784179354099369], [-0.49492537725393104, 0.0, -0.8689354814657151, -0.005433865975699358], [0.0, 0.0, 0.0, 1.0]]}