{"ecm_psm_transform": [[-0.5058286952744726, 0.2788605458562595, -0.8163174180437862, 0.028742318107109102], [0.38925640520979765, -0.7707010808592387, -0.5044792314511541, 0.22414454494759903], [-0.7698160702661843, -0.5729368550958738, 0.28129446854280504, -0.15570872108222328], [0.0, 0.0, 0.0, 1.0]], "suj_ecm_transform": [[0.990531282646685, 0.13728720981728146, -1.0904077315841615e-05, -0.06328032752880935], [-0.13728721022574633, 0.9905312778426195, -9.759046684256434e-05, 1.029825418202639], [-2.597093260226266e-06, 9.816340065043178e-05, 0.999999995178601, 0.7495734012997881], [0.0, 0.0, 0.0, 1.0]], "suj_psm2_transform": [[0.27928796453367133, -0.9596652126126375, -0.032263176653579195, 0.031191261291901376], [-0.7780263602444764, -0.2458623008061348, 0.5781234399391241, 0.2712633009599107], [-0.5627372527488925, -0.1363613168880934, -0.8153112139699625, -0.21789980241558715], [0.0, 0.0, 0.0, 1.0]], "ecm_transform": [[0.9937497108050739, 0.11149568193679502, 0.005497743562716928, -0.06216897169300859], [0.09321238225338638, -0.8016783288654059, -0.5904433155030372, 0.9112238885855828], [-0.06142445823514388, 0.5872653318024311, -0.8070603855929863, 0.5874857963091646], [0.0, 0.0, 0.0, 1.0]], "psm2_transform": [[-0.010919430349617057, 0.999921062853583, 0.0062156337248032, 0.000978435627147008], [0.8689975673326242, 0.012564555772531275, -0.4946568102313162, -0.07786653264491394], [-0.4946958601108577, 0.0, -0.8690661689360475, -0.005454433597107768], [0.0, 0.0, 0.0, 1.0]]}