{"ecm_psm_transform": [[-0.49884517797571404, 0.2798416355690455, -0.8202695577750159, 0.02810596769772751], [0.368745518083515, -0.7879741194280936, -0.4930755824463843, 0.22589447224374226], [-0.7843342599323955, -0.5484390997308292, 0.28988674095711786, -0.15441837325584334], [0.0, 0.0, 0.0, 1.0]], "suj_ecm_transform": [[0.9905270163823721, 0.13731798752410795, -1.0907109640106736e-05, -0.06326487562819957], [-0.1373179879327221, 0.9905270115783192, -9.759012798409686e-05, 1.0298165422653551], [-2.5970932602243094e-06, 9.816340065040236e-05, 0.9999999951786009, 0.7495722400271609], [0.0, 0.0, 0.0, 1.0]], "suj_psm2_transform": [[0.27931672470383545, -0.9596520787622095, -0.03240455258281194, 0.031174890847606024], [-0.777962894717752, -0.24595720031790974, 0.5781684789524173, 0.27118076449951795], [-0.5628107157322948, -0.13628258633862966, -0.8152736687258801, -0.21791788269235624], [0.0, 0.0, 0.0, 1.0]], "ecm_transform": [[0.9937473769358094, 0.11151575179722158, 0.0055125252198404175, -0.06218694834193307], [0.09323726059745625, -0.8016755373366966, -0.5904431776828326, 0.9112305692166449], [-0.06142445823514388, 0.5872653318024311, -0.8070603855929865, 0.587477947213094], [0.0, 0.0, 0.0, 1.0]], "psm2_transform": [[0.015225594296984554, 0.9998464782509445, -0.008671862976728138, -0.0013643509028679062], [0.8688089597137452, -0.017521984167996406, -0.4948373183097011, -0.0778531376499331], [-0.4949132982648815, 0.0, -0.868942361264875, -0.0054297107591094115], [0.0, 0.0, 0.0, 1.0]]}