{"ecm_psm_transform": [[-0.49261146704468084, 0.28044878478560537, -0.8238218385357146, 0.02753598375125356], [0.35186311924050406, -0.8016345618580483, -0.4832953285031814, 0.22747216670325632], [-0.7959436461549464, -0.5279493425954165, 0.296214793348741, -0.1533673716702996], [0.0, 0.0, 0.0, 1.0]], "suj_ecm_transform": [[0.9905354884762664, 0.1372568612137514, -1.0901087270769197e-05, -0.06330784193687664], [-0.13725686162206913, 0.9905354836721884, -9.759080088295784e-05, 1.0298341887522198], [-2.5970932602268936e-06, 9.816340065044475e-05, 0.9999999951786012, 0.7495742793268156], [0.0, 0.0, 0.0, 1.0]], "suj_psm2_transform": [[0.27933496749687353, -0.9596489712090666, -0.03233926392021025, 0.031167215780318842], [-0.7779845383659232, -0.2459390297696407, 0.578147084831818, 0.27124314113919823], [-0.5627717423583759, -0.13633724983784953, -0.8152914327463339, -0.21789998598655425], [0.0, 0.0, 0.0, 1.0]], "ecm_transform": [[0.9937500597258386, 0.11149268096349609, 0.005495533319368428, -0.06216520412955059], [0.09320866228742518, -0.8016787462285333, -0.5904433360789466, 0.9112301951141684], [-0.061424458235143864, 0.5872653318024309, -0.8070603855929865, 0.5874799738782788], [0.0, 0.0, 0.0, 1.0]], "psm2_transform": [[0.03658691803986726, 0.9991134181373089, -0.020827268815830864, -0.003278320538139356], [0.8682853645506148, -0.04209961636384404, -0.494275376697265, -0.0778015174842102], [-0.4947139811401637, 0.0, -0.869055853708178, -0.005451499905036412], [0.0, 0.0, 0.0, 1.0]]}