{"ecm_psm_transform": [[-0.4753665276732575, 0.28109211518389143, -0.8336749289437198, 0.025993943524017387], [0.301820389984479, -0.8379766035327085, -0.4546423474792054, 0.23197217760236286], [-0.8263964645117301, -0.4677418462284848, 0.3135066964664095, -0.15063885367557206], [0.0, 0.0, 0.0, 1.0]], "suj_ecm_transform": [[0.9905252905495333, 0.13733043603939704, -1.0908336110863647e-05, -0.06324188990665064], [-0.13733043644807158, 0.9905252857454857, -9.758999090048054e-05, 1.0298109821429526], [-2.5970932602227703e-06, 9.816340065045196e-05, 0.999999995178601, 0.749575584556873], [0.0, 0.0, 0.0, 1.0]], "suj_psm2_transform": [[0.2792274210360001, -0.9596804618919014, -0.03233354921024234, 0.03117572312944173], [-0.7780146046321407, -0.2458490069898422, 0.5781449132710607, 0.2712561997213124], [-0.5627835483742201, -0.13627793961259968, -0.8152931993180531, -0.2179035944558243], [0.0, 0.0, 0.0, 1.0]], "ecm_transform": [[0.9937487404324993, 0.11150402721150363, 0.005503889936915141, -0.06216724266424639], [0.0932227269464935, -0.8016771681784366, -0.5904432582408426, 0.9112365502125584], [-0.06142445823514385, 0.5872653318024309, -0.8070603855929864, 0.5874791038164608], [0.0, 0.0, 0.0, 1.0]], "psm2_transform": [[0.09752629370908658, 0.9936840782284122, -0.05550292524470861, -0.008738841515147262], [0.863621627663336, -0.11221387024495114, -0.4914933687821023, -0.07738479794706123], [-0.49461733316524537, 0.0, -0.8691108638905055, -0.005464090191558017], [0.0, 0.0, 0.0, 1.0]]}