{"ecm_psm_transform": [[-0.47667423868574166, 0.28115575826484973, -0.8329064231760293, 0.02618366487369837], [0.30552965964470025, -0.8354222198519945, -0.45686030868850935, 0.23161914105350245], [-0.8242774394891338, -0.47225115581868476, 0.3123228274992945, -0.15082718884983645], [0.0, 0.0, 0.0, 1.0]], "suj_ecm_transform": [[0.9905261155987288, 0.1373244850633515, -1.0907749800079202e-05, -0.0632496709823961], [-0.13732448547199716, 0.9905261107946787, -9.75900564348841e-05, 1.0298209773703568], [-2.597093260229988e-06, 9.816340065045963e-05, 0.9999999951786009, 0.7495751517232634], [0.0, 0.0, 0.0, 1.0]], "suj_psm2_transform": [[0.2792973341502732, -0.9596594888301245, -0.03235219675470852, 0.03124846877111053], [-0.7779873707093997, -0.24591466208947776, 0.5781536387380899, 0.2712415832149129], [-0.562786504949458, -0.13630716953895963, -0.8152862720413312, -0.21790477969508837], [0.0, 0.0, 0.0, 1.0]], "ecm_transform": [[0.9937512928562638, 0.11148207416936809, 0.0054877213303850154, -0.0621528443540288], [0.09319551425376396, -0.8016802212864408, -0.5904434087371119, 0.9112207445901219], [-0.061424458235143836, 0.5872653318024309, -0.8070603855929867, 0.5874775071009313], [0.0, 0.0, 0.0, 1.0]], "psm2_transform": [[0.0930601585750212, 0.9942505674607733, -0.05296806575590664, -0.00833918954052928], [0.864086623992725, -0.10707851840556136, -0.49182161108772443, -0.07743144055683496], [-0.4946656579173927, 0.0, -0.8690833601428307, -0.005461070046889761], [0.0, 0.0, 0.0, 1.0]]}