{"ecm_psm_transform": [[-0.47104052460634027, 0.28091153787683204, -0.8361874981523324, 0.02546096536269144], [0.28851931210149584, -0.846736153111384, -0.4469837732609708, 0.2332782720518855], [-0.8335930846180668, -0.4518037128021508, 0.31779863809514386, -0.14983717725933776], [0.0, 0.0, 0.0, 1.0]], "suj_ecm_transform": [[0.9905421649337363, 0.13720867089822186, -1.0896339406103397e-05, -0.06332791222895053], [-0.13720867130630582, 0.9905421601296385, -9.759133111195726e-05, 1.0298282363047127], [-2.597093260232584e-06, 9.816340065041722e-05, 0.9999999951786009, 0.7495748594138041], [0.0, 0.0, 0.0, 1.0]], "suj_psm2_transform": [[0.2790709300723256, -0.9597242411977442, -0.03238513310118446, 0.031037000076599264], [-0.7780366195804966, -0.24574884383810297, 0.5781578714710971, 0.2713714292683125], [-0.5628307335072606, -0.13615023543736507, -0.815281962765048, -0.21776154362682898], [0.0, 0.0, 0.0, 1.0]], "ecm_transform": [[0.9937564229212453, 0.11143793153960642, 0.005455210073427998, -0.0621171623567096], [0.09314079575186322, -0.8016863585450079, -0.5904437100093075, 0.9112340166267245], [-0.06142445823514388, 0.5872653318024311, -0.8070603855929864, 0.5874801251142625], [0.0, 0.0, 0.0, 1.0]], "psm2_transform": [[0.11323949968738098, 0.9914749934644478, -0.0644527194556199, -0.01014815886953958], [0.8616778276231222, -0.13029711176642866, -0.4904426409357405, -0.07722078879913698], [-0.49465961740700903, 0.0, -0.8690867982582358, -0.005464886555909706], [0.0, 0.0, 0.0, 1.0]]}