{"ecm_psm_transform": [[-0.4641114445168006, 0.28090511862986334, -0.8400552847259942, 0.025016700264983774], [0.2671060817758137, -0.859852625683581, -0.4350951656631266, 0.23501534129598342], [-0.844544201416895, -0.4263165214164161, 0.3240359785895777, -0.14906545273050226], [0.0, 0.0, 0.0, 1.0]], "suj_ecm_transform": [[0.9905268216563563, 0.13731939214979474, -1.0907248028664319e-05, -0.06326121495082193], [-0.13731939255841571, 0.990526816852304, -9.759011251713234e-05, 1.0298155478877307], [-2.5970932602312525e-06, 9.816340065046143e-05, 0.999999995178601, 0.7495735475918492], [0.0, 0.0, 0.0, 1.0]], "suj_psm2_transform": [[0.2793160608035611, -0.9596554127624973, -0.03231140561508172, 0.031202698656853385], [-0.7779994873870802, -0.24590936668922897, 0.5781395860862173, 0.2711945230410681], [-0.5627604604115517, -0.1363454147749139, -0.8152978548157938, -0.21796047399052343], [0.0, 0.0, 0.0, 1.0]], "ecm_transform": [[0.9937492574256918, 0.11149958114922207, 0.005500615368723084, -0.06216076893917356], [0.09321721566537836, -0.8016777865617389, -0.5904432887560543, 0.9112390791015185], [-0.06142445823514382, 0.5872653318024307, -0.8070603855929867, 0.5874804153637534], [0.0, 0.0, 0.0, 1.0]], "psm2_transform": [[0.13783390847144028, 0.9873402950788651, -0.07849175363734781, -0.012351857735547457], [0.8579757684056761, -0.15861633495191937, -0.48858821016793874, -0.07688670189665112], [-0.49485290188517234, 0.0, -0.8689767577420147, -0.005439706260741965], [0.0, 0.0, 0.0, 1.0]]}