{"ecm_psm_transform": [[-0.5717522372909023, 0.2582564734361302, -0.7787188023164596, 0.034615573870701515], [0.5535370938266339, -0.5791447587894005, -0.5984881236288082, 0.20940611896610206], [-0.6055543451341195, -0.7732366664192152, 0.18817277378538888, -0.170412249626386], [0.0, 0.0, 0.0, 1.0]], "suj_ecm_transform": [[0.9905383360759648, 0.13723630949959886, -1.0899062449133784e-05, -0.06332860020578782], [-0.13723630990781688, 0.9905383312718783, -9.759102703831943e-05, 1.0298266647929402], [-2.5970932602215565e-06, 9.816340065045537e-05, 0.999999995178601, 0.7495747160056985], [0.0, 0.0, 0.0, 1.0]], "suj_psm2_transform": [[0.2793162033904286, -0.9596542983028811, -0.03234325698444318, 0.031148228924470056], [-0.7779882203605275, -0.24592595046681714, 0.5781476938181558, 0.27125433384243763], [-0.5627759656415828, -0.13632334589422906, -0.8152908424975632, -0.2178938750569701], [0.0, 0.0, 0.0, 1.0]], "ecm_transform": [[0.9937481486220461, 0.111509116363923, 0.005507638150152511, -0.06216743601858429], [0.0932290353954979, -0.8016764603196962, -0.590443223289511, 0.9112456034736399], [-0.06142445823514388, 0.5872653318024311, -0.8070603855929861, 0.5874791054644353], [0.0, 0.0, 0.0, 1.0]], "psm2_transform": [[-0.249553571398489, 0.9578620294964258, 0.14220881636258534, 0.022364150648413253], [0.8322214360032588, 0.2872287110457244, -0.4742437653862047, -0.07458088242662747], [-0.4951065506120204, 0.0, -0.8688322643301565, -0.005409774499595229], [0.0, 0.0, 0.0, 1.0]]}