{"ecm_psm_transform": [[-0.4465364808559107, 0.27921868349798856, -0.8500835829790322, 0.023408800700430943], [0.21239123103680785, -0.8898329059980074, -0.4038407661217609, 0.24002750786938898], [-0.8691922320427676, -0.36087993320326306, 0.33803925447752403, -0.14679695772777235], [0.0, 0.0, 0.0, 1.0]], "suj_ecm_transform": [[0.990536470729699, 0.13724977244255704, -1.0900388861879546e-05, -0.06330253949913749], [-0.13724977285084033, 0.990536465925618, -9.75908788941028e-05, 1.0298371466027114], [-2.5970932602236165e-06, 9.816340065045285e-05, 0.9999999951786008, 0.7495680214530265], [0.0, 0.0, 0.0, 1.0]], "suj_psm2_transform": [[0.2792664366820876, -0.9596727490959743, -0.032225331425210946, 0.031175280544649693], [-0.7780474471066844, -0.24582582257501057, 0.578110573338778, 0.27130344692140745], [-0.5627187818028299, -0.13637404297700703, -0.8153218340069428, -0.21790596406452512], [0.0, 0.0, 0.0, 1.0]], "ecm_transform": [[0.9937439397559775, 0.11154529958510026, 0.005534287554698088, -0.06220634832546686], [0.09327388771133605, -0.8016714265853881, -0.5904429741031404, 0.911257431811216], [-0.06142445823514382, 0.5872653318024307, -0.8070603855929865, 0.5874828907929661], [0.0, 0.0, 0.0, 1.0]], "psm2_transform": [[0.19915768701436498, 0.9733825440480455, -0.11341357346298148, -0.017849126037398213], [0.8458468071695443, -0.22918643708246536, -0.4816811765665469, -0.07580739913097649], [-0.49485290188517234, 0.0, -0.8689767577420147, -0.005444289820947638], [0.0, 0.0, 0.0, 1.0]]}