{"ecm_psm_transform": [[-0.4410946995505606, 0.27840413268999087, -0.853186149049277, 0.022885413366627916], [0.19563955376005498, -0.897975277109507, -0.39416439045742224, 0.2415081164193516], [-0.8758770638810951, -0.3407807808566067, 0.3416252747760243, -0.14619253854637193], [0.0, 0.0, 0.0, 1.0]], "suj_ecm_transform": [[0.9905277083892934, 0.13731299572182193, -1.090661783061272e-05, -0.06324912191193713], [-0.13731299613041187, 0.9905277035852386, -9.759018294970673e-05, 1.0298248939038026], [-2.5970932602262618e-06, 9.816340065043567e-05, 0.9999999951786012, 0.7495731136595898], [0.0, 0.0, 0.0, 1.0]], "suj_psm2_transform": [[0.2792032902594271, -0.9596880455958963, -0.032316835374763875, 0.03113774487414773], [-0.7780277460297689, -0.24582106048732516, 0.5781391118309889, 0.2712750885631247], [-0.5627773530590476, -0.1362749476654323, -0.8152979759098119, -0.21788825390355626], [0.0, 0.0, 0.0, 1.0]], "ecm_transform": [[0.9937407104568509, 0.11157304961658115, 0.005554725913077416, -0.06222927150781771], [0.09330828640175837, -0.801667564930899, -0.5904427821783672, 0.9112421409450037], [-0.061424458235143836, 0.5872653318024309, -0.8070603855929864, 0.5874862320267296], [0.0, 0.0, 0.0, 1.0]], "psm2_transform": [[0.2175556831394176, 0.9681647365327105, -0.12380051562206286, -0.019493272780451466], [0.841462459967991, -0.25031388881671607, -0.4788359693361287, -0.07539613321043065], [-0.4945810885975713, 0.0, -0.8691314899378813, -0.0054666826978040685], [0.0, 0.0, 0.0, 1.0]]}