{"ecm_psm_transform": [[-0.43711807935042385, 0.27773591894032623, -0.8554475694251339, 0.02252966288771754], [0.18222015282756543, -0.9040544674904161, -0.3866281620809835, 0.24267256046803234], [-0.8807517247263815, -0.3248819464682411, 0.34456947086257017, -0.14574210643523933], [0.0, 0.0, 0.0, 1.0]], "suj_ecm_transform": [[0.9905274865547494, 0.13731459594876716, -1.090677549045561e-05, -0.06326518561559981], [-0.13731459635736487, 0.9905274817506952, -9.759016532959568e-05, 1.0298221177660425], [-2.597093260225618e-06, 9.816340065041916e-05, 0.999999995178601, 0.7495716595281787], [0.0, 0.0, 0.0, 1.0]], "suj_psm2_transform": [[0.2792194072068596, -0.9596813470631917, -0.03237645345042761, 0.031140271635633605], [-0.7780000246539824, -0.2458643304242943, 0.5781580170363604, 0.2712431246620251], [-0.5628076796539407, -0.13624405720614477, -0.8152822042695131, -0.21788483741753462], [0.0, 0.0, 0.0, 1.0]], "ecm_transform": [[0.9937508257036544, 0.11148609256951905, 0.005490680912761427, -0.0621546331989911], [0.09320049540546554, -0.8016796624753316, -0.5904433812226321, 0.9112353268426762], [-0.06142445823514386, 0.5872653318024309, -0.8070603855929864, 0.5874872481059454], [0.0, 0.0, 0.0, 1.0]], "psm2_transform": [[0.23187470015653636, 0.9637497110959033, -0.13198718797625497, -0.020778832451022848], [0.8375655829203766, -0.2668079728242072, -0.4767571708371955, -0.07505620450397033], [-0.4946898197199597, 0.0, -0.8690696072613712, -0.005458904870675182], [0.0, 0.0, 0.0, 1.0]]}