{"ecm_psm_transform": [[-0.42960293715999515, 0.276205151294574, -0.8597395133305475, 0.02183611119633806], [0.15663955978909044, -0.9148473390888504, -0.37218059389378433, 0.24497132405720903], [-0.8893286033253318, -0.2945590951921049, 0.349756450615315, -0.1449230305866528], [0.0, 0.0, 0.0, 1.0]], "suj_ecm_transform": [[0.990530596080397, 0.13729216332225264, -1.0904565351813273e-05, -0.06327338036084226], [-0.13729216373074155, 0.9905305912763336, -9.759041231158526e-05, 1.0298173616957405], [-2.5970932602251174e-06, 9.816340065041997e-05, 0.999999995178601, 0.7495834328289563], [0.0, 0.0, 0.0, 1.0]], "suj_psm2_transform": [[0.2792107417769137, -0.9596817401359824, -0.032439471727483626, 0.031117349860485477], [-0.7779779356419928, -0.24588938790904186, 0.5781770840909729, 0.2712518600215624], [-0.5628425120143368, -0.136196059279589, -0.8152661774574619, -0.217842702115985], [0.0, 0.0, 0.0, 1.0]], "ecm_transform": [[0.993754169716873, 0.11145732290404006, 0.005469491877035087, -0.06214181067938053], [0.09316483296205427, -0.8016836628209691, -0.5904435778845488, 0.9112326688528518], [-0.06142445823514385, 0.5872653318024309, -0.8070603855929865, 0.5874885593785759], [0.0, 0.0, 0.0, 1.0]], "psm2_transform": [[0.2587400689832612, 0.9546408705420713, -0.14735801638598994, -0.02318803551374208], [0.8295410272028223, -0.2977596485265867, -0.47244139943130536, -0.07434266704214852], [-0.49488913999988315, 0.0, -0.8689561203594668, -0.005437768267765666], [0.0, 0.0, 0.0, 1.0]]}