{"ecm_psm_transform": [[-0.4242423052841481, 0.2750202825032151, -0.8627759330318874, 0.021419282589503794], [0.13857889013531494, -0.9218258248148896, -0.36198486144204045, 0.24656906014724436], [-0.8948823149532326, -0.2731318233311538, 0.35296550747593347, -0.1444806973396394], [0.0, 0.0, 0.0, 1.0]], "suj_ecm_transform": [[0.9905273388129073, 0.137315661689627, -1.0906880490900805e-05, -0.06325118939549147], [-0.13731566209822987, 0.9905273340088535, -9.759015359461617e-05, 1.0298255655498052], [-2.5970932602318988e-06, 9.816340065045232e-05, 0.999999995178601, 0.7495751473286651], [0.0, 0.0, 0.0, 1.0]], "suj_psm2_transform": [[0.2793091180295206, -0.9596567804869878, -0.032330794158525966, 0.03118507399175168], [-0.7779939036507131, -0.24591363500652424, 0.5781452845091822, 0.27123839238416975], [-0.5627716254999862, -0.13632808875366667, -0.8152930453210527, -0.2179069154274058], [0.0, 0.0, 0.0, 1.0]], "ecm_transform": [[0.9937497392445118, 0.11149543734140577, 0.0054975634160115555, -0.062145684366892766], [0.09321207905622253, -0.8016783628831636, -0.5904433171803938, 0.9112301610471616], [-0.06142445823514385, 0.5872653318024308, -0.8070603855929863, 0.5874920492390303], [0.0, 0.0, 0.0, 1.0]], "psm2_transform": [[0.27730609919773813, 0.9477013846718251, -0.15799814188413625, -0.024857276603528967], [0.8234261502719027, -0.31915840188079875, -0.4691559330939857, -0.0738106072643304], [-0.49504616188404904, 0.0, -0.8688666742394209, -0.005428277123239556], [0.0, 0.0, 0.0, 1.0]]}