{"ecm_psm_transform": [[-0.5724698397110665, 0.257876525091178, -0.7783174033953534, 0.034725368761858416], [0.555153624416792, -0.5766594508827856, -0.5993899657188665, 0.2092008191714309], [-0.6033926879885817, -0.7752184050410977, 0.18695905585836464, -0.17061642736533217], [0.0, 0.0, 0.0, 1.0]], "suj_ecm_transform": [[0.9905256042239435, 0.13732817357630897, -1.0908113205154809e-05, -0.06325544962490526], [-0.13732817398497252, 0.9905255994198949, -9.759001581602472e-05, 1.029813213064838], [-2.597093260221742e-06, 9.816340065047736e-05, 0.999999995178601, 0.7495799462644506], [0.0, 0.0, 0.0, 1.0]], "suj_psm2_transform": [[0.2793036427609238, -0.9596561668481134, -0.03239624315973311, 0.031194543038949134], [-0.7779664386779712, -0.24594163521543416, 0.5781703316136803, 0.2711940982182038], [-0.5628123092392284, -0.13628188983846903, -0.8152726851004288, -0.2179057165298719], [0.0, 0.0, 0.0, 1.0]], "ecm_transform": [[0.993747571538806, 0.1115141077048788, 0.005510702633105255, -0.062170500579342744], [0.0932344632651732, -0.8016719810307191, -0.5904484479528568, 0.911233781487823], [-0.061425555922440714, 0.58727049867422, -0.8070565422983398, 0.5874845339901759], [0.0, 0.0, 0.0, 1.0]], "psm2_transform": [[-0.2521869676038438, 0.9569500128797015, 0.14369553305624014, 0.022599868971373907], [0.831448804160902, 0.2902527740600237, -0.47375754686323124, -0.07451072594663097], [-0.49507031766223253, 0.0, -0.8688529107793885, -0.005413676045612888], [0.0, 0.0, 0.0, 1.0]]}