{"ecm_psm_transform": [[-0.5663507621899543, 0.260789702166783, -0.7818155443649217, 0.034178489734325086], [0.5414750921919793, -0.5974128582133941, -0.5915256557217033, 0.2105174773780286], [-0.6213304585343824, -0.7583446499350176, 0.19713409956775715, -0.16901264853825332], [0.0, 0.0, 0.0, 1.0]], "suj_ecm_transform": [[0.9905327698326637, 0.13727647929909761, -1.0903020109324122e-05, -0.06328691349199969], [-0.13727647970751047, 0.9905327650285937, -9.75905849616653e-05, 1.029819790904798], [-2.597093260225691e-06, 9.816340065045642e-05, 0.9999999951786009, 0.7495736927852603], [0.0, 0.0, 0.0, 1.0]], "suj_psm2_transform": [[0.27927408940543724, -0.9596683527901744, -0.03228986899567077, 0.031194994191511095], [-0.7780195711757889, -0.245864625858143, 0.5781315876330209, 0.271278861253644], [-0.5627535249593785, -0.13633502266339742, -0.8153043798123285, -0.21790558518300474], [0.0, 0.0, 0.0, 1.0]], "ecm_transform": [[0.9937495129372009, 0.11149738369104084, 0.005498996920231147, -0.06216725929782527], [0.09321449172524066, -0.8016780921872779, -0.5904433038314275, 0.9112389518875876], [-0.06142445823514385, 0.5872653318024309, -0.8070603855929865, 0.5874889955081346], [0.0, 0.0, 0.0, 1.0]], "psm2_transform": [[-0.22978940671939863, 0.9643918272460473, 0.13093980334709876, 0.0205920863854689], [0.8379046907832812, 0.26447760498959094, -0.4774592397496815, -0.0750870373953681], [-0.4950884342447527, 0.0, -0.8688425877436483, -0.0054100890345298094], [0.0, 0.0, 0.0, 1.0]]}