{"ecm_psm_transform": [[-0.5600499102770553, 0.2635501102500143, -0.7854205481051967, 0.033513598983469735], [0.5265047829914998, -0.618745187185948, -0.5830498321938697, 0.21179913454096108], [-0.6396380316129866, -0.7400646814444204, 0.20776779296328013, -0.1672966222722377], [0.0, 0.0, 0.0, 1.0]], "suj_ecm_transform": [[0.9905346760782925, 0.13726272388243746, -1.090166488014898e-05, -0.06330327349738075], [-0.1372627242907836, 0.9905346712742169, -9.759073636108802e-05, 1.029821970990458], [-2.5970932602157298e-06, 9.816340065042676e-05, 0.9999999951786012, 0.7495761610732508], [0.0, 0.0, 0.0, 1.0]], "suj_psm2_transform": [[0.279200211960595, -0.9596844508435644, -0.03244990678330145, 0.03109848547846665], [-0.7779766192400362, -0.2458861672629238, 0.5781802250722459, 0.27122732384335846], [-0.562849554994052, -0.13618277261766848, -0.8152635346224937, -0.2178427576066977], [0.0, 0.0, 0.0, 1.0]], "ecm_transform": [[0.9937525988770851, 0.11147083875392062, 0.005479446371384051, -0.062135838567211006], [0.09318158699849728, -0.8016817836089819, -0.590443485588556, 0.9112401287362311], [-0.061424458235143836, 0.5872653318024309, -0.8070603855929867, 0.5874815749884064], [0.0, 0.0, 0.0, 1.0]], "psm2_transform": [[-0.2059544832926612, 0.9714976121598163, 0.1173675439780011, 0.018458172223871847], [0.844061783845904, 0.2370493399437659, -0.481006564906442, -0.07564699502888338], [-0.49511862807061036, 0.0, -0.8688253818446354, -0.005411309962213569], [0.0, 0.0, 0.0, 1.0]]}