{"ecm_psm_transform": [[-0.556275322384777, 0.2650683566954943, -0.7875890628903266, 0.03320717680045098], [0.5179357752950035, -0.6305652776504637, -0.5780397592650159, 0.21256228396779875], [-0.6498463652089443, -0.7294698053383321, 0.21347951827840483, -0.16638588305919108], [0.0, 0.0, 0.0, 1.0]], "suj_ecm_transform": [[0.9905297806687546, 0.1372980461965385, -1.0905144952462503e-05, -0.06327652044354327], [-0.13729804660505593, 0.9905297758646936, -9.759034754641324e-05, 1.029804815293593], [-2.5970932602290138e-06, 9.816340065045432e-05, 0.999999995178601, 0.7495712216133152], [0.0, 0.0, 0.0, 1.0]], "suj_psm2_transform": [[0.27919568475470435, -0.9596853565112089, -0.03246207190408068, 0.03113058431674849], [-0.777972429739187, -0.24588853213922668, 0.5781848565364907, 0.2712160255940536], [-0.5628575913852966, -0.13617211998192016, -0.8152597656940838, -0.21784168226608225], [0.0, 0.0, 0.0, 1.0]], "ecm_transform": [[0.9937453927674341, 0.11153281017635942, 0.005525088928000195, -0.06219348250893892], [0.09325840596974198, -0.8016731642740359, -0.5904430602512301, 0.9112382495657229], [-0.06142445823514383, 0.5872653318024308, -0.8070603855929867, 0.5874862287307809], [0.0, 0.0, 0.0, 1.0]], "psm2_transform": [[-0.192478463208469, 0.9751559601383337, 0.10964896081400226, 0.01724848234231957], [0.8473140668851735, 0.22151941993126598, -0.48268832454475563, -0.07592995848703787], [-0.49498577076458866, 0.0, -0.8689010799513293, -0.005422561771536372], [0.0, 0.0, 0.0, 1.0]]}