{"ecm_psm_transform": [[-0.5800720434113591, 0.1673900006527686, -0.7971806646764814, -0.009628067612624707], [0.6513806021116155, -0.49230717209385877, -0.5773534095315076, 0.20851475118071466], [-0.4891009462731384, -0.8541745933861611, 0.1765390278898881, -0.18173750544684592], [0.0, 0.0, 0.0, 1.0]], "suj_ecm_transform": [[0.9779267361810131, 0.20894807570155854, -1.797128682134217e-05, 0.05913682420414153], [-0.20894807645825914, 0.977926731419365, -9.653927164964666e-05, 1.0329886961797963], [-2.597093260228635e-06, 9.816340065043027e-05, 0.999999995178601, 0.6492863927744315], [0.0, 0.0, 0.0, 1.0]], "suj_psm2_transform": [[0.19623736519956475, -0.9790658976956722, -0.05404502260985783, -0.012926738139454386], [-0.7455286595167429, -0.18477629310779514, 0.640347358348975, 0.27562172637945015], [-0.636928500177768, -0.08536796515502498, -0.7661816991984272, -0.2210613274260793], [0.0, 0.0, 0.0, 1.0]], "ecm_transform": [[0.9913002804444001, -0.06916594366718859, -0.11198136553677568, 0.047698020793188], [-0.12422917705264128, -0.7727588175203935, -0.6224234262247097, 0.9693328511938795], [-0.04348408398112095, 0.6309198698575837, -0.7746284607856934, 0.5700632644707098], [0.0, 0.0, 0.0, 1.0]], "psm2_transform": [[-0.28793238440717706, 0.9439254214258683, 0.16155414199454793, 0.02563103272249242], [0.8232000486385631, 0.33015874785623495, -0.46188405594420595, -0.07327924376153096], [-0.48932261538893235, 0.0, -0.8721028483320847, -0.005813167633860732], [0.0, 0.0, 0.0, 1.0]]}