{"ecm_psm_transform": [[-0.5554958289238968, 0.18563085807470084, -0.8105341254867704, -0.011977755856721646], [0.5575742444588794, -0.6399877606865954, -0.5287027785887521, 0.2167702941929361], [-0.6168754703862546, -0.7456251408729507, 0.25200754618449395, -0.17003309188708052], [0.0, 0.0, 0.0, 1.0]], "suj_ecm_transform": [[0.977945795550532, 0.20885885339718419, -1.796247895753069e-05, 0.059069607602292074], [-0.20885885415345035, 0.9779457907888148, -9.654091086355284e-05, 1.033016806406942], [-2.5970932602316167e-06, 9.816340065045551e-05, 0.9999999951786009, 0.6492808707555453], [0.0, 0.0, 0.0, 1.0]], "suj_psm2_transform": [[0.19607523519335315, -0.9790998262060187, -0.05401881586276802, -0.01306843713630762], [-0.7455791291921763, -0.18463835792888592, 0.6403283836394893, 0.2757661354301944], [-0.6369193545943691, -0.08527723673213744, -0.7661994052715152, -0.2209421591170686], [0.0, 0.0, 0.0, 1.0]], "ecm_transform": [[0.9913123738928732, -0.06909068765693292, -0.11192074984545458, 0.04761442990595001], [-0.12413263796117242, -0.772765549631958, -0.6224343286603164, 0.969351050962904], [-0.04348408398112092, 0.6309198698575837, -0.7746284607856936, 0.5700663210855608], [0.0, 0.0, 0.0, 1.0]], "psm2_transform": [[-0.13173476848530558, 0.9884622149566387, 0.07475560430588993, 0.011774953280925357], [0.8596874601450736, 0.1514676520020557, -0.487847333974776, -0.07684212600665688], [-0.49354171215960607, 0.0, -0.8697221270949502, -0.0054836248214078405], [0.0, 0.0, 0.0, 1.0]]}