{"ecm_psm_transform": [[-0.5510384394160415, 0.1878943793966055, -0.8130512532904051, -0.012277806253747024], [0.5417799093237238, -0.6604964300069782, -0.5198259283656548, 0.21810565121783643], [-0.6346898204155408, -0.7269389026178208, 0.2621615221989816, -0.16851472385227606], [0.0, 0.0, 0.0, 1.0]], "suj_ecm_transform": [[0.9779277356317693, 0.208943397979381, -1.797082504456532e-05, 0.059118701689421585], [-0.20894339873605877, 0.9779277308701174, -9.653935761065602e-05, 1.0329885372591823], [-2.597093260221442e-06, 9.8163400650437e-05, 0.9999999951786009, 0.6492827582698906], [0.0, 0.0, 0.0, 1.0]], "suj_psm2_transform": [[0.19609812776950983, -0.9790956204623685, -0.054011945685216, -0.01297282252555497], [-0.7455832621671209, -0.1846524290617542, 0.6403195136943964, 0.275689704465342], [-0.6369074685239038, -0.08529505514977742, -0.7662073023049761, -0.2210152175099056], [0.0, 0.0, 0.0, 1.0]], "ecm_transform": [[0.9913036265669027, -0.06914512708620511, -0.11196459867091604, 0.04766298375837442], [-0.12420247338772915, -0.7727606804303143, -0.6224264425498391, 0.9693543736064789], [-0.04348408398112097, 0.6309198698575837, -0.7746284607856936, 0.5700661727335321], [0.0, 0.0, 0.0, 1.0]], "psm2_transform": [[-0.10776095164995389, 0.9922936351902892, 0.0611630514308884, 0.009632041147015198], [0.8629788814287875, 0.12390860164186018, -0.4898102782170638, -0.07713599376821009], [-0.49361424970052775, 0.0, -0.8696809601759632, -0.005474515417578006], [0.0, 0.0, 0.0, 1.0]]}