{"ecm_psm_transform": [[-0.547117686349431, 0.18970736466551594, -0.8152750168350007, -0.01265000079915021], [0.5275909242379071, -0.6780011096304809, -0.5118225395599804, 0.219427692686695], [-0.649853871224475, -0.7101588633055999, 0.2708585145847584, -0.16713049204341549], [0.0, 0.0, 0.0, 1.0]], "suj_ecm_transform": [[0.9779372648057875, 0.2088987931544434, -1.79664217350828e-05, 0.05909135995272784], [-0.20889879391090402, 0.9779372600441012, -9.654017718392454e-05, 1.033006336819877], [-2.5970932602343086e-06, 9.81634006504667e-05, 0.9999999951786009, 0.6492866837105786], [0.0, 0.0, 0.0, 1.0]], "suj_psm2_transform": [[0.19607260400162288, -0.9791018913795942, -0.05399092754272822, -0.012992953083249825], [-0.745606708031134, -0.18462174223939218, 0.6403010614011715, 0.27574839262284345], [-0.6368878793783079, -0.08528949870524966, -0.7662242038147902, -0.22099246519101579], [0.0, 0.0, 0.0, 1.0]], "ecm_transform": [[0.9913054203634459, -0.06913396582510131, -0.11195560873553917, 0.04765604625004941], [-0.12418815562836188, -0.7727616790370646, -0.6224280596289362, 0.9693398895080443], [-0.04348408398112091, 0.6309198698575837, -0.7746284607856933, 0.5700628277918263], [0.0, 0.0, 0.0, 1.0]], "psm2_transform": [[-0.08676606771606553, 0.9950101648537051, 0.04925871832370102, 0.007756297363686151], [0.8652901852111268, 0.09977360291080295, -0.4912414106521267, -0.07735106775080783], [-0.4937049167978632, 0.0, -0.8696294930196509, -0.005468379827304422], [0.0, 0.0, 0.0, 1.0]]}