{"ecm_psm_transform": [[-0.5445106501768023, 0.19090320497627267, -0.8167399330103944, -0.012827940711928717], [0.5181591012224867, -0.6891560504605914, -0.5065324115334219, 0.22019779784333993], [-0.659559927272982, -0.6990135223608669, 0.2763345759985762, -0.16628963022665713], [0.0, 0.0, 0.0, 1.0]], "suj_ecm_transform": [[0.9779315827338453, 0.2089253913931719, -1.7969047465525332e-05, 0.05909393104708626], [-0.20892539214976202, 0.9779315779721796, -9.653968849051646e-05, 1.0330019341685437], [-2.5970932602378593e-06, 9.816340065045568e-05, 0.999999995178601, 0.6492891561185048], [0.0, 0.0, 0.0, 1.0]], "suj_psm2_transform": [[0.1961335435905423, -0.9790892076633246, -0.05399959736720389, -0.01293172743497896], [-0.7455887919389277, -0.18467295822704893, 0.6403071542898151, 0.2756889926603793], [-0.6368900897436442, -0.08532421659103545, -0.7662185012445595, -0.22102663408931145], [0.0, 0.0, 0.0, 1.0]], "ecm_transform": [[0.9913030416543557, -0.06914876621524983, -0.1119675298366967, 0.04765513233914809], [-0.12420714169139253, -0.7727603547994671, -0.6224259152726982, 0.9693538085366105], [-0.04348408398112094, 0.6309198698575839, -0.7746284607856934, 0.5700509076496632], [0.0, 0.0, 0.0, 1.0]], "psm2_transform": [[-0.07306324038239984, 0.9964643341835364, 0.04148003863287993, 0.0065325136622694565], [0.8665513544009151, 0.08401684771616674, -0.49196536411192426, -0.07747751854495762], [-0.4937109610802291, 0.0, -0.8696260615398073, -0.005475714668857445], [0.0, 0.0, 0.0, 1.0]]}