{"ecm_psm_transform": [[-0.5440413789286622, 0.19105718814969633, -0.8170166025667603, -0.012960735249582175], [0.5166507401136144, -0.6909626018781446, -0.5056112098696384, 0.22037738081190328], [-0.6611285735418299, -0.6971856522204946, 0.2772024090523554, -0.16610129739049162], [0.0, 0.0, 0.0, 1.0]], "suj_ecm_transform": [[0.9779420986098869, 0.20887616293818284, -1.7964187722249122e-05, 0.05907682947971521], [-0.20887616369453327, 0.9779420938481831, -9.654059291374898e-05, 1.033015613379251], [-2.5970932602228804e-06, 9.816340065042628e-05, 0.9999999951786009, 0.6492879926485786], [0.0, 0.0, 0.0, 1.0]], "suj_psm2_transform": [[0.19610701088144208, -0.9790947280218127, -0.05399586875899731, -0.01302212255528866], [-0.7455955963811607, -0.1846505559211359, 0.6403056917246925, 0.2757309157438669], [-0.6368902942738, -0.08530935328502004, -0.7662199862323642, -0.2209775715706992], [0.0, 0.0, 0.0, 1.0]], "ecm_transform": [[0.99130853227449, -0.06911459997788166, -0.11194001031666093, 0.04765806496291466], [-0.12416331293952967, -0.7727634113289704, -0.6224308651015736, 0.9693483232918272], [-0.043484083981120934, 0.6309198698575836, -0.7746284607856936, 0.570060503735929], [0.0, 0.0, 0.0, 1.0]], "psm2_transform": [[-0.07083647355742279, 0.9966771025060457, 0.04021128391511378, 0.0063332239591488435], [0.8667603229416614, 0.08145399523751641, -0.4920282402808946, -0.07749379618176233], [-0.49366865060282644, 0.0, -0.8696500810164882, -0.005479497548997455], [0.0, 0.0, 0.0, 1.0]]}