{"ecm_psm_transform": [[-0.5361665530481399, 0.194234931609829, -0.8214610269118076, -0.013602408333546472], [0.4878760480772422, -0.7228482973811394, -0.4893539625728195, 0.22286992937559305], [-0.6888413381214927, -0.663146386792323, 0.2928045091512053, -0.1636775595746228], [0.0, 0.0, 0.0, 1.0]], "suj_ecm_transform": [[0.977928450093887, 0.20894005402035587, -1.797049493464054e-05, 0.059128576249732716], [-0.20894005477701738, 0.9779284453322327, -9.653941906014217e-05, 1.0330020026479834], [-2.5970932602360924e-06, 9.816340065046299e-05, 0.9999999951786009, 0.6492827533259675], [0.0, 0.0, 0.0, 1.0]], "suj_psm2_transform": [[0.19623107658769307, -0.9790688880537157, -0.05401367443986549, -0.012956253954587618], [-0.7455568875344918, -0.18475462668273684, 0.6403207441346906, 0.275661078020335], [-0.6368973952145796, -0.08538056198329569, -0.7662061521576947, -0.22103214510891922], [0.0, 0.0, 0.0, 1.0]], "ecm_transform": [[0.9912938696144469, -0.06920581348258975, -0.11201347885423735, 0.0477073163211947], [-0.12428032227645092, -0.7727552479272481, -0.6224176478023085, 0.9693444181118677], [-0.04348408398112096, 0.6309198698575835, -0.7746284607856935, 0.5700657350933303], [0.0, 0.0, 0.0, 1.0]], "psm2_transform": [[-0.03023063387634159, 0.999395662889813, 0.01715860636723931, 0.002703022773114373], [0.8691519509214253, 0.0347607393050159, -0.4933219812784028, -0.0777138027024959], [-0.4936202943406144, 0.0, -0.869677529326293, -0.005489071864093226], [0.0, 0.0, 0.0, 1.0]]}