{"ecm_psm_transform": [[-0.5273619466150201, 0.19709521109479716, -0.8264640675951462, -0.014414294028962583], [0.4544154600245129, -0.7564806318818534, -0.4703654358882492, 0.22588383979943288], [-0.7179108349601137, -0.6236108813604279, 0.3093759875875039, -0.16104663462044777], [0.0, 0.0, 0.0, 1.0]], "suj_ecm_transform": [[0.9779397673852886, 0.20888707725385244, -1.796526516299565e-05, 0.05908338968038872], [-0.208887078010256, 0.9779397626235934, -9.654039241833174e-05, 1.0330045342530456], [-2.597093260235413e-06, 9.816340065044543e-05, 0.999999995178601, 0.6492861047222396], [0.0, 0.0, 0.0, 1.0]], "suj_psm2_transform": [[0.19619074065271475, -0.9790748441290329, -0.0540522235976425, -0.012975373010733676], [-0.7455298132153836, -0.18474447538698208, 0.6403551955134155, 0.2756907131303406], [-0.6369415129265599, -0.08533421592596435, -0.7661746411250678, -0.22101083935980537], [0.0, 0.0, 0.0, 1.0]], "ecm_transform": [[0.9913098919795487, -0.06910613711758345, -0.11193319380854602, 0.04764755103185103], [-0.1241524566966703, -0.7727641681855955, -0.6224320909662404, 0.9693561693222478], [-0.04348408398112092, 0.6309198698575837, -0.7746284607856933, 0.5700600627997785], [0.0, 0.0, 0.0, 1.0]], "psm2_transform": [[0.016695400941018602, 0.9998157103525307, -0.009476756812488897, -0.0014931404018064306], [0.8695035354713534, -0.019197534536091337, -0.49355349909665563, -0.07776338303658603], [-0.49364447266249784, 0.0, -0.8696638055074872, -0.0054967552124283], [0.0, 0.0, 0.0, 1.0]]}