{"ecm_psm_transform": [[-0.5233330502466704, 0.1981224366766893, -0.8287762174464269, -0.014777822354607593], [0.4388905644433302, -0.7709991319686391, -0.4614492506725091, 0.22728878511769257], [-0.730409194193317, -0.6052337057607552, 0.31653525940876304, -0.1599164925762498], [0.0, 0.0, 0.0, 1.0]], "suj_ecm_transform": [[0.9779252013499131, 0.20895525894731456, -1.7971995939284593e-05, 0.05912929326596956], [-0.20895525970405013, 0.9779251965882706, -9.65391396409924e-05, 1.0329907454531626], [-2.5970932602260415e-06, 9.816340065045822e-05, 0.9999999951786009, 0.6492878463565177], [0.0, 0.0, 0.0, 1.0]], "suj_psm2_transform": [[0.19608676474380357, -0.9790968270303068, -0.054031324169354134, -0.012977521567257816], [-0.7455674563710509, -0.18465404628145024, 0.6403374510305401, 0.27570283851078947], [-0.6369294691664922, -0.08527770219156727, -0.7661909454021347, -0.2210011823589344], [0.0, 0.0, 0.0, 1.0]], "ecm_transform": [[0.9913078085423948, -0.06911910421114574, -0.11194363830037166, 0.04763767099801704], [-0.12416909101382066, -0.7727630084650396, -0.6224302126221566, 0.9693661383398728], [-0.04348408398112099, 0.6309198698575837, -0.7746284607856937, 0.5700699518821593], [0.0, 0.0, 0.0, 1.0]], "psm2_transform": [[0.03537793386823017, 0.9991722322491041, -0.02008113785514826, -0.0031637115535388064], [0.8689473540328008, -0.04067985130678744, -0.49322981014639816, -0.07770659512253973], [-0.49363842811779696, 0.0, -0.8696672365252072, -0.005493357660763792], [0.0, 0.0, 0.0, 1.0]]}