{"ecm_psm_transform": [[-0.5241835118992112, 0.19791007582138045, -0.8282893502523047, -0.014713215237152886], [0.4422612635400355, -0.7679150337864523, -0.46336969652397775, 0.22698242383275996], [-0.7277613761563476, -0.6092110494509494, 0.3150004390503161, -0.16012849619156086], [0.0, 0.0, 0.0, 1.0]], "suj_ecm_transform": [[0.9779314019501275, 0.20892623759826942, -1.7969131001416715e-05, 0.05911359786630558], [-0.20892623835486365, 0.9779313971884624, -9.65396729418433e-05, 1.0329980586481593], [-2.5970932602288113e-06, 9.816340065045536e-05, 0.9999999951786009, 0.6492818846374617], [0.0, 0.0, 0.0, 1.0]], "suj_psm2_transform": [[0.19610911001484418, -0.9790925818440167, -0.05402715194421304, -0.01298619569637302], [-0.7455668375051386, -0.18466881468270882, 0.6403339126551627, 0.27570224982301045], [-0.6369233138940448, -0.08529446090867043, -0.7661941967651069, -0.22097915260451106], [0.0, 0.0, 0.0, 1.0]], "ecm_transform": [[0.9913112751210629, -0.06909752761998691, -0.11192625918280825, 0.04762510162014433], [-0.12414141234163098, -0.7727649380605299, -0.622433337993821, 0.9693645276404109], [-0.043484083981120955, 0.6309198698575835, -0.7746284607856933, 0.570058028169385], [0.0, 0.0, 0.0, 1.0]], "psm2_transform": [[0.03099569381401075, 0.9993646725222858, -0.01759313159766155, -0.0027719994129330105], [0.8691215705832185, -0.03564058521439486, -0.4933127245799922, -0.07772707066602533], [-0.4936263389568549, 0.0, -0.8696740984346103, -0.005497720603563298], [0.0, 0.0, 0.0, 1.0]]}