{"ecm_psm_transform": [[-0.5205979749331577, 0.19884839214364602, -0.8303234703640395, -0.01503799474101341], [0.42819055447260007, -0.7805549142396805, -0.4553974911181795, 0.22823465255194847], [-0.7386681240962971, -0.5926156788325564, 0.32121030438932957, -0.15914638191536035], [0.0, 0.0, 0.0, 1.0]], "suj_ecm_transform": [[0.9779314019501275, 0.20892623759826942, -1.7969131001416715e-05, 0.05911359786630558], [-0.20892623835486365, 0.9779313971884624, -9.65396729418433e-05, 1.0329980586481593], [-2.5970932602288113e-06, 9.816340065045536e-05, 0.9999999951786009, 0.6492818846374617], [0.0, 0.0, 0.0, 1.0]], "suj_psm2_transform": [[0.19610911001484418, -0.9790925818440167, -0.05402715194421304, -0.01298619569637302], [-0.7455668375051386, -0.18466881468270882, 0.6403339126551627, 0.27570224982301045], [-0.6369233138940448, -0.08529446090867043, -0.7661941967651069, -0.22097915260451106], [0.0, 0.0, 0.0, 1.0]], "ecm_transform": [[0.9913112751210629, -0.06909752761998691, -0.11192625918280825, 0.04762510162014433], [-0.12414141234163098, -0.7727649380605299, -0.622433337993821, 0.9693645276404109], [-0.043484083981120955, 0.6309198698575835, -0.7746284607856933, 0.570058028169385], [0.0, 0.0, 0.0, 1.0]], "psm2_transform": [[0.0491362663799311, 0.9984025821475473, -0.027891061065339784, -0.004394843317804955], [0.8682745890189376, -0.05650030053999766, -0.4928559161691022, -0.07766016949810975], [-0.49364447266249784, 0.0, -0.8696638055074872, -0.005500693305504692], [0.0, 0.0, 0.0, 1.0]]}