{"ecm_psm_transform": [[-0.5196985297551129, 0.19905319246571598, -0.8308376885647287, -0.01514536664491984], [0.4249037780154432, -0.7834594062611455, -0.4534844409339053, 0.22854671727787104], [-0.7411951278837291, -0.588701270008941, 0.322584248052013, -0.15897510177543525], [0.0, 0.0, 0.0, 1.0]], "suj_ecm_transform": [[0.9779269049915171, 0.20894728562665738, -1.797120882648349e-05, 0.05912683220056943], [-0.20894728638335408, 0.9779269002298684, -9.653928616875844e-05, 1.0330066727081557], [-2.5970932602305325e-06, 9.816340065042663e-05, 0.9999999951786009, 0.6492920646559897], [0.0, 0.0, 0.0, 1.0]], "suj_psm2_transform": [[0.1961123283163168, -0.9790943185768883, -0.053983979223581446, -0.013018323913860402], [-0.7456050045050826, -0.184648224436246, 0.6402954087524895, 0.2757112321722022], [-0.6368776428320663, -0.08531909834849777, -0.7662294170270876, -0.22102369934177735], [0.0, 0.0, 0.0, 1.0]], "ecm_transform": [[0.9913105999720269, -0.06910173024695788, -0.11192964424126786, 0.0476383986087798], [-0.12414680351673556, -0.7727645622670374, -0.6224327292814953, 0.9693643443651533], [-0.04348408398112094, 0.630919869857584, -0.7746284607856933, 0.5700625363063547], [0.0, 0.0, 0.0, 1.0]], "psm2_transform": [[0.053320933910928306, 0.9981187163436763, -0.030263940445987177, -0.004768405521235966], [0.8680448435993683, -0.06131091325736261, -0.4926856212800376, -0.07762785685288413], [-0.49361424970052775, 0.0, -0.8696809601759632, -0.005497488986836593], [0.0, 0.0, 0.0, 1.0]]}