{"ecm_psm_transform": [[-0.5150202256796333, 0.20024575534792324, -0.833460139782365, -0.015544333524921107], [0.40600300366860503, -0.7993568135904497, -0.4429336807904701, 0.23013828481367993], [-0.7549276310700056, -0.5665071244315141, 0.3303845483907605, -0.15777169168852306], [0.0, 0.0, 0.0, 1.0]], "suj_ecm_transform": [[0.9779343816797295, 0.2089122897434358, -1.7967754093915437e-05, 0.05907683766993225], [-0.20891229049996213, 0.9779343769180536, -9.653992921832032e-05, 1.0330059544142092], [-2.5970932602185216e-06, 9.816340065042287e-05, 0.999999995178601, 0.6492820347747963], [0.0, 0.0, 0.0, 1.0]], "suj_psm2_transform": [[0.19623861641252033, -0.9790700422841041, -0.05396533823022276, -0.012991308612671087], [-0.7455987815813796, -0.1847345652827423, 0.640277750116431, 0.275631579235623], [-0.6368460271783614, -0.08541072937048871, -0.7662454861045115, -0.22106152675081003], [0.0, 0.0, 0.0, 1.0]], "ecm_transform": [[0.9913074135352844, -0.06912156249573657, -0.1119456183516471, 0.04764363728699833], [-0.12417224452472246, -0.7727627885820056, -0.6224298565080687, 0.9693558359669341], [-0.043484083981120934, 0.6309198698575839, -0.7746284607856933, 0.5700632652946969], [0.0, 0.0, 0.0, 1.0]], "psm2_transform": [[0.07699046128857728, 0.9960732277962169, -0.04371033903091985, -0.006887137205514145], [0.8662078200466181, -0.08853318512075499, -0.4917782911256452, -0.07748611977774274], [-0.4937170053387444, 0.0, -0.8696226300179535, -0.0054981432026985945], [0.0, 0.0, 0.0, 1.0]]}