{"ecm_psm_transform": [[-0.5111710396201045, 0.20097020863085038, -0.8356525255730245, -0.015847424558904553], [0.39066432249357863, -0.8117065627344262, -0.43418180885948704, 0.23154749359044152], [-0.7655622478834329, -0.5484007943618749, 0.3364089971432539, -0.15679459363624917], [0.0, 0.0, 0.0, 1.0]], "suj_ecm_transform": [[0.9779309577823935, 0.20892831662537664, -1.7969336239336033e-05, 0.05910980361507819], [-0.20892831738198098, 0.97793095302073, -9.653963474024469e-05, 1.033003250474772], [-2.5970932602242255e-06, 9.816340065044545e-05, 0.9999999951786009, 0.6492840641866042], [0.0, 0.0, 0.0, 1.0]], "suj_psm2_transform": [[0.19620161014957227, -0.9790732911078106, -0.05404089945620577, -0.012954015667369534], [-0.7455384051762353, -0.18474677178291155, 0.6403445297049616, 0.27566161059579103], [-0.6369281078598987, -0.0853470617837151, -0.7661843540969078, -0.2210290543738198], [0.0, 0.0, 0.0, 1.0]], "ecm_transform": [[0.991303091099751, -0.06914845858799071, -0.11196728205589306, 0.047673173670585364], [-0.12420674706472992, -0.7727603823267563, -0.6224259598456704, 0.969336291748035], [-0.043484083981120955, 0.6309198698575841, -0.7746284607856931, 0.570069225777772], [0.0, 0.0, 0.0, 1.0]], "psm2_transform": [[0.09606027700695334, 0.9938809750793507, -0.05452550372684779, -0.008591656582395968], [0.8643457210322372, -0.11045635959653523, -0.490617842274354, -0.07730730989912579], [-0.49363842811779696, 0.0, -0.8696672365252072, -0.005500577583534692], [0.0, 0.0, 0.0, 1.0]]}