{"ecm_psm_transform": [[-0.5073019550549429, 0.20149758280455946, -0.8378803318621058, -0.016257716069935], [0.3749787028459508, -0.8237977051950502, -0.42514504975047923, 0.23303229089263613], [-0.7759095944821154, -0.5298641949021362, 0.3423568841885762, -0.1558470557520475], [0.0, 0.0, 0.0, 1.0]], "suj_ecm_transform": [[0.9779352082360331, 0.2089084205328265, -1.7967372132388922e-05, 0.05909934108338928], [-0.20890842128933396, 0.9779352034743543, -9.654000030724428e-05, 1.0329990971335508], [-2.5970932602377814e-06, 9.816340065046696e-05, 0.9999999951786009, 0.6492818832641498], [0.0, 0.0, 0.0, 1.0]], "suj_psm2_transform": [[0.19608315261251788, -0.9791019614767358, -0.0539513326428977, -0.013019336014843202], [-0.7456389809732777, -0.18460847142018053, 0.6402673053756818, 0.2757348436070995], [-0.6368468476130411, -0.08531741505878482, -0.7662551998994975, -0.22100665610062142], [0.0, 0.0, 0.0, 1.0]], "ecm_transform": [[0.9913060426775022, -0.06913009339315679, -0.11195248964861675, 0.04764372530655778], [-0.12418318803845005, -0.7727620254686063, -0.6224286206483952, 0.9693603305435466], [-0.04348408398112093, 0.6309198698575836, -0.7746284607856933, 0.5700581770707385], [0.0, 0.0, 0.0, 1.0]], "psm2_transform": [[0.1150634747282451, 0.9912083048963292, -0.06531839777588141, -0.010290989953304696], [0.8620009815958384, -0.13231060541221087, -0.489334457629202, -0.07709521603004396], [-0.4936746950282884, 0.0, -0.8696466497887096, -0.0054947085783004605], [0.0, 0.0, 0.0, 1.0]]}