{"ecm_psm_transform": [[-0.5773779353527071, 0.1721766423317854, -0.7981164849839889, -0.009951673846450747], [0.6295723224272919, -0.5285308320112763, -0.5694680416379607, 0.21026163563101669], [-0.5198782651749843, -0.8312703311491518, 0.19676439197636386, -0.17879202657883397], [0.0, 0.0, 0.0, 1.0]], "suj_ecm_transform": [[0.977936016260592, 0.2089046379991362, -1.7966998727508664e-05, 0.05910042120849033], [-0.2089046387556253, 0.9779360114989102, -9.654006980203749e-05, 1.0330092377225242], [-2.597093260220163e-06, 9.816340065041699e-05, 0.9999999951786009, 0.6492815952119577], [0.0, 0.0, 0.0, 1.0]], "suj_psm2_transform": [[0.1961821210051973, -0.9790778218322382, -0.05402956777674811, -0.013008182336277582], [-0.7455513901492323, -0.1847257671882435, 0.6403354711268634, 0.2756690903212813], [-0.6369189116712184, -0.08534055151541359, -0.7661927239426095, -0.2210118851508407], [0.0, 0.0, 0.0, 1.0]], "ecm_transform": [[0.9913190114759503, -0.06904935764486023, -0.11188745995497987, 0.047594707054892896], [-0.12407961930417041, -0.772769243712327, -0.6224403136410832, 0.9693761307029818], [-0.04348408398112094, 0.6309198698575835, -0.7746284607856935, 0.5700626788904728], [0.0, 0.0, 0.0, 1.0]], "psm2_transform": [[-0.25152944930747184, 0.9572766700430314, 0.1426685428621362, 0.02247362471625903], [0.8326599140938309, 0.28917361046839185, -0.47228814347803494, -0.07439640359066839], [-0.49336639892916717, 0.0, -0.869821588837427, -0.0054868165574201815], [0.0, 0.0, 0.0, 1.0]]}