{"ecm_psm_transform": [[-0.5026622143179341, 0.20234571716773037, -0.8404682677179841, -0.01663901077506593], [0.35535433007761524, -0.837920905270308, -0.4142606143553566, 0.23469094269876384], [-0.7880697928432998, -0.506897195942989, 0.34928675089824734, -0.1547876104766127], [0.0, 0.0, 0.0, 1.0]], "suj_ecm_transform": [[0.9779313700660296, 0.20892638683969073, -1.79691457342708e-05, 0.05911464921068742], [-0.20892638759628568, 0.9779313653043646, -9.65396701995327e-05, 1.033007707093876], [-2.597093260215191e-06, 9.816340065040406e-05, 0.9999999951786009, 0.6492909024220441], [0.0, 0.0, 0.0, 1.0]], "suj_psm2_transform": [[0.1962543737461876, -0.9790648009344893, -0.05400311432316701, -0.012980851451994263], [-0.7455614730233464, -0.18476666532363728, 0.6403119312713466, 0.2756570334781131], [-0.6368848488767418, -0.08540137561124139, -0.7662142613622889, -0.2210458799408901], [0.0, 0.0, 0.0, 1.0]], "ecm_transform": [[0.991308166423219, -0.06911687692351828, -0.11194184430754725, 0.04764938154648618], [-0.1241662338277148, -0.7727632076795768, -0.6224305352678422, 0.9693541984252652], [-0.043484083981120934, 0.6309198698575839, -0.7746284607856934, 0.5700615205018009], [0.0, 0.0, 0.0, 1.0]], "psm2_transform": [[0.1383215550646008, 0.987267920447557, -0.07854425924067834, -0.012374078716144193], [0.8585132566287415, -0.15906619142720516, -0.48749659992409855, -0.07680155570414099], [-0.49378349060820526, 0.0, -0.8695848805049319, -0.00549219565620597], [0.0, 0.0, 0.0, 1.0]]}