{"ecm_psm_transform": [[-0.49889262869983664, 0.20255156212541106, -0.8426618596504314, -0.017033232872374335], [0.33992663207695295, -0.8486614675926599, -0.40524510882710585, 0.23620683643535545], [-0.7972176803319075, -0.48861700554117904, 0.35453828010834676, -0.15388250731729866], [0.0, 0.0, 0.0, 1.0]], "suj_ecm_transform": [[0.9779418341553329, 0.2088774010901779, -1.7964309950270954e-05, 0.05907290410511389], [-0.20887740184653433, 0.9779418293936301, -9.654057016965444e-05, 1.0330105189733463], [-2.5970932602392027e-06, 9.816340065049192e-05, 0.999999995178601, 0.6492894458186713], [0.0, 0.0, 0.0, 1.0]], "suj_psm2_transform": [[0.19604024986169077, -0.9791094734088526, -0.053970913603586246, -0.013038671837858548], [-0.7456291503917907, -0.18458620372810874, 0.6402851735588306, 0.27577839171898183], [-0.636871565168506, -0.08527937895109838, -0.7662388902982756, -0.22095702423485997], [0.0, 0.0, 0.0, 1.0]], "ecm_transform": [[0.9913037133292968, -0.06914458726800422, -0.11196416386989483, 0.04766184334054122], [-0.12420178090458338, -0.77276072873201, -0.6224265207634576, 0.9693384822081899], [-0.04348408398112095, 0.6309198698575837, -0.7746284607856933, 0.5700648633835383], [0.0, 0.0, 0.0, 1.0]], "psm2_transform": [[0.15646303039743464, 0.9836812649872656, -0.08882842468435673, -0.013995242169690838], [0.8554348642813713, -0.17991989582326073, -0.48565422273347847, -0.07651659344449652], [-0.4937109610802291, 0.0, -0.8696260615398073, -0.005495402570251273], [0.0, 0.0, 0.0, 1.0]]}