{"ecm_psm_transform": [[-0.4997599679554757, 0.2025247761331791, -0.8421541957868215, -0.016998050379788597], [0.34348826471743377, -0.8462213285893546, -0.40733926282875527, 0.2358375873411754], [-0.7951451354504712, -0.49284194027362704, 0.3533426601427835, -0.15405988903688703], [0.0, 0.0, 0.0, 1.0]], "suj_ecm_transform": [[0.9779357309821964, 0.20890597345576148, -1.7967130561365605e-05, 0.05908979262378509], [-0.20890597421225707, 0.9779357262205157, -9.654004526647187e-05, 1.033007726876705], [-2.5970932602276916e-06, 9.81634006504424e-05, 0.9999999951786009, 0.6492894445826907], [0.0, 0.0, 0.0, 1.0]], "suj_psm2_transform": [[0.19608474010032073, -0.9790954247392809, -0.05406407267675267, -0.013079243336617058], [-0.7455367486104096, -0.18466976091625453, 0.6403686718403332, 0.27573355593656773], [-0.6369660361206151, -0.08525977162613624, -0.7661625416131036, -0.22095185040835874], [0.0, 0.0, 0.0, 1.0]], "ecm_transform": [[0.9913045042249614, -0.06913966633360503, -0.1119602002614391, 0.047654472700795224], [-0.12419546828941307, -0.7727611690284183, -0.6224272337375721, 0.9693512439614538], [-0.04348408398112095, 0.6309198698575839, -0.7746284607856934, 0.5700693739924698], [0.0, 0.0, 0.0, 1.0]], "psm2_transform": [[0.15240201757611485, 0.9845246931433236, -0.08651447063800458, -0.013632415034411424], [0.8561886010263486, -0.17524590891385902, -0.4860349276353495, -0.07658637689027914], [-0.4936746950282884, 0.0, -0.8696466497887096, -0.005501271678282821], [0.0, 0.0, 0.0, 1.0]]}