{"ecm_psm_transform": [[-0.48650792920139285, 0.20340487331081847, -0.8496684602464557, -0.018100603576567863], [0.28719751859368153, -0.8812412578427253, -0.3754083520506749, 0.24083302589862055], [-0.825122790945569, -0.4266618133711775, 0.3703134845951657, -0.1514370018937023], [0.0, 0.0, 0.0, 1.0]], "suj_ecm_transform": [[0.9779242467886357, 0.20895972631076862, -1.7972436949958285e-05, 0.05913922048354076], [-0.20895972706752594, 0.9779242420269965, -9.653905754016868e-05, 1.0330073184504167], [-2.597093260227251e-06, 9.816340065045581e-05, 0.9999999951786009, 0.6492900296136026], [0.0, 0.0, 0.0, 1.0]], "suj_psm2_transform": [[0.19613091052235307, -0.9790880086693964, -0.05403089132588107, -0.012997404988273925], [-0.745559612844639, -0.18468744419447095, 0.6403369516526956, 0.27569418785381405], [-0.6369250580975954, -0.08530661895017655, -0.7661913932762915, -0.22100750906983624], [0.0, 0.0, 0.0, 1.0]], "ecm_transform": [[0.9913094910079701, -0.06910863285900243, -0.11193520403286428, 0.047644757786849096], [-0.12415565825946945, -0.772763944994362, -0.6224317294602747, 0.9693495829499514], [-0.04348408398112096, 0.6309198698575836, -0.7746284607856933, 0.5700514881486458], [0.0, 0.0, 0.0, 1.0]], "psm2_transform": [[0.21599926765739647, 0.9686634742965419, -0.12261888082681678, -0.019321019900108413], [0.8423916214489635, -0.24837687807795775, -0.4782105002494545, -0.07535148363334129], [-0.49368073942990187, 0.0, -0.8696432185189196, -0.005500074700966424], [0.0, 0.0, 0.0, 1.0]]}