{"ecm_psm_transform": [[-0.4870448342969087, 0.20347045699890692, -0.8493451021306669, -0.01804782174144531], [0.2896623959497229, -0.8798089556689729, -0.3768711953669813, 0.24059802945856268], [-0.823943581659183, -0.42957650617012044, 0.3695686669474426, -0.15155930124285172], [0.0, 0.0, 0.0, 1.0]], "suj_ecm_transform": [[0.9779319905884033, 0.20892348231092517, -1.7968859004287787e-05, 0.05911596121219722], [-0.20892348306750597, 0.9779319858267361, -9.653972356884336e-05, 1.0330043472880646], [-2.5970932602330702e-06, 9.81634006504579e-05, 0.999999995178601, 0.6492858099408185], [0.0, 0.0, 0.0, 1.0]], "suj_psm2_transform": [[0.19622131655241468, -0.9790719211642975, -0.05399414892457327, -0.012992813040329523], [-0.7455752947889334, -0.1847366454965427, 0.6403044991338731, 0.275683029853725], [-0.6368788540459107, -0.08538468831316676, -0.7662211040364466, -0.22102202138273475], [0.0, 0.0, 0.0, 1.0]], "ecm_transform": [[0.9913049595401018, -0.06913683325868727, -0.11195791833612126, 0.04765850618525294], [-0.12419183399692568, -0.7727614225010524, -0.622427644198609, 0.9693475996165692], [-0.04348408398112095, 0.630919869857584, -0.7746284607856933, 0.5700597788675223], [0.0, 0.0, 0.0, 1.0]], "psm2_transform": [[0.21321853923030826, 0.9694772554073572, -0.12104423066099182, -0.01907272855182434], [0.8430926674751196, -0.24518126202427845, -0.4786239680603861, -0.07541594482746897], [-0.4936928281615816, 0.0, -0.8696363558533067, -0.005499649652222195], [0.0, 0.0, 0.0, 1.0]]}