{"ecm_psm_transform": [[-0.4825641100027598, 0.2033583012637737, -0.851925631169973, -0.018537442258315547], [0.2697551745539981, -0.8908832223892402, -0.3654575623334473, 0.24242060023751127], [-0.8332850805928224, -0.40616805065449924, 0.3750513152742405, -0.15066067679795103], [0.0, 0.0, 0.0, 1.0]], "suj_ecm_transform": [[0.9779297974954267, 0.20893374750776272, -1.7969872366587497e-05, 0.0591052117037748], [-0.20893374826439354, 0.9779297927337675, -9.653953494705567e-05, 1.0330043925371033], [-2.597093260235796e-06, 9.816340065046067e-05, 0.999999995178601, 0.6492747610964538], [0.0, 0.0, 0.0, 1.0]], "suj_psm2_transform": [[0.19605335088424752, -0.9791039085257668, -0.05402425304088254, -0.013083897359709246], [-0.7455781460691818, -0.18462456500639052, 0.6403335053706334, 0.2757165083776171], [-0.6369272420858603, -0.08526022698637548, -0.7661947415527803, -0.22096099279714343], [0.0, 0.0, 0.0, 1.0]], "ecm_transform": [[0.9913065302501897, -0.06912705929784892, -0.1119500458068773, 0.04764403631325626], [-0.12417929587355962, -0.7727622968880673, -0.6224290602025471, 0.969347674357596], [-0.04348408398112098, 0.630919869857584, -0.7746284607856934, 0.5700562814538519], [0.0, 0.0, 0.0, 1.0]], "psm2_transform": [[0.23501009453422597, 0.9627916340327596, -0.1334261027818131, -0.0210206706759097], [0.8372620890658713, -0.27024483239560526, -0.47535242165841984, -0.07488959433236043], [-0.49372304957340934, 0.0, -0.8696191984540893, -0.00549300878310089], [0.0, 0.0, 0.0, 1.0]]}