{"ecm_psm_transform": [[-0.577282752932033, 0.1720778542159314, -0.7982066369403692, -0.009965340114688376], [0.6296286637396533, -0.5286197893700959, -0.5693231631364863, 0.2103177931658125], [-0.519915732561184, -0.831234221128291, 0.19681793785275659, -0.1787659334564289], [0.0, 0.0, 0.0, 1.0]], "suj_ecm_transform": [[0.9779274973357011, 0.2089445132846954, -1.7970935145592102e-05, 0.059123942147213025], [-0.20894451404137862, 0.9779274925740502, -9.653933711526571e-05, 1.0329923267495495], [-2.597093260236565e-06, 9.816340065044422e-05, 0.9999999951786012, 0.6492890111997562], [0.0, 0.0, 0.0, 1.0]], "suj_psm2_transform": [[0.19606440866378708, -0.9791032534089446, -0.05399598891899182, -0.013010741188359792], [-0.745602356687245, -0.1846180217126193, 0.6403072010850304, 0.2757247519526445], [-0.6368954964181692, -0.08528191615424247, -0.7662187164376209, -0.2209916479025631], [0.0, 0.0, 0.0, 1.0]], "ecm_transform": [[0.9913099783802135, -0.06910559933100055, -0.11193276064193247, 0.047628235898935514], [-0.12415176681845388, -0.7727642162781561, -0.6224321688632934, 0.9693589243488285], [-0.04348408398112095, 0.6309198698575837, -0.7746284607856933, 0.5700602127997816], [0.0, 0.0, 0.0, 1.0]], "psm2_transform": [[-0.2515052285223772, 0.9572878353821113, 0.1426363216552456, 0.022471310012078423], [0.8326958857912435, 0.2891366462927726, -0.4722473520909402, -0.07439911887848659], [-0.4933180331310049, 0.0, -0.8698490203407467, -0.005492451399348775], [0.0, 0.0, 0.0, 1.0]]}