{"ecm_psm_transform": [[-0.5731651190132565, 0.17496508038057593, -0.8005429201447843, -0.010320902093887956], [0.6167096240886977, -0.5511902405166084, -0.5620129520888472, 0.211489670416945], [-0.5395840860356216, -0.8158287439203538, 0.2080203708544936, -0.17695989333889015], [0.0, 0.0, 0.0, 1.0]], "suj_ecm_transform": [[0.977928968591247, 0.20893762721714298, -1.797025536479484e-05, 0.059137002979766456], [-0.20893762797379267, 0.9779289638295907, -9.653946365491511e-05, 1.032999126188851], [-2.597093260226616e-06, 9.816340065040686e-05, 0.9999999951786009, 0.6492843575947127], [0.0, 0.0, 0.0, 1.0]], "suj_psm2_transform": [[0.19603912030267567, -0.9791077652872527, -0.05400599286334179, -0.012995722550797645], [-0.7455985547791822, -0.1846041592709301, 0.6403156248999926, 0.27574821582637066], [-0.6369077314824716, -0.08526012159313012, -0.7662109717589386, -0.2209479037432147], [0.0, 0.0, 0.0, 1.0]], "ecm_transform": [[0.9913097835695506, -0.06910681189333184, -0.1119337373146773, 0.04764881648047592], [-0.12415332230598727, -0.7727641078419918, -0.6224319932262131, 0.9693433145688454], [-0.043484083981120955, 0.6309198698575839, -0.7746284607856935, 0.5700571594808792], [0.0, 0.0, 0.0, 1.0]], "psm2_transform": [[-0.22851531397749242, 0.9648742817475746, 0.12960853251182966, 0.020419144119774704], [0.8392784065641524, 0.26271204849055163, -0.476019049884598, -0.07499430319114733], [-0.49334826193360143, 0.0, -0.8698318759663242, -0.005493034155457852], [0.0, 0.0, 0.0, 1.0]]}