{"ecm_psm_transform": [[-0.5695872483301365, 0.1777726082761155, -0.8024757107142938, -0.010583094946386264], [0.604400567149436, -0.5710649158728468, -0.5555041100555236, 0.2124332337929853], [-0.5570191387817336, -0.8014248321619726, 0.21782542878417693, -0.17551234713858643], [0.0, 0.0, 0.0, 1.0]], "suj_ecm_transform": [[0.9779401575467868, 0.2088852506392492, -1.7965084843012354e-05, 0.05907763244632966], [-0.20888525139564387, 0.9779401527850899, -9.654042597403374e-05, 1.0330172153382502], [-2.5970932602333125e-06, 9.816340065045714e-05, 0.999999995178601, 0.6492718513229883], [0.0, 0.0, 0.0, 1.0]], "suj_psm2_transform": [[0.19635505815970264, -0.9790418047727251, -0.054054006719813974, -0.012940778317019383], [-0.7454981785730846, -0.18487068004594434, 0.6403556023051286, 0.2756153195751461], [-0.6369279055586383, -0.08543989797931628, -0.766174175337417, -0.2210564862260691], [0.0, 0.0, 0.0, 1.0]], "ecm_transform": [[0.9913095465283843, -0.06910828729076608, -0.1119349256908936, 0.047630049870439665], [-0.12415521496099853, -0.7727639758986091, -0.6224317795159257, 0.9693611298949703], [-0.043484083981120955, 0.6309198698575839, -0.774628460785693, 0.5700506143788857], [0.0, 0.0, 0.0, 1.0]], "psm2_transform": [[-0.20763982579100654, 0.9710842452790656, 0.11781804325428312, 0.01855673980495045], [0.8445934414625483, 0.23873706995518662, -0.4792353597843769, -0.07548118803549389], [-0.49350544210163416, 0.0, -0.8697427082856577, -0.005480957985811656], [0.0, 0.0, 0.0, 1.0]]}