{"ecm_psm_transform": [[-0.5667923546696606, 0.17940072406326088, -0.8040906708161707, -0.0108545984885721], [0.5956146263806666, -0.5850863378614135, -0.550379136677017, 0.21322579483701845], [-0.56920088152553, -0.7908788513125745, 0.22476876788615896, -0.1744381126412926], [0.0, 0.0, 0.0, 1.0]], "suj_ecm_transform": [[0.9779286019206953, 0.2089393434049653, -1.797042478391687e-05, 0.05910987781696234], [-0.20893934416162338, 0.9779285971590403, -9.653943211845822e-05, 1.0330059244842644], [-2.5970932602310035e-06, 9.81634006504791e-05, 0.9999999951786008, 0.6492895907374201], [0.0, 0.0, 0.0, 1.0]], "suj_psm2_transform": [[0.19625200681526642, -0.9790657727862137, -0.05399409578384251, -0.012961247898336414], [-0.7455708190856397, -0.18476015814347072, 0.6403029265049222, 0.27561665785575856], [-0.6368746372316523, -0.08540431207693111, -0.7662224219700944, -0.22107227908523797], [0.0, 0.0, 0.0, 1.0]], "ecm_transform": [[0.9913053509142831, -0.06913439797203666, -0.11195595681228651, 0.047659927093861736], [-0.12418870999021339, -0.7727616403755646, -0.6224279970205658, 0.9693589815680983], [-0.04348408398112094, 0.6309198698575841, -0.7746284607856933, 0.5700637021109112], [0.0, 0.0, 0.0, 1.0]], "psm2_transform": [[-0.1934007070473575, 0.9749639930353547, 0.10973321647586473, 0.01728445909336073], [0.8479778561904939, 0.22236279429022468, -0.4811323551020211, -0.07578482411551547], [-0.4934873067507982, 0.0, -0.8697529983137993, -0.005483891830275842], [0.0, 0.0, 0.0, 1.0]]}