{"ecm_psm_transform": [[-0.5621665085482422, 0.18206130765920112, -0.8067357045030927, -0.011323047755162057], [0.580592032234526, -0.6078018922376658, -0.5417469445212373, 0.21466156802924652], [-0.5889666448725791, -0.7729363104717848, 0.23598252304313272, -0.17260217302176672], [0.0, 0.0, 0.0, 1.0]], "suj_ecm_transform": [[0.9779457718632831, 0.2088589643086383, -1.796248990649285e-05, 0.05906502044664405], [-0.20885896506490495, 0.977945767101566, -9.654090882636422e-05, 1.0330243965289552], [-2.5970932602298176e-06, 9.816340065044045e-05, 0.9999999951786013, 0.64928871696766], [0.0, 0.0, 0.0, 1.0]], "suj_psm2_transform": [[0.19619101388815388, -0.979079045302771, -0.0539750786803781, -0.013014871082034446], [-0.7455984712687279, -0.18470343843842205, 0.6402870914447365, 0.2757061848444877], [-0.6368610568336508, -0.08537483749934066, -0.7662369942848538, -0.22100337849186635], [0.0, 0.0, 0.0, 1.0]], "ecm_transform": [[0.9912987369290953, -0.06917554451382335, -0.11198909859444584, 0.04770017356837313], [-0.12424149308143109, -0.7727579581344379, -0.6224220349062132, 0.9693338035991186], [-0.04348408398112094, 0.6309198698575839, -0.7746284607856933, 0.570066174518838], [0.0, 0.0, 0.0, 1.0]], "psm2_transform": [[-0.16809062905758948, 0.9811479897782687, 0.09536331882378218, 0.015021850642737523], [0.8533765968669977, 0.19325791614850468, -0.48414849144207733, -0.07626419064534322], [-0.4934510354054651, 0.0, -0.8697735772356359, -0.005486476804453834], [0.0, 0.0, 0.0, 1.0]]}