{"ecm_psm_transform": [[-0.7033049296084662, 0.14537849416751913, -0.695864404479792, 0.017703762805422782], [0.45681559425651397, -0.6575869384436472, -0.5990817400258328, 0.2179660269997585], [-0.5446849445619907, -0.7392188524529769, 0.39607297224830357, -0.18497376641599456], [0.0, 0.0, 0.0, 1.0]], "suj_ecm_transform": [[0.9934973371826753, 0.11385535093722568, -8.596223233245393e-06, -0.09249808024051534], [-0.1138553512321181, 0.9934973323703029, -9.782077011957944e-05, 1.0067408839996679], [-2.597093260225479e-06, 9.816340065045163e-05, 0.999999995178601, 0.7425420055787162], [0.0, 0.0, 0.0, 1.0]], "suj_psm2_transform": [[0.18819700613704685, -0.9527224793598239, -0.23854090677182171, 0.002115355886381773], [-0.764882877235574, -0.29453158562585735, 0.5728920746358328, 0.27358396677639135], [-0.6160649892607781, 0.07463928182390847, -0.7841510738473352, -0.2375155133367287], [0.0, 0.0, 0.0, 1.0]], "ecm_transform": [[0.9594889297132596, 0.2810385720285496, 0.019957825278760527, -0.08830794118142266], [0.2384075337391131, -0.7721102536258619, -0.5890735133260033, 0.8837947448147908], [-0.1501427374671763, 0.5699676107271018, -0.8078329537150002, 0.5739540300537556], [0.0, 0.0, 0.0, 1.0]], "psm2_transform": [[-0.14620898373265026, 0.9857436412661559, 0.08326107601518162, 0.013105770562410716], [0.8565883133522717, 0.16825419371694794, -0.48779810139541346, -0.07678221689691075], [-0.49485290188517234, 0.0, -0.8689767577420147, -0.005451492558413682], [0.0, 0.0, 0.0, 1.0]]}