{"ecm_psm_transform": [[-0.7013567606260893, 0.14931039124819373, -0.6969972032866345, 0.01751776560737519], [0.4483730199465211, -0.6677318381812838, -0.5942186695679301, 0.21870836072170408], [-0.5541302457979671, -0.7292740221236157, 0.40137148796037986, -0.1841508913893889], [0.0, 0.0, 0.0, 1.0]], "suj_ecm_transform": [[0.9934939110067476, 0.11388524363837114, -8.599166500557936e-06, -0.09246795264336106], [-0.11388524393340836, 0.993493906194384, -9.782051142865462e-05, 1.0067401148154018], [-2.5970932602272045e-06, 9.816340065047435e-05, 0.9999999951786009, 0.7425447626055548], [0.0, 0.0, 0.0, 1.0]], "suj_psm2_transform": [[0.18821077079960158, -0.9527244083564707, -0.2385223416722914, 0.002105327123674672], [-0.7648821905992059, -0.29453104053680423, 0.5728932716173825, 0.2735680951373793], [-0.6160616367370886, 0.07461680696814138, -0.7841558466648701, -0.23753662479345983], [0.0, 0.0, 0.0, 1.0]], "ecm_transform": [[0.9594779451412847, 0.2810741432339204, 0.019984964167489058, -0.08835263281473293], [0.23845173761858143, -0.7720973052195925, -0.5890725932339091, 0.8838040685860948], [-0.15014273746717627, 0.5699676107271017, -0.8078329537150002, 0.5739589707496724], [0.0, 0.0, 0.0, 1.0]], "psm2_transform": [[-0.1335770480334037, 0.9881157626454612, 0.07605532098584775, 0.011973118463149201], [0.8586836152506729, 0.15371154677374949, -0.48891227156664374, -0.07696771862476351], [-0.49479250311490774, 0.0, -0.8690111500212664, -0.005457561289571682], [0.0, 0.0, 0.0, 1.0]]}