{"ecm_psm_transform": [[-0.7011268833188394, 0.1494284017500383, -0.6972031599455352, 0.017466910479980457], [0.44784800824050824, -0.6685788754675953, -0.5936618977107213, 0.21882218889178048], [-0.5548452532036476, -0.7284733626076623, 0.4018374111110925, -0.18403303418914668], [0.0, 0.0, 0.0, 1.0]], "suj_ecm_transform": [[0.9934871034423327, 0.113944614702572, -8.605012246022548e-06, -0.09244063775571632], [-0.11394461499789679, 0.9934870986299869, -9.78199973671837e-05, 1.0067347309325156], [-2.5970932602339033e-06, 9.816340065048515e-05, 0.9999999951786009, 0.7425486931274969], [0.0, 0.0, 0.0, 1.0]], "suj_psm2_transform": [[0.18801789728810256, -0.9527694344296539, -0.23849460185915722, 0.002078326276958198], [-0.7649445072445226, -0.2943591833391278, 0.5728983958961276, 0.2736237036720431], [-0.6160431568776614, 0.07471998394351481, -0.7841605402363, -0.23748540275479546], [0.0, 0.0, 0.0, 1.0]], "ecm_transform": [[0.959496226599877, 0.28101493863360666, 0.01993979451619536, -0.08828303541605079], [0.23837816495321115, -0.772118855479381, -0.5890741239324223, 0.8838013876209301], [-0.15014273746717643, 0.5699676107271022, -0.8078329537150002, 0.5739543225005459], [0.0, 0.0, 0.0, 1.0]], "psm2_transform": [[-0.13259465495558492, 0.9882919823429305, 0.07548254840617179, 0.011884481090164004], [0.8588741359158604, 0.15257443310293078, -0.4889338002409971, -0.07698103238431525], [-0.4947260617068736, 0.0, -0.8690489766796843, -0.005463516589646732], [0.0, 0.0, 0.0, 1.0]]}