{"ecm_psm_transform": [[-0.698234718472092, 0.15520034845543437, -0.6988427074524788, 0.01721701789939943], [0.43513571691687186, -0.6831580346931697, -0.5864742172486412, 0.21994385662664645], [-0.568441013460006, -0.7135880824912074, 0.40947144313502903, -0.18279842946056035], [0.0, 0.0, 0.0, 1.0]], "suj_ecm_transform": [[0.9934929960152978, 0.11389322541129654, -8.599952394850442e-06, -0.09247657177942624], [-0.11389322570637242, 0.9934929912029368, -9.782044233935018e-05, 1.006739902749079], [-2.5970932602255215e-06, 9.816340065043346e-05, 0.999999995178601, 0.7425463627543643], [0.0, 0.0, 0.0, 1.0]], "suj_psm2_transform": [[0.18811245304954016, -0.9527325988860211, -0.23856718137156444, 0.0020876929417066314], [-0.7648982991709448, -0.29448080102782337, 0.5728975909806289, 0.27360903152315047], [-0.6160716654197635, 0.07471046008357765, -0.7841390503099686, -0.2374656427678552], [0.0, 0.0, 0.0, 1.0]], "ecm_transform": [[0.9595003211039963, 0.2810016758290546, 0.01992967592788876, -0.08828693199342284], [0.23836168355503434, -0.7721236823872857, -0.58907446635337, 0.8837904768881116], [-0.15014273746717627, 0.5699676107271017, -0.8078329537150002, 0.5739589729469716], [0.0, 0.0, 0.0, 1.0]], "psm2_transform": [[-0.11398081361918101, 0.9913629354679191, 0.06486836137239749, 0.010215494287739841], [0.8616008891447244, 0.1311469793034915, -0.4903512798439398, -0.07722070655484714], [-0.49462337384289645, 0.0, -0.8691074260689932, -0.005473375262162024], [0.0, 0.0, 0.0, 1.0]]}