{"ecm_psm_transform": [[-0.6915661519068185, 0.1678279812985907, -0.7025453908681171, 0.016558013566666883], [0.4051106354801008, -0.7151384872711035, -0.569615938193891, 0.222618665960286], [-0.598014741087295, -0.6785357121897398, 0.42657667156732587, -0.18014875538054542], [0.0, 0.0, 0.0, 1.0]], "suj_ecm_transform": [[0.9934939683663114, 0.11388474325305332, -8.599117232064727e-06, -0.09246787296361353], [-0.11388474354808813, 0.9934939635539478, -9.782051575970366e-05, 1.0067451498352735], [-2.597093260226066e-06, 9.816340065046092e-05, 0.999999995178601, 0.7425420043427353], [0.0, 0.0, 0.0, 1.0]], "suj_psm2_transform": [[0.18810648652426162, -0.9527508151357844, -0.23849912785080826, 0.0020240548646922873], [-0.7649130151939345, -0.294433528558546, 0.5729022398694978, 0.2736072960682094], [-0.61605521580003, 0.07466445954175449, -0.7841563553060807, -0.23748271150658218], [0.0, 0.0, 0.0, 1.0]], "ecm_transform": [[0.95950370243997, 0.28099072234512557, 0.01992131923227189, -0.08828423907699759], [0.23834807192392415, -0.7721276686390686, -0.5890747490192941, 0.8837983247240104], [-0.1501427374671763, 0.5699676107271018, -0.807832953715, 0.5739553411890546], [0.0, 0.0, 0.0, 1.0]], "psm2_transform": [[-0.07155237633437767, 0.9966037330833836, 0.04075851622872804, 0.006414915989282033], [0.8659637743327437, 0.08234682267254696, -0.4932805918938276, -0.07763662294241891], [-0.49496161364725294, 0.0, -0.8689148410607956, -0.005446330126127458], [0.0, 0.0, 0.0, 1.0]]}