{"ecm_psm_transform": [[-0.6893847010800104, 0.17126598189581657, -0.7038584355977321, 0.0164160195216062], [0.39683663177168627, -0.7235917501571281, -0.5647438948662018, 0.22336941637987093], [-0.6060275749509489, -0.6686426119757896, 0.43086846699342674, -0.17949210320818887], [0.0, 0.0, 0.0, 1.0]], "suj_ecm_transform": [[0.9934919125639489, 0.1139026759828409, -8.600882908923864e-06, -0.09245908119841856], [-0.11390267627796255, 0.9934919077515906, -9.782036052811117e-05, 1.0067403469863274], [-2.5970932602233056e-06, 9.816340065044797e-05, 0.999999995178601, 0.742556539202281], [0.0, 0.0, 0.0, 1.0]], "suj_psm2_transform": [[0.18815458267795127, -0.9527457751324949, -0.23848132208721862, 0.0020786238524923423], [-0.7649071842344898, -0.29446034103517726, 0.5728962445887664, 0.27360402731227246], [-0.6160477680535419, 0.07462302275188795, -0.7841661507305838, -0.23752737869784535], [0.0, 0.0, 0.0, 1.0]], "ecm_transform": [[0.9594926279022639, 0.28102659460986945, 0.019948687254748645, -0.08831029464120724], [0.23839264960789, -0.7721146131527489, -0.5890738228515259, 0.8837964514032641], [-0.15014273746717638, 0.569967610727102, -0.8078329537150001, 0.5739460280737267], [0.0, 0.0, 0.0, 1.0]], "psm2_transform": [[-0.059912146418420346, 0.9976207962317076, 0.03410691480552648, 0.005369959564453849], [0.866977901683393, 0.06894016917598679, -0.49355503347311463, -0.07770771961332137], [-0.4947321019543797, 0.0, -0.869045538102464, -0.0054629752000499646], [0.0, 0.0, 0.0, 1.0]]}