{"ecm_psm_transform": [[-0.686420708408991, 0.17610731100715518, -0.7055585206608507, 0.016149920511046537], [0.3843358242506437, -0.7358022170363993, -0.5575671005375927, 0.22450584008706786], [-0.6173431665329077, -0.6538970197318144, 0.437385530534532, -0.178458188194483], [0.0, 0.0, 0.0, 1.0]], "suj_ecm_transform": [[0.9934897128108299, 0.11392186122534687, -8.60277191054229e-06, -0.09245630865111391], [-0.11392186152056147, 0.9934897079984774, -9.782019441874568e-05, 1.006735146508226], [-2.597093260226632e-06, 9.816340065046497e-05, 0.999999995178601, 0.7425418601106426], [0.0, 0.0, 0.0, 1.0]], "suj_psm2_transform": [[0.18807431650918568, -0.952756844146682, -0.23850041383875598, 0.0020787404855593106], [-0.7649274388140035, -0.2944079307270329, 0.5728961368995917, 0.2736173862193197], [-0.6160471287320896, 0.07468846133561596, -0.7841604229520045, -0.23751094579692555], [0.0, 0.0, 0.0, 1.0]], "ecm_transform": [[0.9594758675892848, 0.28108087013663097, 0.019990096473606195, -0.08833042783160165], [0.23846009708052254, -0.7720948563261342, -0.5890724190921475, 0.883817342475145], [-0.15014273746717638, 0.5699676107271019, -0.8078329537150003, 0.5739611551054067], [0.0, 0.0, 0.0, 1.0]], "psm2_transform": [[-0.04277463807531185, 0.9987879489935143, 0.024350837415889007, 0.0038339150002135564], [0.8679922105833251, 0.04922024934240966, -0.49413246141226513, -0.07779863269362502], [-0.4947321019543797, 0.0, -0.869045538102464, -0.0054629752000499646], [0.0, 0.0, 0.0, 1.0]]}