{"ecm_psm_transform": [[-0.6790785495980849, 0.18770759388659694, -0.7096606109071198, 0.015498978901610491], [0.35325264886171914, -0.7638883951812083, -0.5400806289616927, 0.2272765260134666], [-0.6434787405563149, -0.6174466607770933, 0.4524320187025634, -0.17609210574567283], [0.0, 0.0, 0.0, 1.0]], "suj_ecm_transform": [[0.9934985523866982, 0.11384474661423037, -8.59517912083362e-06, -0.09250124999620923], [-0.11384474690907144, 0.9934985475743227, -9.782086186773368e-05, 1.0067422526970313], [-2.597093260228427e-06, 9.816340065046201e-05, 0.999999995178601, 0.7425433086114746], [0.0, 0.0, 0.0, 1.0]], "suj_psm2_transform": [[0.18813155511704513, -0.9527408318537839, -0.23851923462857805, 0.0020825188890167684], [-0.7649071912168358, -0.2944655121509779, 0.5728935773583378, 0.27361109963132413], [-0.6160547920388362, 0.07466571818594378, -0.78415656838017, -0.23749468011877728], [0.0, 0.0, 0.0, 1.0]], "ecm_transform": [[0.9594917971643322, 0.28102928521292675, 0.019950740013125967, -0.08829566405411494], [0.23839599317149282, -0.7721136338485097, -0.5890737533323201, 0.8837952271999207], [-0.15014273746717627, 0.5699676107271018, -0.8078329537150002, 0.5739480670987187], [0.0, 0.0, 0.0, 1.0]], "psm2_transform": [[-0.001543433318407226, 0.9999984225064642, 0.0008790894009232438, 0.00013835786252799513], [0.8689375506407522, 0.0017762276270751813, -0.49491855703930454, -0.07789409541905815], [-0.4949193377713606, 0.0, -0.8689389213862837, -0.0054461919917817014], [0.0, 0.0, 0.0, 1.0]]}