{"ecm_psm_transform": [[-0.6729849234487563, 0.19625621438421315, -0.7131442989509554, 0.014943362897550213], [0.32856540175363835, -0.7844864163855462, -0.5259523165430817, 0.2294971999893324], [-0.6626734260411702, -0.5882725225795792, 0.46346452895201873, -0.17439609117229798], [0.0, 0.0, 0.0, 1.0]], "suj_ecm_transform": [[0.9934923258163504, 0.11389907141873329, -8.600527999393983e-06, -0.09247052075488793], [-0.11389907171383748, 0.9934923210039911, -9.782039173298329e-05, 1.0067273353584516], [-2.597093260225791e-06, 9.81634006504479e-05, 0.999999995178601, 0.7425406915594617], [0.0, 0.0, 0.0, 1.0]], "suj_psm2_transform": [[0.18804805307945763, -0.9527810873020607, -0.23842426347276138, 0.002074807315067914], [-0.7649543249777219, -0.2943387806254723, 0.5728957696804788, 0.2736182357563605], [-0.6160217613290164, 0.07465173741724523, -0.7841838481310893, -0.23752650405722298], [0.0, 0.0, 0.0, 1.0]], "ecm_transform": [[0.9594905974102703, 0.28103317091682, 0.019953704561318952, -0.08830821967396103], [0.2384008218675966, -0.772112219542261, -0.5890736529215834, 0.8838054019725518], [-0.15014273746717635, 0.5699676107271019, -0.8078329537150002, 0.5739490874352018], [0.0, 0.0, 0.0, 1.0]], "psm2_transform": [[0.030330221379960397, 0.9993905516210291, -0.017280133149305116, -0.0027192241830840272], [0.8683474607167461, -0.03490738217934883, -0.4947263507598559, -0.07785078074176809], [-0.4950280447993039, 0.0, -0.8688769963937234, -0.0054384104934431104], [0.0, 0.0, 0.0, 1.0]]}