{"ecm_psm_transform": [[-0.6702915981640619, 0.19991044901361318, -0.7146642469060863, 0.014750705360113978], [0.3182224114376273, -0.7925665212999623, -0.520166133243311, 0.23039802811658566], [-0.6704056013261592, -0.5760851687811898, 0.467634695056792, -0.17373186741356056], [0.0, 0.0, 0.0, 1.0]], "suj_ecm_transform": [[0.9934973399580457, 0.11385532671944866, -8.596220848739025e-06, -0.09249173667000896], [-0.11385532701434097, 0.9934973351456734, -9.782077032915654e-05, 1.0067422921082074], [-2.5970932602283675e-06, 9.816340065048462e-05, 0.9999999951786009, 0.7425354599273977], [0.0, 0.0, 0.0, 1.0]], "suj_psm2_transform": [[0.18822771084370718, -0.9527334939720002, -0.23847267838149186, 0.002121516719910399], [-0.7648914799388922, -0.29451301840268396, 0.5728901342388713, 0.273593225858437], [-0.6160449275721935, 0.07457192135948393, -0.7841732434592026, -0.23754148511407458], [0.0, 0.0, 0.0, 1.0]], "ecm_transform": [[0.9594765982202028, 0.2810785044571206, 0.01998829157122181, -0.08833825450288484], [0.23845715727075653, -0.7720957175468516, -0.5890724803385085, 0.8837967264480006], [-0.15014273746717632, 0.569967610727102, -0.8078329537150003, 0.5739551961329747], [0.0, 0.0, 0.0, 1.0]], "psm2_transform": [[0.04342690575852558, 0.9987504116959406, -0.02473295359291374, -0.0038927893201458966], [0.8678668475422654, -0.049976145681605806, -0.4942767643738284, -0.07779561394972206], [-0.49489517960199436, 0.0, -0.8689526806487853, -0.005447702841382244], [0.0, 0.0, 0.0, 1.0]]}