{"ecm_psm_transform": [[-0.6611479234509942, 0.21141719679612572, -0.7198515070591345, 0.013924174601416045], [0.28197177694363473, -0.8191123005984973, -0.4995467505804504, 0.2335903362561011], [-0.6952519977128353, -0.5332521053939738, 0.48194071395681726, -0.17150022997892486], [0.0, 0.0, 0.0, 1.0]], "suj_ecm_transform": [[0.9934905687351944, 0.11391439663284494, -8.602036937843162e-06, -0.09245942308831877], [-0.11391439692802338, 0.9934905639228396, -9.782025905294059e-05, 1.0067309856234012], [-2.597093260221416e-06, 9.816340065045697e-05, 0.999999995178601, 0.7425478199070619], [0.0, 0.0, 0.0, 1.0]], "suj_psm2_transform": [[0.18816551315341015, -0.9527264346855218, -0.23854995349219518, 0.0021126059859206126], [-0.7648899420283302, -0.2945120653792355, 0.5728926774972386, 0.2735349406554666], [-0.6160658375884934, 0.07466581545440698, -0.784147881307421, -0.23754082349237382], [0.0, 0.0, 0.0, 1.0]], "ecm_transform": [[0.9595130062444174, 0.28096058012361963, 0.019898323155475392, -0.08825677005252078], [0.23831061502514567, -0.7721386372528175, -0.5890755262508356, 0.8837954453291775], [-0.15014273746717632, 0.5699676107271019, -0.8078329537150001, 0.5739607177398673], [0.0, 0.0, 0.0, 1.0]], "psm2_transform": [[0.08823838989952118, 0.9948305903994409, -0.05026015273991934, -0.007909597544647479], [0.8644367536438602, -0.10154849287655598, -0.49237892170986003, -0.07748721199367234], [-0.49493745614734436, 0.0, -0.8689286014986477, -0.005441949055103947], [0.0, 0.0, 0.0, 1.0]]}