{"ecm_psm_transform": [[-0.6575773201081186, 0.21564050160761056, -0.7218664988388389, 0.013583996764416996], [0.2678474928484564, -0.8286461928423443, -0.4915314920355407, 0.23491447319292347], [-0.7041660235017173, -0.516570093166752, 0.4871401750948819, -0.17062522551714443], [0.0, 0.0, 0.0, 1.0]], "suj_ecm_transform": [[0.9934930471876414, 0.11389277903298584, -8.599908443939575e-06, -0.0924710287915021], [-0.11389277932805955, 0.9934930423752802, -9.782044620334286e-05, 1.0067489702878052], [-2.597093260227015e-06, 9.816340065046098e-05, 0.9999999951786009, 0.742551020204681], [0.0, 0.0, 0.0, 1.0]], "suj_psm2_transform": [[0.188131026234039, -0.9527264601859513, -0.23857705050921096, 0.002091679397150395], [-0.7648927756526585, -0.2945016205839399, 0.5728942635668516, 0.27359428394860774], [-0.6160728517979829, 0.07470667664258904, -0.7841384786774084, -0.2374701463924318], [0.0, 0.0, 0.0, 1.0]], "ecm_transform": [[0.9594910886427139, 0.2810315799479454, 0.019952490751325824, -0.08830989051875984], [0.23839884479812973, -0.7721127986207719, -0.5890736940357436, 0.8837978942590091], [-0.15014273746717638, 0.569967610727102, -0.8078329537150002, 0.5739534512027475], [0.0, 0.0, 0.0, 1.0]], "psm2_transform": [[0.10523226192131754, 0.9926389657930419, -0.05995043486283877, -0.009433371761102774], [0.8624948240817468, -0.12111103826373652, -0.4913601477967829, -0.07731691944124075], [-0.49500388835151565, 0.0, -0.8688907586784891, -0.005435993995809237], [0.0, 0.0, 0.0, 1.0]]}