{"ecm_psm_transform": [[-0.6535117281515442, 0.22021144966683498, -0.7241749364649495, 0.013191244906574664], [0.25199994507945367, -0.8388638335465679, -0.48249714656929166, 0.2362815136816898], [-0.7137355594674648, -0.4978095882997706, 0.4927140803229376, -0.16978456206423959], [0.0, 0.0, 0.0, 1.0]], "suj_ecm_transform": [[0.9934893702650146, 0.11392484845902705, -8.603066037182133e-06, -0.0924467464662749], [-0.11392484875425611, 0.9934893654526629, -9.7820168551395e-05, 1.006725390363212], [-2.597093260226725e-06, 9.816340065045184e-05, 0.999999995178601, 0.7425444748280252], [0.0, 0.0, 0.0, 1.0]], "suj_psm2_transform": [[0.18808371432165227, -0.9527444873296006, -0.23854236158390793, 0.0020661621074000575], [-0.7649116241589967, -0.2944422648239302, 0.5728996071841911, 0.2735460751479925], [-0.6160638957392464, 0.07471073917725143, -0.7841451280331797, -0.23750074168435753], [0.0, 0.0, 0.0, 1.0]], "ecm_transform": [[0.9594952083142207, 0.2810182368810996, 0.01994231085627511, -0.08828618753336179], [0.2383822636185686, -0.7721176550644839, -0.5890740387504868, 0.8837955974760634], [-0.1501427374671762, 0.5699676107271018, -0.8078329537150002, 0.573955630202565], [0.0, 0.0, 0.0, 1.0]], "psm2_transform": [[0.12403410883094973, 0.9897573990601484, -0.07068119164390471, -0.011120950291581347], [0.8599331621629551, -0.14275955661772793, -0.490035371791395, -0.07710196848780276], [-0.4951065506120204, 0.0, -0.8688322643301565, -0.005432026401488311], [0.0, 0.0, 0.0, 1.0]]}