{"ecm_psm_transform": [[-0.6491876559257076, 0.224506574115143, -0.726740796689416, 0.012717856798871285], [0.23670773925609553, -0.8483743594680039, -0.4735297164629929, 0.237694133383981], [-0.7228587922754717, -0.4794348176513007, 0.4976117181635805, -0.16896689793066103], [0.0, 0.0, 0.0, 1.0]], "suj_ecm_transform": [[0.9934911331064042, 0.1139094744302097, -8.601552291962256e-06, -0.09246496597120143], [-0.1139094747253643, 0.993491128294048, -9.782030167012356e-05, 1.0067313933779676], [-2.5970932602264998e-06, 9.816340065046149e-05, 0.999999995178601, 0.7425388008864986], [0.0, 0.0, 0.0, 1.0]], "suj_psm2_transform": [[0.18800061521961411, -0.952757618925709, -0.23855541967446547, 0.0019797416876328466], [-0.7649286772989097, -0.2943844468436022, 0.5729065509333323, 0.2735677268122058], [-0.616068086596593, 0.07477109759526146, -0.7841360823489842, -0.23747467640922082], [0.0, 0.0, 0.0, 1.0]], "ecm_transform": [[0.9595082925083047, 0.28097585220775256, 0.01990997448327085, -0.08826568568951038], [0.2383295931974455, -0.7721330799792001, -0.5890751325664445, 0.8837946655172865], [-0.15014273746717638, 0.5699676107271019, -0.807832953715, 0.5739490875725328], [0.0, 0.0, 0.0, 1.0]], "psm2_transform": [[0.14221801643408125, 0.9865177414548879, -0.08097395628411794, -0.012745943386046846], [0.8572983096496822, -0.16365434853601307, -0.4881156240861898, -0.07683327326403305], [-0.494786463106412, 0.0, -0.8690145890183014, -0.005452208763181483], [0.0, 0.0, 0.0, 1.0]]}