{"ecm_psm_transform": [[-0.7168466722093334, 0.11150247955219299, -0.6882572524834865, 0.01885423163159356], [0.5223025791520173, -0.5680421832427045, -0.6360252305278562, 0.21217836182414168], [-0.4618775425949561, -0.8154111080372739, 0.3489611160801018, -0.19235669585205525], [0.0, 0.0, 0.0, 1.0]], "suj_ecm_transform": [[0.9934899174331291, 0.11392007674115089, -8.602596208081057e-06, -0.09245553013301895], [-0.11392007703635683, 0.993489912620776, -9.782020987067881e-05, 1.0067386369306923], [-2.597093260224947e-06, 9.816340065044933e-05, 0.9999999951786009, 0.7425415667025339], [0.0, 0.0, 0.0, 1.0]], "suj_psm2_transform": [[0.18796827377244174, -0.9527857341256739, -0.23846859940379836, 0.0020558834096450623], [-0.7649657944185478, -0.2943029844198436, 0.5728988451124453, 0.2736491579844107], [-0.6160318672151698, 0.07473351462479327, -0.7841681199635813, -0.23747634454586863], [0.0, 0.0, 0.0, 1.0]], "ecm_transform": [[0.9594970800546868, 0.2810121742288694, 0.019937685464816945, -0.08828612243219415], [0.23837472968499201, -0.7721198615870485, -0.5890741953187258, 0.8838030564482028], [-0.15014273746717627, 0.5699676107271018, -0.8078329537150005, 0.5739499595569875], [0.0, 0.0, 0.0, 1.0]], "psm2_transform": [[-0.2497567539330623, 0.9578109960024667, 0.1421958501559823, 0.022385471502846473], [0.8323616105345611, 0.28739884470324994, -0.47389455933946834, -0.07460381679079087], [-0.49476834293751193, 0.0, -0.8690249057575212, -0.0054577621474077576], [0.0, 0.0, 0.0, 1.0]]}