{"ecm_psm_transform": [[-0.6458955185705895, 0.22802178203709672, -0.7285774125012774, 0.012512835103252866], [0.2238232902355374, -0.8558548194227908, -0.46627852493860394, 0.23888785123368134], [-0.7298781499939342, -0.4642398033208792, 0.5017562069113081, -0.16839775992370012], [0.0, 0.0, 0.0, 1.0]], "suj_ecm_transform": [[0.9934842841695869, 0.1139691933548529, -8.60743229204039e-06, -0.09242078077693322], [-0.11396919365029676, 0.9934842793572485, -9.781978445077838e-05, 1.0067311962248682], [-2.5970932602267374e-06, 9.81634006504282e-05, 0.999999995178601, 0.7425390945692696], [0.0, 0.0, 0.0, 1.0]], "suj_psm2_transform": [[0.18804823043375501, -0.9527819433148704, -0.2384207028004753, 0.0020689320908200554], [-0.7649531110246365, -0.2943369224917906, 0.5728983452513996, 0.2736117123204966], [-0.6160232146311237, 0.07464813829695172, -0.7841830490927075, -0.23754310465031026], [0.0, 0.0, 0.0, 1.0]], "ecm_transform": [[0.9594996963082856, 0.2810036997147011, 0.01993122000677168, -0.08829007269142607], [0.2383641985915058, -0.7721229458244907, -0.5890744141117831, 0.8837902188007604], [-0.15014273746717632, 0.569967610727102, -0.8078329537150002, 0.573957525407458], [0.0, 0.0, 0.0, 1.0]], "psm2_transform": [[0.15694805275054452, 0.9835503953167685, -0.08941995644172876, -0.014069054489807189], [0.8545809292063282, -0.18063393887148774, -0.48689096886738426, -0.07660589251185965], [-0.49503408385146663, 0.0, -0.8688735557175965, -0.005431323457090281], [0.0, 0.0, 0.0, 1.0]]}