{"ecm_psm_transform": [[-0.6465126431431744, 0.2270366962520987, -0.7283376557689154, 0.012489172756862921], [0.22774750248487458, -0.8537226072458255, -0.4682828044988329, 0.2385478416790632], [-0.7281157032834332, -0.46862783574209754, 0.5002354187777481, -0.1685097202085494], [0.0, 0.0, 0.0, 1.0]], "suj_ecm_transform": [[0.9934933216653176, 0.11389038472346931, -8.599672697529042e-06, -0.09246907625992734], [-0.11389038501853142, 0.9934933168529556, -9.782046692873425e-05, 1.0067364414068005], [-2.5970932602250175e-06, 9.816340065043546e-05, 0.999999995178601, 0.742551598918358], [0.0, 0.0, 0.0, 1.0]], "suj_psm2_transform": [[0.1880291850948126, -0.9527530869142928, -0.2385510027810972, 0.001994391382772659], [-0.764921688420507, -0.2944045052249802, 0.5729055750183931, 0.27361278278743695], [-0.6160680450538737, 0.07474986741473844, -0.7841381390960253, -0.237473684728168], [0.0, 0.0, 0.0, 1.0]], "ecm_transform": [[0.9594733254840355, 0.28108910086583605, 0.019996376147736014, -0.08834315579912183], [0.23847032534566745, -0.7720918598822777, -0.5890722059587065, 0.8838107265469972], [-0.15014273746717632, 0.5699676107271018, -0.8078329537150002, 0.5739550459956404], [0.0, 0.0, 0.0, 1.0]], "psm2_transform": [[0.15279656831686272, 0.9844270977835965, -0.08692811892567091, -0.013691235654264838], [0.8556473458218268, -0.17579331372201074, -0.4867898216260256, -0.07666971567253458], [-0.4944904734154677, 0.0, -0.8691830484433912, -0.005479388491334933], [0.0, 0.0, 0.0, 1.0]]}