{"ecm_psm_transform": [[-0.6415408141650591, 0.23205814495416371, -0.7311459506287823, 0.01207269370247655], [0.20882737507723118, -0.8643101498420033, -0.45755774750128264, 0.24023191600664667], [-0.73811686823889, -0.44622525952765885, 0.5060301439446933, -0.1676238284976721], [0.0, 0.0, 0.0, 1.0]], "suj_ecm_transform": [[0.9934947135289866, 0.11387824250498252, -8.598477161270238e-06, -0.09247362043224246], [-0.11387824279998582, 0.993494708716621, -9.782057202438772e-05, 1.0067266843129614], [-2.5970932602266395e-06, 9.816340065049191e-05, 0.9999999951786012, 0.7425456365126459], [0.0, 0.0, 0.0, 1.0]], "suj_psm2_transform": [[0.18803518965336283, -0.9527627335620005, -0.2385077377937428, 0.0020233435020799717], [-0.7649338965826852, -0.29438160430453914, 0.5729010428563697, 0.2736045116990072], [-0.6160510541431238, 0.0747170969895822, -0.7841546110982168, -0.23749057423497177], [0.0, 0.0, 0.0, 1.0]], "ecm_transform": [[0.9594975414572238, 0.2810106796930305, 0.019936545237425815, -0.08828153791048712], [0.238372872457009, -0.7721204055200845, -0.5890742339095258, 0.8837957831045012], [-0.15014273746717638, 0.5699676107271019, -0.807832953715, 0.573959699463352], [0.0, 0.0, 0.0, 1.0]], "psm2_transform": [[0.17434628836652924, 0.9796727695889748, -0.09922014038834377, -0.015624021228152561], [0.8514476150064685, -0.20060225453834662, -0.48455721475789537, -0.07630237348990121], [-0.49461129246370006, 0.0, -0.8691143016700325, -0.005469872309872458], [0.0, 0.0, 0.0, 1.0]]}