{"ecm_psm_transform": [[-0.6372964862466935, 0.23651198736135465, -0.7334270709838847, 0.011870832687304201], [0.19195618864082792, -0.8730174489823334, -0.4483228249987567, 0.24163120658355453], [-0.7463283528448486, -0.4265004262679714, 0.51097101300674, -0.1669190613807408], [0.0, 0.0, 0.0, 1.0]], "suj_ecm_transform": [[0.9934821861554967, 0.11398748052999694, -8.609232872092466e-06, -0.09240884215181316], [-0.11398748082552937, 0.9934821813431636, -9.781962599610987e-05, 1.0067249910643452], [-2.597093260225462e-06, 9.816340065045844e-05, 0.999999995178601, 0.7425406952674043], [0.0, 0.0, 0.0, 1.0]], "suj_psm2_transform": [[0.18820270950079002, -0.9526990937641987, -0.2386297904232322, 0.0021927421083275944], [-0.7648611038474188, -0.2945920379054289, 0.5728900619002169, 0.27350272960893934], [-0.6160902790645777, 0.07469918301829548, -0.7841255002220818, -0.23752480596815606], [0.0, 0.0, 0.0, 1.0]], "ecm_transform": [[0.9595000707800474, 0.28100248670016853, 0.01993029456394735, -0.08827719293926499], [0.2383626912059576, -0.772123387283639, -0.5890744454232357, 0.8837951439871246], [-0.15014273746717624, 0.5699676107271019, -0.8078329537150002, 0.5739541753844977], [0.0, 0.0, 0.0, 1.0]], "psm2_transform": [[0.19304489537686165, 0.9750120531981046, -0.10993254516908549, -0.017300781734171235], [0.8472628127474736, -0.2221519662717764, -0.48248754389810217, -0.07593212431858469], [-0.49485290188517234, 0.0, -0.8689767577420147, -0.005442980232317436], [0.0, 0.0, 0.0, 1.0]]}