{"ecm_psm_transform": [[-0.6280444305075127, 0.2447020278354438, -0.738702315470661, 0.010921078464077272], [0.1576655164836404, -0.8895705965227364, -0.428725715013842, 0.244756018757587], [-0.7620379112750503, -0.3857266796261375, 0.5201087870860808, -0.16549856708842525], [0.0, 0.0, 0.0, 1.0]], "suj_ecm_transform": [[0.9934885720626281, 0.11393180902160721, -8.60375138268897e-06, -0.09245409775412108], [-0.11393180931687, 0.9934885672502785, -9.782010827437674e-05, 1.0067315688149563], [-2.5970932602239625e-06, 9.816340065046447e-05, 0.999999995178601, 0.7425466575357849], [0.0, 0.0, 0.0, 1.0]], "suj_psm2_transform": [[0.18812435280685014, -0.9527448089113502, -0.23850902912359256, 0.00207793239759943], [-0.7649078967384118, -0.29445377736830225, 0.5728986668694191, 0.273558962502948], [-0.6160561154539603, 0.07466124889133102, -0.784155954211765, -0.2375345166136571], [0.0, 0.0, 0.0, 1.0]], "ecm_transform": [[0.959487576097931, 0.2810429558130617, 0.01996116984484038, -0.08832555439490626], [0.23841298139904143, -0.772108657968486, -0.589073400002516, 0.8837973892609413], [-0.15014273746717638, 0.5699676107271019, -0.8078329537150001, 0.573953158618626], [0.0, 0.0, 0.0, 1.0]], "psm2_transform": [[0.2307080648239076, 0.9641032644810396, -0.13144840905165195, -0.02068297698688046], [0.8376771970330097, -0.2655275793905461, -0.47727562074122076, -0.07509775699385463], [-0.49504616188404904, 0.0, -0.8688666742394209, -0.005434168032493351], [0.0, 0.0, 0.0, 1.0]]}