{"ecm_psm_transform": [[-0.6199146752476189, 0.2512177905860695, -0.7433676190860703, 0.010225778304893993], [0.12922153787262253, -0.9017448824257619, -0.4125020741387653, 0.24732517752752387], [-0.7739558059491985, -0.3517751962717136, 0.5265421367046741, -0.16448437426870555], [0.0, 0.0, 0.0, 1.0]], "suj_ecm_transform": [[0.9934954843542965, 0.11387151748220184, -8.597815008255405e-06, -0.09249532008293176], [-0.11387151777717258, 0.993495479541929, -9.782063022568746e-05, 1.006735689303553], [-2.5970932602248718e-06, 9.816340065046928e-05, 0.9999999951786009, 0.7425473813055419], [0.0, 0.0, 0.0, 1.0]], "suj_psm2_transform": [[0.1882324860472693, -0.9527357594113027, -0.23845985812172407, 0.0021137709967632146], [-0.7648906745304852, -0.29450906194462845, 0.5728932435007366, 0.27357846026137045], [-0.6160444685351567, 0.07455860226334213, -0.7841748705587122, -0.23757549660420296], [0.0, 0.0, 0.0, 1.0]], "ecm_transform": [[0.959489660428678, 0.28103620550659947, 0.019956019766286456, -0.08830400001825789], [0.2384045929010651, -0.7721111150064421, -0.5890735744940406, 0.883810826333641], [-0.15014273746717632, 0.5699676107271018, -0.807832953715, 0.5739472008821749], [0.0, 0.0, 0.0, 1.0]], "psm2_transform": [[0.26126276341937116, 0.9537327644654306, -0.148780316021983, -0.0234195471724351], [0.8287716054174984, -0.3006556402017555, -0.47195742611868585, -0.0742909378061442], [-0.49485290188517234, 0.0, -0.8689767577420147, -0.005452802147043884], [0.0, 0.0, 0.0, 1.0]]}