{"ecm_psm_transform": [[-0.7136528009274372, 0.12082273723037545, -0.6900011202140066, 0.018522435009226484], [0.5054996031127525, -0.5930803720796439, -0.6266784051702445, 0.2136192960586149], [-0.48494312138772927, -0.7960260915460191, 0.3621776229927731, -0.19025831082777958], [0.0, 0.0, 0.0, 1.0]], "suj_ecm_transform": [[0.993494719484851, 0.11387819054491248, -8.598472045224237e-06, -0.09248786019032683], [-0.11387819083991553, 0.9934947146724855, -9.782057247408708e-05, 1.0067407685238465], [-2.597093260227113e-06, 9.816340065048841e-05, 0.9999999951786009, 0.7425443264759963], [0.0, 0.0, 0.0, 1.0]], "suj_psm2_transform": [[0.18804686348935837, -0.952740347095508, -0.2385879463597144, 0.0020061890364585916], [-0.764908446919174, -0.29444185712156085, 0.5729040588148279, 0.2735904735157632], [-0.616079089860638, 0.07476512416319303, -0.784128006925751, -0.23744679709282845], [0.0, 0.0, 0.0, 1.0]], "ecm_transform": [[0.9594859098711286, 0.28104835186324584, 0.019965286717851027, -0.08832906668408323], [0.23841968699047367, -0.7721066938169829, -0.5890732604849523, 0.8838092654101156], [-0.15014273746717627, 0.5699676107271018, -0.8078329537150002, 0.5739506840134003], [0.0, 0.0, 0.0, 1.0]], "psm2_transform": [[-0.22209777031130526, 0.9667875530650494, 0.12646899881489196, 0.019906448790386715], [0.8401292137858283, 0.25558135150768424, -0.47839426930630313, -0.0753001218701751], [-0.4948287426639169, 0.0, -0.8689905151574712, -0.005450383978119273], [0.0, 0.0, 0.0, 1.0]]}