{"ecm_psm_transform": [[-0.7086077423852236, 0.1332965538437934, -0.6928976087165298, 0.018123212265540572], [0.4816943499514199, -0.6261833962763487, -0.613078222947689, 0.21575737758967348], [-0.5156021922534811, -0.7681968386821088, 0.3795102058999448, -0.18756360736256647], [0.0, 0.0, 0.0, 1.0]], "suj_ecm_transform": [[0.9934916445223066, 0.11390501389483981, -8.601113102440629e-06, -0.0924474368990837], [-0.11390501418997279, 0.993491639709949, -9.782034028801601e-05, 1.006734275914123], [-2.597093260229955e-06, 9.816340065045573e-05, 0.9999999951786009, 0.7425469472359514], [0.0, 0.0, 0.0, 1.0]], "suj_psm2_transform": [[0.18809928164805984, -0.952740060299058, -0.2385477682662977, 0.00206017589679329], [-0.7649057147774517, -0.29445814734653813, 0.5728993340562023, 0.2735929713245173], [-0.6160664799713416, 0.07470459800167487, -0.7841436828114658, -0.23749460677746748], [0.0, 0.0, 0.0, 1.0]], "ecm_transform": [[0.9594917150297886, 0.2810295512289465, 0.019950942966496132, -0.08830806774458756], [0.23839632374484726, -0.7721135370255439, -0.589073746458664, 0.8838093393162736], [-0.1501427374671763, 0.5699676107271019, -0.8078329537150002, 0.5739477773985524], [0.0, 0.0, 0.0, 1.0]], "psm2_transform": [[-0.1840941407196558, 0.9773045666667116, 0.10480997722107618, 0.016499406716387888], [0.8493053697273285, 0.21183905204751777, -0.4835334579736287, -0.07611885238043975], [-0.49476230283340855, 0.0, -0.8690283445866323, -0.005456338782414961], [0.0, 0.0, 0.0, 1.0]]}