{"ecm_psm_transform": [[-0.7056446381050934, 0.1401814780991624, -0.694560866959452, 0.017869176130925722], [0.46746953175067746, -0.644538000659516, -0.6050148779911413, 0.21706053777545165], [-0.532482752395168, -0.751611547878136, 0.3892842142932315, -0.18596808849089172], [0.0, 0.0, 0.0, 1.0]], "suj_ecm_transform": [[0.9934968684427882, 0.11385944106867704, -8.596625951822336e-06, -0.09249083215120962], [-0.11385944136358928, 0.993496863630417, -9.782073472890986e-05, 1.0067440939140404], [-2.597093260221663e-06, 9.816340065043084e-05, 0.999999995178601, 0.7425411308476377], [0.0, 0.0, 0.0, 1.0]], "suj_psm2_transform": [[0.18802169118093218, -0.9527475470909251, -0.23857903335726588, 0.002072615147198295], [-0.7649250841924581, -0.29441521273269705, 0.5728955385449614, 0.27362865296458816], [-0.6160661159474874, 0.07477829915012732, -0.7841369438800796, -0.23742377093995426], [0.0, 0.0, 0.0, 1.0]], "ecm_transform": [[0.9594743227499434, 0.28108587200307295, 0.019993912668846328, -0.08835449100802292], [0.23846631286074754, -0.772093035380006, -0.5890722895776791, 0.8837986700014346], [-0.15014273746717627, 0.5699676107271018, -0.8078329537150002, 0.5739498157368881], [0.0, 0.0, 0.0, 1.0]], "psm2_transform": [[-0.1622110880839538, 0.9824228500067286, 0.09237373375195254, 0.014540363954840835], [0.8537026229305165, 0.18666907559812052, -0.48615479820413104, -0.07652465064649235], [-0.49485290188517234, 0.0, -0.8689767577420147, -0.005452147352728781], [0.0, 0.0, 0.0, 1.0]]}