{"ecm_psm_transform": [[-0.5779128395544255, 0.2428761203933086, -0.7791199779371826, -0.02906062930351385], [0.6073562277382654, -0.5096716523758739, -0.6093875773200425, 0.2219477291002248], [-0.5451010571496675, -0.8253762759536655, 0.14703346757515262, -0.16917067531021449], [0.0, 0.0, 0.0, 1.0]], "suj_ecm_transform": [[0.977939540042508, 0.2088881415942353, -1.7965370232710458e-05, 0.05908683361858863], [-0.20888814235064407, 0.9779395352808135, -9.654037286576475e-05, 1.0330046710481673], [-2.5970932602195126e-06, 9.816340065043064e-05, 0.9999999951786009, 0.6492850868577178], [0.0, 0.0, 0.0, 1.0]], "suj_psm2_transform": [[0.2675679918077842, -0.9629881571114538, -0.03257574286237114, -0.0329428858609776], [-0.7492965492553845, -0.2292106823146462, 0.6213027799606465, 0.28769502250812123], [-0.6057739273309166, -0.14183184542245844, -0.7828931450652362, -0.21091216956589176], [0.0, 0.0, 0.0, 1.0]], "ecm_transform": [[0.9910521350730553, -0.07278947519380867, -0.1118809986912361, 0.04797601851567262], [-0.1269602359512405, -0.7727613454702439, -0.6218689584102296, 0.9710448891904231], [-0.04119179595919315, 0.6305089969604148, -0.775088150275585, 0.572064786032948], [0.0, 0.0, 0.0, 1.0]], "psm2_transform": [[-0.27951289535077295, 0.9468725143804538, 0.1590753998689463, 0.025017078756258714], [0.8229339337886719, 0.3216091440099882, -0.4683452776619666, -0.0736545732781057], [-0.49462337384289645, 0.0, -0.8691074260689932, -0.005411141733685648], [0.0, 0.0, 0.0, 1.0]]}