{"ecm_psm_transform": [[-0.5324684535086011, 0.2617957757619742, -0.804947400648853, -0.0330784386426331], [0.5003804323841179, -0.6696595083349317, -0.5487946481004536, 0.23147870443465202], [-0.6827128011874701, -0.6949957659509903, 0.225575079308319, -0.15685792056875103], [0.0, 0.0, 0.0, 1.0]], "suj_ecm_transform": [[0.977933577725953, 0.20891605307698136, -1.7968125603464446e-05, 0.059112570451057445], [-0.20891605383352602, 0.9779335729642801, -9.653986007322849e-05, 1.0330023530343897], [-2.597093260236013e-06, 9.816340065043616e-05, 0.999999995178601, 0.6492849434496122], [0.0, 0.0, 0.0, 1.0]], "suj_psm2_transform": [[0.2676068680016117, -0.9629781665899159, -0.0325517260601072, -0.03288368493166219], [-0.7493106114076057, -0.22923089701825394, 0.6212783623177027, 0.2876826822823634], [-0.6057393596509377, -0.14186700294053917, -0.7829135211799201, -0.2109396061192932], [0.0, 0.0, 0.0, 1.0]], "ecm_transform": [[0.9910498643996857, -0.07280329499060367, -0.11189211997221328, 0.04797148381075656], [-0.12697795957968935, -0.7727600436037585, -0.6218669574679911, 0.9710348789684619], [-0.04119179595919316, 0.630508996960415, -0.7750881502755849, 0.5720483515739112], [0.0, 0.0, 0.0, 1.0]], "psm2_transform": [[-0.10388656786244803, 0.9928276134603443, 0.05916849641826413, 0.009302713999754757], [0.8627133859339784, 0.11955471530072394, -0.4913575925735687, -0.077253258609238], [-0.4949072587344939, 0.0, -0.8689458011014892, -0.0053988251865242295], [0.0, 0.0, 0.0, 1.0]]}