{"ecm_psm_transform": [[-0.5266751118436624, 0.26331497545605703, -0.8082564879201665, -0.033661744664869], [0.485486859059868, -0.6873221483298272, -0.5402691681888345, 0.23283074915093588], [-0.6977935484401172, -0.6769442282166585, 0.23415950896665066, -0.15549777441180973], [0.0, 0.0, 0.0, 1.0]], "suj_ecm_transform": [[0.9779436678786436, 0.20886881560773862, -1.7963462407765267e-05, 0.05907842851350922], [-0.20886881636405324, 0.9779436631169341, -9.654072787682508e-05, 1.0330136963931347], [-2.5970932602281473e-06, 9.816340065044643e-05, 0.999999995178601, 0.649282466372425], [0.0, 0.0, 0.0, 1.0]], "suj_psm2_transform": [[0.2675827586545587, -0.9629852151581284, -0.03254139913509768, -0.03294780531665378], [-0.7493272456076288, -0.22920802617782343, 0.6212667379843789, 0.28769920300052304], [-0.6057294332132961, -0.1418561106280578, -0.7829231747857384, -0.2109296860662393], [0.0, 0.0, 0.0, 1.0]], "ecm_transform": [[0.9910542125521103, -0.07277682950771751, -0.11187082224387707, 0.04794330140820639], [-0.12694401808818218, -0.7727625365134986, -0.621870789177986, 0.9710459733686955], [-0.04119179595919314, 0.630508996960415, -0.775088150275585, 0.5720530079255786], [0.0, 0.0, 0.0, 1.0]], "psm2_transform": [[-0.08204361962332857, 0.995532803455385, 0.04672560029966795, 0.007346649105185846], [0.8650743225811749, 0.09441629755641635, -0.49267837294370814, -0.07746364101301945], [-0.49488913999988315, 0.0, -0.8689561203594668, -0.005400447651168268], [0.0, 0.0, 0.0, 1.0]]}