{"ecm_psm_transform": [[-0.5733838474540413, 0.24555167849022083, -0.7816235261744853, -0.029381965268609655], [0.5975649506631545, -0.5273243576492572, -0.6040241316112627, 0.22274082717357968], [-0.5604882632292514, -0.8134085043939692, 0.15562619240289832, -0.16787014051845933], [0.0, 0.0, 0.0, 1.0]], "suj_ecm_transform": [[0.9779359762392451, 0.20890482534920254, -1.7967017222365508e-05, 0.05909187879133895], [-0.20890482610569253, 0.9779359714775635, -9.654006636002087e-05, 1.0330143388145596], [-2.597093260232457e-06, 9.816340065046477e-05, 0.9999999951786008, 0.6492811571597625], [0.0, 0.0, 0.0, 1.0]], "suj_psm2_transform": [[0.26779567851059805, -0.9629254170733035, -0.03255941838013776, -0.03286054275906779], [-0.7492576187213758, -0.22938089383891297, 0.6212869114423987, 0.28762399514458975], [-0.6057214668137675, -0.14198255771701596, -0.7829064171055902, -0.21098334283275033], [0.0, 0.0, 0.0, 1.0]], "ecm_transform": [[0.9910511068340719, -0.07279573351489692, -0.11188603498645003, 0.04796067837975529], [-0.12696826213120033, -0.7727607559484371, -0.6218680523048142, 0.9710365625761019], [-0.04119179595919315, 0.6305089969604148, -0.7750881502755851, 0.5720548932426253], [0.0, 0.0, 0.0, 1.0]], "psm2_transform": [[-0.2598966979349868, 0.9542398926038018, 0.1479186728103485, 0.02326202603203161], [0.8293271351535674, 0.29904218325093324, -0.4720066477651473, -0.0742288361502705], [-0.4946414957324817, 0.0, -0.8690971123525456, -0.005410174836478793], [0.0, 0.0, 0.0, 1.0]]}