{"ecm_psm_transform": [[-0.5631180983243347, 0.2503762177160589, -0.7875339719286946, -0.030337745418208453], [0.5744815117093058, -0.5664390725217068, -0.5908618872671847, 0.22491427604391245], [-0.5940277771651559, -0.7851487290462548, 0.1751355852854435, -0.16476416467975946], [0.0, 0.0, 0.0, 1.0]], "suj_ecm_transform": [[0.9779359804828488, 0.20890480548382778, -1.7967015261291192e-05, 0.05910704417186796], [-0.20890480624031765, 0.9779359757211672, -9.6540066724973e-05, 1.0330050631935044], [-2.5970932602283336e-06, 9.816340065044295e-05, 0.9999999951786012, 0.6492897407374234], [0.0, 0.0, 0.0, 1.0]], "suj_psm2_transform": [[0.267483258423616, -0.9630121119164938, -0.03256345751328488, -0.032892978574576764], [-0.7493276968257729, -0.22913939598649946, 0.6212915096609037, 0.2877333554422412], [-0.6057728198201597, -0.14178437681591233, -0.7829026001093979, -0.2108993099638028], [0.0, 0.0, 0.0, 1.0]], "ecm_transform": [[0.991051466425787, -0.07279354492485685, -0.11188427375002566, 0.047967789613057206], [-0.12696545530558315, -0.7727609621152227, -0.6218683691825801, 0.9710368598688639], [-0.04119179595919315, 0.630508996960415, -0.7750881502755851, 0.5720534403471944], [0.0, 0.0, 0.0, 1.0]], "psm2_transform": [[-0.2212536902303877, 0.9670416917238539, 0.12600464684805207, 0.019808141121434805], [0.8403234492317053, 0.2546180796170348, -0.47856674999780624, -0.07523149310052213], [-0.49487706072393906, 0.0, -0.8689629996548961, -0.005392362607998042], [0.0, 0.0, 0.0, 1.0]]}