{"ecm_psm_transform": [[-0.5638619584117673, 0.25019598700395784, -0.7870588668855478, -0.03022886517315986], [0.5762968152785757, -0.5634255481608628, -0.5919743511161637, 0.22468096348484956], [-0.5915586805683931, -0.7873713353728006, 0.1735070824993466, -0.16506561570161066], [0.0, 0.0, 0.0, 1.0]], "suj_ecm_transform": [[0.9779332303281342, 0.2089176792354385, -1.7968286134939434e-05, 0.059105956390262636], [-0.20891767999199104, 0.9779332255664624, -9.65398301947785e-05, 1.0330158482557463], [-2.5970932602339715e-06, 9.816340065045308e-05, 0.999999995178601, 0.6492808659489531], [0.0, 0.0, 0.0, 1.0]], "suj_psm2_transform": [[0.26767987168223756, -0.9629589987967396, -0.03251850138862994, -0.03285291668737719], [-0.749325954783255, -0.22927393457308815, 0.6212439749514993, 0.2876659574483909], [-0.6056881208875939, -0.14192755039722477, -0.7829421885771, -0.21097010864489585], [0.0, 0.0, 0.0, 1.0]], "ecm_transform": [[0.9910510733700966, -0.07279593718484913, -0.1118861988868993, 0.04797535046692343], [-0.12696852333407477, -0.77276073676226, -0.6218680228159459, 0.9710439070185756], [-0.041191795959193124, 0.6305089969604152, -0.7750881502755849, 0.5720499525467082], [0.0, 0.0, 0.0, 1.0]], "psm2_transform": [[-0.22446859239311034, 0.9660632810842541, 0.12781075060330843, 0.020094890440245226], [0.8395131181891597, 0.2583055108601545, -0.4780125390066545, -0.07515494240555323], [-0.49480458306019115, 0.0, -0.8690042719012552, -0.005398851130494382], [0.0, 0.0, 0.0, 1.0]]}