{"ecm_psm_transform": [[-0.5582381420550647, 0.25271231078189044, -0.7902573408290409, -0.030717539489942356], [0.5633921410413192, -0.5837525494420265, -0.5846556733948738, 0.22586231465020348], [-0.6090644236595898, -0.7716018720811997, 0.18349680878151559, -0.16348482306162546], [0.0, 0.0, 0.0, 1.0]], "suj_ecm_transform": [[0.9779449646727112, 0.20886274380229997, -1.7962863010797243e-05, 0.059064349888950915], [-0.20886274455858506, 0.977944959910997, -9.654083940546997e-05, 1.0330238543380146], [-2.5970932602228194e-06, 9.816340065042121e-05, 0.9999999951786008, 0.6492859543102427], [0.0, 0.0, 0.0, 1.0]], "suj_psm2_transform": [[0.26767923783378134, -0.9629597190973042, -0.03250238497044855, -0.03283776920012564], [-0.7493420602738353, -0.22926678282389917, 0.6212271879096594, 0.2876943358751619], [-0.6056684756013723, -0.14193421606371162, -0.7829561775559919, -0.21095802070676672], [0.0, 0.0, 0.0, 1.0]], "ecm_transform": [[0.9910632790677221, -0.07272162216768668, -0.11182639470551992, 0.04791977271166058], [-0.12687321557046904, -0.7727677338122185, -0.6218787797871361, 0.9710602382242373], [-0.04119179595919315, 0.6305089969604147, -0.7750881502755849, 0.5720538792233767], [0.0, 0.0, 0.0, 1.0]], "psm2_transform": [[-0.2010727161422059, 0.9728614585202466, 0.11450041637065939, 0.01800118183361176], [0.8454006880684046, 0.23138838027407183, -0.48141156413988406, -0.07568511432161179], [-0.49484082232235455, 0.0, -0.8689836365337014, -0.005396261683804644], [0.0, 0.0, 0.0, 1.0]]}