{"ecm_psm_transform": [[-0.5522489592041093, 0.2552573824548209, -0.7936401928835833, -0.0313395640334805], [0.5489414192008468, -0.6051354755985644, -0.5766059091423354, 0.2270794101694648], [-0.6274427506503986, -0.754091987011142, 0.1940640867905482, -0.16186317067454647], [0.0, 0.0, 0.0, 1.0]], "suj_ecm_transform": [[0.9779385593116823, 0.20889273297226227, -1.7965823485048633e-05, 0.0590848358362149], [-0.20889273372869335, 0.9779385545499912, -9.654028851815415e-05, 1.0330080229812946], [-2.597093260219184e-06, 9.816340065045677e-05, 0.999999995178601, 0.6492827559352601], [0.0, 0.0, 0.0, 1.0]], "suj_psm2_transform": [[0.26771757569572524, -0.9629465680758014, -0.03257616758674331, -0.03292213785110984], [-0.7492598784964593, -0.2293270989748516, 0.6213040448534435, 0.28763047302440675], [-0.6057531957316236, -0.14192599729018845, -0.7828921235739383, -0.2109892196275187], [0.0, 0.0, 0.0, 1.0]], "ecm_transform": [[0.991052718842843, -0.07278592193229405, -0.11187813925282669, 0.04796796334797155], [-0.1269556789587023, -0.7727616801578853, -0.6218694728475561, 0.9710382476259422], [-0.04119179595919314, 0.6305089969604148, -0.7750881502755852, 0.5720534415831753], [0.0, 0.0, 0.0, 1.0]], "psm2_transform": [[-0.17907108224559296, 0.978534251537728, 0.10200130426073233, 0.016033903676409417], [0.8502696662594771, 0.20608425113894174, -0.48432507272646863, -0.07613257124944169], [-0.494949534945119, 0.0, -0.8689217213636741, -0.005389802067377741], [0.0, 0.0, 0.0, 1.0]]}