{"ecm_psm_transform": [[-0.630791628534366, 0.19366169550287163, -0.751396745445384, 0.030542627707151705], [0.4829958820173863, -0.6598926197853957, -0.5755490494362877, 0.21773655534246047], [-0.6073029716090721, -0.725973056006709, 0.3227169388598469, -0.1812953611346984], [0.0, 0.0, 0.0, 1.0]], "suj_ecm_transform": [[0.9934874177707802, 0.11394187402841066, -8.604742395788698e-06, -0.09242818704586214], [-0.11394187432372219, 0.9934874129584336, -9.782002110490407e-05, 1.0067406112715174], [-2.5970932602255854e-06, 9.816340065044331e-05, 0.9999999951786012, 0.7425395285015288], [0.0, 0.0, 0.0, 1.0]], "suj_psm2_transform": [[0.2210801654899604, -0.9653298017381973, -0.13878737083403694, 0.02208299773665505], [-0.7721333212298767, -0.26018642616316134, 0.5797526695815742, 0.2740651912994034], [-0.5957631195982611, -0.021009462547493307, -0.8028853640526856, -0.23475348483897474], [0.0, 0.0, 0.0, 1.0]], "ecm_transform": [[0.974533200838501, 0.22337153269553217, 0.019753451463344764, -0.0883554187839158], [0.19186753856956207, -0.784995764869493, -0.589040318467435, 0.8853465640222137], [-0.11606846301525461, 0.5778293930895247, -0.8078621815477365, 0.5760429888878845], [0.0, 0.0, 0.0, 1.0]], "psm2_transform": [[-0.1487940702319338, 0.9852072775831049, 0.08501143958962917, 0.013355290007846202], [0.8554334963353798, 0.17136691686929195, -0.4887401284426528, -0.07678103306251871], [-0.4960784796896978, 0.0, -0.868277687142056, -0.005361182016949573], [0.0, 0.0, 0.0, 1.0]]}