{"ecm_psm_transform": [[-0.6098396120962651, 0.2123632609755547, -0.7635427250037193, 0.02854670951149049], [0.4131537941191316, -0.736969798006123, -0.5349574368412691, 0.2241470085407021], [-0.6763132335857719, -0.6416988095786391, 0.36169468873915517, -0.17509315526461877], [0.0, 0.0, 0.0, 1.0]], "suj_ecm_transform": [[0.9934918043507416, 0.11390361984560193, -8.60097584274278e-06, -0.0924873477379754], [-0.11390362014072816, 0.9934917995383836, -9.782035235682424e-05, 1.0067451969373766], [-2.5970932602218487e-06, 9.816340065043796e-05, 0.9999999951786012, 0.7425462200329145], [0.0, 0.0, 0.0, 1.0]], "suj_psm2_transform": [[0.22085717152861525, -0.9653967329732067, -0.13867681042279123, 0.021971077427252128], [-0.7722201519074077, -0.2599426024927482, 0.5797463931732539, 0.2741692985158804], [-0.5957332849291533, -0.02095212098943866, -0.8029089997338203, -0.23471823020642657], [0.0, 0.0, 0.0, 1.0]], "ecm_transform": [[0.9745193527347937, 0.2234281790642937, 0.019795957803880965, -0.08838699542974844], [0.19193786244156105, -0.7849796438646075, -0.5890388914830318, 0.8853523074978411], [-0.11606846301525459, 0.5778293930895246, -0.8078621815477369, 0.5760483674986651], [0.0, 0.0, 0.0, 1.0]], "psm2_transform": [[-0.050830833184376964, 0.9982862182885242, 0.02899746149198492, 0.004559854107296179], [0.8671130161264919, 0.05852030737442437, -0.4946618955294829, -0.07778563915591316], [-0.4955110933791495, 0.0, -0.8686016096797196, -0.005405558723252133], [0.0, 0.0, 0.0, 1.0]]}