{"ecm_psm_transform": [[-0.6532619022264753, 0.16704485835952404, -0.7384747134432527, 0.032433419064170355], [0.5572434742942974, -0.5542300344963452, -0.6183112316775439, 0.21113416824505443], [-0.5125705780240105, -0.8154293863712707, 0.2689727093708673, -0.18980056884257582], [0.0, 0.0, 0.0, 1.0]], "suj_ecm_transform": [[0.993491487110048, 0.11390638685290821, -8.60124828549221e-06, -0.09246820715785424], [-0.11390638714804785, 0.9934914822976908, -9.782032840155857e-05, 1.0067416839872485], [-2.597093260222326e-06, 9.816340065042142e-05, 0.9999999951786012, 0.7425347321750362], [0.0, 0.0, 0.0, 1.0]], "suj_psm2_transform": [[0.22096547184009274, -0.965374866917351, -0.13865650572112573, 0.02195291466135388], [-0.7721957005877391, -0.2600172039232308, 0.5797455076650068, 0.27414069170005817], [-0.5957248192314104, -0.021033782071999796, -0.8029131458404773, -0.23477174924687128], [0.0, 0.0, 0.0, 1.0]], "ecm_transform": [[0.9745279607982489, 0.22339296992350813, 0.019769537454428256, -0.08838140392577537], [0.19189415185378608, -0.7849896645628822, -0.5890397788042587, 0.8853355942103673], [-0.11606846301525467, 0.5778293930895249, -0.8078621815477367, 0.5760461882241855], [0.0, 0.0, 0.0, 1.0]], "psm2_transform": [[-0.269298324554567, 0.9506567195125504, 0.15404614256040047, 0.02417874780445288], [0.825188068847748, 0.3102447447510371, -0.4720305598006215, -0.07408889097589015], [-0.49653102966826496, 0.0, -0.8680189724750103, -0.005319250506453328], [0.0, 0.0, 0.0, 1.0]]}