{"ecm_psm_transform": [[-0.5964557197761338, 0.22247256398079887, -0.7711981150276134, 0.02736921943377057], [0.36700306285551154, -0.7789058265006567, -0.5085415079401118, 0.22828654313237412], [-0.71382723834343, -0.5863545614379907, 0.38293472300100156, -0.1717816822730336], [0.0, 0.0, 0.0, 1.0]], "suj_ecm_transform": [[0.9934853955828639, 0.11395950460356302, -8.606478324821668e-06, -0.09243264557755691], [-0.11395950489895995, 0.9934853907705226, -9.781986838832585e-05, 1.0067311291795902], [-2.5970932602258615e-06, 9.816340065045989e-05, 0.9999999951786012, 0.7425529071697017], [0.0, 0.0, 0.0, 1.0]], "suj_psm2_transform": [[0.22087465667592293, -0.9653926054534852, -0.13867769602219732, 0.02199364974745259], [-0.7722155061719305, -0.2599571228613649, 0.5797460705354291, 0.27416256315271414], [-0.5957328243985911, -0.020962147060190117, -0.8029090797373664, -0.23476237431525215], [0.0, 0.0, 0.0, 1.0]], "ecm_transform": [[0.9745302844622482, 0.22338346410252283, 0.019762404496590502, -0.08836813721590217], [0.19188235082780916, -0.784992369674603, -0.5890400181595858, 0.8853386623149636], [-0.11606846301525464, 0.5778293930895249, -0.8078621815477366, 0.57604953192991], [0.0, 0.0, 0.0, 1.0]], "psm2_transform": [[0.010102908553416178, 0.9999323672449929, -0.005761265016111704, -0.0009061644228252865], [0.8686220595925542, -0.01163017350793024, -0.4953387292079679, -0.07790968344634232], [-0.4953722325968124, 0.0, -0.8686808108690152, -0.005416052419005141], [0.0, 0.0, 0.0, 1.0]]}