{"ecm_psm_transform": [[-0.5909984114034625, 0.22637365325525954, -0.7742582559007372, 0.02690430426692093], [0.347143596548426, -0.7950232572010208, -0.497422701416917, 0.22999934863515237], [-0.7281567146528332, -0.5627548219441102, 0.39127331787977265, -0.170493515255084], [0.0, 0.0, 0.0, 1.0]], "suj_ecm_transform": [[0.99348172782986, 0.11399147509384522, -8.609626182371883e-06, -0.09240875682680988], [-0.11399147538939702, 0.993481723017528, -9.781959137954246e-05, 1.006741590750102], [-2.5970932602315888e-06, 9.816340065043845e-05, 0.999999995178601, 0.7425470921547002], [0.0, 0.0, 0.0, 1.0]], "suj_psm2_transform": [[0.22094139053166448, -0.9653745449972201, -0.1386971154038361, 0.022020345743438613], [-0.7721926679791383, -0.260021993532886, 0.5797473987854058, 0.2741100853720186], [-0.5957376817603491, -0.020989300860064286, -0.8029047663205213, -0.23477490338502993], [0.0, 0.0, 0.0, 1.0]], "ecm_transform": [[0.9745242621527646, 0.2234080993498255, 0.01978089028605333, -0.08837763909903987], [0.19191293434494414, -0.7849853588613549, -0.5890393976674426, 0.8853288702373301], [-0.11606846301525468, 0.5778293930895251, -0.8078621815477365, 0.5760441534564603], [0.0, 0.0, 0.0, 1.0]], "psm2_transform": [[0.035152642337422484, 0.9991806928379129, -0.020055792097186696, -0.003153789070027947], [0.8678658687969215, -0.0404715092373428, -0.4951473424319435, -0.07786230875589795], [-0.49555335284312413, 0.0, -0.8685775005639613, -0.005405691069970221], [0.0, 0.0, 0.0, 1.0]]}