{"ecm_psm_transform": [[-0.582048178048504, 0.23187439873707605, -0.7793934703605981, 0.0260902595490973], [0.31612374499540113, -0.818561396072441, -0.4796071503950072, 0.23283917489306372], [-0.7491900268159606, -0.5255392507418032, 0.40314116590748283, -0.16859865600649696], [0.0, 0.0, 0.0, 1.0]], "suj_ecm_transform": [[0.9934902070408876, 0.11391755106152048, -8.602347526638604e-06, -0.09245697590167218], [-0.11391755135671418, 0.9934902022285338, -9.78202317401327e-05, 1.0067294183910107], [-2.5970932602260187e-06, 9.816340065044617e-05, 0.999999995178601, 0.7425469436653402], [0.0, 0.0, 0.0, 1.0]], "suj_psm2_transform": [[0.2209126278618878, -0.9653804713227139, -0.1387016814602108, 0.022004563748632827], [-0.7721991144845173, -0.260001682866136, 0.5797479215108103, 0.2741528883639442], [-0.5957399923124874, -0.020968321237332166, -0.8029036001065168, -0.23475009794683666], [0.0, 0.0, 0.0, 1.0]], "ecm_transform": [[0.9745287231844137, 0.22338985116438953, 0.01976719720416989, -0.08836980263272634], [0.19189028006085435, -0.7849905520950833, -0.5890398573438163, 0.8853238112658017], [-0.11606846301525461, 0.5778293930895246, -0.8078621815477367, 0.5760522949993213], [0.0, 0.0, 0.0, 1.0]], "psm2_transform": [[0.0736301923080355, 0.996401117154084, -0.041992957918859874, -0.006604064758792079], [0.8655305147819095, -0.08476328057651748, -0.4936315571833606, -0.07763146327823142], [-0.49541449591432474, 0.0, -0.868656708509153, -0.005410299405426873], [0.0, 0.0, 0.0, 1.0]]}