{"ecm_psm_transform": [[-0.5768266178998538, 0.23479626469139217, -0.7823948919626114, 0.02559094055317678], [0.2975495117076148, -0.8316037270989418, -0.4689344614737855, 0.23457112175628128], [-0.7607465681583957, -0.5032950974946199, 0.4098276514256999, -0.16751248248900824], [0.0, 0.0, 0.0, 1.0]], "suj_ecm_transform": [[0.9934921801438622, 0.11390034204963917, -8.600653107169816e-06, -0.09244631254376043], [-0.11390034234474952, 0.9934921753315032, -9.782038073319722e-05, 1.0067343679698137], [-2.5970932602233022e-06, 9.81634006504218e-05, 0.9999999951786012, 0.7425369128228281], [0.0, 0.0, 0.0, 1.0]], "suj_psm2_transform": [[0.220821670809721, -0.965410299072406, -0.13863889838617138, 0.021980143119383774], [-0.7722396937791391, -0.2598917895581796, 0.579743144049284, 0.2742233435999995], [-0.5957211134857527, -0.020957389273829508, -0.8029178929268674, -0.23471507872205333], [0.0, 0.0, 0.0, 1.0]], "ecm_transform": [[0.9745178768294351, 0.22343421503742153, 0.019800487126875987, -0.08839743809086886], [0.19194535585193714, -0.7849779258249259, -0.5890387392476581, 0.8853447975479429], [-0.11606846301525464, 0.5778293930895249, -0.8078621815477367, 0.5760560795038653], [0.0, 0.0, 0.0, 1.0]], "psm2_transform": [[0.09603743132639753, 0.9938690269209273, -0.05478292718974222, -0.008615643480542001], [0.8632899278502427, -0.11056381563264321, -0.49244912746909564, -0.07744686770538513], [-0.49548694458739295, 0.0, -0.8686153853941627, -0.005410994895005971], [0.0, 0.0, 0.0, 1.0]]}