{"ecm_psm_transform": [[-0.5731373225985252, 0.23680303436285316, -0.7844985228546576, 0.0252700095099122], [0.28525486258744687, -0.8398086411917806, -0.4618994582696892, 0.23560287251855247], [-0.7682078317843493, -0.48851383715935914, 0.41377645908029653, -0.16691105773545467], [0.0, 0.0, 0.0, 1.0]], "suj_ecm_transform": [[0.9934933124764013, 0.11389046488057582, -8.599680589892205e-06, -0.09247557980268495], [-0.11389046517563832, 0.9934933076640393, -9.782046623489716e-05, 1.00674192279237], [-2.597093260220865e-06, 9.816340065043865e-05, 0.9999999951786012, 0.7425405513099737], [0.0, 0.0, 0.0, 1.0]], "suj_psm2_transform": [[0.22093439622512218, -0.9653852523411952, -0.13863371569271207, 0.021989636890582878], [-0.772211445588135, -0.2599789208766415, 0.5797417045568656, 0.274150480811294], [-0.5957159355492546, -0.02103034146047056, -0.8029198271750004, -0.23476873997507675], [0.0, 0.0, 0.0, 1.0]], "ecm_transform": [[0.9745213573977511, 0.22341998024588844, 0.019789805521319627, -0.08838334346205184], [0.19192768395653947, -0.7849819774419782, -0.5890390982119611, 0.8853506427883748], [-0.11606846301525464, 0.5778293930895246, -0.8078621815477365, 0.5760496819299136], [0.0, 0.0, 0.0, 1.0]], "psm2_transform": [[0.11073082908559267, 0.9918432577854898, -0.06313188952885751, -0.009932251191832435], [0.8616395964343584, -0.12746353198255023, -0.49125375710621244, -0.07728670487963202], [-0.4952937404676678, 0.0, -0.8687255669390344, -0.005427672029222674], [0.0, 0.0, 0.0, 1.0]]}