{"ecm_psm_transform": [[-0.6385407173080075, 0.18513463046973536, -0.746987898791279, 0.031237656569221145], [0.509457820940441, -0.6258164672762511, -0.5905984066762211, 0.21539102845078925], [-0.5768175456956847, -0.757679957427084, 0.3052910104980155, -0.184098167446688], [0.0, 0.0, 0.0, 1.0]], "suj_ecm_transform": [[0.9934824691122089, 0.11398501433343823, -8.608990046987504e-06, -0.09241810878976492], [-0.11398501462895873, 0.9934824642998752, -9.781964736719874e-05, 1.0067309574710035], [-2.597093260227777e-06, 9.816340065049663e-05, 0.9999999951786009, 0.7425412743930746], [0.0, 0.0, 0.0, 1.0]], "suj_psm2_transform": [[0.2210293622971184, -0.9653605112714383, -0.1386546222824059, 0.02208287874725033], [-0.77218042087061, -0.26006724641046247, 0.5797434130445708, 0.2740907758468842], [-0.5957209234420235, -0.021073932291512776, -0.8029149835139185, -0.23481896925466494], [0.0, 0.0, 0.0, 1.0]], "ecm_transform": [[0.9745252979039891, 0.22340386273432306, 0.019777711205418186, -0.08838503336139593], [0.19190767477726794, -0.7849865645966021, -0.5890395044174942, 0.8853297210217909], [-0.11606846301525461, 0.5778293930895247, -0.8078621815477365, 0.5760428431451484], [0.0, 0.0, 0.0, 1.0]], "psm2_transform": [[-0.19090732115755216, 0.9755292163129473, 0.10907402462682894, 0.017134827462509196], [0.8470268880773285, 0.2198698435889898, -0.4839449377296864, -0.07602463590871544], [-0.4960845145763815, 0.0, -0.8682742391649749, -0.005359333928425407], [0.0, 0.0, 0.0, 1.0]]}