{"ecm_psm_transform": [[-0.6392263384927899, 0.18425935279351555, -0.7466178266591389, 0.03123964923836824], [0.5121137536233542, -0.6222876616944648, -0.5920283518993272, 0.21527902186838802], [-0.5736978224875003, -0.7607933734010504, 0.30342091467489535, -0.1843331902178872], [0.0, 0.0, 0.0, 1.0]], "suj_ecm_transform": [[0.9934969308060287, 0.11385889690797198, -8.596572373196169e-06, -0.09249133376875628], [-0.11385889720288157, 0.9934969259936575, -9.782073943749686e-05, 1.006758212370531], [-2.597093260223148e-06, 9.816340065046624e-05, 0.999999995178601, 0.7425479626285114], [0.0, 0.0, 0.0, 1.0]], "suj_psm2_transform": [[0.22102794527007155, -0.9653690452203969, -0.13859745286241554, 0.02202469549626329], [-0.7721959960954423, -0.2600323183729454, 0.5797383349544507, 0.27421435782199083], [-0.5957012598810397, -0.02111397479989069, -0.8029285205074554, -0.23477089795283557], [0.0, 0.0, 0.0, 1.0]], "ecm_transform": [[0.9745336981252453, 0.22336949811112752, 0.019751924764845954, -0.08833319217548105], [0.19186501273449938, -0.7849963438101955, -0.589040369663248, 0.8853421093730847], [-0.11606846301525463, 0.5778293930895246, -0.8078621815477365, 0.5760384840468636], [0.0, 0.0, 0.0, 1.0]], "psm2_transform": [[-0.19498655860612138, 0.9744600779689567, 0.11139029763707546, 0.017500586700067634], [0.8461254609787838, 0.22456080790007563, -0.4833675080502472, -0.07594211670203317], [-0.49603623481191594, 0.0, -0.8683018218071512, -0.005364320456257808], [0.0, 0.0, 0.0, 1.0]]}