{"ecm_psm_transform": [[-0.634858793123051, 0.18897671075093372, -0.7491609410454481, 0.030768576851652185], [0.4976489030074506, -0.6416929764451155, -0.5835886336423026, 0.21654143124261255], [-0.5910159745132312, -0.7433154961217792, 0.3133403757823259, -0.1827404246258534], [0.0, 0.0, 0.0, 1.0]], "suj_ecm_transform": [[0.9934968422582172, 0.11385966954566926, -8.596648447901229e-06, -0.09250220867829023], [-0.1138596698405826, 0.9934968374458462, -9.782073275192776e-05, 1.0067436563928682], [-2.597093260226107e-06, 9.816340065043877e-05, 0.999999995178601, 0.7425462174236219], [0.0, 0.0, 0.0, 1.0]], "suj_psm2_transform": [[0.22091634420983453, -0.9653832956884646, -0.13867610200261912, 0.02194813371709775], [-0.7722045433700354, -0.2599895205709332, 0.5797461447840526, 0.2741718452459639], [-0.5957315771886171, -0.020989082852169383, -0.8029093014415686, -0.23473434971977714], [0.0, 0.0, 0.0, 1.0]], "ecm_transform": [[0.974520572074121, 0.2234231921750932, 0.019792215707678418, -0.08838258963875457], [0.19193167142919476, -0.784981063262091, -0.5890390172325707, 0.8853321514758448], [-0.11606846301525461, 0.5778293930895247, -0.8078621815477367, 0.576039938315606], [0.0, 0.0, 0.0, 1.0]], "psm2_transform": [[-0.17245054893124465, 0.9800827887928215, 0.0984811417754584, 0.015476624580850506], [0.8510819989642004, 0.1985893428965551, -0.48602644364994685, -0.07638060108895511], [-0.4959034575523879, 0.0, -0.868377660230609, -0.005376890442761], [0.0, 0.0, 0.0, 1.0]]}