{"ecm_psm_transform": [[-0.4238157685779749, 0.2792684977380811, -0.8616201602073711, 0.0957202408895997], [0.6706124876336984, -0.5426716263753171, -0.505753296931331, -0.07995645247842724], [-0.6088177771175897, -0.7921594612818076, 0.04271185043185416, 0.18049967164507671], [0.0, 0.0, 0.0, 1.0]], "suj_ecm_transform": [[0.9942050176351984, 0.10750061788410749, -7.970583111377719e-06, -0.10590202960709841], [-0.10750061814822366, 0.994205012821039, -9.787373460502033e-05, 0.9752828250715824], [-2.597093260226397e-06, 9.816340065048184e-05, 0.9999999951786012, 1.0565510093313824], [0.0, 0.0, 0.0, 1.0]], "suj_psm2_transform": [[0.28023378044251834, -0.9598808477616214, 0.009888700588325527, 0.10522479746486621], [-0.6410848494467671, -0.17947517766739784, 0.7461895713631168, -0.014838373369651325], [-0.71447830205592, -0.21544702063775933, -0.6656600763074216, 0.13924104600539922], [0.0, 0.0, 0.0, 1.0]], "ecm_transform": [[0.9943393743235006, -0.10213667722274555, -0.02927981960064501, -0.10824470911122153], [-0.09231889535300583, -0.6940914867159801, -0.7139427355392038, 0.9179617657529541], [0.052596865217904264, 0.7126044535605272, -0.6995916398406662, 1.0003866230514173], [0.0, 0.0, 0.0, 1.0]], "psm2_transform": [[-0.11369990905509372, 0.9921397716276559, 0.05225901104581091, 0.00960432332899792], [0.9014787454314739, 0.12513462172645415, -0.414339713255528, -0.07614863914401171], [-0.4176223200646242, 0.0, -0.9086207117295095, -0.011921272670795149], [0.0, 0.0, 0.0, 1.0]]}