{"ecm_psm_transform": [[-0.4056023428752453, 0.28025944824902865, -0.870023781928553, 0.09409798706371834], [0.633488258570499, -0.5999706292131108, -0.48859786157426144, -0.07678118936980255], [-0.6589228829745019, -0.7493262879071937, 0.06580842304596679, 0.18476650044308124], [0.0, 0.0, 0.0, 1.0]], "suj_ecm_transform": [[0.9942021771828571, 0.1075268841792396, -7.97316887716548e-06, -0.10588429302737029], [-0.10752688444348295, 0.9942021723687046, -9.78735239925904e-05, 0.9752824494720542], [-2.5970932602248303e-06, 9.81634006504953e-05, 0.999999995178601, 1.0565548364257649], [0.0, 0.0, 0.0, 1.0]], "suj_psm2_transform": [[0.2801311393513872, -0.9599102915674136, 0.009938657286422736, 0.1051452880034628], [-0.6411460669256799, -0.17938046264171972, 0.7461597486384364, -0.014799146375301664], [-0.7144636209293135, -0.21539471155394202, -0.6656927614171335, 0.13927057240814578], [0.0, 0.0, 0.0, 1.0]], "ecm_transform": [[0.9943396770170075, -0.10213440140753002, -0.02927747869675997, -0.10824284025753168], [-0.09231563507317336, -0.6940918216020328, -0.7139428315391989, 0.917962437493915], [0.0525968652179043, 0.7126044535605274, -0.699591639840666, 1.000391020905711], [0.0, 0.0, 0.0, 1.0]], "psm2_transform": [[-0.04900392297616314, 0.9985445806585973, 0.022524119745117553, 0.004139664605554903], [0.9072924906281917, 0.05393255452271962, -0.4170271166391302, -0.07664461092566498], [-0.417634950623914, 0.0, -0.908614906336761, -0.011923203117971758], [0.0, 0.0, 0.0, 1.0]]}