{"ecm_psm_transform": [[-0.3813906628192396, 0.279534043707228, -0.8811366980911571, 0.09203968954931084], [0.5786747419547387, -0.6711270340973727, -0.4633832615959286, -0.07217635892840787], [-0.7208860557244245, -0.686621600674163, 0.09420229376046263, 0.18994377521698594], [0.0, 0.0, 0.0, 1.0]], "suj_ecm_transform": [[0.9942052720390668, 0.10749826503808735, -7.970351487294807e-06, -0.10590566650292163], [-0.10749826530219211, 0.9942052672249067, -9.787375346754812e-05, 0.9752711054703868], [-2.5970932602245423e-06, 9.816340065042117e-05, 0.999999995178601, 1.0565570181836506], [0.0, 0.0, 0.0, 1.0]], "suj_psm2_transform": [[0.28017618842716385, -0.9598963072081329, 0.010019124044373162, 0.10513459468021685], [-0.6412176815323455, -0.17937214065689855, 0.7461002077780475, -0.014822036607528233], [-0.7143816825260221, -0.21546395189068623, -0.6657582872987299, 0.13921486658015825], [0.0, 0.0, 0.0, 1.0]], "ecm_transform": [[0.9943426644727305, -0.10211193571105011, -0.02925437052157706, -0.10825390659907563], [-0.09228345127118383, -0.6940951270186566, -0.713943778788242, 0.9179655384143806], [0.052596865217904284, 0.7126044535605273, -0.6995916398406661, 1.0003924518453158], [0.0, 0.0, 0.0, 1.0]], "psm2_transform": [[0.037074734790012095, 0.9991671980674388, -0.017040374007449156, -0.0031320781276250906], [0.9078640106448161, -0.040803312439843434, -0.41727452338939364, -0.07669646261002137], [-0.4176223200646242, 0.0, -0.9086207117295095, -0.011927267519026973], [0.0, 0.0, 0.0, 1.0]]}