{"ecm_psm_transform": [[-0.3775842200104189, 0.27928939921412976, -0.8828519628373342, 0.09185950968648661], [0.5693547025046163, -0.6818763942622318, -0.45921651286056475, -0.07147839361214303], [-0.7302502170728902, -0.676048825481228, 0.09845103366876784, 0.19069590605849124], [0.0, 0.0, 0.0, 1.0]], "suj_ecm_transform": [[0.9942020380849587, 0.10752817028174977, -7.973295486599581e-06, -0.10588145065555919], [-0.10752817054599934, 0.9942020332708065, -9.787351367836901e-05, 0.9752673672494295], [-2.59709326023458e-06, 9.816340065046729e-05, 0.9999999951786009, 1.0565559395672395], [0.0, 0.0, 0.0, 1.0]], "suj_psm2_transform": [[0.2802852477605491, -0.9598649987275278, 0.009968154573955057, 0.10527451396557058], [-0.6411603814881648, -0.1794734743576927, 0.746125081478923, -0.014906412927381263], [-0.7143903310500209, -0.21551903911204984, -0.6657311759880711, 0.1391782812845026], [0.0, 0.0, 0.0, 1.0]], "ecm_transform": [[0.9943348057353345, -0.10217101647646275, -0.02931514106125086, -0.10821264129335888], [-0.09236808903795872, -0.6940864327717902, -0.7139412860800297, 0.9179575309670164], [0.052596865217904264, 0.712604453560527, -0.6995916398406661, 1.000397802795304], [0.0, 0.0, 0.0, 1.0]], "psm2_transform": [[0.050804729408017314, 0.9984355717700865, -0.02335141310325272, -0.004292008097889438], [0.9071963417043942, -0.05591430071225627, -0.416975285327588, -0.07664038545900577], [-0.41762863535435657, 0.0, -0.9086178090550823, -0.011926734001438032], [0.0, 0.0, 0.0, 1.0]]}