{"ecm_psm_transform": [[-0.3424395459278765, 0.2730084005470464, -0.8990003173611528, 0.08888151362220258], [0.4766262957522383, -0.7741083758137828, -0.4166336480559959, -0.06367735542879853], [-0.8096681613983655, -0.5711590284025029, 0.13496233805065563, 0.19735061363432183], [0.0, 0.0, 0.0, 1.0]], "suj_ecm_transform": [[0.9942001987069203, 0.1075451757519617, -7.974969578437593e-06, -0.10588672114329392], [-0.10754517601629361, 0.9942001938927727, -9.787337728357078e-05, 0.9752611441428725], [-2.5970932602280554e-06, 9.816340065048108e-05, 0.999999995178601, 1.0565492445339084], [0.0, 0.0, 0.0, 1.0]], "suj_psm2_transform": [[0.2803066501334043, -0.9598589179786738, 0.009951857504953698, 0.10526218405837778], [-0.6411393626832302, -0.17949530479926354, 0.7461378915275387, -0.0149405937985021], [-0.714400797528342, -0.21552794048992607, -0.6657170625416178, 0.13912606828239538], [0.0, 0.0, 0.0, 1.0]], "ecm_transform": [[0.9943447773373186, -0.10209604215264811, -0.02923802248380354, -0.10827521546532393], [-0.09226068258607409, -0.6940974650165981, -0.713944448473608, 0.9179752983020125], [0.05259686521790424, 0.712604453560527, -0.6995916398406663, 1.0003965461404363], [0.0, 0.0, 0.0, 1.0]], "psm2_transform": [[0.17685561874739253, 0.980873886338881, -0.08129273778103976, -0.014940216201152165], [0.8912309398336131, -0.1946443400113652, -0.40965960599604484, -0.07528843596023171], [-0.4176475811025027, 0.0, -0.9086091007684375, -0.01192213613872849], [0.0, 0.0, 0.0, 1.0]]}