{"ecm_psm_transform": [[-0.3419620660562816, 0.27272321798047167, -0.8992685871044847, 0.0887939971848499], [0.47487440297657546, -0.7756287316295222, -0.4158056902790297, -0.06340156137836993], [-0.8108984195176119, -0.5692294063426058, 0.1357263282443175, 0.19762193866534436], [0.0, 0.0, 0.0, 1.0]], "suj_ecm_transform": [[0.9942057561033552, 0.1074937880411544, -7.969910752892125e-06, -0.10589694010637568], [-0.1074937883052375, 0.9942057512891939, -9.787378935777466e-05, 0.9752776073692936], [-2.5970932602222824e-06, 9.816340065042988e-05, 0.999999995178601, 1.0565593476812971], [0.0, 0.0, 0.0, 1.0]], "suj_psm2_transform": [[0.2801700376441879, -0.9598996436579943, 0.009870365328103536, 0.10521946006330554], [-0.6410774680937965, -0.17944104074408415, 0.74620412274332, -0.014811443659467627], [-0.7145099228904397, -0.2153917059729456, -0.6656440363205866, 0.13928291767839474], [0.0, 0.0, 0.0, 1.0]], "ecm_transform": [[0.9943373356855709, -0.10215200269530679, -0.029295583405322515, -0.10822438422893559], [-0.09234085028290452, -0.694089231375218, -0.7139420888685506, 0.9179648952068998], [0.05259686521790424, 0.7126044535605269, -0.6995916398406663, 1.0004034979888334], [0.0, 0.0, 0.0, 1.0]], "psm2_transform": [[0.17915616235885942, 0.9803670369347152, -0.08236226308627531, -0.015135702298255845], [0.8907476437797519, -0.19718131983493473, -0.40949745079667293, -0.07525329289046623], [-0.4176981022097975, 0.0, -0.9085858767394164, -0.01192011600213402], [0.0, 0.0, 0.0, 1.0]]}