{"ecm_psm_transform": [[-0.32515013858263536, 0.26782334400096475, -0.9069443443717117, 0.08739359582119341], [0.4258380834305204, -0.8148500129562121, -0.3932955416547228, -0.059310705066649524], [-0.8443573379084912, -0.5140915412583654, 0.15089921512945068, 0.20031160006393312], [0.0, 0.0, 0.0, 1.0]], "suj_ecm_transform": [[0.9942038800696841, 0.10751113798504282, -7.971618754632286e-06, -0.10589245697922345], [-0.10751113824920992, 0.9942038752555274, -9.787365025939127e-05, 0.975277662022268], [-2.597093260222176e-06, 9.816340065046929e-05, 0.9999999951786012, 1.056559738382839], [0.0, 0.0, 0.0, 1.0]], "suj_psm2_transform": [[0.28032947325223656, -0.959851418104046, 0.010032028198490639, 0.10523307196038585], [-0.641210598552077, -0.17947101523447417, 0.7460825175509704, -0.014865509605634597], [-0.714327904208292, -0.2155815619536116, -0.6657779174882794, 0.1391584057019477], [0.0, 0.0, 0.0, 1.0]], "ecm_transform": [[0.9943399866512457, -0.10213207332380213, -0.029275084030317908, -0.10823732421594885], [-0.09231229991528907, -0.6940921641715054, -0.71394292973603, 0.9179572091434308], [0.0525968652179043, 0.7126044535605274, -0.6995916398406659, 1.0003933463635315], [0.0, 0.0, 0.0, 1.0]], "psm2_transform": [[0.23894694815154993, 0.9647991747245623, -0.1098494807446256, -0.0201856337291136], [0.8766029040445817, -0.2629877420162456, -0.4029947842960284, -0.07405319584035233], [-0.4176981022097975, 0.0, -0.9085858767394164, -0.011916369663110531], [0.0, 0.0, 0.0, 1.0]]}