{"ecm_psm_transform": [[-0.31751164588714653, 0.2650951491590336, -0.9104454495566362, 0.08680165301265912], [0.4015965386757273, -0.8321784350909989, -0.3823601342885677, -0.05733139849155252], [-0.8590148862794581, -0.487035536754605, 0.15776505027553958, 0.20153134725842292], [0.0, 0.0, 0.0, 1.0]], "suj_ecm_transform": [[0.9942061180558103, 0.10749044030462628, -7.969581187666188e-06, -0.10591088776689309], [-0.10749044056869315, 0.994206113241648, -9.787381619392461e-05, 0.9752755017327273], [-2.597093260225661e-06, 9.816340065047986e-05, 0.999999995178601, 1.0565555428059583], [0.0, 0.0, 0.0, 1.0]], "suj_psm2_transform": [[0.28042132658275104, -0.9598252831228907, 0.00996521327584221, 0.10528432731003395], [-0.6411330927178606, -0.17956610255300193, 0.7461262441678058, -0.014926483185921713], [-0.7143614190447308, -0.2156187391948754, -0.665729916924582, 0.1391359233803553], [0.0, 0.0, 0.0, 1.0]], "ecm_transform": [[0.9943329232779732, -0.10218516035315389, -0.029329689549679287, -0.10819081887018266], [-0.09238835129349346, -0.6940843506154728, -0.7139406885561064, 0.9179509080377712], [0.05259686521790428, 0.7126044535605272, -0.6995916398406661, 1.000400682853731], [0.0, 0.0, 0.0, 1.0]], "psm2_transform": [[0.2671332253320385, 0.9557948643420615, -0.1228658505079528, -0.02256862509236262], [0.8683495546838851, -0.29403431312916567, -0.39939062781061613, -0.07336210433734552], [-0.4178622868888752, 0.0, -0.9085103792450582, -0.011901000832749462], [0.0, 0.0, 0.0, 1.0]]}