{"ecm_psm_transform": [[-0.31173990225934123, 0.26274750115595613, -0.913116632186512, 0.08625062645766093], [0.38407139302582655, -0.8441526533715797, -0.3740260189678294, -0.05575336665192453], [-0.8690842297490722, -0.46730081151440617, 0.16224226687099683, 0.2023905074505516], [0.0, 0.0, 0.0, 1.0]], "suj_ecm_transform": [[0.9941984792908756, 0.1075610696864141, -7.976534246587785e-06, -0.10586090956217138], [-0.10756106995082299, 0.9941984744767322, -9.787324977788628e-05, 0.9752749754525549], [-2.597093260226053e-06, 9.816340065049291e-05, 0.999999995178601, 1.056554976085873], [0.0, 0.0, 0.0, 1.0]], "suj_psm2_transform": [[0.28029165362364794, -0.9598621342571223, 0.010063405401921355, 0.10521833989064225], [-0.641246075364224, -0.17942993401666563, 0.7460619073567256, -0.014843462057623102], [-0.7143108985161162, -0.21556804493741066, -0.6658005393982207, 0.13915397013418396], [0.0, 0.0, 0.0, 1.0]], "ecm_transform": [[0.9943355631086239, -0.10216532505153586, -0.029309286831472228, -0.10820108595431913], [-0.09235993561444866, -0.6940872705379464, -0.7139415264364991, 0.917943550259138], [0.05259686521790427, 0.712604453560527, -0.6995916398406659, 1.0003911646056456], [0.0, 0.0, 0.0, 1.0]], "psm2_transform": [[0.28713397089601966, 0.9487535701174714, -0.13198767346550158, -0.024253723788471654], [0.8620406199750306, -0.31601687168464937, -0.3962566167570112, -0.072815121896143], [-0.4176602115003878, 0.0, -0.9086032950245401, -0.011915074661841541], [0.0, 0.0, 0.0, 1.0]]}