{"ecm_psm_transform": [[-0.46604745912635287, 0.2711527849381032, -0.8421852130393772, 0.09933879558251796], [0.7427395517063666, -0.39733727575612215, -0.5389443826831569, -0.08604650440117366], [-0.48076784852244037, -0.8766979277465039, -0.016217870146531727, 0.16961343209118765], [0.0, 0.0, 0.0, 1.0]], "suj_ecm_transform": [[0.9942012791116329, 0.1075351874932508, -7.973986291077438e-06, -0.10587466372863502], [-0.10753518775753437, 0.9942012742974826, -9.787345739932522e-05, 0.9752792549183797], [-2.5970932602292865e-06, 9.816340065047406e-05, 0.9999999951786009, 1.0565665808698241], [0.0, 0.0, 0.0, 1.0]], "suj_psm2_transform": [[0.2802876785727519, -0.9598637330863825, 0.01002153410270118, 0.10527174711336522], [-0.6412104968181617, -0.1794488634432124, 0.746087933275392, -0.014839515706685513], [-0.7143443959397344, -0.21554516768977489, -0.6657720065270715, 0.1391759761241551], [0.0, 0.0, 0.0, 1.0]], "ecm_transform": [[0.9943387179868717, -0.10214161164040664, -0.02928489514621762, -0.10824971575744405], [-0.09232596428672826, -0.6940907605905748, -0.7139425273657, 0.9179495381318205], [0.05259686521790428, 0.7126044535605273, -0.6995916398406659, 1.0003844231143137], [0.0, 0.0, 0.0, 1.0]], "psm2_transform": [[-0.26344593903938446, 0.9570418682384888, 0.12110780173977224, 0.022252909289339998], [0.8695602817738702, 0.2899497584730552, -0.3997424845106712, -0.07345053843868155], [-0.41768547205403755, 0.0, -0.9085916830100284, -0.011912191644595012], [0.0, 0.0, 0.0, 1.0]]}