{"ecm_psm_transform": [[-0.5265723259453851, 0.14369237333346002, -0.837898614030519, -0.023070451746839794], [0.5647865883475811, -0.6775354793147406, -0.471128203244557, 0.2227978007546752], [-0.6354035687428636, -0.7213169734004201, 0.2756159079467125, -0.16614175746823334], [0.0, 0.0, 0.0, 1.0]], "suj_ecm_transform": [[0.9779334557664346, 0.20891662396722618, -1.796818196074711e-05, 0.05910741267804104], [-0.20891662472377362, 0.9779334510047621, -9.653984958393617e-05, 1.0330205005550213], [-2.5970932602248337e-06, 9.816340065045236e-05, 0.9999999951786009, 0.6492839198171803], [0.0, 0.0, 0.0, 1.0]], "suj_psm2_transform": [[0.1487736707820581, -0.9886237544459806, -0.0221239017165884, -0.021038710329756488], [-0.7795286963858468, -0.13101494367498073, 0.6125113027894455, 0.2798748377380913], [-0.6084417855415701, -0.07387933864738572, -0.7901521606171882, -0.21934967199057454], [0.0, 0.0, 0.0, 1.0]], "ecm_transform": [[0.9912893936564404, -0.06952984990002269, -0.11185230438898944, 0.0476692518768516], [-0.12440493288753703, -0.77310569396986, -0.6219573929334943, 0.9693939942210211], [-0.0432290492319024, 0.6304547453420126, -0.7750213309182168, 0.5700220658630812], [0.0, 0.0, 0.0, 1.0]], "psm2_transform": [[-0.1320013689085474, 0.9884153780267773, 0.07490446639855786, 0.011817000087633173], [0.8596535061187202, 0.1517729899559968, -0.48781226812946044, -0.07695772885641106], [-0.4935296222356478, 0.0, -0.8697289876599139, -0.005555607077620147], [0.0, 0.0, 0.0, 1.0]]}