{"ecm_psm_transform": [[-0.5270700659128789, 0.14341138384105231, -0.8376337628124766, -0.023084173575094707], [0.567690553131555, -0.6740620037444479, -0.47261808153434975, 0.2225670932222651], [-0.6323959056665238, -0.7246196175186086, 0.2738646169248645, -0.1664039011505806], [0.0, 0.0, 0.0, 1.0]], "suj_ecm_transform": [[0.977938082738213, 0.20889496405497474, -1.7966043733404492e-05, 0.05909266647857631], [-0.2088949648114167, 0.9779380779765238, -9.654024753037209e-05, 1.0330080241142832], [-2.5970932602276848e-06, 9.81634006504145e-05, 0.9999999951786009, 0.6492849360337274], [0.0, 0.0, 0.0, 1.0]], "suj_psm2_transform": [[0.1487021113746869, -0.9886356108886092, -0.022075120738447473, -0.021096229723772175], [-0.7795779264607798, -0.13093312261145676, 0.612466141087264, 0.27989726434378587], [-0.6083962020327063, -0.07386573147353276, -0.7901885313430326, -0.2193406355628018], [0.0, 0.0, 0.0, 1.0]], "ecm_transform": [[0.9912935933383515, -0.06950374772180294, -0.11183130536197297, 0.047644954606319886], [-0.1243714642064032, -0.7731080410449511, -0.6219611690152317, 0.9693990103301452], [-0.04322904923190237, 0.6304547453420127, -0.7750213309182166, 0.5700271555976826], [0.0, 0.0, 0.0, 1.0]], "psm2_transform": [[-0.13618818873676466, 0.9876652579741386, 0.07726652211325163, 0.01219121631416141], [0.8590383696768035, 0.15658013344890928, -0.48737638559140445, -0.07689890499342036], [-0.49346312594926384, 0.0, -0.8697667177630914, -0.005561559799475528], [0.0, 0.0, 0.0, 1.0]]}