{"ecm_psm_transform": [[-0.5242650149781954, 0.14434592193685994, -0.8392320590218841, -0.023387614956943206], [0.5540247874322656, -0.6906103630517109, -0.46488048072189225, 0.22377722260074362], [-0.6466859585459903, -0.7086759352946752, 0.2820916336116187, -0.1651033233708271], [0.0, 0.0, 0.0, 1.0]], "suj_ecm_transform": [[0.9779277139435436, 0.20894349948778998, -1.7970835065295168e-05, 0.05911366498491892], [-0.20894350024446826, 0.977927709181892, -9.653935574530469e-05, 1.0330078366182587], [-2.597093260230924e-06, 9.81634006504471e-05, 0.999999995178601, 0.6492872681921658], [0.0, 0.0, 0.0, 1.0]], "suj_psm2_transform": [[0.1486434934507552, -0.9886427298806035, -0.02215094826376468, -0.021145864601192194], [-0.7795289213888876, -0.13092699174229397, 0.6125298225813918, 0.27988827199781374], [-0.6084733129505626, -0.07378126786347589, -0.7901370463023647, -0.21932738088378811], [0.0, 0.0, 0.0, 1.0]], "ecm_transform": [[0.9912904325055961, -0.06952339382788653, -0.11184711052826249, 0.04765894120987746], [-0.1243966547997756, -0.7731062745744538, -0.6219583269707345, 0.9693991060964084], [-0.04322904923190238, 0.6304547453420128, -0.7750213309182167, 0.5700188688614107], [0.0, 0.0, 0.0, 1.0]], "psm2_transform": [[-0.11631578065506423, 0.9910172276688421, 0.06599616378370296, 0.010413072293640111], [0.8619402051456045, 0.13373426809745645, -0.48905442262593946, -0.07716447087771308], [-0.4934873067507982, 0.0, -0.8697529983137993, -0.005562021380473844], [0.0, 0.0, 0.0, 1.0]]}