{"ecm_psm_transform": [[-0.5182066721344153, 0.1461100035456808, -0.8426824501668798, -0.023925650311872368], [0.5249248990405679, -0.7235473739936087, -0.44825556098525143, 0.22646619841726726], [-0.6752152955336721, -0.6746340226010202, 0.29825029794878966, -0.16248954944884172], [0.0, 0.0, 0.0, 1.0]], "suj_ecm_transform": [[0.9779428421005399, 0.2088726819419404, -1.796384408490081e-05, 0.05908677784015433], [-0.2088726826982739, 0.9779428373388335, -9.654065685686327e-05, 1.0330119031429037], [-2.5970932602292924e-06, 9.816340065044057e-05, 0.999999995178601, 0.6492869757453754], [0.0, 0.0, 0.0, 1.0]], "suj_psm2_transform": [[0.14858671186871025, -0.988651577414291, -0.02213701723988598, -0.021144021893127696], [-0.7795476709410034, -0.1308749506247649, 0.6125170822347914, 0.27996295583722586], [-0.6084631605828752, -0.07375503898175012, -0.7901473131247734, -0.2192625750110433], [0.0, 0.0, 0.0, 1.0]], "ecm_transform": [[0.9912928599735464, -0.06950830629766712, -0.11183497271022384, 0.04763880261644002], [-0.12437730929704414, -0.7731076312075618, -0.6219605095990097, 0.9694014577138866], [-0.043229049231902364, 0.6304547453420128, -0.7750213309182163, 0.5700248344257404], [0.0, 0.0, 0.0, 1.0]], "psm2_transform": [[-0.0753589751525774, 0.996239624838731, 0.04275084519793597, 0.006745665059813212], [0.8665165691342656, 0.08664069425613269, -0.4915713839460115, -0.07756515441357242], [-0.49342685403181585, 0.0, -0.8697872956765149, -0.005564150096442375], [0.0, 0.0, 0.0, 1.0]]}