{"ecm_psm_transform": [[-0.5463023167547788, 0.13420088519580223, -0.8267671383896585, -0.02146855665589101], [0.6537660842338943, -0.5487169082883507, -0.5210562941410023, 0.21495431648993926], [-0.5235873239621472, -0.8251665752871582, 0.2120293310252634, -0.17606648410177897], [0.0, 0.0, 0.0, 1.0]], "suj_ecm_transform": [[0.977947686916464, 0.20884999720401862, -1.796160469143462e-05, 0.059064993756321585], [-0.20884999796024165, 0.97794768215474, -9.654107352607598e-05, 1.0330233935892374], [-2.597093260225735e-06, 9.816340065042706e-05, 0.999999995178601, 0.6492840678945466], [0.0, 0.0, 0.0, 1.0]], "suj_psm2_transform": [[0.14859399986025112, -0.9886502456159021, -0.022147574340062592, -0.02119914770769242], [-0.7795398063085726, -0.130886401480923, 0.6125246446370695, 0.27997459875081787], [-0.6084714566731337, -0.07375257114834399, -0.790141154897708, -0.2192596700672842], [0.0, 0.0, 0.0, 1.0]], "ecm_transform": [[0.9912931870904197, -0.06950627297476547, -0.11183333691380098, 0.04765195563818353], [-0.12437470213280552, -0.7731078140161923, -0.6219608037300106, 0.9694106560978633], [-0.04322904923190237, 0.6304547453420128, -0.7750213309182165, 0.5700188680374239], [0.0, 0.0, 0.0, 1.0]], "psm2_transform": [[-0.2722259913474825, 0.9497784267843281, 0.1543176906578343, 0.024364044903778526], [0.8262550024388602, 0.31292321744333174, -0.46838203523370986, -0.07394927237383424], [-0.493148740827389, 0.0, -0.8699450094232167, -0.005591013470163376], [0.0, 0.0, 0.0, 1.0]]}