{"ecm_psm_transform": [[-0.504073253398911, 0.1489656303187212, -0.8507169894809811, -0.025229757186846793], [0.4521528606957056, -0.7937201462603443, -0.40689816906094295, 0.23304444135393532], [-0.7358450555467009, -0.5897606043168735, 0.3327378605197624, -0.15705478083398522], [0.0, 0.0, 0.0, 1.0]], "suj_ecm_transform": [[0.9779452350604722, 0.20886147777859415, -1.796273803137362e-05, 0.05907148099325704], [-0.20886147853487308, 0.977945230298757, -9.654086265965915e-05, 1.0330168786921379], [-2.597093260228796e-06, 9.816340065040841e-05, 0.999999995178601, 0.6492866839852411], [0.0, 0.0, 0.0, 1.0]], "suj_psm2_transform": [[0.14849045573244507, -0.9886676630192975, -0.022064375276257153, -0.02118415559416517], [-0.7796173271988865, -0.13076094712816094, 0.6124527719240158, 0.2800216450173253], [-0.6083974093367222, -0.0737416219384075, -0.7901991935621409, -0.21925645572175978], [0.0, 0.0, 0.0, 1.0]], "ecm_transform": [[0.991294360471396, -0.06949897901161264, -0.11182746895977622, 0.047652127531016136], [-0.12436534967631477, -0.7731084697454047, -0.6219618588047072, 0.9693898581069847], [-0.043229049231902385, 0.6304547453420127, -0.7750213309182166, 0.5700290461333148], [0.0, 0.0, 0.0, 1.0]], "psm2_transform": [[0.020329953607192218, 0.9997267771011422, -0.011535342790418563, -0.0018198291230064607], [0.8695085037758676, -0.02337458335378514, -0.4933645616726937, -0.077833768263657], [-0.4934993970085289, 0.0, -0.8697461383370544, -0.00555568672309106], [0.0, 0.0, 0.0, 1.0]]}