{"ecm_psm_transform": [[-0.5046731514837117, 0.149079213392818, -0.8503413422300937, -0.02505210211349208], [0.45552368810956684, -0.7907185167574242, -0.4089772571036161, 0.2325993909957247], [-0.7333506526502562, -0.5937504655923377, 0.33114529268332576, -0.15737444602522602], [0.0, 0.0, 0.0, 1.0]], "suj_ecm_transform": [[0.9779238717332785, 0.20896148154906383, -1.79726102241627e-05, 0.05914618914946631], [-0.2089614823058297, 0.9779238669716408, -9.653902528194778e-05, 1.033002387890162], [-2.5970932602310983e-06, 9.816340065042516e-05, 0.999999995178601, 0.6492850832871069], [0.0, 0.0, 0.0, 1.0]], "suj_psm2_transform": [[0.1486958505364103, -0.9886353819111809, -0.0221274866757859, -0.021058587830655645], [-0.7795373467238239, -0.13095560208847937, 0.6125129838170166, 0.2798893049735495], [-0.6084497260218255, -0.07382893684035696, -0.7901507571273904, -0.21934940487172305], [0.0, 0.0, 0.0, 1.0]], "ecm_transform": [[0.9912959638452395, -0.06948901123265512, -0.11181944992730636, 0.04763089958854968], [-0.12435256879792715, -0.7731093657391855, -0.6219633005569631, 0.9694061478321963], [-0.04322904923190236, 0.6304547453420128, -0.7750213309182165, 0.5700236686211837], [0.0, 0.0, 0.0, 1.0]], "psm2_transform": [[0.01606647298143179, 0.999829383106213, -0.009114445862823279, -0.0014382116642092653], [0.8696388952698711, -0.01847172643391554, -0.4933426670746699, -0.07784688053642298], [-0.49342685403181585, 0.0, -0.8697872956765149, -0.005565463353496454], [0.0, 0.0, 0.0, 1.0]]}