{"ecm_psm_transform": [[-0.49503447604930084, 0.1499214894868507, -0.8558413489149952, -0.026048453623510395], [0.4027231277936747, -0.8332157226904593, -0.37890056980888187, 0.23741128261330946], [-0.769905805837749, -0.5322359499803258, 0.3520936575484798, -0.15401561488762663], [0.0, 0.0, 0.0, 1.0]], "suj_ecm_transform": [[0.9779328208590703, 0.20891959593048148, -1.796847534767996e-05, 0.05910857532385662], [-0.2089195966870434, 0.9779328160974001, -9.653979497776005e-05, 1.0330119687063783], [-2.5970932602317827e-06, 9.816340065047555e-05, 0.999999995178601, 0.6492776642780218], [0.0, 0.0, 0.0, 1.0]], "suj_psm2_transform": [[0.1485051945083965, -0.9886638096341054, -0.022137721739169114, -0.02119201501376733], [-0.7795588225913779, -0.13081115495292395, 0.6125165172138846, 0.27996798460220135], [-0.6084687743212203, -0.07370422823461131, -0.7901477313872212, -0.2192701860873112], [0.0, 0.0, 0.0, 1.0]], "ecm_transform": [[0.9912913816667979, -0.06951749475412417, -0.11184236476506401, 0.047668642432825654], [-0.12438909090284836, -0.7731068050398009, -0.6219591803852682, 0.9693924648837849], [-0.04322904923190238, 0.6304547453420126, -0.775021330918217, 0.5700204692848831], [0.0, 0.0, 0.0, 1.0]], "psm2_transform": [[0.08100208353366904, 0.9956537438366507, -0.04595960016433472, -0.007251122821254143], [0.8659728289842864, -0.09313228432751455, -0.49134248450229784, -0.07751992379583605], [-0.4934873067507982, 0.0, -0.8697529983137993, -0.0055587386262638365], [0.0, 0.0, 0.0, 1.0]]}