{"ecm_psm_transform": [[-0.4954666012164546, 0.15006028991011222, -0.8555669210944917, -0.02590683958198057], [0.40556954149752206, -0.8310447898676492, -0.3806283019473524, 0.2370492650353602], [-0.768131625496897, -0.5355804950013846, 0.3508950545185374, -0.15427429022278494], [0.0, 0.0, 0.0, 1.0]], "suj_ecm_transform": [[0.9779271123361903, 0.20894631519804188, -1.797111302742735e-05, 0.05911474713835624], [-0.20894631595473387, 0.9779271075745407, -9.65393040021405e-05, 1.033001252071015], [-2.5970932602236563e-06, 9.816340065044594e-05, 0.9999999951786009, 0.6492837762717434], [0.0, 0.0, 0.0, 1.0]], "suj_psm2_transform": [[0.14868207073806716, -0.9886380089039211, -0.022102696476472783, -0.021087791523708502], [-0.7795585505850338, -0.1309317296010024, 0.6124911006646967, 0.2798684077408796], [-0.6084259265110273, -0.073836099126245, -0.7901684139568081, -0.21936530460562964], [0.0, 0.0, 0.0, 1.0]], "ecm_transform": [[0.9912944671736, -0.06949831570255466, -0.11182693533096896, 0.04764193308145206], [-0.12436449916883208, -0.773108529373623, -0.6219619547498382, 0.9694050648173504], [-0.04322904923190237, 0.6304547453420127, -0.7750213309182165, 0.5700223577605468], [0.0, 0.0, 0.0, 1.0]], "psm2_transform": [[0.07751899174371132, 0.9960204053923105, -0.043979062759179455, -0.0069395379529065965], [0.8663122309977581, -0.08912548480730655, -0.49148730032580673, -0.07755269348641693], [-0.4934510354054651, 0.0, -0.8697735772356359, -0.00556461190140865], [0.0, 0.0, 0.0, 1.0]]}