{"ecm_psm_transform": [[-0.49185036785177744, 0.15031070154813844, -0.8576070829022915, -0.02622152477660477], [0.3853762189089492, -0.8456651106117004, -0.3692366322475908, 0.2388925767151206], [-0.7807486058543515, -0.5121105483137478, 0.35801452590960575, -0.15312836264136676], [0.0, 0.0, 0.0, 1.0]], "suj_ecm_transform": [[0.9779393202767198, 0.20888917045636807, -1.796547180005998e-05, 0.05909365558203886], [-0.20888917121278183, 0.9779393155150261, -9.654035396487227e-05, 1.033009954549799], [-2.5970932602311525e-06, 9.816340065044223e-05, 0.9999999951786012, 0.649298023079097], [0.0, 0.0, 0.0, 1.0]], "suj_psm2_transform": [[0.14874992491732061, -0.9886281495771881, -0.022087138806927253, -0.021082464787251884], [-0.7795626441992644, -0.13097718396077798, 0.6124761718228358, 0.2799034793013281], [-0.6084040956520123, -0.07388747624117037, -0.7901804206942665, -0.21934264756716493], [0.0, 0.0, 0.0, 1.0]], "ecm_transform": [[0.9912866225675383, -0.06954706909160993, -0.11186615707804501, 0.047681984838711895], [-0.12442701162186917, -0.7731041451554275, -0.6219549015180659, 0.9693869690163234], [-0.0432290492319024, 0.6304547453420131, -0.7750213309182161, 0.5700252649247197], [0.0, 0.0, 0.0, 1.0]], "psm2_transform": [[0.10142303996370251, 0.9931777903257575, -0.0575434076864325, -0.009078909265984383], [0.8638295804463461, -0.11660993441232087, -0.49010262103180424, -0.07732592500631484], [-0.4934691711854058, 0.0, -0.8697632879637935, -0.0055597054959903545], [0.0, 0.0, 0.0, 1.0]]}