{"ecm_psm_transform": [[-0.48852994893775914, 0.15014525455007974, -0.8595317862225702, -0.026621042679746368], [0.36563774355482, -0.8591941351261675, -0.35790288997567, 0.24073098489927972], [-0.7922420901965572, -0.48912354339255504, 0.3648432948816535, -0.15198835971193247], [0.0, 0.0, 0.0, 1.0]], "suj_ecm_transform": [[0.9779383494622012, 0.2088937153874466, -1.796592046724877e-05, 0.05909128885077134], [-0.20889371614388247, 0.977938344700511, -9.654027047003895e-05, 1.0330102771859189], [-2.597093260233138e-06, 9.816340065045341e-05, 0.999999995178601, 0.6492798487710874], [0.0, 0.0, 0.0, 1.0]], "suj_psm2_transform": [[0.14851054831538926, -0.9886637479617721, -0.022104535852255913, -0.021180395283209502], [-0.7795840299061558, -0.13079795678155312, 0.6124872527792303, 0.2799717121052618], [-0.6084351710366029, -0.07372847460752319, -0.7901713451383233, -0.21924849414956693], [0.0, 0.0, 0.0, 1.0]], "ecm_transform": [[0.9912840240012111, -0.0695632134431242, -0.11187914504246524, 0.047698375669453355], [-0.1244477121624676, -0.7731026926684477, -0.6219525653346268, 0.9693838977653306], [-0.043229049231902385, 0.6304547453420127, -0.7750213309182166, 0.5700108707266558], [0.0, 0.0, 0.0, 1.0]], "psm2_transform": [[0.12443075545964238, 0.9897121471956565, -0.07061765210700419, -0.011139980676869794], [0.8607541829192946, -0.14307293836838325, -0.4885001237395692, -0.07706121312078505], [-0.49357798135925823, 0.0, -0.8697015443917068, -0.005552590673579629], [0.0, 0.0, 0.0, 1.0]]}