{"ecm_psm_transform": [[-0.4858442047643554, 0.15017977140825503, -0.8610467147354179, -0.026850001564587975], [0.3506078379847664, -0.868911273252744, -0.34938137208206144, 0.24203613299271892], [-0.8006432118244303, -0.47163464193595916, 0.369501301601768, -0.15127473073071784], [0.0, 0.0, 0.0, 1.0]], "suj_ecm_transform": [[0.9779246583211886, 0.20895780034347872, -1.7972246821670277e-05, 0.059132340776601774], [-0.20895780110022666, 0.9779246535595479, -9.653909293568773e-05, 1.0330032350586733], [-2.59709326022738e-06, 9.816340065045663e-05, 0.999999995178601, 0.6492834842369466], [0.0, 0.0, 0.0, 1.0]], "suj_psm2_transform": [[0.14855693320794158, -0.9886559099390213, -0.02214338137000932, -0.02117126359933176], [-0.7795480236076822, -0.13085497823053951, 0.6125209005100498, 0.27992977195839414], [-0.608469979937555, -0.07373239732255776, -0.7901441748819391, -0.21927944382957065], [0.0, 0.0, 0.0, 1.0]], "ecm_transform": [[0.9912873460942935, -0.06954257348708145, -0.11186254040619004, 0.047678284476672286], [-0.12442124728453088, -0.7731045495588111, -0.621955552009651, 0.969395810594901], [-0.04322904923190238, 0.6304547453420125, -0.7750213309182168, 0.570023375350406], [0.0, 0.0, 0.0, 1.0]], "psm2_transform": [[0.14167618679691973, 0.9866438331415195, -0.08038535077048398, -0.01268253094853296], [0.8581364321426566, -0.16289243851023116, -0.48689620793929234, -0.07681842732196908], [-0.4934873067507982, 0.0, -0.8697529983137993, -0.0055587386262638365], [0.0, 0.0, 0.0, 1.0]]}