{"ecm_psm_transform": [[-0.5434454025563026, 0.13581409303944597, -0.8283849507157233, -0.02169243119976756], [0.6413154254617184, -0.5695716773445049, -0.5141037146644853, 0.21603691784980664], [-0.5416471356014667, -0.8106433472858703, 0.2224314366178633, -0.17448392486706235], [0.0, 0.0, 0.0, 1.0]], "suj_ecm_transform": [[0.977937911304395, 0.20889576661774606, -1.7966122960924073e-05, 0.059078500685742996], [-0.2088957673741919, 0.9779379065427064, -9.654023278619923e-05, 1.033007138663847], [-2.5970932602338105e-06, 9.816340065043706e-05, 0.999999995178601, 0.6492871199774679], [0.0, 0.0, 0.0, 1.0]], "suj_psm2_transform": [[0.148520213277267, -0.9886621453163479, -0.022111279170412168, -0.021167403725550843], [-0.7795754298909215, -0.13080886819446028, 0.6124958686489805, 0.27994743270855876], [-0.6084438308985145, -0.07373060707847923, -0.7901644779546717, -0.21930056727763292], [0.0, 0.0, 0.0, 1.0]], "ecm_transform": [[0.9912995757354186, -0.06946655320746707, -0.11180138251494773, 0.04760870457591586], [-0.12432377266349855, -0.7731113839940609, -0.6219665485293424, 0.9694088734515285], [-0.043229049231902406, 0.6304547453420128, -0.7750213309182166, 0.5700163992001084], [0.0, 0.0, 0.0, 1.0]], "psm2_transform": [[-0.2511045174116471, 0.9574261669988224, 0.14241367940407546, 0.022476680306818334], [0.8328096477441413, 0.28867825471611636, -0.4723271703791097, -0.07454583613919011], [-0.4933301247235397, 0.0, -0.8698421627170396, -0.005574778651257238], [0.0, 0.0, 0.0, 1.0]]}