{"ecm_psm_transform": [[-0.48644138719516056, 0.15026973602083823, -0.8606937801912337, -0.026765172201236892], [0.3542451439188271, -0.866575698987811, -0.3515066655608633, 0.24168392712321204], [-0.7986771280270754, -0.47588398203765436, 0.3683059608619004, -0.15145818246793374], [0.0, 0.0, 0.0, 1.0]], "suj_ecm_transform": [[0.9779340483584165, 0.20891385003985005, -1.7967908123580172e-05, 0.05909874698568281], [-0.208913850796384, 0.9779340435967419, -9.653990055065028e-05, 1.0330120059952508], [-2.597093260233087e-06, 9.816340065046909e-05, 0.999999995178601, 0.6492811594943928], [0.0, 0.0, 0.0, 1.0]], "suj_psm2_transform": [[0.14863580875455423, -0.9886437030185654, -0.02215908025208574, -0.021139200699398328], [-0.7795238272288488, -0.13092522979272672, 0.6125366821556157, 0.2799070794890479], [-0.6084817163550336, -0.07377135409805419, -0.790131500559351, -0.21928530618891195], [0.0, 0.0, 0.0, 1.0]], "ecm_transform": [[0.9912920607384661, -0.06951327407469152, -0.11183896925625761, 0.04766180607546445], [-0.12438367907161726, -0.7731071845502115, -0.6219597909651831, 0.9693955930419934], [-0.04322904923190237, 0.6304547453420126, -0.7750213309182166, 0.570020759397043], [0.0, 0.0, 0.0, 1.0]], "psm2_transform": [[0.13753529031314557, 0.9874185713794237, -0.0780295380833225, -0.0123119274604041], [0.8588271964930365, -0.15812831781505143, -0.48724868565127333, -0.07688076362197378], [-0.49345708068928357, 0.0, -0.8697701475203721, -0.00556275754408125], [0.0, 0.0, 0.0, 1.0]]}