{"ecm_psm_transform": [[-0.4827224442310819, 0.15013429666532518, -0.8628086316213918, -0.027104201558647435], [0.3321700684463952, -0.8801938303494182, -0.33900127823230536, 0.24369943986856776], [-0.8103345528014262, -0.45024272784757763, 0.37501919758391683, -0.1504156328218607], [0.0, 0.0, 0.0, 1.0]], "suj_ecm_transform": [[0.977940715232033, 0.20888263970163995, -1.7964827096144272e-05, 0.059089616307562765], [-0.2088826404580219, 0.9779407104703342, -9.65404739374261e-05, 1.033012978567974], [-2.5970932602168987e-06, 9.816340065042034e-05, 0.9999999951786012, 0.6492885749328667], [0.0, 0.0, 0.0, 1.0]], "suj_psm2_transform": [[0.14861571097912196, -0.9886473782831657, -0.02212988621736167, -0.021148381547461598], [-0.7795484450896799, -0.13089395764783462, 0.6125120354813849, 0.2799442995402899], [-0.6084550864348433, -0.07377759324557936, -0.7901514250613343, -0.21928588235309343], [0.0, 0.0, 0.0, 1.0]], "ecm_transform": [[0.9912930082562764, -0.06950738459368873, -0.11183423120479337, 0.04765810558392149], [-0.12437612747118275, -0.7731077140752659, -0.6219606429289471, 0.9694087574918258], [-0.043229049231902336, 0.6304547453420127, -0.7750213309182165, 0.5700207584357242], [0.0, 0.0, 0.0, 1.0]], "psm2_transform": [[0.16236938074823015, 0.9824185249568435, -0.0921413371785765, -0.014534958057156884], [0.854427759187979, -0.18669183651574017, -0.4848704595120117, -0.07648653696551827], [-0.49354775708582194, 0.0, -0.8697186967494459, -0.005551357709770555], [0.0, 0.0, 0.0, 1.0]]}