{"ecm_psm_transform": [[-0.47941417622253635, 0.14981031921742566, -0.8647074163512419, -0.02744893146704324], [0.3117617378546888, -0.8919781262179716, -0.327383019044209, 0.24556590787311605], [-0.8203454555531415, -0.42653474724182733, 0.38092183312152006, -0.14947616653615375], [0.0, 0.0, 0.0, 1.0]], "suj_ecm_transform": [[0.9779322668289667, 0.20892218927601588, -1.7968731358170607e-05, 0.059119551742862986], [-0.2089221900325904, 0.9779322620672986, -9.653974732746405e-05, 1.0329974047811756], [-2.59709326023181e-06, 9.816340065049888e-05, 0.9999999951786009, 0.6492885714995866], [0.0, 0.0, 0.0, 1.0]], "suj_psm2_transform": [[0.14850173453386942, -0.9886646241410608, -0.022124552254162266, -0.02119405634980019], [-0.7795708769430028, -0.1308016725989026, 0.6125032002101274, 0.27998396844185974], [-0.6084541746612886, -0.07371013103600116, -0.7901584233050393, -0.21925503573414407], [0.0, 0.0, 0.0, 1.0]], "ecm_transform": [[0.9912888420749633, -0.06953327760303454, -0.1118550619482996, 0.047678723723340984], [-0.12440932794683993, -0.7731053856891164, -0.6219568970099925, 0.9693999398945943], [-0.04322904923190239, 0.6304547453420126, -0.7750213309182166, 0.5700207602210303], [0.0, 0.0, 0.0, 1.0]], "psm2_transform": [[0.18490840898989863, 0.9771341099219681, -0.10496576352233802, -0.016554786410611647], [0.8497647578576137, -0.21262391969626324, -0.48238047750317187, -0.07607914719749942], [-0.49366865060282644, 0.0, -0.8696500810164882, -0.00554250405471253], [0.0, 0.0, 0.0, 1.0]]}