{"ecm_psm_transform": [[-0.47671050420569794, 0.1494357627921129, -0.8662655758938415, -0.02774872083119959], [0.2967796569584343, -0.9002262085127605, -0.31861357272152413, 0.24703874381616273], [-0.827447237227597, -0.4089764373475313, 0.38479779534053665, -0.14879551231161353], [0.0, 0.0, 0.0, 1.0]], "suj_ecm_transform": [[0.9779543111737983, 0.20881897647022635, -1.7958542386896308e-05, 0.05903709751881293], [-0.20881897722629833, 0.9779543064120503, -9.654164322199786e-05, 1.0330180218790899], [-2.597093260222777e-06, 9.816340065046231e-05, 0.9999999951786012, 0.6492779576861307], [0.0, 0.0, 0.0, 1.0]], "suj_psm2_transform": [[0.14836744913801522, -0.9886871271903002, -0.02201964042553073, -0.021248121352074698], [-0.7796712075836376, -0.13064079501871154, 0.6124098225387565, 0.28010621540426983], [-0.6083583714401822, -0.07369360355600885, -0.7902337278891475, -0.21920735001517722], [0.0, 0.0, 0.0, 1.0]], "ecm_transform": [[0.9912849394797412, -0.06955752607550704, -0.11187456961660937, 0.047689484777064944], [-0.12444041973230473, -0.7731032043925272, -0.6219533883619051, 0.9693950136626913], [-0.04322904923190239, 0.6304547453420126, -0.775021330918217, 0.5700225081725439], [0.0, 0.0, 0.0, 1.0]], "psm2_transform": [[0.20126557867912243, 0.9728560974071947, -0.11420674488225654, -0.018018352773199], [0.8461244858466505, -0.23141091965947252, -0.4801274213301075, -0.07574951254001008], [-0.493523577237906, 0.0, -0.8697324178793733, -0.00555811774818326], [0.0, 0.0, 0.0, 1.0]]}