{"ecm_psm_transform": [[-0.4769949928803452, 0.14976061150151154, -0.866052848277617, -0.027568064990812283], [0.29792195767065277, -0.899488775134638, -0.31962861346330473, 0.24673607706138528], [-0.8268725923047429, -0.41047740820839596, 0.3844346673308126, -0.1489377544750538], [0.0, 0.0, 0.0, 1.0]], "suj_ecm_transform": [[0.9779295665271499, 0.2089348285688646, -1.7969979087062724e-05, 0.05912060823656809], [-0.2089348293255007, 0.9779295617654915, -9.653951508199346e-05, 1.0330127641322746], [-2.5970932602313304e-06, 9.816340065041337e-05, 0.9999999951786012, 0.649283047283401], [0.0, 0.0, 0.0, 1.0]], "suj_psm2_transform": [[0.14864959809326492, -0.9886417253762344, -0.022154815093187896, -0.02109913210606025], [-0.7795246440995233, -0.1309337802911368, 0.612533814919784, 0.2799183723264077], [-0.6084773013253844, -0.07378268105575214, -0.790133842932957, -0.2192907390779164], [0.0, 0.0, 0.0, 1.0]], "ecm_transform": [[0.9912828350231239, -0.06957059941089955, -0.111885086969296, 0.04769949739109096], [-0.1244571825610099, -0.7731020280489157, -0.621951496449385, 0.9693842771106742], [-0.04322904923190237, 0.6304547453420127, -0.7750213309182169, 0.5700248298938106], [0.0, 0.0, 0.0, 1.0]], "psm2_transform": [[0.19999058149870286, 0.9732017076199289, -0.11349979558336315, -0.01790338157787493], [0.8463950281216983, -0.2299531175819422, -0.4803509343024275, -0.0757702339806299], [-0.49357798135925823, 0.0, -0.8697015443917068, -0.005549308502037133], [0.0, 0.0, 0.0, 1.0]]}