{"ecm_psm_transform": [[-0.4702328560550389, 0.14880578662643215, -0.8699068334901217, -0.028240752811072203], [0.25587918842205715, -0.9203565906466106, -0.295752577310523, 0.25050754739735126], [-0.844634182364644, -0.3616636336706198, 0.39470560429435664, -0.14734416635393205], [0.0, 0.0, 0.0, 1.0]], "suj_ecm_transform": [[0.9779312020016702, 0.20892717350473025, -1.796922339245451e-05, 0.059114643138582834], [-0.20892717426132904, 0.9779311972400059, -9.653965574481304e-05, 1.032995292301346], [-2.5970932602273273e-06, 9.816340065040855e-05, 0.9999999951786009, 0.6492824623898201], [0.0, 0.0, 0.0, 1.0]], "suj_psm2_transform": [[0.14857847387836626, -0.988652911656619, -0.02213272176813763, -0.021164417252284157], [-0.7795533540499386, -0.13086635043558875, 0.6125116868380236, 0.27992644404471034], [-0.6084578911391215, -0.07375241417445155, -0.7901516159029061, -0.2192974215805561], [0.0, 0.0, 0.0, 1.0]], "ecm_transform": [[0.9912907200687842, -0.06952160664979612, -0.11184567275644877, 0.04766320856196054], [-0.12439436324857073, -0.7731064352885499, -0.621958585524321, 0.9693999548383979], [-0.04322904923190237, 0.6304547453420131, -0.7750213309182166, 0.5700188709213789], [0.0, 0.0, 0.0, 1.0]], "psm2_transform": [[0.24458637369949335, 0.9596334956866935, -0.1388562557347291, -0.021898317519865294], [0.8345255903386946, -0.2812535403441825, -0.4737757751444416, -0.07471678033111792], [-0.4937049167978632, 0.0, -0.8696294930196509, -0.005539257111462734], [0.0, 0.0, 0.0, 1.0]]}