{"ecm_psm_transform": [[-0.4676110980589737, 0.1484314319006327, -0.8713827924603565, -0.028462507837070425], [0.241039421864345, -0.9270286069380246, -0.2872593932769614, 0.2518214957470051], [-0.8504350992752966, -0.3443632848351772, 0.3977110382905451, -0.14685648627521308], [0.0, 0.0, 0.0, 1.0]], "suj_ecm_transform": [[0.977938112011709, 0.20889482701157525, -1.796603020473819e-05, 0.059087222280563706], [-0.20889482776801654, 0.9779381072500196, -9.654025004806153e-05, 1.0329991613900464], [-2.5970932602256824e-06, 9.816340065043335e-05, 0.9999999951786009, 0.6492874118749339], [0.0, 0.0, 0.0, 1.0]], "suj_psm2_transform": [[0.1486243016722173, -0.9886469648552358, -0.022090627763280357, -0.021148604239243876], [-0.7795783023668477, -0.13088016893948506, 0.6124769806753523, 0.279911193826989], [-0.6084147330820233, -0.07380758945326632, -0.7901796962133542, -0.21932164616742544], [0.0, 0.0, 0.0, 1.0]], "ecm_transform": [[0.9912873380492003, -0.06954262347610374, -0.11186258062190199, 0.04768070670294818], [-0.1244213113812759, -0.7731045450621791, -0.6219555447766061, 0.9693998348605306], [-0.04322904923190237, 0.6304547453420128, -0.7750213309182165, 0.5700229346889178], [0.0, 0.0, 0.0, 1.0]], "psm2_transform": [[0.2600097677254773, 0.9542676015809307, -0.1475407240741393, -0.02327777558510027], [0.8299574684269333, -0.29895374988947365, -0.4709535603744578, -0.07430322277591515], [-0.493523577237906, 0.0, -0.8697324178793733, -0.005558774252412718], [0.0, 0.0, 0.0, 1.0]]}