{"ecm_psm_transform": [[-0.4644697010025866, 0.1477317537177858, -0.873179950407724, -0.028777613963449883], [0.21949162369000108, -0.9360201770687356, -0.2751175298852106, 0.253747964721142], [-0.857957646961955, -0.31943944193490004, 0.40232712928141556, -0.14614097232123432], [0.0, 0.0, 0.0, 1.0]], "suj_ecm_transform": [[0.9779327886053915, 0.20891974690683554, -1.7968490251801416e-05, 0.059094043687144444], [-0.2089197476633982, 0.9779327838437214, -9.653979220368653e-05, 1.0330053999960984], [-2.5970932602197565e-06, 9.816340065043477e-05, 0.9999999951786009, 0.6492845032001178], [0.0, 0.0, 0.0, 1.0]], "suj_psm2_transform": [[0.14857890551561523, -0.9886526892800023, -0.02213975643951349, -0.0211859158026316], [-0.7795473559315638, -0.130870328983157, 0.6125184706210484, 0.27990954582955896], [-0.6084654704220197, -0.07374833537958225, -0.7901461601076416, -0.2192885860190652], [0.0, 0.0, 0.0, 1.0]], "ecm_transform": [[0.9912899520805333, -0.06952637955006134, -0.11184951251943417, 0.04765759885673596], [-0.12440048314488174, -0.7731060060705767, -0.6219578950145431, 0.9693879033012945], [-0.043229049231902385, 0.630454745342013, -0.7750213309182165, 0.5700233785090236], [0.0, 0.0, 0.0, 1.0]], "psm2_transform": [[0.28192308854407955, 0.9459897467180843, -0.16007114433907713, -0.025241572002582553], [0.8226378599924375, -0.3241965439424896, -0.4670798135252775, -0.07365367938569145], [-0.4937472262735557, 0.0, -0.8696054717785361, -0.005534812782069354], [0.0, 0.0, 0.0, 1.0]]}