{"ecm_psm_transform": [[-0.5414851425524805, 0.13699080847332434, -0.8294741459435279, -0.021804800818396634], [0.632766331113526, -0.5832040540464989, -0.509391599413316, 0.21676580967260412], [-0.5535346516741727, -0.8006912949055669, 0.22911315906861185, -0.1734319468385888], [0.0, 0.0, 0.0, 1.0]], "suj_ecm_transform": [[0.9779404713038642, 0.2088837817142279, -1.7964939833490938e-05, 0.05907756887829935], [-0.2088837824706154, 0.9779404665421664, -9.65404529585306e-05, 1.0330070082316678], [-2.597093260216316e-06, 9.816340065043054e-05, 0.9999999951786012, 0.6492890102384377], [0.0, 0.0, 0.0, 1.0]], "suj_psm2_transform": [[0.14864338655515594, -0.9886429474631768, -0.022141952595400083, -0.021105864371842656], [-0.7795346355130077, -0.13092202526071375, 0.6125236120650659, 0.27991600720283083], [-0.6084660184998146, -0.07378716509634647, -0.7901421129126254, -0.21930943242922818], [0.0, 0.0, 0.0, 1.0]], "ecm_transform": [[0.9912817311352152, -0.06957745628713555, -0.1118906032434499, 0.047697368433618645], [-0.12446597454757319, -0.7731014109755264, -0.6219505040817743, 0.9693864083222918], [-0.04322904923190236, 0.6304547453420126, -0.7750213309182167, 0.5700249746752284], [0.0, 0.0, 0.0, 1.0]], "psm2_transform": [[-0.23694443104192212, 0.9621839816579008, 0.1343849769846627, 0.021208982937778155], [0.8369448963285115, 0.27240041380465724, -0.47468016081221315, -0.07491524467587636], [-0.4933361704840593, 0.0, -0.8698387338421549, -0.005573580741400203], [0.0, 0.0, 0.0, 1.0]]}