{"ecm_psm_transform": [[-0.4613252178083371, 0.14705466667634984, -0.8749594095858382, -0.02896061795425972], [0.19921500388687507, -0.9438190068435566, -0.263664682024717, 0.2555721006263358], [-0.8645764429132009, -0.2959402090449191, 0.40611201291023985, -0.14560351489252227], [0.0, 0.0, 0.0, 1.0]], "suj_ecm_transform": [[0.9779360434674376, 0.2089045106368981, -1.7966986154529866e-05, 0.05908700991732346], [-0.20890451139338653, 0.9779360387057557, -9.654007214196378e-05, 1.0330011596112403], [-2.5970932602256858e-06, 9.816340065039683e-05, 0.9999999951786012, 0.6492846466082234], [0.0, 0.0, 0.0, 1.0]], "suj_psm2_transform": [[0.14865083390315734, -0.9886436710752596, -0.02205949280310343, -0.02108422316639419], [-0.779596468164988, -0.13088443314572065, 0.6124529467516673, 0.27992295960570507], [-0.608384973848445, -0.0738441385822709, -0.7901991943759938, -0.21934997536164458], [0.0, 0.0, 0.0, 1.0]], "ecm_transform": [[0.9912913022543093, -0.06951798831973192, -0.11184276183523603, 0.04766133830550046], [-0.12438972376149678, -0.7731067606583941, -0.6219591089829162, 0.9694019889845271], [-0.04322904923190237, 0.6304547453420126, -0.7750213309182166, 0.5700345714481496], [0.0, 0.0, 0.0, 1.0]], "psm2_transform": [[0.302111624848282, 0.9377033394935097, -0.17158383733397065, -0.02705322742018907], [0.815374025156268, -0.3474369685320196, -0.46309043608969735, -0.0730143997144932], [-0.49385601670122103, 0.0, -0.8695436934208675, -0.005528352385205715], [0.0, 0.0, 0.0, 1.0]]}