{"ecm_psm_transform": [[-0.5414091589541832, 0.1369480349521933, -0.8295308061327543, -0.021747241093380807], [0.6327424912805069, -0.5833322752155854, -0.5092743822537579, 0.21681617095736555], [-0.5536362184039824, -0.8006052038392841, 0.22916859570367942, -0.1733921781983599], [0.0, 0.0, 0.0, 1.0]], "suj_ecm_transform": [[0.9779355305749752, 0.20890691160471622, -1.796722317373689e-05, 0.059105571857111905], [-0.20890691236121636, 0.9779355258132951, -9.654002803026823e-05, 1.0330101403014638], [-2.5970932602228618e-06, 9.816340065043361e-05, 0.9999999951786009, 0.6492772336417114], [0.0, 0.0, 0.0, 1.0]], "suj_psm2_transform": [[0.14858664025498433, -0.9886517441206667, -0.02213005162442666, -0.021041496833878376], [-0.7795497350129467, -0.13087082768822603, 0.6125153362173421, 0.2799587669440419], [-0.6084605336248037, -0.07376012003354232, -0.7901488617429357, -0.21927804518278604], [0.0, 0.0, 0.0, 1.0]], "ecm_transform": [[0.9912877004729765, -0.06954037149247203, -0.1118607689214032, 0.04769063201593737], [-0.12441842385074786, -0.7731047476302464, -0.6219558706195069, 0.9693959489065064], [-0.04322904923190237, 0.6304547453420127, -0.7750213309182166, 0.5700275933752157], [0.0, 0.0, 0.0, 1.0]], "psm2_transform": [[-0.23683462045732412, 0.9622218385227226, 0.1343074682316166, 0.02119819068986372], [0.8370009202148415, 0.2722666587556241, -0.4746581149517587, -0.07491685582135049], [-0.49329384965996054, 0.0, -0.8698627350839077, -0.005576712035605395], [0.0, 0.0, 0.0, 1.0]]}