{"ecm_psm_transform": [[-0.5378989680699398, 0.1388390715515175, -0.8314976923359481, -0.02211249438841112], [0.6171055811442412, -0.6071229567539945, -0.5005820782877831, 0.21811742031477094], [-0.5743216884899287, -0.7823844499943748, 0.24089244599421822, -0.17162875932609153], [0.0, 0.0, 0.0, 1.0]], "suj_ecm_transform": [[0.9779267867321682, 0.20894783910998105, -1.797126346542267e-05, 0.05911274179884455], [-0.20894783986668047, 0.9779267819705197, -9.653927599751398e-05, 1.0329970800266368], [-2.5970932602374443e-06, 9.816340065047382e-05, 0.999999995178601, 0.6492839209158299], [0.0, 0.0, 0.0, 1.0]], "suj_psm2_transform": [[0.14868901612158705, -0.9886363213469241, -0.022131439140195386, -0.021096516175348065], [-0.7795368597530382, -0.13095249300775844, 0.6125142682921154, 0.2798631874252376], [-0.6084520201060779, -0.073821871343625, -0.7901496507245692, -0.2193626006921876], [0.0, 0.0, 0.0, 1.0]], "ecm_transform": [[0.9912909144889344, -0.06952039832803561, -0.11184470067018548, 0.04767075866529091], [-0.12439281391703413, -0.7731065439459488, -0.6219587603320279, 0.9694094368577494], [-0.04322904923190241, 0.6304547453420127, -0.7750213309182166, 0.5700217753389278], [0.0, 0.0, 0.0, 1.0]], "psm2_transform": [[-0.21158902364396098, 0.9699619672388778, 0.12001611218282934, 0.018938284388810053], [0.8436905333328211, 0.24325661781354718, -0.4785525068939604, -0.07551455638497545], [-0.4933724445466887, 0.0, -0.8698181597104216, -0.005566393602858391], [0.0, 0.0, 0.0, 1.0]]}