{"ecm_psm_transform": [[-0.5351084241166983, 0.1399768554677037, -0.8331059082569978, -0.022448031036567607], [0.6047050313166564, -0.6251743496013303, -0.4934459014936445, 0.21933077131089182], [-0.5899074499781007, -0.767830393077747, 0.24989135224414483, -0.17013485011032312], [0.0, 0.0, 0.0, 1.0]], "suj_ecm_transform": [[0.9779350600776828, 0.20890911408559912, -1.796744059868572e-05, 0.05910661434050022], [-0.20890911484210997, 0.9779350553160046, -9.65399875647246e-05, 1.0329921430599136], [-2.597093260218625e-06, 9.816340065045734e-05, 0.9999999951786009, 0.6492881364686778], [0.0, 0.0, 0.0, 1.0]], "suj_psm2_transform": [[0.1485184011246113, -0.9886625566996264, -0.022105056153449654, -0.021178245062321313], [-0.7795838807625405, -0.1308045790622982, 0.6124860283725273, 0.2799669262416766], [-0.6084334453188831, -0.07373270018447087, -0.7901722796586202, -0.2192738636392737], [0.0, 0.0, 0.0, 1.0]], "ecm_transform": [[0.9912865600263913, -0.06954745767863502, -0.11186646969258855, 0.04768980749239078], [-0.12442750987442497, -0.773104110198734, -0.6219548452904551, 0.969388845074865], [-0.04322904923190239, 0.6304547453420131, -0.7750213309182165, 0.5700193089735739], [0.0, 0.0, 0.0, 1.0]], "psm2_transform": [[-0.19197232039914236, 0.9753386758647622, 0.10890865696968952, 0.017184563091803683], [0.8483304992681064, 0.22071354141142419, -0.48127008700848306, -0.07593901535942066], [-0.49343894476631495, 0.0, -0.8697804365401107, -0.0055637244175464895], [0.0, 0.0, 0.0, 1.0]]}