{"ecm_psm_transform": [[-0.5331482993826445, 0.14094412825573804, -0.834198803388991, -0.02254165523178836], [0.5956419203182896, -0.6376917342865499, -0.488425997242318, 0.2200796958880274], [-0.6008024580716483, -0.7572872669818518, 0.2560320324534081, -0.16921022449047432], [0.0, 0.0, 0.0, 1.0]], "suj_ecm_transform": [[0.9779270919747993, 0.2089464104950155, -1.7971122434959457e-05, 0.05912359835606818], [-0.208946411251708, 0.9779270872131499, -9.653930225085782e-05, 1.0330040751036222], [-2.597093260239323e-06, 9.816340065040741e-05, 0.9999999951786012, 0.6492904643698492], [0.0, 0.0, 0.0, 1.0]], "suj_psm2_transform": [[0.14862086028872934, -0.9886462956881801, -0.022143665213279373, -0.021096642856330533], [-0.779536429900638, -0.13090518050461097, 0.6125249286150101, 0.27991075896585077], [-0.6084692221836746, -0.07377218811378056, -0.790141044318101, -0.21932345103391881], [0.0, 0.0, 0.0, 1.0]], "ecm_transform": [[0.9912860587198626, -0.06955057239055266, -0.11186897544801325, 0.047674427504732865], [-0.12443150360799894, -0.773103829996906, -0.62195439459334, 0.9694063964142463], [-0.04322904923190241, 0.6304547453420127, -0.7750213309182168, 0.570027157657651], [0.0, 0.0, 0.0, 1.0]], "psm2_transform": [[-0.1779917306309058, 0.978837169826944, 0.10097890270840437, 0.015933378350473936], [0.8513700638232404, 0.20464064836971738, -0.4830022975726236, -0.07621253692561954], [-0.49344499009780884, 0.0, -0.869777006908882, -0.0055638398686536986], [0.0, 0.0, 0.0, 1.0]]}