{"ecm_psm_transform": [[-0.4266892436923269, 0.27903881070848996, -0.8602753230423746, 0.0959360851041093], [0.6762876978293433, -0.5331146317726918, -0.508353950662877, -0.08047777990896167], [-0.6004758438788005, -0.7987027804560713, 0.038763764133320555, 0.1797254548972261], [0.0, 0.0, 0.0, 1.0]], "suj_ecm_transform": [[0.9942047689835299, 0.10750291748074614, -7.970809493374689e-06, -0.10591459570443257], [-0.10750291774487344, 0.9942047641693711, -9.787371616878093e-05, 0.9752687453892642], [-2.597093260226856e-06, 9.816340065046872e-05, 0.9999999951786009, 1.0565567893612606], [0.0, 0.0, 0.0, 1.0]], "suj_psm2_transform": [[0.28030798194906603, -0.9598583352242334, 0.009970534399204367, 0.10519619314228967], [-0.6411512265758146, -0.17948533062743796, 0.7461300963973296, -0.014881654697898039], [-0.714389627525464, -0.21553884195226375, -0.6657255197856744, 0.13917679850578035], [0.0, 0.0, 0.0, 1.0]], "ecm_transform": [[0.994336329097473, -0.10215956836528566, -0.029303365478734477, -0.10821838206878366], [-0.0923516887025428, -0.694088117861933, -0.7139417694999137, 0.9179549495539746], [0.0525968652179043, 0.7126044535605274, -0.6995916398406657, 1.00039641455998], [0.0, 0.0, 0.0, 1.0]], "psm2_transform": [[-0.12423337335357165, 0.990608887815304, 0.05709728825888786, 0.010493814404738507], [0.9000963786766867, 0.13672611813887814, -0.4136816139397403, -0.07602984680556313], [-0.4176033740743804, 0.0, -0.9086294194894271, -0.011922123665578453], [0.0, 0.0, 0.0, 1.0]]}