{"ecm_psm_transform": [[-0.40834141824378956, 0.2802198340282658, -0.8687543558243733, 0.09434987786113772], [0.6397100204159255, -0.5910680133827655, -0.49133460425173314, -0.07731121082786409], [-0.6511746124705007, -0.7563831358332377, 0.06209811511608851, 0.1841081543034935], [0.0, 0.0, 0.0, 1.0]], "suj_ecm_transform": [[0.9942097579094092, 0.10745676904807992, -7.966266449562854e-06, -0.10592826545211934], [-0.10745676931198377, 0.9942097530952381, -9.787408604691814e-05, 0.9752928459595407], [-2.597093260224821e-06, 9.816340065045966e-05, 0.9999999951786008, 1.056541155205514], [0.0, 0.0, 0.0, 1.0]], "suj_psm2_transform": [[0.280163773110509, -0.9598998297584491, 0.010028811803193705, 0.10516960808948517], [-0.6412375370932353, -0.17936160595614659, 0.7460856755972693, -0.014803056266764036], [-0.7143687292001835, -0.21545702851968562, -0.665774426966358, 0.13927020628331], [0.0, 0.0, 0.0, 1.0]], "ecm_transform": [[0.9943400046266654, -0.10213193816726086, -0.029274945008353613, -0.10825658146886703], [-0.09231210629323185, -0.6940921840590785, -0.7139429354365836, 0.9179509333865201], [0.05259686521790428, 0.7126044535605272, -0.6995916398406662, 1.0003996789741036], [0.0, 0.0, 0.0, 1.0]], "psm2_transform": [[-0.05942976999987426, 0.9978589026915552, 0.027307741703907887, 0.005020450687069047], [0.9067187080059304, 0.0654034427167661, -0.41663362110234337, -0.07659690691376331], [-0.41752758829784936, 0.0, -0.9086642465785597, -0.011936769146308125], [0.0, 0.0, 0.0, 1.0]]}