{"ecm_psm_transform": [[-0.4088720409904738, 0.28030670657978124, -0.8684767149110451, 0.09446129316068272], [0.6404958341630286, -0.5897553312516322, -0.49188793000040565, -0.07737437359832014], [-0.6500682583514524, -0.7573749398459617, 0.061599188121559595, 0.18399222830819423], [0.0, 0.0, 0.0, 1.0]], "suj_ecm_transform": [[0.9942114109879862, 0.10744147336033916, -7.964760679632465e-06, -0.10594395929884007], [-0.10744147362416892, 0.994211406173811, -9.787420859442559e-05, 0.9752932206250655], [-2.5970932602269834e-06, 9.816340065047989e-05, 0.999999995178601, 1.0565658805493696], [0.0, 0.0, 0.0, 1.0]], "suj_psm2_transform": [[0.2802681812974409, -0.9598699599043591, 0.009970287128711619, 0.10523119730921665], [-0.6411611216397516, -0.17945967749184455, 0.7461277640271663, -0.014796425774033728], [-0.7143963624276655, -0.21550843191793512, -0.6657281375474469, 0.13924978938752441], [0.0, 0.0, 0.0, 1.0]], "ecm_transform": [[0.9943386142278337, -0.10214239167826979, -0.029285697494077993, -0.10821875398192092], [-0.09232708175135472, -0.6940906458006373, -0.7139424944540934, 0.9179603953687753], [0.05259686521790425, 0.712604453560527, -0.6995916398406663, 1.000391994486643], [0.0, 0.0, 0.0, 1.0]], "psm2_transform": [[-0.06084845165336305, 0.9977551425567375, 0.027966791610281438, 0.005140250157407444], [0.9065838838762228, 0.06696771984758454, -0.41667851635801795, -0.07658482385624099], [-0.41761600475471716, 0.0, -0.9086236143600429, -0.011925552945897425], [0.0, 0.0, 0.0, 1.0]]}