{"ecm_psm_transform": [[-0.39526446164569545, 0.28040569904977425, -0.8747220411652755, 0.09341653181335535], [0.6105986084125933, -0.6312180069849095, -0.4782605639843236, -0.07500062933684604], [-0.6862472912620808, -0.7231434654329707, 0.0782827160812066, 0.1869596022494912], [0.0, 0.0, 0.0, 1.0]], "suj_ecm_transform": [[0.9941981065386447, 0.10756451501932929, -7.97687342025507e-06, -0.10585715994785708], [-0.10756451528375485, 0.9941981017245022, -9.787322213508222e-05, 0.9752712865358732], [-2.5970932602249747e-06, 9.816340065046451e-05, 0.999999995178601, 1.056559345661384], [0.0, 0.0, 0.0, 1.0]], "suj_psm2_transform": [[0.2802991253444046, -0.9598613947969923, 0.009924873275473867, 0.10533774889107878], [-0.6411213712639576, -0.1795054027574894, 0.7461509215229142, -0.014940608060510008], [-0.7144198958874146, -0.21550849904178715, -0.6657028610431022, 0.13915693047865552], [0.0, 0.0, 0.0, 1.0]], "ecm_transform": [[0.9943349906175167, -0.10216962719130016, -0.029313712034715375, -0.10820730809585466], [-0.09236609877500015, -0.6940866372761352, -0.7139413447558518, 0.9179522007185966], [0.052596865217904284, 0.7126044535605274, -0.6995916398406661, 1.0004001830768838], [0.0, 0.0, 0.0, 1.0]], "psm2_transform": [[-0.0119913816198855, 0.9999129056761928, 0.005512515672484649, 0.0010130766892397004], [0.9085125498317799, 0.013197767318494317, -0.417649094020285, -0.07675453215415942], [-0.41768547205403755, 0.0, -0.9085916830100284, -0.011921932317213411], [0.0, 0.0, 0.0, 1.0]]}