{"ecm_psm_transform": [[-0.3904615119429327, 0.28033016824235785, -0.8769006810719504, 0.09294227411252154], [0.5999853146722058, -0.6449553880658807, -0.4733393809757258, -0.07410429482989092], [-0.6982531273606537, -0.7109483414271396, 0.08363627175494137, 0.1879075044160434], [0.0, 0.0, 0.0, 1.0]], "suj_ecm_transform": [[0.9942036010516722, 0.10751371815883427, -7.971872757894357e-06, -0.10590886390506318], [-0.10751371842301387, 0.9942035962375162, -9.787362957096372e-05, 0.9752705972321813], [-2.5970932602282857e-06, 9.816340065044589e-05, 0.9999999951786012, 1.0565653747127828], [0.0, 0.0, 0.0, 1.0]], "suj_psm2_transform": [[0.2803845292482572, -0.9598356428984727, 0.0100027186258983, 0.10526800520671901], [-0.6411780802329841, -0.1795238691362009, 0.7460977481798972, -0.014942733650789797], [-0.7143354850397524, -0.2156077898222693, -0.6657612903894142, 0.13909763827605692], [0.0, 0.0, 0.0, 1.0]], "ecm_transform": [[0.9943471898812977, -0.10207788945894765, -0.029219350758926198, -0.10829301328875864], [-0.09223467755901739, -0.6941001348863933, -0.7139452128884083, 0.9179745127768886], [0.05259686521790428, 0.7126044535605272, -0.6995916398406661, 1.000397481056913], [0.0, 0.0, 0.0, 1.0]], "psm2_transform": [[0.004610186968506742, 0.999987128124282, -0.002118905818132468, -0.00038946749391748705], [0.9086119186698045, -0.005073813728420172, -0.41761062925340625, -0.07675931785962029], [-0.41761600475471716, 0.0, -0.9086236143600429, -0.011927801036039718], [0.0, 0.0, 0.0, 1.0]]}