{"ecm_psm_transform": [[-0.3732090418879219, 0.27891121145575926, -0.8848296712799476, 0.09144726866182382], [0.5585448554110988, -0.6939771977087708, -0.4543383029792627, -0.07056360569876505], [-0.7407716622191309, -0.6637802235563834, 0.10321414277386393, 0.19154587787505162], [0.0, 0.0, 0.0, 1.0]], "suj_ecm_transform": [[0.9942031728529842, 0.10751767773488453, -7.972262555420303e-06, -0.10588271239989844], [-0.10751767799908331, 0.9942031680388292, -9.787359782091456e-05, 0.9752849587135108], [-2.5970932602265917e-06, 9.816340065044799e-05, 0.999999995178601, 1.0565486535748658], [0.0, 0.0, 0.0, 1.0]], "suj_psm2_transform": [[0.28039109459074557, -0.9598339339102769, 0.009982654382754974, 0.105228960671824], [-0.6411513791865363, -0.1795361629114946, 0.7461177354641957, -0.014902715722587168], [-0.714356873727275, -0.21560516116582001, -0.6657391917539893, 0.13914371402801406], [0.0, 0.0, 0.0, 1.0]], "ecm_transform": [[0.9943427038605018, -0.1021116394615745, -0.029254065800427095, -0.10826780879874609], [-0.09228302687187884, -0.6940951706013897, -0.7139437912743496, 0.9179676312310829], [0.05259686521790426, 0.7126044535605272, -0.6995916398406662, 1.000394904557659], [0.0, 0.0, 0.0, 1.0]], "psm2_transform": [[0.06641903261812686, 0.997324622650427, -0.0305304628405074, -0.005611053275334166], [0.9061753334768428, -0.07309991145810918, -0.41653651453738055, -0.07655332925677989], [-0.4176538963115334, 0.0, -0.9086061979184354, -0.01192310128678192], [0.0, 0.0, 0.0, 1.0]]}