{"ecm_psm_transform": [[-0.3547648265291271, 0.275727730397453, -0.8933734586093477, 0.08981642839820381], [0.510655179516513, -0.7432683366391117, -0.43218452931900037, -0.06649364149123374], [-0.7831814639601195, -0.6095296534538722, 0.12288366884857516, 0.19516728738321812], [0.0, 0.0, 0.0, 1.0]], "suj_ecm_transform": [[0.9941982834684983, 0.10756287967818626, -7.976712430102958e-06, -0.1058703211782608], [-0.10756287994260391, 0.9941982786543554, -9.787323525598017e-05, 0.975268795614597], [-2.5970932602246503e-06, 9.816340065045982e-05, 0.9999999951786012, 1.0565609647390106], [0.0, 0.0, 0.0, 1.0]], "suj_psm2_transform": [[0.2801884183121521, -0.9598932206609764, 0.009972721435621335, 0.1051590957072103], [-0.6411741445415112, -0.1794039371172384, 0.746129977764126, -0.014884482591045245], [-0.7144159618983857, -0.21545122946024697, -0.6657256199883492, 0.139174843599162], [0.0, 0.0, 0.0, 1.0]], "ecm_transform": [[0.9943358620682414, -0.1021630783227069, -0.029306975835719742, -0.10821182390269872], [-0.09235671699587754, -0.6940876012387274, -0.7139416213055606, 0.9179448224496919], [0.05259686521790427, 0.7126044535605273, -0.6995916398406659, 1.0003842127572482], [0.0, 0.0, 0.0, 1.0]], "psm2_transform": [[0.13269744541588158, 0.9892778702520741, -0.06099740494168182, -0.011210274962692567], [0.898861132605894, -0.14604552519512667, -0.41318200452213444, -0.07593575308257862], [-0.4176602115003878, 0.0, -0.9086032950245401, -0.011922567781016441], [0.0, 0.0, 0.0, 1.0]]}