{"ecm_psm_transform": [[-0.46598437121774966, 0.27116176826873933, -0.8422172292289973, 0.09927062623516049], [0.7425328397250615, -0.39778185949800055, -0.5389012657102872, -0.08606854431760662], [-0.48114815567622743, -0.8764935183352377, -0.015986388137453178, 0.16962958118242508], [0.0, 0.0, 0.0, 1.0]], "suj_ecm_transform": [[0.9942004291058447, 0.10754304581030474, -7.974759897756624e-06, -0.10587239888372947], [-0.10754304607462636, 0.9942004242916965, -9.787339436864076e-05, 0.9752769125573028], [-2.597093260222714e-06, 9.816340065046674e-05, 0.9999999951786009, 1.056557127545063], [0.0, 0.0, 0.0, 1.0]], "suj_psm2_transform": [[0.28026976133617865, -0.9598694572128, 0.00997426641745669, 0.10521096635756955], [-0.6411636987574089, -0.17945850627169946, 0.7461258311588264, -0.014873531668393114], [-0.714393429614439, -0.2155116461742505, -0.6657302442333415, 0.13915669025037603], [0.0, 0.0, 0.0, 1.0]], "ecm_transform": [[0.9943393515025937, -0.10213684879949328, -0.029279996084547448, -0.1082507056442781], [-0.09231914114987896, -0.694091461468164, -0.7139427283013233, 0.9179662505206222], [0.052596865217904305, 0.7126044535605274, -0.699591639840666, 1.0003888149088684], [0.0, 0.0, 0.0, 1.0]], "psm2_transform": [[-0.26295734938834836, 0.9572029430088501, 0.12089647760729091, 0.022213126871673657], [0.8696899591284446, 0.28941756321135054, -0.39984603173717803, -0.07346641364493775], [-0.4177233622791747, 0.0, -0.9085742636714852, -0.011911238784524526], [0.0, 0.0, 0.0, 1.0]]}