{"ecm_psm_transform": [[-0.3475944465659664, 0.27421433772273557, -0.8966518821169015, 0.08927917359329737], [0.49091806152510964, -0.7615151295627816, -0.4231951846552715, -0.06477085966711926], [-0.7988601614706601, -0.5872828998313011, 0.130081658894748, 0.19655495598907774], [0.0, 0.0, 0.0, 1.0]], "suj_ecm_transform": [[0.9942091077211733, 0.10746278453863639, -7.966858639176068e-06, -0.10593541036744103], [-0.10746278480256935, 0.9942091029070038, -9.787403784499761e-05, 0.9752831812869456], [-2.5970932602211707e-06, 9.81634006504377e-05, 0.9999999951786009, 1.0565535774648773], [0.0, 0.0, 0.0, 1.0]], "suj_psm2_transform": [[0.2802520075051302, -0.9598747771125015, 0.00996115217083643, 0.10522683920375382], [-0.6411563564395394, -0.17945362524235814, 0.7461333144851194, -0.014825520042084372], [-0.7144069840689684, -0.21549201528270462, -0.6657220534599105, 0.13923836594075545], [0.0, 0.0, 0.0, 1.0]], "ecm_transform": [[0.9943425910512017, -0.10211248793686216, -0.029254938539107083, -0.10827192201620275], [-0.09228424237556683, -0.6940950457776275, -0.7139437555130803, 0.9179555367077497], [0.05259686521790426, 0.7126044535605272, -0.699591639840666, 1.0003942287622685], [0.0, 0.0, 0.0, 1.0]], "psm2_transform": [[0.15854200156355558, 0.9846583897413006, -0.07288545295386828, -0.013393965560767596], [0.8946467063319214, -0.17449313886817727, -0.4112899407198963, -0.07558165694571657], [-0.4176981022097975, 0.0, -0.9085858767394164, -0.011919366734329317], [0.0, 0.0, 0.0, 1.0]]}