{"ecm_psm_transform": [[-0.3416797060883023, 0.27283296113197647, -0.8993426231238952, 0.08880578148374713], [0.4747741605893771, -0.7757399512492915, -0.4157126705699494, -0.063449077031754], [-0.8110761215102216, -0.5690252220734195, 0.1355205584412636, 0.1975040468420803], [0.0, 0.0, 0.0, 1.0]], "suj_ecm_transform": [[0.9942013064568962, 0.10753493467621036, -7.973961402678025e-06, -0.10589415608656047], [-0.10753493494049271, 0.9942013016427459, -9.787345942701037e-05, 0.9752707381415575], [-2.597093260226776e-06, 9.816340065044471e-05, 0.999999995178601, 1.0565565951634999], [0.0, 0.0, 0.0, 1.0]], "suj_psm2_transform": [[0.28030520883267573, -0.9598593824441861, 0.009947654755550706, 0.10525034236604545], [-0.6411313510484182, -0.1794951107480964, 0.7461448223504326, -0.01487176457721795], [-0.7144085530031818, -0.21552603358154715, -0.6657093571856308, 0.13916437670530102], [0.0, 0.0, 0.0, 1.0]], "ecm_transform": [[0.9943417395499566, -0.10211889198811963, -0.029261525727233235, -0.10826698112030599], [-0.09229341665588281, -0.694094103609029, -0.7139434855625215, 0.9179613387606003], [0.05259686521790428, 0.7126044535605272, -0.6995916398406662, 1.0003934433193586], [0.0, 0.0, 0.0, 1.0]], "psm2_transform": [[0.17927251795303542, 0.980344188677014, -0.08238104171461844, -0.015143417433095864], [0.8907923334355763, -0.1972948852028534, -0.40934551049839796, -0.07524655929109207], [-0.4175528505461072, 0.0, -0.9086526382511748, -0.011930138426884652], [0.0, 0.0, 0.0, 1.0]]}