{"ecm_psm_transform": [[-0.3198147150584832, 0.2659262516092246, -0.9093963804288693, 0.08696421966758897], [0.4090376384783788, -0.8270048259950273, -0.38568280761393253, -0.057957166372371305], [-0.8546383786959795, -0.49532438511141574, 0.15571446680994572, 0.20116851163164384], [0.0, 0.0, 0.0, 1.0]], "suj_ecm_transform": [[0.9942018636118677, 0.10752978344214038, -7.973454293035603e-06, -0.10588518623383283], [-0.10752978370639778, 0.9942018587977159, -9.787350074101014e-05, 0.9752681006123803], [-2.5970932602303622e-06, 9.816340065045276e-05, 0.999999995178601, 1.0565502645728406], [0.0, 0.0, 0.0, 1.0]], "suj_psm2_transform": [[0.2803617770181728, -0.9598426368365744, 0.009969277698223755, 0.10525357171049055], [-0.6411455692283619, -0.17952356940775627, 0.7461257582244019, -0.014927175214918598], [-0.714373594868996, -0.21557690167944815, -0.6657304007000411, 0.13914372052491109], [0.0, 0.0, 0.0, 1.0]], "ecm_transform": [[0.9943349376532483, -0.10217002519096034, -0.02931412141937428, -0.1082054445619082], [-0.09236666894156624, -0.6940865786904261, -0.7139413279468129, 0.9179442702494712], [0.0525968652179043, 0.7126044535605275, -0.699591639840666, 1.0003896629690832], [0.0, 0.0, 0.0, 1.0]], "psm2_transform": [[0.2586145995136552, 0.958632697992445, -0.11891946542983439, -0.021848020058637656], [0.8709639467485106, -0.2846460088245149, -0.40049775670349486, -0.07357990544500151], [-0.41778019625474033, 0.0, -0.9085481317009851, -0.011908685200956712], [0.0, 0.0, 0.0, 1.0]]}