{"ecm_psm_transform": [[-0.313415914754876, 0.26334509213022445, -0.9123704438599973, 0.08634655444420397], [0.38857169192644186, -0.8410972974204782, -0.3762544039681003, -0.05613871739675566], [-0.8664770652543476, -0.47244544523457044, 0.16128483085932727, 0.20223954217879309], [0.0, 0.0, 0.0, 1.0]], "suj_ecm_transform": [[0.9942050307867315, 0.10750049625385241, -7.970571137576496e-06, -0.10590798574395566], [-0.10750049651796798, 0.994205025972572, -9.787373558010428e-05, 0.975287464903548], [-2.597093260229069e-06, 9.816340065045124e-05, 0.999999995178601, 1.056555668326675], [0.0, 0.0, 0.0, 1.0]], "suj_psm2_transform": [[0.2802940535289485, -0.9598620380859608, 0.01000556833852806, 0.10517620019673676], [-0.641184438401279, -0.17945802901660518, 0.7461081233799243, -0.0148398084813266], [-0.7143652843667222, -0.21554508498906044, -0.6657496202242337, 0.13921066513053004], [0.0, 0.0, 0.0, 1.0]], "ecm_transform": [[0.9943376369240813, -0.10214973836562054, -0.029293254309994243, -0.10822475516687936], [-0.09233760645308246, -0.694089564622274, -0.7139421844358116, 0.9179522837239109], [0.0525968652179043, 0.7126044535605276, -0.6995916398406661, 1.000390438026321], [0.0, 0.0, 0.0, 1.0]], "psm2_transform": [[0.28198639586404683, 0.9506111864702741, -0.12969982538609215, -0.0238232616908642], [0.8636373686344274, -0.31038423310080965, -0.39723056697669223, -0.07296330369393744], [-0.41786860141174414, 0.0, -0.9085074749027622, -0.011899718282829083], [0.0, 0.0, 0.0, 1.0]]}