{"ecm_psm_transform": [[-0.30750754427056703, 0.2608937288546335, -0.9150811835356527, 0.08588175389372713], [0.3706423827322581, -0.8528840630169929, -0.3677132023386992, -0.05454969123178021], [-0.8763922263115074, -0.4522424541061485, 0.16557001046327402, 0.2030882683360965], [0.0, 0.0, 0.0, 1.0]], "suj_ecm_transform": [[0.994212632028487, 0.10743017384128586, -7.963648309250859e-06, -0.10595721328566267], [-0.10743017410506092, 0.9942126272143087, -9.787429910998704e-05, 0.97528297944888], [-2.5970932602288325e-06, 9.81634006504579e-05, 0.999999995178601, 1.0565508838106656], [0.0, 0.0, 0.0, 1.0]], "suj_psm2_transform": [[0.2801885118174257, -0.9598922969353526, 0.010058634584764914, 0.10520944039296515], [-0.6412635579625335, -0.1793641959435699, 0.7460626880113692, -0.014778804053542594], [-0.7143356683484099, -0.21548843007848523, -0.6657997367283507, 0.13923428164543483], [0.0, 0.0, 0.0, 1.0]], "ecm_transform": [[0.9943329672305252, -0.10218483015072821, -0.0293293499008441, -0.10817324428191827], [-0.09238787825136441, -0.6940843992287749, -0.7139407025092782, 0.9179691488949784], [0.05259686521790426, 0.712604453560527, -0.6995916398406661, 1.0003986367161275], [0.0, 0.0, 0.0, 1.0]], "psm2_transform": [[0.302198692433181, 0.9430758101195372, -0.13886672264820782, -0.025524955361236334], [0.8569310598812654, -0.3325778350512532, -0.39377803677121564, -0.07237995265635569], [-0.41754653501429884, 0.0, -0.9086555403988648, -0.011926175242663841], [0.0, 0.0, 0.0, 1.0]]}