{"ecm_psm_transform": [[-0.4625243727410837, 0.2720836346102114, -0.8438256338828327, 0.09902659004596814], [0.7374362034025933, -0.410301957067846, -0.5365073624261507, -0.08561299162307413], [-0.49219818217018685, -0.8704153030614712, -0.010869667187688226, 0.1706559690519861], [0.0, 0.0, 0.0, 1.0]], "suj_ecm_transform": [[0.9941964021354411, 0.10758026732300471, -7.978424146450421e-06, -0.10585115794389427], [-0.10758026758750655, 0.9941963973213028, -9.787309573525841e-05, 0.975287714678063], [-2.597093260226832e-06, 9.816340065045325e-05, 0.999999995178601, 1.056556894682847], [0.0, 0.0, 0.0, 1.0]], "suj_psm2_transform": [[0.2802299974091315, -0.9598817213610917, 0.009911082127888882, 0.10525996769249438], [-0.6411084891164289, -0.17946216765246575, 0.7461723899772279, -0.014850687245482108], [-0.7144585738410087, -0.2154539657986037, -0.6656790028885741, 0.13924807464728373], [0.0, 0.0, 0.0, 1.0]], "ecm_transform": [[0.9943411748018769, -0.10212313904310821, -0.029265894238953455, -0.10824969093128338], [-0.09229950088095401, -0.6940934787459716, -0.7139433065023036, 0.9179493622281267], [0.052596865217904284, 0.7126044535605273, -0.6995916398406661, 1.0003996567550597], [0.0, 0.0, 0.0, 1.0]], "psm2_transform": [[-0.2507346026776374, 0.9611697400738551, 0.1152600962451669, 0.021179895200446035], [0.8733164124348776, 0.2759578423715438, -0.4014544968056992, -0.07377023312566466], [-0.4176728418175669, 0.0, -0.9085974891050701, -0.011915506390050668], [0.0, 0.0, 0.0, 1.0]]}