{"ecm_psm_transform": [[-0.45578497437930804, 0.2737285337946384, -0.8469549851773064, 0.09841472312564303], [0.7271986507473586, -0.43418454072333845, -0.5316633398571742, -0.08464890076613152], [-0.5132661877440154, -0.8582286841999055, -0.0011602306770352733, 0.1724831310325361], [0.0, 0.0, 0.0, 1.0]], "suj_ecm_transform": [[0.994209407655065, 0.10746000961612806, -7.966585464385329e-06, -0.10592642622510819], [-0.10746000988004759, 0.9942094028408949, -9.787406008080911e-05, 0.9752854807620954], [-2.59709326022575e-06, 9.816340065045055e-05, 0.999999995178601, 1.0565717843661584], [0.0, 0.0, 0.0, 1.0]], "suj_psm2_transform": [[0.2801445065489963, -0.9599063998595785, 0.00993775422530857, 0.1052161084891319], [-0.6411501276960885, -0.1793920702956246, 0.746153468711591, -0.0147615638935229], [-0.7144547355891127, -0.21540238769259956, -0.6656998138580319, 0.13929585992000781], [0.0, 0.0, 0.0, 1.0]], "ecm_transform": [[0.9943333927825753, -0.10218163301636185, -0.029326061303952877, -0.10820336101690824], [-0.09238329809409959, -0.6940848699113187, -0.7139408376003189, 0.9179506908731287], [0.052596865217904284, 0.7126044535605274, -0.6995916398406661, 1.0003825752142972], [0.0, 0.0, 0.0, 1.0]], "psm2_transform": [[-0.22722370607554787, 0.9682265664017508, 0.10443516415063073, 0.019192101206082814], [0.8797535222833728, 0.2500746210911378, -0.40434691035807707, -0.07430702952471246], [-0.41761600475471716, 0.0, -0.9086236143600429, -0.011917309948709005], [0.0, 0.0, 0.0, 1.0]]}