{"ecm_psm_transform": [[-0.44851016632934415, 0.27542105747816964, -0.8502834067514379, 0.0977549682864473], [0.7151537508876804, -0.4600266961686653, -0.5262419133853027, -0.08370011952769935], [-0.5360911706888166, -0.8441082157577602, 0.009358247685582188, 0.17433586225440378], [0.0, 0.0, 0.0, 1.0]], "suj_ecm_transform": [[0.9942012272514477, 0.10753566695813256, -7.974033491669965e-06, -0.10588593951236865], [-0.10753566722241843, 0.9942012224372975, -9.787345355375117e-05, 0.9752741373823781], [-2.59709326022421e-06, 9.81634006504576e-05, 0.999999995178601, 1.0565553079238292], [0.0, 0.0, 0.0, 1.0]], "suj_psm2_transform": [[0.28016949590053397, -0.959898794896755, 0.009967804301767635, 0.10517281357728855], [-0.6411720762421642, -0.17939342959975968, 0.7461342815229365, -0.014821006577858675], [-0.7144252390657495, -0.21543514330812819, -0.6657208700451361, 0.1392180901278528], [0.0, 0.0, 0.0, 1.0]], "ecm_transform": [[0.9943369111850757, -0.10215519341566026, -0.029298865389838218, -0.10822142334522422], [-0.09234542124097128, -0.6940887617761231, -0.7139419541894957, 0.9179571721938372], [0.052596865217904264, 0.712604453560527, -0.6995916398406661, 1.0003963011587418], [0.0, 0.0, 0.0, 1.0]], "psm2_transform": [[-0.201198419715387, 0.975173064583438, 0.09250237842875599, 0.016996087136997018], [0.8860171491061628, 0.2214441105808547, -0.4073525713418805, -0.07484564089710082], [-0.4177233622791747, 0.0, -0.9085742636714852, -0.011911238784524526], [0.0, 0.0, 0.0, 1.0]]}