{"ecm_psm_transform": [[-0.44434425493065527, 0.27636002113000524, -0.8521639054965565, 0.09749333090642073], [0.7081838783335073, -0.47421936321658986, -0.5230598340715567, -0.08318650387670853], [-0.5486654514170117, -0.8359073718250576, 0.015002938041988378, 0.17534012703718874], [0.0, 0.0, 0.0, 1.0]], "suj_ecm_transform": [[0.994199938733424, 0.10754757904691323, -7.975206169217843e-06, -0.10586678160497452], [-0.10754757931125677, 0.9941999339192771, -9.787335800524176e-05, 0.9752702880048856], [-2.5970932602265853e-06, 9.816340065045341e-05, 0.9999999951786009, 1.056551450530751], [0.0, 0.0, 0.0, 1.0]], "suj_psm2_transform": [[0.28029211063610754, -0.9598631831291278, 0.009949994390681116, 0.10526226445092199], [-0.6411374418241629, -0.17948564172206677, 0.7461418666090156, -0.014894160315212956], [-0.7144082260208964, -0.21551699257561202, -0.6657126350797613, 0.1391656296502779], [0.0, 0.0, 0.0, 1.0]], "ecm_transform": [[0.9943325894183743, -0.10218766848488381, -0.02933226943443832, -0.10820490150827779], [-0.09239194439885226, -0.6940839813562376, -0.7139405825661361, 0.9179515098040293], [0.05259686521790429, 0.7126044535605275, -0.6995916398406661, 1.0003986084373444], [0.0, 0.0, 0.0, 1.0]], "psm2_transform": [[-0.18661827733361938, 0.9786804256374656, 0.08578020190639232, 0.015763849161233686], [0.8892379414781293, 0.2053889589877438, -0.40874351243985535, -0.0751148975233942], [-0.4176475811025027, 0.0, -0.9086091007684375, -0.011918389505621161], [0.0, 0.0, 0.0, 1.0]]}