{"ecm_psm_transform": [[-0.7967658372360911, -0.4422841702605001, 0.4117631762924551, 0.30044589521418236], [0.21401648017843805, 0.4307022759754114, 0.8767511024695851, 0.8718887822000893], [-0.5651204710727641, 0.7866894318640497, -0.2485127581592454, 2.739980347732093], [0.0, 0.0, 0.0, 1.0]], "suj_ecm_transform": [[0.9982549878992878, -0.05905064829292472, 8.38917378855333e-06, -0.07612455208392563], [0.05905064883172781, 0.9982549831080896, -9.783874428783917e-05, 1.0282496421008842], [-2.5970932602205443e-06, 9.81634006505146e-05, 0.9999999951786009, 1.07877239355458], [0.0, 0.0, 0.0, 1.0]], "suj_psm2_transform": [[-0.029742382206998583, -0.9995347566400907, -0.006757290069799304, 0.1174102752530077], [-0.8539666565833615, 0.021896298957926517, 0.5198668113428482, 0.017923129024175644], [-0.5194769871173199, 0.021232577808163122, -0.8542206023593274, 0.08160838573474294], [0.0, 0.0, 0.0, 1.0]], "ecm_transform": [[0.9965258219377674, -0.03534855084065505, 0.07541065020753225, -0.0644597610050545], [0.008794544451941754, -0.8557345821988204, -0.5173402949866684, 0.9481267622686863], [0.08281873096793972, 0.5162061649985167, -0.8524507334845716, 0.9467512055194838], [0.0, 0.0, 0.0, 1.0]], "psm2_transform": [[-0.2926445566160871, 0.9467656630091178, 0.1341415030103634, 0.09862856209646721], [0.8606571588482652, 0.32192356134167244, -0.39450535557369365, -0.29006306837476603], [-0.41668743490319676, 0.0, -0.909049823493627, -0.1644163163200617], [0.0, 0.0, 0.0, 1.0]]}