{"ecm_psm_transform": [[-0.849816520851486, -0.2962772947991789, 0.4359261926913274, 0.31835278678794426], [0.2772307025691888, 0.4521603061193008, 0.8477583353309448, 0.850605606556418], [-0.4482800669680393, 0.8412911637219188, -0.30211613562097206, 2.700621581757892], [0.0, 0.0, 0.0, 1.0]], "suj_ecm_transform": [[0.9982538777964407, -0.05906941166085806, 8.391012781528963e-06, -0.07613530373525759], [0.059069412199751196, 0.9982538730052526, -9.783858658615307e-05, 1.0282570475272834], [-2.5970932602238846e-06, 9.816340065051563e-05, 0.9999999951786009, 1.0787737070531207], [0.0, 0.0, 0.0, 1.0]], "suj_psm2_transform": [[-0.029651991056134037, -0.9995377233452635, -0.006715581596169751, 0.11749761783827065], [-0.8539751491397517, 0.02184103016535109, 0.5198551856556357, 0.017921154993923494], [-0.5194681935192436, 0.021149681110695012, -0.8542280063956988, 0.08158952253024743], [0.0, 0.0, 0.0, 1.0]], "ecm_transform": [[0.9965256382452438, -0.035330698121277065, 0.0754214431721715, -0.06446996073896741], [0.008815334410555604, -0.8557353194696288, -0.517338721623892, 0.9481284743707465], [0.08281873096793974, 0.5162061649985168, -0.8524507334845718, 0.9467517762793951], [0.0, 0.0, 0.0, 1.0]], "psm2_transform": [[-0.15407137868249152, 0.9855336788348068, 0.07060721034857655, 0.05192591221853195], [0.8959334647707865, 0.1694796975520426, -0.4105847766557867, -0.30195200979674086], [-0.4166116140660151, 0.0, -0.9090845741873029, -0.16445988154976127], [0.0, 0.0, 0.0, 1.0]]}