{"ecm_psm_transform": [[-0.8496207889602836, -0.2968509323543316, 0.4359174680221813, 0.3183530390514231], [0.2770455613962418, 0.4521058447142457, 0.8478479003252054, 0.8507088831586063], [-0.4487652748120631, 0.8411182016432542, -0.30187729127456947, 2.7008252597602036], [0.0, 0.0, 0.0, 1.0]], "suj_ecm_transform": [[0.9982528548901302, -0.05908669590751743, 8.392706805380607e-06, -0.07615097956050182], [0.05908669644649353, 0.9982528500989515, -9.78384412853307e-05, 1.028252151275234], [-2.5970932602242225e-06, 9.816340065045567e-05, 0.999999995178601, 1.0787764716903965], [0.0, 0.0, 0.0, 1.0]], "suj_psm2_transform": [[-0.02958899782328764, -0.9995393880615792, -0.006745585319110237, 0.11754730397754545], [-0.8539787646573264, 0.021771697049465667, 0.5198521546766284, 0.017879507070078682], [-0.5194658417279816, 0.02114249089086248, -0.8542296145397733, 0.08158289109189831], [0.0, 0.0, 0.0, 1.0]], "ecm_transform": [[0.9965256272545575, -0.03532963129212436, 0.07542208812856531, -0.06446688170576369], [0.008816576760315963, -0.8557353635150804, -0.5173386275969954, 0.9481341142061697], [0.08281873096793975, 0.5162061649985167, -0.8524507334845717, 0.9467512923757455], [0.0, 0.0, 0.0, 1.0]], "psm2_transform": [[-0.15464860577925818, 0.9854235283740949, 0.07088214484114552, 0.05212423505429335], [0.8958104999444022, 0.1701189869672093, -0.41058869743651094, -0.3019324799465388], [-0.41666216161284897, 0.0, -0.9090614077608334, -0.16444659765501965], [0.0, 0.0, 0.0, 1.0]]}