{"ecm_psm_transform": [[-0.8572026901323061, -0.26864158485476425, 0.4393577664235131, 0.3208157607683788], [0.2891605299468189, 0.45488486440478176, 0.8422980161773612, 0.8465762593600297], [-0.4261334719906576, 0.8490650499356125, -0.31224798642589113, 2.6931740712454686], [0.0, 0.0, 0.0, 1.0]], "suj_ecm_transform": [[0.9982541545998392, -0.05906473358747232, 8.390554284814498e-06, -0.07613496848286924], [0.059064734126343006, 0.9982541498086486, -9.783862590746532e-05, 1.028257812241152], [-2.597093260222004e-06, 9.816340065047192e-05, 0.999999995178601, 1.0787740227317726], [0.0, 0.0, 0.0, 1.0]], "suj_psm2_transform": [[-0.02968341446333956, -0.9995367971517518, -0.0067146143162432614, 0.11743708764773442], [-0.8539709521605617, 0.021868237457396515, 0.5198609362670858, 0.017918848889290018], [-0.5194732984204113, 0.02116533321554881, -0.85422451433923, 0.0815673566064703], [0.0, 0.0, 0.0, 1.0]], "ecm_transform": [[0.9965257778715209, -0.03534426428364019, 0.0754132416741828, -0.06445600830145533], [0.008799536261674594, -0.8557347592564957, -0.5173399172321881, 0.9481294630581021], [0.08281873096793972, 0.5162061649985167, -0.8524507334845717, 0.9467484651211646], [0.0, 0.0, 0.0, 1.0]], "psm2_transform": [[-0.12815921137648384, 0.9900126776730954, 0.058737676034257086, 0.043194505700652], [0.8999909194386184, 0.14097836020662038, -0.4124820564357711, -0.30333100900587795], [-0.41664320643373987, 0.0, -0.9090700955001281, -0.16444998444186332], [0.0, 0.0, 0.0, 1.0]]}