{"ecm_psm_transform": [[-0.8626876631352199, -0.24604816045858735, 0.4418487281969239, 0.3227361118864974], [0.2988410954553508, 0.456822375679744, 0.8378587689732448, 0.843335223847462], [-0.40799999453595553, 0.8548529814028029, -0.32056572593681976, 2.6870854326308073], [0.0, 0.0, 0.0, 1.0]], "suj_ecm_transform": [[0.9982545087742766, -0.05905874737442598, 8.389967577608893e-06, -0.07613575560178604], [0.059058747913267935, 0.9982545039830828, -9.783867622120217e-05, 1.0282576192080464], [-2.5970932602238744e-06, 9.816340065048816e-05, 0.9999999951786009, 1.0787694003810215], [0.0, 0.0, 0.0, 1.0]], "suj_psm2_transform": [[-0.029608700526536497, -0.9995392291420951, -0.0066823842418913815, 0.11749450242386916], [-0.8539748911895276, 0.02182126093153173, 0.5198564395957722, 0.01789704263645181], [-0.5194710868479252, 0.021098861992638523, -0.854227503626318, 0.08155771813765855], [0.0, 0.0, 0.0, 1.0]], "ecm_transform": [[0.9965257922135016, -0.03534565913715715, 0.07541239840644683, -0.06446364236592066], [0.008797911917766885, -0.855734701643964, -0.5173400401556049, 0.9481340185010523], [0.08281873096793972, 0.5162061649985165, -0.8524507334845717, 0.9467494609211402], [0.0, 0.0, 0.0, 1.0]], "psm2_transform": [[-0.10713574251596072, 0.9930311244244324, 0.04910314246462421, 0.03610967339969887], [0.9027320234268876, 0.11785239040574193, -0.4137459461496266, -0.3042622169584346], [-0.4166495248469041, 0.0, -0.9090671996309454, -0.16445160732896755], [0.0, 0.0, 0.0, 1.0]]}