{"ecm_psm_transform": [[-0.8663983331669941, -0.22934809357968133, 0.44356891263570275, 0.32397533631949044], [0.3060096126426215, 0.458094735572423, 0.8345701469685723, 0.8409192468696735], [-0.39460365590775603, 0.8588065353804647, -0.3267097940558803, 2.6825212381000827], [0.0, 0.0, 0.0, 1.0]], "suj_ecm_transform": [[0.9982531113310609, -0.05908236325187496, 8.392282163168873e-06, -0.07614383770020366], [0.05908236379083027, 0.9982531065398799, -9.78384777108076e-05, 1.0282575229014785], [-2.5970932602221422e-06, 9.816340065050797e-05, 0.9999999951786012, 1.078771051777257], [0.0, 0.0, 0.0, 1.0]], "suj_psm2_transform": [[-0.02966234462131452, -0.9995370839271913, -0.006764847810087016, 0.1174720995671391], [-0.8539741204130418, 0.02182422001755517, 0.51985758154075, 0.01790230962476025], [-0.5194692935836906, 0.02119719969601197, -0.8542261596021918, 0.08160506241899079], [0.0, 0.0, 0.0, 1.0]], "ecm_transform": [[0.996525944798431, -0.035360515011702655, 0.07540341717523205, -0.06445021840093117], [0.008780611849691686, -0.8557340879009271, -0.5173413492655635, 0.9481184446146419], [0.08281873096793976, 0.5162061649985167, -0.8524507334845718, 0.9467535451166951], [0.0, 0.0, 0.0, 1.0]], "psm2_transform": [[-0.09153476422950571, 0.9949180522273873, 0.04194587333112401, 0.03084918655930651], [0.9044732964004228, 0.10068798017669188, -0.4144755562714054, -0.3048269768697721], [-0.4165926584038678, 0.0, -0.9090932608726117, -0.16446852167791415], [0.0, 0.0, 0.0, 1.0]]}