{"ecm_psm_transform": [[-0.8656390352890349, -0.23267274447768652, 0.4433198107022632, 0.32384150007168094], [0.30466056979495093, 0.45785929034951267, 0.8351926768434077, 0.841368653741093], [-0.3973046662148398, 0.858037449193135, -0.32545466348794744, 2.683499565156945], [0.0, 0.0, 0.0, 1.0]], "suj_ecm_transform": [[0.9982569409543349, -0.059017622505226366, 8.38593693717776e-06, -0.0761073719023852], [0.05901762304387094, 0.998256936163119, -9.783902177739264e-05, 1.0282496011300224], [-2.5970932602254202e-06, 9.816340065049256e-05, 0.9999999951786008, 1.0787738345937503], [0.0, 0.0, 0.0, 1.0]], "suj_psm2_transform": [[-0.029607469926826897, -0.9995390482610078, -0.006714813922289564, 0.11749561009497039], [-0.8539770475597108, 0.021803429586511533, 0.5198536454613603, 0.01785784764059689], [-0.5194676120469222, 0.021125848142618253, -0.8542289497403631, 0.0815546269145977], [0.0, 0.0, 0.0, 1.0]], "ecm_transform": [[0.996526245829247, -0.03538990991766419, 0.07538564617675475, -0.06443189719880493], [0.0087463806415719, -0.8557328727433251, -0.5173439391083353, 0.948125116159136], [0.08281873096793974, 0.5162061649985167, -0.8524507334845717, 0.9467491391827489], [0.0, 0.0, 0.0, 1.0]], "psm2_transform": [[-0.09475034120788906, 0.9945532804388748, 0.04342977330428295, 0.03193566624275796], [0.9041042447107943, 0.10422942179765177, -0.4144052875237614, -0.3047289438715043], [-0.4166747982982805, 0.0, -0.9090556157150602, -0.16444008706189553], [0.0, 0.0, 0.0, 1.0]]}