{"ecm_psm_transform": [[-0.8715816245012628, -0.20350457445123826, 0.4460172194088035, 0.325759975718114], [0.31712335868320396, 0.4597702719457241, 0.8294842207133533, 0.8371877234751263], [-0.37386929161034926, 0.8644056832369713, -0.3361912663624687, 2.675541071388829], [0.0, 0.0, 0.0, 1.0]], "suj_ecm_transform": [[0.9982533203139756, -0.05907883217954317, 8.391936083846201e-06, -0.07614996732182946], [0.05907883271848152, 0.9982533155227927, -9.783850739576705e-05, 1.028260788426199], [-2.5970932602233158e-06, 9.816340065046966e-05, 0.9999999951786009, 1.0787694407792827], [0.0, 0.0, 0.0, 1.0]], "suj_psm2_transform": [[-0.02965582410588956, -0.9995373220655202, -0.006758246421167735, 0.11745156116384481], [-0.8539714921169188, 0.02182196944824262, 0.5198619935146281, 0.017905038349821323], [-0.5194739865943278, 0.02118828561938535, -0.8542235268384426, 0.08160577411287773], [0.0, 0.0, 0.0, 1.0]], "ecm_transform": [[0.996526007276008, -0.03536660636277948, 0.07539973459447745, -0.06446420123252967], [0.008773518302109705, -0.8557338361733187, -0.5173418859948401, 0.9481319984108423], [0.08281873096793972, 0.5162061649985167, -0.8524507334845717, 0.9467500357208778], [0.0, 0.0, 0.0, 1.0]], "psm2_transform": [[-0.06755173450588367, 0.9972352582171081, 0.030961313504182388, 0.022767963704512235], [0.9065509756540229, 0.07430908267942526, -0.4155038974210489, -0.30554833063810083], [-0.4166558432399405, 0.0, -0.9090643037178472, -0.16444722629121417], [0.0, 0.0, 0.0, 1.0]]}