{"ecm_psm_transform": [[-0.8762822627947682, -0.17721131893805944, 0.4480240443899352, 0.3272193464609128], [0.3282350493363009, 0.46113719712576634, 0.8243871892588992, 0.8334222271414775], [-0.35269129319913384, 0.8694530659369863, -0.3459193805416187, 2.668394322214199], [0.0, 0.0, 0.0, 1.0]], "suj_ecm_transform": [[0.9982546577055346, -0.05905622997464986, 8.389720847873204e-06, -0.07612868418767985], [0.05905623051347973, 0.9982546529143393, -9.783869737875044e-05, 1.028253280911775], [-2.597093260222202e-06, 9.816340065051565e-05, 0.999999995178601, 1.0787722579342984], [0.0, 0.0, 0.0, 1.0]], "suj_psm2_transform": [[-0.02971777694538704, -0.9995358631260469, -0.006701645939104439, 0.11745273362225489], [-0.8539696705585607, 0.021904318928724673, 0.5198615225022646, 0.01793254848034287], [-0.5194734406103243, 0.02117213114302871, -0.8542242594092812, 0.08158946001213296], [0.0, 0.0, 0.0, 1.0]], "ecm_transform": [[0.9965255268199433, -0.03531988939180655, 0.07542797763154577, -0.06448122537993999], [0.008827921448134698, -0.8557357656606828, -0.5173377689402069, 0.948142144365896], [0.08281873096793974, 0.5162061649985167, -0.8524507334845717, 0.9467465263250601], [0.0, 0.0, 0.0, 1.0]], "psm2_transform": [[-0.0431468151158112, 0.9988730668324625, 0.019772422766897585, 0.014541606666653955], [0.9080658812697515, 0.047461525014593914, -0.4161294977733235, -0.30604198333967714], [-0.4165989769780423, 0.0, -0.9090903653547586, -0.16446789326808844], [0.0, 0.0, 0.0, 1.0]]}