{"ecm_psm_transform": [[-0.8789981292436697, -0.16015788306962475, 0.4491233029767939, 0.32812403879725416], [0.3353893391488463, 0.4618513146493869, 0.8211013057728827, 0.8310167854133316], [-0.33893403483779677, 0.8723776794756325, -0.35225119500334107, 2.663744827234238], [0.0, 0.0, 0.0, 1.0]], "suj_ecm_transform": [[0.9982530033002154, -0.059084188508154355, 8.392461055968467e-06, -0.07614820253044619], [0.05908418904711842, 0.9982529985090353, -9.783846236573251e-05, 1.028251792776942], [-2.597093260225921e-06, 9.8163400650469e-05, 0.999999995178601, 1.0787684469992207], [0.0, 0.0, 0.0, 1.0]], "suj_psm2_transform": [[-0.02968712486726452, -0.9995363819446418, -0.006759865836740819, 0.11745317030696503], [-0.8539712725161749, 0.021847888466534432, 0.5198612656148358, 0.017914029088108907], [-0.5194725597509655, 0.021205917536601976, -0.8542239570084712, 0.08159477141611204], [0.0, 0.0, 0.0, 1.0]], "ecm_transform": [[0.9965258067813489, -0.0353470762212691, 0.07541154169879721, -0.06445721566148377], [0.00879626168560591, -0.8557346431108959, -0.5173401650367252, 0.9481301529991164], [0.08281873096793974, 0.5162061649985165, -0.8524507334845717, 0.9467446279272169], [0.0, 0.0, 0.0, 1.0]], "psm2_transform": [[-0.027449064483454647, 0.9995441388873847, 0.012572321776814634, 0.009249262289575675], [0.9087569673570541, 0.030191297022099245, -0.4162322186762258, -0.3062155926527551], [-0.4164220492949349, 0.0, -0.9091714232536166, -0.1645275167575163], [0.0, 0.0, 0.0, 1.0]]}