{"ecm_psm_transform": [[-0.8786382048775147, -0.16200546080696726, 0.44916493139863534, 0.3282255108992067], [0.33475678804603765, 0.46178690237610553, 0.821395610927512, 0.8312282867450552], [-0.3404890567796839, 0.8720705748175447, -0.35151118723403096, 2.664276278319331], [0.0, 0.0, 0.0, 1.0]], "suj_ecm_transform": [[0.9982547053665218, -0.05905542433352735, 8.38964188718294e-06, -0.07613053947961224], [0.05905542487235336, 0.9982547005753262, -9.783870414965381e-05, 1.0282597730604304], [-2.597093260223771e-06, 9.816340065052942e-05, 0.9999999951786012, 1.078769610738087], [0.0, 0.0, 0.0, 1.0]], "suj_psm2_transform": [[-0.02966605777513922, -0.9995368154856354, -0.006788188633003678, 0.11745444423863322], [-0.8539722012469289, 0.02181517781048424, 0.51986111367804, 0.01790254926841045], [-0.5194722365185238, 0.021219154222826442, -0.854223824872914, 0.08161286963494763], [0.0, 0.0, 0.0, 1.0]], "ecm_transform": [[0.9965266310324459, -0.03542769262521929, 0.07536280407718782, -0.06442494645441035], [0.008702381512185584, -0.8557313093563756, -0.5173472670684938, 0.9481301411467086], [0.08281873096793976, 0.5162061649985168, -0.8524507334845717, 0.9467491654416194], [0.0, 0.0, 0.0, 1.0]], "psm2_transform": [[-0.02926538846634062, 0.9994817512001595, 0.01340768644385739, 0.00986224738367305], [0.9086597426111149, 0.03219051130166496, -0.4162946590337665, -0.30621247961640474], [-0.41651051510834247, 0.0, -0.9091308986082165, -0.1644977057915713], [0.0, 0.0, 0.0, 1.0]]}