{"ecm_psm_transform": [[-0.7957791548538465, -0.4445450897624026, 0.411236185018093, 0.30022824685032246], [0.21297249269274895, 0.4302546331515026, 0.877224981408933, 0.8722185635334605], [-0.5669023320258392, 0.7856593497310416, -0.24771179246023417, 2.7406170695685947], [0.0, 0.0, 0.0, 1.0]], "suj_ecm_transform": [[0.9982517576245443, -0.05910523097865431, 8.394523421301066e-06, -0.07616694508670431], [0.05910523151771937, 0.9982517528333755, -9.783828543673776e-05, 1.0282567745961606], [-2.5970932602207188e-06, 9.816340065049225e-05, 0.9999999951786009, 1.0787720899954072], [0.0, 0.0, 0.0, 1.0]], "suj_psm2_transform": [[-0.029648444328169286, -0.9995380734890355, -0.006679026481994532, 0.11745563115337937], [-0.8539714839164573, 0.02185685993995455, 0.5198605412330206, 0.017926327883778403], [-0.5194744213206686, 0.021116754471105337, -0.854225033743547, 0.08156974391322258], [0.0, 0.0, 0.0, 1.0]], "ecm_transform": [[0.9965264550201612, -0.0354104047983916, 0.07537325571424297, -0.06442386908611906], [0.008722513732327386, -0.8557320249058921, -0.5173457444539882, 0.9481259149965446], [0.08281873096793971, 0.5162061649985168, -0.8524507334845716, 0.9467473885246664], [0.0, 0.0, 0.0, 1.0]], "psm2_transform": [[-0.29491003848078146, 0.9459146108307984, 0.13517994755171012, 0.09939242925746658], [0.8598835100157802, 0.32441570402312386, -0.394150732824541, -0.2898033291073443], [-0.41668743490319676, 0.0, -0.909049823493627, -0.16441706676376133], [0.0, 0.0, 0.0, 1.0]]}