{"ecm_psm_transform": [[-0.8819720180736341, -0.13840252755696666, 0.45052203020603176, 0.3292026253997613], [0.3446714726038954, 0.4625542119199961, 0.8168507678934591, 0.8278336053599343], [-0.3214450735478515, 0.875721611815601, -0.3602564687703773, 2.6578674397625517], [0.0, 0.0, 0.0, 1.0]], "suj_ecm_transform": [[0.9982535285880444, -0.0590753128734809, 8.391591157699769e-06, -0.07613530434850094], [0.05907531341240236, 0.9982535237968595, -9.783853698061283e-05, 1.0282456619937632], [-2.5970932602230286e-06, 9.816340065045849e-05, 0.9999999951786009, 1.0787783882674573], [0.0, 0.0, 0.0, 1.0]], "suj_psm2_transform": [[-0.02969747186993317, -0.9995364121178978, -0.006709770116406333, 0.1174668382168771], [-0.8539706380069851, 0.02188276685030914, 0.5198608409343008, 0.01792817713267497], [-0.5194730114129875, 0.021168499367113902, -0.854224610420507, 0.08157670057979471], [0.0, 0.0, 0.0, 1.0]], "ecm_transform": [[0.9965262036607767, -0.03538578534935277, 0.07538813973464333, -0.06442631956328541], [0.008751183822809146, -0.8557330433100816, -0.5173435757491976, 0.9481196334751847], [0.08281873096793975, 0.5162061649985167, -0.8524507334845719, 0.9467520677190902], [0.0, 0.0, 0.0, 1.0]], "psm2_transform": [[-0.007463355263189383, 0.9999663041729445, 0.0034188955698689814, 0.0025149982777912644], [0.9091176328646733, 0.008209172839101782, -0.4164585682824055, -0.3063540727106221], [-0.41647260167116473, 0.0, -0.9091482673674584, -0.16451048211056882], [0.0, 0.0, 0.0, 1.0]]}