{"ecm_psm_transform": [[-0.8852722879533939, -0.10926341380915779, 0.45205584011771305, 0.33026579736513495], [0.35705768006034555, 0.46314167998667854, 0.8111779073477288, 0.8236905384038135], [-0.2979979686032887, 0.8795233315051314, -0.3709931536382143, 2.6499768632964398], [0.0, 0.0, 0.0, 1.0]], "suj_ecm_transform": [[0.998255519875531, -0.05904165451332129, 8.38829231015216e-06, -0.07612058211814375], [0.05904165505208121, 0.9982555150843279, -9.783881986608505e-05, 1.0282439704564603], [-2.597093260224382e-06, 9.816340065047916e-05, 0.9999999951786012, 1.0787737050332078], [0.0, 0.0, 0.0, 1.0]], "suj_psm2_transform": [[-0.029719329390008292, -0.9995358387935908, -0.006698389940951455, 0.11746084154974487], [-0.8539692647430636, 0.021907323587322308, 0.5198620625198878, 0.017912983659205794], [-0.5194740189218316, 0.02117017100623425, -0.8542239563046492, 0.08157075044106166], [0.0, 0.0, 0.0, 1.0]], "ecm_transform": [[0.9965257383839199, -0.035340425179727616, 0.07541556262801277, -0.0644625177831526], [0.008804006999296496, -0.8557349178137119, -0.5173395788987308, 0.9481328684202707], [0.08281873096793974, 0.5162061649985167, -0.8524507334845717, 0.9467476638050569], [0.0, 0.0, 0.0, 1.0]], "psm2_transform": [[0.019292191313164495, 0.999774820325254, -0.00883855180119407, -0.00650134419101963], [0.9089261808081665, -0.021220476988185976, -0.4164167254060221, -0.3063022675723994], [-0.41651051510834247, 0.0, -0.9091308986082165, -0.1644977057915713], [0.0, 0.0, 0.0, 1.0]]}