{"ecm_psm_transform": [[-0.8869738146481538, -0.09088452546007397, 0.4527885324965717, 0.3308498360568708], [0.36480867510317755, 0.46330994432178846, 0.8076252386237104, 0.82107062745176], [-0.283182066342426, 0.8815236233501844, -0.37778832535905005, 2.6449838376449044], [0.0, 0.0, 0.0, 1.0]], "suj_ecm_transform": [[0.9982536396753199, -0.059073435692884584, 8.391407175776072e-06, -0.07614762295048788], [0.05907343623179704, 0.998253634884134, -9.783855276053807e-05, 1.0282561326707416], [-2.5970932602267268e-06, 9.816340065046619e-05, 0.9999999951786012, 1.078773583552317], [0.0, 0.0, 0.0, 1.0]], "suj_psm2_transform": [[-0.029685278551002878, -0.9995368013337731, -0.006705745059176815, 0.11744858797793833], [-0.8539715843195057, 0.021874470397830324, 0.519859635593732, 0.01792741719266766], [-0.5194721526821076, 0.021158693822250746, -0.8542253755675686, 0.08157109877959678], [0.0, 0.0, 0.0, 1.0]], "ecm_transform": [[0.9965259880713836, -0.03536473345332189, 0.07540086687915731, -0.06444812757865225], [0.008775699357482878, -0.8557339135767027, -0.5173417209693102, 0.9481300480378017], [0.08281873096793974, 0.5162061649985169, -0.8524507334845716, 0.9467516204599822], [0.0, 0.0, 0.0, 1.0]], "psm2_transform": [[0.03606510843538925, 0.9992128758304157, -0.01652079684076521, -0.012153120826660993], [0.9084355471535265, -0.03966899008936606, -0.41613847201762394, -0.30612210656650257], [-0.4164662826945497, 0.0, -0.9091511620069479, -0.16451261146925372], [0.0, 0.0, 0.0, 1.0]]}