{"ecm_psm_transform": [[-0.8865818058481959, -0.09492953552609913, 0.45272628024420136, 0.3307416894719145], [0.36318255502658536, 0.46328730054797973, 0.8083707743822308, 0.8216477838971518], [-0.2864805984064424, 0.8811091081334734, -0.37626534028650793, 2.64605694167452], [0.0, 0.0, 0.0, 1.0]], "suj_ecm_transform": [[0.9982515653446233, -0.05910847838115847, 8.394841698008354e-06, -0.07616062606625883], [0.05910847892023911, 0.9982515605534564, -9.783825812810878e-05, 1.0282580171690374], [-2.597093260220547e-06, 9.816340065052137e-05, 0.9999999951786009, 1.0787734115735996], [0.0, 0.0, 0.0, 1.0]], "suj_psm2_transform": [[-0.0296620317616825, -0.9995370935679502, -0.0067647951561050634, 0.1174702065668335], [-0.85397337500528, 0.02182394940987927, 0.5198588173862655, 0.017933775765039073], [-0.5194705368486845, 0.02119702370358051, -0.8542254079177518, 0.08161818384581809], [0.0, 0.0, 0.0, 1.0]], "ecm_transform": [[0.9965259358816465, -0.0353596460566922, 0.075403942509353, -0.06444810079462975], [0.008781623771739638, -0.8557341238073128, -0.5173412726969132, 0.9481299123550699], [0.08281873096793974, 0.5162061649985167, -0.8524507334845715, 0.9467490217416845], [0.0, 0.0, 0.0, 1.0]], "psm2_transform": [[0.03238059837439754, 0.9993654979822307, -0.014835710014822121, -0.01091227946363479], [0.9085453737567412, -0.03561743172560214, -0.4162651827651402, -0.30618029071584585], [-0.41652947155530234, 0.0, -0.9091222136356918, -0.1644913175247918], [0.0, 0.0, 0.0, 1.0]]}