{"ecm_psm_transform": [[-0.8885009946352027, -0.06938278321756657, 0.45359895494284397, 0.33132146704138216], [0.37398655078889054, 0.46329693938953675, 0.8034239265676106, 0.8180257904608026], [-0.26589479566415863, 0.8834828664695611, -0.3856915636793778, 2.639118796111601], [0.0, 0.0, 0.0, 1.0]], "suj_ecm_transform": [[0.9982526541059016, -0.059090088001965135, 8.393039263456108e-06, -0.07615828860185962], [0.059090088540957514, 0.9982526493147247, -9.783841276614072e-05, 1.028258175480172], [-2.5970932602237202e-06, 9.816340065051407e-05, 0.9999999951786008, 1.0787721223140163], [0.0, 0.0, 0.0, 1.0]], "suj_psm2_transform": [[-0.029697904285904485, -0.9995359855113061, -0.006771126122564086, 0.11742696319720027], [-0.8539695294784143, 0.021851179967127023, 0.5198639905364288, 0.0179205833435494], [-0.5194748090171855, 0.021221206421564276, -0.8542222094950309, 0.08162659101736769], [0.0, 0.0, 0.0, 1.0]], "ecm_transform": [[0.9965256924904076, -0.035335965721012774, 0.07541825861869993, -0.06446537079583851], [0.008809200155162402, -0.8557351019702812, -0.5173391858815054, 0.9481315615665127], [0.08281873096793975, 0.5162061649985167, -0.8524507334845717, 0.9467522174787635], [0.0, 0.0, 0.0, 1.0]], "psm2_transform": [[0.05571826749682095, 0.9981201365392145, -0.025527782945109198, -0.018776892159694795], [0.9074160775973796, -0.06128778862824063, -0.4157401461043263, -0.30579654749658874], [-0.4165231527597706, 0.0, -0.9091251086704519, -0.16449269632030314], [0.0, 0.0, 0.0, 1.0]]}