{"ecm_psm_transform": [[-0.8896942631626646, -0.047283263383924606, 0.454101762933387, 0.3318127495483537], [0.38328285374921905, 0.46307324033718195, 0.7991604520404376, 0.8148711721610287], [-0.24806928894423447, 0.8850578891165192, -0.39387074122776994, 2.6331581935244297], [0.0, 0.0, 0.0, 1.0]], "suj_ecm_transform": [[0.9982528983122947, -0.059085962297887505, 8.392634904534204e-06, -0.07616215728429164], [0.05908596283686008, 0.9982528935211156, -9.783844745308495e-05, 1.0282560277969868], [-2.5970932602207535e-06, 9.816340065048984e-05, 0.999999995178601, 1.0787727011535797], [0.0, 0.0, 0.0, 1.0]], "suj_psm2_transform": [[-0.029661933697838518, -0.9995372982604112, -0.0067349146678437055, 0.11747842239352652], [-0.853974199898135, 0.021839439976974483, 0.5198568117951641, 0.01790707492840321], [-0.5194691863793709, 0.021171401648691857, -0.8542268645708728, 0.08158140357288546], [0.0, 0.0, 0.0, 1.0]], "ecm_transform": [[0.9965259287765265, -0.035358953722906455, 0.0754043610655433, -0.06445814612062263], [0.00878243001346896, -0.8557341524148405, -0.5173412116910011, 0.9481297365415093], [0.08281873096793974, 0.5162061649985169, -0.8524507334845717, 0.9467519341187212], [0.0, 0.0, 0.0, 1.0]], "psm2_transform": [[0.07575288146594555, 0.9965224890588886, -0.0347048951804156, -0.02552805649344126], [0.9059722707973517, -0.08332423896968535, -0.41505579835296014, -0.30530470739655013], [-0.4165041962524468, 0.0, -0.9091337935112209, -0.16449983519793804], [0.0, 0.0, 0.0, 1.0]]}