{"ecm_psm_transform": [[-0.8905474294803203, -0.020047559517351987, 0.4544484252403036, 0.3320628052621617], [0.394727264717329, 0.46247626277323334, 0.7939181902816428, 0.8110001046976484], [-0.22608773149989636, 0.8864049874231874, -0.4039437286758261, 2.625737275898274], [0.0, 0.0, 0.0, 1.0]], "suj_ecm_transform": [[0.9982534577483309, -0.0590765099094469, 8.391708478846737e-06, -0.07613907203686572], [0.05907651044837411, 0.9982534529571465, -9.78385269179357e-05, 1.028250620829806], [-2.5970932602254037e-06, 9.816340065046273e-05, 0.999999995178601, 1.0787786857668915], [0.0, 0.0, 0.0, 1.0]], "suj_psm2_transform": [[-0.029664195096293915, -0.999537416115674, -0.00670740740458825, 0.11747967977523417], [-0.8539730679406257, 0.021855634422601307, 0.5198579906821298, 0.017922704372499043], [-0.519470918109344, 0.021149114137185926, -0.8542263635652132, 0.0815839652082675], [0.0, 0.0, 0.0, 1.0]], "ecm_transform": [[0.9965258654680103, -0.03535278764706061, 0.07540808881555824, -0.06445766598078431], [0.008789610576885737, -0.8557344071749753, -0.517340668344178, 0.9481330372823998], [0.08281873096793974, 0.5162061649985167, -0.8524507334845719, 0.946747378425101], [0.0, 0.0, 0.0, 1.0]], "psm2_transform": [[0.1004342048722289, 0.9938792689108806, -0.046010534889921316, -0.033844977802925266], [0.9035749842743208, -0.11047171053791786, -0.4139423256499477, -0.30449263102095836], [-0.41649155848029384, 0.0, -0.9091395831854732, -0.16450409398683125], [0.0, 0.0, 0.0, 1.0]]}