{"ecm_psm_transform": [[-0.8903953184962947, -0.02500650462345448, 0.45450066174473114, 0.33200923316185066], [0.3927289879509468, 0.46260583105991004, 0.7948331819271225, 0.8117102105235847], [-0.2301306559824362, 0.8862113290834677, -0.40208128703187196, 2.6271167587425706], [0.0, 0.0, 0.0, 1.0]], "suj_ecm_transform": [[0.9982533509384215, -0.059078314716901885, 8.391885367488448e-06, -0.0761496029752329], [0.05907831525583775, 0.9982533461472383, -9.7838511745882e-05, 1.0282526489476695], [-2.5970932602228694e-06, 9.816340065048615e-05, 0.9999999951786012, 1.0787737090730336], [0.0, 0.0, 0.0, 1.0]], "suj_psm2_transform": [[-0.029611478045450848, -0.9995386913125299, -0.006750180530837813, 0.11745555696933344], [-0.8539735210783317, 0.021788319975648653, 0.519860071951785, 0.01788507762975322], [-0.5194731808910256, 0.021158300543140773, -0.854224760032795, 0.08158540824265503], [0.0, 0.0, 0.0, 1.0]], "ecm_transform": [[0.9965257491831419, -0.035341474919089996, 0.07541492800183275, -0.0644652322535451], [0.008802784550260463, -0.8557348744605819, -0.5173396714114377, 0.9481305902945937], [0.08281873096793974, 0.5162061649985167, -0.8524507334845719, 0.9467498920209432], [0.0, 0.0, 0.0, 1.0]], "psm2_transform": [[0.09590781834731375, 0.9944196586021191, -0.04394579576596068, -0.03232210523355958], [0.9040346062587246, -0.10549664727205724, -0.4142365122740729, -0.30467069506740074], [-0.41656106523112757, 0.0, -0.909107737803121, -0.16448067025456764], [0.0, 0.0, 0.0, 1.0]]}