{"ecm_psm_transform": [[-0.8906907028260224, -0.0038333860982093446, 0.4545936394741004, 0.33210986984064883], [0.4016046931483065, 0.46195828632438646, 0.7907643214874396, 0.8086785887541224], [-0.21303460362237125, 0.8868933683635585, -0.409922444874882, 2.621297047784911], [0.0, 0.0, 0.0, 1.0]], "suj_ecm_transform": [[0.9982515886821809, -0.05910808424428523, 8.394803068802607e-06, -0.07616829089645658], [0.05910808478336398, 0.9982515838910136, -9.783826144259077e-05, 1.0282616985958017], [-2.597093260222286e-06, 9.81634006504992e-05, 0.999999995178601, 1.078770491116911], [0.0, 0.0, 0.0, 1.0]], "suj_psm2_transform": [[-0.029723990017423867, -0.9995356127594314, -0.006711426306866497, 0.11746941128839705], [-0.8539714088719516, 0.021904616807797997, 0.5198586544357591, 0.017959183853425653], [-0.5194702274882541, 0.021183639633734985, -0.8542259280571912, 0.08160608885324372], [0.0, 0.0, 0.0, 1.0]], "ecm_transform": [[0.9965257723225192, -0.03534372467518378, 0.07541356789790418, -0.06446307978294763], [0.008800164649995201, -0.8557347815436795, -0.5173398696780714, 0.9481265776906207], [0.08281873096793971, 0.5162061649985167, -0.8524507334845717, 0.9467462288256261], [0.0, 0.0, 0.0, 1.0]], "psm2_transform": [[0.11688038734637468, 0.9917008956842961, -0.0535565920566861, -0.03939079699744795], [0.9015600865829944, -0.12856645557440274, -0.4131102477323685, -0.303841997428954], [-0.4165673839059237, 0.0, -0.9091048425048538, -0.16448079252651152], [0.0, 0.0, 0.0, 1.0]]}