{"ecm_psm_transform": [[-0.8904356423344556, 0.02679429505660126, 0.45431974710862505, 0.3320063767772927], [0.4143523690504487, 0.4606394268282373, 0.7849353047950092, 0.8044140421313163], [-0.18824579974784592, 0.8871828358369953, -0.4212720435461161, 2.613004387986117], [0.0, 0.0, 0.0, 1.0]], "suj_ecm_transform": [[0.998253326071081, -0.059078734901822395, 8.391926549686308e-06, -0.07614661621888294], [0.05907873544076029, 0.9982533212798979, -9.783850821357816e-05, 1.0282496035125939], [-2.597093260221555e-06, 9.816340065050437e-05, 0.9999999951786009, 1.0787729602746658], [0.0, 0.0, 0.0, 1.0]], "suj_psm2_transform": [[-0.02962453673357999, -0.9995383588235505, -0.006742111215654933, 0.11745948232178052], [-0.8539732331196792, 0.02180367361677274, 0.5198599012541125, 0.017884292394094947], [-0.5194729097252745, 0.02115819125390303, -0.8542249276416723, 0.08158048274169594], [0.0, 0.0, 0.0, 1.0]], "ecm_transform": [[0.9965259934206793, -0.03536525509062345, 0.07540055151856404, -0.06445024853279875], [0.008775091896300095, -0.8557338920189496, -0.517341766931989, 0.9481298192546238], [0.08281873096793976, 0.5162061649985169, -0.8524507334845718, 0.9467503513995292], [0.0, 0.0, 0.0, 1.0]], "psm2_transform": [[0.14263783356110846, 0.9876168417891855, -0.06532550995857914, -0.04806154918454392], [0.8979273014834488, -0.1568852249714896, -0.41123422454398995, -0.30255491188390005], [-0.41639045340598907, 0.0, -0.9091858942550499, -0.1645374123646074], [0.0, 0.0, 0.0, 1.0]]}