{"ecm_psm_transform": [[-0.805595206698746, -0.42223627623036974, 0.41561146516802794, 0.30343060539040095], [0.22260461851051871, 0.4343816552479571, 0.8727884975192047, 0.8689999330908611], [-0.5490569613089251, 0.7956312617155987, -0.2559440341540578, 2.7345939274359834], [0.0, 0.0, 0.0, 1.0]], "suj_ecm_transform": [[0.998252161462196, -0.059098410009044006, 8.393854900531225e-06, -0.07615849451228879], [0.059098410548076324, 0.9982521566710235, -9.783834279348862e-05, 1.0282650647667784], [-2.597093260223949e-06, 9.816340065047184e-05, 0.9999999951786009, 1.0787819380615362], [0.0, 0.0, 0.0, 1.0]], "suj_psm2_transform": [[-0.02963522437627948, -0.9995383343200936, -0.006698634247377044, 0.11750674783838264], [-0.8539762197678293, 0.021835548096200627, 0.5198536572059355, 0.017934790020454394], [-0.5194673902635423, 0.021126454126309757, -0.8542290696229164, 0.08158581189155667], [0.0, 0.0, 0.0, 1.0]], "ecm_transform": [[0.9965256311113364, -0.035330005639625156, 0.07542186181510618, -0.06447760613083682], [0.008816140823111529, -0.8557353480598007, -0.5173386605908736, 0.9481307606262287], [0.08281873096793976, 0.516206164998517, -0.8524507334845717, 0.9467516285396345], [0.0, 0.0, 0.0, 1.0]], "psm2_transform": [[-0.27347045023075467, 0.9536816692701057, 0.12532033573515933, 0.09216098080839971], [0.8669828171488966, 0.30081767517581925, -0.39730280778063776, -0.2921777716936158], [-0.4165989769780423, 0.0, -0.9090903653547586, -0.1644543834302556], [0.0, 0.0, 0.0, 1.0]]}