{"ecm_psm_transform": [[-0.8896727376454254, 0.049076658199044366, 0.4539536336571258, 0.3317404968928421], [0.42367416822743065, 0.45941945566409464, 0.7806625153893976, 0.8012793280988741], [-0.17024282383492295, 0.886862585397152, -0.42952547719010836, 2.606965965491418], [0.0, 0.0, 0.0, 1.0]], "suj_ecm_transform": [[0.9982549105878994, -0.05905195523236098, 8.38930188139034e-06, -0.07613112010751638], [0.05905195577117034, 0.998254905796702, -9.783873330445251e-05, 1.028242271455185], [-2.5970932602219737e-06, 9.816340065052044e-05, 0.999999995178601, 1.0787771922099814], [0.0, 0.0, 0.0, 1.0]], "suj_psm2_transform": [[-0.029637751713544276, -0.9995380478863662, -0.006730118934970997, 0.11751357092699016], [-0.8539757618664838, 0.02182131597650222, 0.5198550070102359, 0.01786592785559704], [-0.519467998839125, 0.021154692069756037, -0.8542280007032719, 0.08156477421604924], [0.0, 0.0, 0.0, 1.0]], "ecm_transform": [[0.9965255736768271, -0.0353244328312362, 0.0754252308794764, -0.06447673772361336], [0.00882263049950844, -0.8557355781213468, -0.5173381694099071, 0.9481323991805322], [0.08281873096793975, 0.5162061649985168, -0.8524507334845718, 0.9467525735556768], [0.0, 0.0, 0.0, 1.0]], "psm2_transform": [[0.16266832857056568, 0.9838641643204787, -0.07450047681742991, -0.05481116580873485], [0.8945125726496901, -0.17891703710369766, -0.40967786272346574, -0.301406410014419], [-0.41639677262400976, 0.0, -0.9091830001426053, -0.16453528310864216], [0.0, 0.0, 0.0, 1.0]]}