{"ecm_psm_transform": [[-0.8887985535588239, 0.06656568629626197, 0.4534381331556155, 0.33140382959641224], [0.43090825841062774, 0.4582917650821337, 0.7773588173368985, 0.7988416603547932], [-0.15606153922495353, 0.886305628700286, -0.4360127618647516, 2.6021603052853868], [0.0, 0.0, 0.0, 1.0]], "suj_ecm_transform": [[0.9982538454527791, -0.059069958255695, 8.391066353133145e-06, -0.07614658142077022], [0.05906995879459076, 0.9982538406615913, -9.783858199159117e-05, 1.0282595525858484], [-2.5970932602217306e-06, 9.816340065047513e-05, 0.9999999951786012, 1.0787748566525959], [0.0, 0.0, 0.0, 1.0]], "suj_psm2_transform": [[-0.0296293074444529, -0.9995383912842657, -0.0067162853739717865, 0.11746057095233653], [-0.8539734256881069, 0.02182119364276526, 0.51985884981072, 0.017890655393264177], [-0.5194723210709902, 0.021138586917471114, -0.8542257709670501, 0.0815783070314855], [0.0, 0.0, 0.0, 1.0]], "ecm_transform": [[0.9965258436453197, -0.03535066334353161, 0.07540937307892676, -0.06445851973368372], [0.008792084385655484, -0.855734494933269, -0.5173404811470481, 0.9481279502767459], [0.08281873096793976, 0.5162061649985168, -0.8524507334845719, 0.9467463927246909], [0.0, 0.0, 0.0, 1.0]], "psm2_transform": [[0.17831805113913818, 0.9805796529028817, -0.08164690411034424, -0.06007873653590919], [0.8915660774946361, -0.19612124900903533, -0.4082234500221228, -0.3003855365846229], [-0.41630830174135164, 0.0, -0.9092235137199388, -0.1645658428532215], [0.0, 0.0, 0.0, 1.0]]}