{"ecm_psm_transform": [[-0.8887972151987671, 0.06520013167172423, 0.45363912208373924, 0.3315163510504613], [0.4304819973641599, 0.4583757136412761, 0.7775454681812595, 0.7989523957241291], [-0.15724108941456533, 0.8863637221670574, -0.43547054070956376, 2.6025483329161494], [0.0, 0.0, 0.0, 1.0]], "suj_ecm_transform": [[0.9982531469777353, -0.05908176096409942, 8.392223133130554e-06, -0.07614590970869727], [0.05908176150305183, 0.9982531421865538, -9.783848277420281e-05, 1.0282573013731526], [-2.597093260222651e-06, 9.816340065050689e-05, 0.999999995178601, 1.0787760244312885], [0.0, 0.0, 0.0, 1.0]], "suj_psm2_transform": [[-0.029620608758905563, -0.9995384425049579, -0.006746961650606953, 0.11745755650531445], [-0.8539731786582959, 0.021797789262675088, 0.5198602374826393, 0.017905170625052536], [-0.5194732232454315, 0.02116030099083946, -0.8542246847246799, 0.0815860438384759], [0.0, 0.0, 0.0, 1.0]], "ecm_transform": [[0.9965263087077494, -0.03539606437747146, 0.07538192541911751, -0.0644271005163384], [0.008739213589764176, -0.8557326181957248, -0.5173444812711568, 0.948122353495744], [0.08281873096793974, 0.5162061649985167, -0.8524507334845717, 0.9467547532936493], [0.0, 0.0, 0.0, 1.0]], "psm2_transform": [[0.17704715122494796, 0.9808558438919927, -0.08109327805716918, -0.05965817950626956], [0.8917632646754057, -0.19473523949949825, -0.40845619871968597, -0.3004904205067249], [-0.4164283684123752, 0.0, -0.9091685289215675, -0.16452463670959167], [0.0, 0.0, 0.0, 1.0]]}