{"ecm_psm_transform": [[-0.8872577322100316, 0.08726074868555975, 0.4529451162915298, 0.33102292132389166], [0.43970252340578836, 0.45676924180141515, 0.7733198242995856, 0.7958665374122649], [-0.13941093050436854, 0.8852951041788243, -0.4436408130153382, 2.596561455529157], [0.0, 0.0, 0.0, 1.0]], "suj_ecm_transform": [[0.9982541719481188, -0.059064440383151895, 8.390525547939625e-06, -0.07614582621354421], [0.05906444092202118, 0.998254167156928, -9.78386283719521e-05, 1.028253065904328], [-2.597093260222881e-06, 9.816340065051373e-05, 0.9999999951786009, 1.0787750084321825], [0.0, 0.0, 0.0, 1.0]], "suj_psm2_transform": [[-0.0296038823546675, -0.9995390085124392, -0.006736513304463343, 0.11746861297006704], [-0.8539744853592734, 0.02178897129230105, 0.5198584606269168, 0.017866281457959543], [-0.5194720286068301, 0.021142639191772783, -0.8542258485336951, 0.08157201682412496], [0.0, 0.0, 0.0, 1.0]], "ecm_transform": [[0.9965262660619697, -0.035391889717995714, 0.07538444926361, -0.06443418383583166], [0.00874407510538287, -0.8557327908638966, -0.5173441135171427, 0.9481186406998076], [0.08281873096793975, 0.5162061649985169, -0.8524507334845718, 0.9467468379638857], [0.0, 0.0, 0.0, 1.0]], "psm2_transform": [[0.1967249233018114, 0.976309150706835, -0.09010963765322197, -0.06628953113721574], [0.887623902666429, -0.2163803185275836, -0.4065751654603604, -0.2990987178765946], [-0.4164410065869046, 0.0, -0.909162740125708, -0.1645196273641519], [0.0, 0.0, 0.0, 1.0]]}