{"ecm_psm_transform": [[-0.884403666253939, 0.11749938526183883, 0.45169021417303445, 0.32996600279643545], [0.45234099839463077, 0.454188974289512, 0.7675284990182385, 0.7916385735582573], [-0.11496858826627557, 0.8831230209302277, -0.4548361832738559, 2.5882721104465225], [0.0, 0.0, 0.0, 1.0]], "suj_ecm_transform": [[0.9982515451592018, -0.05910881928098617, 8.394875109469643e-06, -0.07616768973299842], [0.05910881982006845, 0.998251540368035, -9.783825526126298e-05, 1.0282567466960617], [-2.5970932602203596e-06, 9.81634006504938e-05, 0.9999999951786009, 1.0787788436062171], [0.0, 0.0, 0.0, 1.0]], "suj_psm2_transform": [[-0.029637890428263744, -0.9995375075360904, -0.006809293612624501, 0.11747190724956821], [-0.8539741073283726, 0.021780188564627115, 0.5198594496580772, 0.017907202231926267], [-0.519470710881443, 0.021222497841441368, -0.8542246695815444, 0.08162786151538537], [0.0, 0.0, 0.0, 1.0]], "ecm_transform": [[0.9965256543982915, -0.03533226631645292, 0.07542049511240562, -0.0644677294003517], [0.008813508207131757, -0.8557352547221996, -0.5173388598381291, 0.9481331317051095], [0.08281873096793971, 0.5162061649985167, -0.8524507334845718, 0.9467516265197216], [0.0, 0.0, 0.0, 1.0]], "psm2_transform": [[0.2237500611305091, 0.969242020716861, -0.10249788007948937, -0.07540050074325619], [0.8811847037944683, -0.2461095391826492, -0.4036627460169681, -0.29694636764656157], [-0.41647260167116473, 0.0, -0.9091482673674584, -0.16451423557785758], [0.0, 0.0, 0.0, 1.0]]}