{"ecm_psm_transform": [[-0.8821995404286876, 0.13661805310519437, 0.4506212139182517, 0.329204822483457], [0.46024915505829767, 0.4523437650667122, 0.7639082624722644, 0.7889634003789495], [-0.09947203695278177, 0.8813175510399289, -0.461935805165011, 2.583074445761545], [0.0, 0.0, 0.0, 1.0]], "suj_ecm_transform": [[0.9982528139491247, -0.05908738759004058, 8.392774596963316e-06, -0.0761556236346437], [0.059087388129019994, 0.9982528091579463, -9.783843547010367e-05, 1.0282519727909303], [-2.597093260222893e-06, 9.816340065050098e-05, 0.9999999951786009, 1.0787758968906587], [0.0, 0.0, 0.0, 1.0]], "suj_psm2_transform": [[-0.02966218390151945, -0.9995370727331135, -0.006767206093458766, 0.11745679319022456], [-0.8539732232550911, 0.021822819408609834, 0.5198591141033981, 0.01789540129764361], [-0.5194707776280618, 0.021199169445478477, -0.8542252082474029, 0.08159624398288279], [0.0, 0.0, 0.0, 1.0]], "ecm_transform": [[0.9965257270561726, -0.035339324221565535, 0.07541622821866653, -0.06446251292921897], [0.00880528909388813, -0.8557349632807388, -0.51733948187132, 0.9481368344260404], [0.08281873096793971, 0.5162061649985166, -0.8524507334845718, 0.9467459535452354], [0.0, 0.0, 0.0, 1.0]], "psm2_transform": [[0.24070971326549126, 0.9643141711039596, -0.11025884702702213, -0.08111201269081747], [0.876715722970457, -0.26476060773476723, -0.4015860576368479, -0.2954271179301584], [-0.41644732564399306, 0.0, -0.9091598456618979, -0.16451899949762377], [0.0, 0.0, 0.0, 1.0]]}