{"ecm_psm_transform": [[-0.8802005976465386, 0.1513379983733226, 0.44982631998476075, 0.3286260321189035], [0.466444705645006, 0.45081744492943576, 0.7610472836316009, 0.7868294643755656], [-0.08761417966527996, 0.8796933793064781, -0.4674005925605239, 2.5790870715262963], [0.0, 0.0, 0.0, 1.0]], "suj_ecm_transform": [[0.9982547199073187, -0.05905517853986257, 8.389617797005098e-06, -0.07613393918908462], [0.0590551790786874, 0.998254715116123, -9.78387062153836e-05, 1.0282563612807625], [-2.597093260223838e-06, 9.816340065053608e-05, 0.9999999951786009, 1.0787775583864594], [0.0, 0.0, 0.0, 1.0]], "suj_psm2_transform": [[-0.029679602491718887, -0.9995370286485987, -0.006696981130620283, 0.11750566927260273], [-0.8539745783147483, 0.021874295912919645, 0.5198547246784064, 0.017920773308131188], [-0.5194675550870154, 0.021148133218900328, -0.8542284329576453, 0.081575569187474], [0.0, 0.0, 0.0, 1.0]], "ecm_transform": [[0.9965256861458716, -0.03533534943110881, 0.07541863119999867, -0.06447522788005197], [0.00880991784070643, -0.8557351274185874, -0.5173391315660689, 0.9481342542769763], [0.08281873096793971, 0.5162061649985166, -0.8524507334845717, 0.9467533041748271], [0.0, 0.0, 0.0, 1.0]], "psm2_transform": [[0.25371021296698704, 0.9602674479084556, -0.11626502622726839, -0.08550669122820911], [0.8729698850573797, -0.27908140118499714, -0.4000464364239781, -0.2942126985752812], [-0.4165989769780423, 0.0, -0.9090903653547586, -0.16446714272154217], [0.0, 0.0, 0.0, 1.0]]}