{"ecm_psm_transform": [[-0.8792613835639159, 0.15805551150326808, 0.4493527285515333, 0.32830295477220234], [0.46920179757509256, 0.45007420100469187, 0.7597913442138504, 0.7859233739134486], [-0.08215286072663366, 0.87889229651501, -0.4698927947957934, 2.5772442377772964], [0.0, 0.0, 0.0, 1.0]], "suj_ecm_transform": [[0.9982531760384312, -0.05908126994874428, 8.392175008864516e-06, -0.07615581119281732], [0.059081270487694335, 0.9982531712472495, -9.783848690211769e-05, 1.028257994671926], [-2.597093260220221e-06, 9.816340065051221e-05, 0.999999995178601, 1.0787779995858284], [0.0, 0.0, 0.0, 1.0]], "suj_psm2_transform": [[-0.029623985196487013, -0.9995385430030853, -0.00671718336418109, 0.11749874959317975], [-0.8539754878201772, 0.021816258619911433, 0.5198556694527047, 0.017903204265824035], [-0.5194692346071796, 0.02113650659638086, -0.8542276993785277, 0.08158609521687388], [0.0, 0.0, 0.0, 1.0]], "ecm_transform": [[0.9965258418728964, -0.03535049083536571, 0.07540947736998478, -0.06445653559379734], [0.008792285276055141, -0.8557345020596185, -0.5173404659452048, 0.9481292918804738], [0.08281873096793978, 0.5162061649985168, -0.8524507334845719, 0.9467484772406429], [0.0, 0.0, 0.0, 1.0]], "psm2_transform": [[0.25960998916213107, 0.9583596760936496, -0.11895118647963641, -0.08749052441149588], [0.8712577464831824, -0.2855638829363319, -0.39920321636401124, -0.29362043187709064], [-0.4165484278211657, 0.0, -0.909113528267903, -0.16448492918649538], [0.0, 0.0, 0.0, 1.0]]}