{"ecm_psm_transform": [[-0.875706560035767, 0.18076201802890346, 0.447731072797547, 0.32709230466213135], [0.47861606278683516, 0.4474058979103752, 0.7554830421375711, 0.782769910548986], [-0.06375488336395982, 0.8758727392453364, -0.4783118851692053, 2.571051470236856], [0.0, 0.0, 0.0, 1.0]], "suj_ecm_transform": [[0.9982519125406788, -0.059102614480355156, 8.394266979263924e-06, -0.0761671012437174], [0.05910261501940765, 0.9982519077495087, -9.783830743912996e-05, 1.0282580850820144], [-2.5970932602235546e-06, 9.816340065049995e-05, 0.999999995178601, 1.07877401465212], [0.0, 0.0, 0.0, 1.0]], "suj_psm2_transform": [[-0.029582973707518022, -0.999539523967161, -0.006751865973364191, 0.11746494652235256], [-0.8539756904608564, 0.021763153221140787, 0.5198575624762779, 0.017886489965258268], [-0.5194712386345604, 0.021144862008892956, -0.8542262739123054, 0.08158300979973498], [0.0, 0.0, 0.0, 1.0]], "ecm_transform": [[0.9965260223415355, -0.03536807593725424, 0.07539884614935538, -0.06444246303256172], [0.008771806941421509, -0.8557337754360412, -0.5173420154800513, 0.948131949989391], [0.08281873096793971, 0.5162061649985167, -0.8524507334845717, 0.9467484287627292], [0.0, 0.0, 0.0, 1.0]], "psm2_transform": [[0.2796006181886855, 0.9515322090421034, -0.1281013249890865, -0.09422621057976792], [0.8650618229488374, -0.3075491101522725, -0.396335195662686, -0.29152831643128874], [-0.4165231527597706, 0.0, -0.9091251086704519, -0.16449644949377765], [0.0, 0.0, 0.0, 1.0]]}