{"ecm_psm_transform": [[-0.871219148327458, 0.20578684447582837, 0.4456781015803444, 0.32559218578183824], [0.48896661422238963, 0.4441671112206075, 0.750751108880855, 0.7793102729837449], [-0.043460853229905894, 0.8719904540478765, -0.4875897889475404, 2.5642294155126057], [0.0, 0.0, 0.0, 1.0]], "suj_ecm_transform": [[0.9982560207071841, -0.059033186018618206, 8.387462314613524e-06, -0.07610904854076783], [0.05903318655733748, 0.9982560159159765, -9.783889102289083e-05, 1.0282578987157378], [-2.597093260221862e-06, 9.816340065047603e-05, 0.999999995178601, 1.0787696046783477], [0.0, 0.0, 0.0, 1.0]], "suj_psm2_transform": [[-0.029594518722912515, -0.9995389522586114, -0.006785821933741776, 0.11746976265034584], [-0.8539752455009543, 0.021755348619599713, 0.519858620086293, 0.017849147485229144], [-0.5194713125218218, 0.021179889617204156, -0.8542253612148606, 0.08158351992520108], [0.0, 0.0, 0.0, 1.0]], "ecm_transform": [[0.9965259250400339, -0.03535858965884047, 0.07540458116349891, -0.06446193421115677], [0.008782853976070586, -0.8557341674578983, -0.5173411796108761, 0.9481333019353282], [0.08281873096793971, 0.5162061649985165, -0.8524507334845718, 0.9467474006441448], [0.0, 0.0, 0.0, 1.0]], "psm2_transform": [[0.3015688203489145, 0.9433836142806563, -0.13814341424812826, -0.10162253088895462], [0.857678309141573, -0.3317037176559314, -0.39288746699441385, -0.28902006634068655], [-0.4164662826945497, 0.0, -0.9091511620069479, -0.1645141128708596], [0.0, 0.0, 0.0, 1.0]]}