{"ecm_psm_transform": [[-0.8155371612026547, -0.3978162975201551, 0.4202872019522731, 0.30680188793011653], [0.23334083686773444, 0.4385514412085718, 0.8678851809218484, 0.8653759981915341], [-0.5295764274846273, 0.8058627841271984, -0.2648282096215952, 2.7280582672753386], [0.0, 0.0, 0.0, 1.0]], "suj_ecm_transform": [[0.9982561487260534, -0.059031021169226275, 8.387250138112745e-06, -0.07611949624621024], [0.05903102170793516, 0.9982561439348446, -9.783890921196312e-05, 1.0282514468339752], [-2.5970932602240192e-06, 9.81634006504651e-05, 0.9999999951786009, 1.0787741765312724], [0.0, 0.0, 0.0, 1.0]], "suj_psm2_transform": [[-0.029710059668105047, -0.9995361630247123, -0.006691125492313543, 0.11741499267599612], [-0.8539693158618372, 0.02190317592531152, 0.5198621533164833, 0.017912995081717953], [-0.5194744651289258, 0.02115915145323899, -0.8542239579810411, 0.08155350234919378], [0.0, 0.0, 0.0, 1.0]], "ecm_transform": [[0.9965259491840908, -0.03536094243805581, 0.07540315877096872, -0.06445502061207367], [0.008780114099909642, -0.8557340702387728, -0.5173413869283764, 0.9481445998816664], [0.08281873096793975, 0.5162061649985169, -0.8524507334845717, 0.9467497725599658], [0.0, 0.0, 0.0, 1.0]], "psm2_transform": [[-0.2501405209756515, 0.9613974448034583, 0.11465021976172111, 0.08430537466272862], [0.8739693145906999, 0.2751635025314609, -0.40057793752087867, -0.2945556770367049], [-0.41666216161284897, 0.0, -0.9090614077608334, -0.16443534055874334], [0.0, 0.0, 0.0, 1.0]]}