{"ecm_psm_transform": [[-0.8681031027487087, 0.2214923108420072, 0.44422759846269416, 0.32449876127683897], [0.4954318557991548, 0.44201614391804844, 0.7477760391823377, 0.7770615686006144], [-0.03072912718367604, 0.8692312032789012, -0.49344993260597636, 2.5598903795360988], [0.0, 0.0, 0.0, 1.0]], "suj_ecm_transform": [[0.9982535339966295, -0.05907522147924295, 8.39158220017883e-06, -0.07614023098780975], [0.05907522201816398, 0.9982535292054445, -9.783853774894774e-05, 1.0282569330595557], [-2.597093260221746e-06, 9.816340065050896e-05, 0.999999995178601, 1.0787764817899619], [0.0, 0.0, 0.0, 1.0]], "suj_psm2_transform": [[-0.029688028932620188, -0.9995367032517302, -0.006708188336589482, 0.1174555930009809], [-0.8539718061459163, 0.021875560972873624, 0.5198592253100873, 0.01792675730244675], [-0.5194716308384683, 0.0211621994316597, -0.8542256060720945, 0.08158910974936728], [0.0, 0.0, 0.0, 1.0]], "ecm_transform": [[0.9965258696338599, -0.03535319323461956, 0.07540784361453985, -0.06445708263455711], [0.008789138259196284, -0.8557343904189194, -0.5173407040848624, 0.9481260880528517], [0.08281873096793975, 0.5162061649985169, -0.8524507334845717, 0.9467493030818139], [0.0, 0.0, 0.0, 1.0]], "psm2_transform": [[0.3154326877712295, 0.9378776269326274, -0.1445260405070354, -0.10630355975700032], [0.8526399538161489, -0.34696621867153465, -0.3906655247870895, -0.28734708162978184], [-0.41654210908600026, 0.0, -0.9091164234344173, -0.164489310478515], [0.0, 0.0, 0.0, 1.0]]}