{"ecm_psm_transform": [[-0.8229872831901972, -0.37835461443036095, 0.42372127329940706, 0.30933191200333926], [0.24181077259084852, 0.4416197311546728, 0.8640020621004854, 0.8625442296325452], [-0.5140228418720659, 0.8135230782185142, -0.2719572011174513, 2.7228081041304937], [0.0, 0.0, 0.0, 1.0]], "suj_ecm_transform": [[0.9982550146267345, -0.059050196462001485, 8.389129504707663e-06, -0.0761292507724671], [0.059050197000802405, 0.9982550098355361, -9.78387480849281e-05, 1.0282547537009812], [-2.5970932602222557e-06, 9.816340065049951e-05, 0.9999999951786012, 1.07877606482955], [0.0, 0.0, 0.0, 1.0]], "suj_psm2_transform": [[-0.02965649848575791, -0.9995375525607474, -0.006721095032472257, 0.11744474715195434], [-0.8539722037960437, 0.02184189771857148, 0.5198599875425884, 0.01789061274749293], [-0.5194727781523234, 0.02115685527016592, -0.8542250407438222, 0.08156782489082781], [0.0, 0.0, 0.0, 1.0]], "ecm_transform": [[0.9965259067585228, -0.03535680865831766, 0.07540565788190873, -0.06445062131969036], [0.008784927999953717, -0.855734241046263, -0.5173410226736443, 0.9481229963170456], [0.08281873096793974, 0.5162061649985166, -0.8524507334845719, 0.9467460790659525], [0.0, 0.0, 0.0, 1.0]], "psm2_transform": [[-0.2316399807036379, 0.9669905471973049, 0.10617062197554958, 0.07807225409868068], [0.8790537881266007, 0.25481224780425443, -0.4029083716544208, -0.2962774841569047], [-0.41666216161284897, 0.0, -0.9090614077608334, -0.16444134434342406], [0.0, 0.0, 0.0, 1.0]]}