{"ecm_psm_transform": [[-0.828287859752272, -0.36376910438449694, 0.4261587263946389, 0.311207432346432], [0.24814038005338637, 0.4437770764748206, 0.8610971247091825, 0.8604279662689034], [-0.5023600035571709, 0.8189834827948372, -0.2773093610668006, 2.718927017418759], [0.0, 0.0, 0.0, 1.0]], "suj_ecm_transform": [[0.9982553672916111, -0.05904423429195145, 8.388545153718708e-06, -0.07612375216422299], [0.059044234830723755, 0.9982553625004095, -9.783879818796441e-05, 1.0282470412391458], [-2.597093260223397e-06, 9.816340065044053e-05, 0.9999999951786009, 1.0787750023724434], [0.0, 0.0, 0.0, 1.0]], "suj_psm2_transform": [[-0.02958471604705653, -0.9995397059643969, -0.0067172000879685, 0.1174995084199336], [-0.8539765898388365, 0.021782709534086515, 0.5198552659852403, 0.017845494297039466], [-0.519469660888532, 0.021116102054128838, -0.8542279447842906, 0.08154277895810602], [0.0, 0.0, 0.0, 1.0]], "ecm_transform": [[0.9965261430781821, -0.03537986362283739, 0.07539171978242931, -0.06443624618437602], [0.008758079845658791, -0.8557332881614189, -0.5173430540462137, 0.9481317000446666], [0.08281873096793974, 0.5162061649985169, -0.8524507334845718, 0.9467485583232724], [0.0, 0.0, 0.0, 1.0]], "psm2_transform": [[-0.21787942937353427, 0.9708533300184493, 0.09986173365183992, 0.07343336464672728], [0.882568106465375, 0.23967438660000348, -0.4045117128811412, -0.29745784525868574], [-0.4166558432399405, 0.0, -0.9090643037178472, -0.1644419729281946], [0.0, 0.0, 0.0, 1.0]]}