{"ecm_psm_transform": [[-0.8294269651873102, -0.36062037499686894, 0.4266190977409304, 0.3114937329740753], [0.24946228090857028, 0.44421050489777475, 0.8604914861533248, 0.8599235320065576], [-0.4998194472247568, 0.8201402151312795, -0.27847898969286095, 2.71795695530735], [0.0, 0.0, 0.0, 1.0]], "suj_ecm_transform": [[0.9982540662213035, -0.059066227255768065, 8.390700678851314e-06, -0.07613582887798576], [0.059066227794645924, 0.9982540614301136, -9.783861335275874e-05, 1.0282507456600967], [-2.5970932602244635e-06, 9.816340065049904e-05, 0.9999999951786012, 1.078774733151792], [0.0, 0.0, 0.0, 1.0]], "suj_psm2_transform": [[-0.029780133136367563, -0.9995339698049013, -0.00670722568840787, 0.11741443169930907], [-0.8539666237415977, 0.021954623371767297, 0.5198644054443241, 0.0179488926148329], [-0.5194748783201715, 0.021209378082793107, -0.8542224611162975, 0.08159565077791076], [0.0, 0.0, 0.0, 1.0]], "ecm_transform": [[0.996526120375792, -0.03537764574766746, 0.07539306062314641, -0.06443925913202288], [0.008760662625218631, -0.8557333798554763, -0.5173428586454929, 0.9481207679428577], [0.08281873096793974, 0.5162061649985168, -0.8524507334845719, 0.9467454658878665], [0.0, 0.0, 0.0, 1.0]], "psm2_transform": [[-0.2147052646012296, 0.971709579879112, 0.09839787458921904, 0.07236230044337082], [0.8833605621545337, 0.23617894142187973, -0.4048377759780655, -0.29771977187971216], [-0.4166242510734848, 0.0, -0.9090787828441812, -0.16445637304954844], [0.0, 0.0, 0.0, 1.0]]}