{"ecm_psm_transform": [[-0.8379393260102316, -0.3353268005894833, 0.4305968215534573, 0.3144578513904036], [0.26046646045190214, 0.44761944759222944, 0.8554496204434751, 0.8562590794763741], [-0.4795986956875265, 0.8289709083819821, -0.2877365533803013, 2.71119089822207], [0.0, 0.0, 0.0, 1.0]], "suj_ecm_transform": [[0.9982548554822166, -0.059052886769376416, 8.389393181114047e-06, -0.07613162963180946], [0.05905288730819024, 0.9982548506910196, -9.783872547578664e-05, 1.0282568184670473], [-2.5970932602195304e-06, 9.816340065050408e-05, 0.9999999951786009, 1.0787748748318136], [0.0, 0.0, 0.0, 1.0]], "suj_psm2_transform": [[-0.029639897341411786, -0.9995379248860176, -0.006738931676825599, 0.11748979728931064], [-0.8539739026317946, 0.02181849183347543, 0.5198581797355266, 0.01789844690622794], [-0.5194709328821133, 0.02116341486308193, -0.8542260004014866, 0.08159068128616065], [0.0, 0.0, 0.0, 1.0]], "ecm_transform": [[0.9965260822507596, -0.03537392265090405, 0.07539531146059658, -0.0644461138378661], [0.008764998277953615, -0.8557335337672658, -0.517342530622967, 0.9481246446895889], [0.08281873096793974, 0.5162061649985167, -0.8524507334845717, 0.9467490358810762], [0.0, 0.0, 0.0, 1.0]], "psm2_transform": [[-0.1909008641204441, 0.9777020095869294, 0.08749651723210147, 0.0643408199041888], [0.888793996588682, 0.2099970962886861, -0.40736525524182643, -0.29955723212628665], [-0.4166558432399405, 0.0, -0.9090643037178472, -0.16444272340862598], [0.0, 0.0, 0.0, 1.0]]}