{"ecm_psm_transform": [[-0.8450615512525246, -0.312519882826583, 0.4338228871702535, 0.3169443116369175], [0.27028671505521956, 0.45037385372868505, 0.8509456407680994, 0.8528947347185393], [-0.4613199174752099, 0.8363580063080829, -0.29612365495690135, 2.7050370185761126], [0.0, 0.0, 0.0, 1.0]], "suj_ecm_transform": [[0.9982550844921921, -0.05904901536106267, 8.389013745267827e-06, -0.07613077514841282], [0.059049015899857914, 0.998255079700993, -9.783875801056615e-05, 1.0282545944188368], [-2.5970932602218466e-06, 9.816340065047727e-05, 0.999999995178601, 1.078776463610744], [0.0, 0.0, 0.0, 1.0]], "suj_psm2_transform": [[-0.029678363873806603, -0.9995371473710002, -0.006684739577379917, 0.11746716778335681], [-0.853971557702115, 0.02187948043876222, 0.519859468483121, 0.017907948386756856], [-0.5194725915326016, 0.021137155938613872, -0.8542256419033729, 0.08156351444677146], [0.0, 0.0, 0.0, 1.0]], "ecm_transform": [[0.9965268168472625, -0.03544598673876573, 0.07535174403010446, -0.06439403773550086], [0.008681077417184865, -0.8557305517752885, -0.5173488780825156, 0.9481103895857134], [0.08281873096793975, 0.5162061649985169, -0.8524507334845717, 0.9467500316810518], [0.0, 0.0, 0.0, 1.0]], "psm2_transform": [[-0.16943425653029717, 0.9824775883277638, 0.07765192301344834, 0.057104968499851166], [0.8931466851715584, 0.186380761973067, -0.4093301971921887, -0.3010200792149035], [-0.41663056954703004, 0.0, -0.9090758871067461, -0.16445424352159788], [0.0, 0.0, 0.0, 1.0]]}