{"ecm_psm_transform": [[-0.3917265405446601, 0.019027691912859187, -0.9198849190922644, -0.0013018773176300246], [0.5296435704478869, -0.8128590672919177, -0.24235887647149945, -0.06828079428062225], [-0.7523483273830858, -0.5821495371996638, 0.3083405756985128, 0.18307819520426605], [0.0, 0.0, 0.0, 1.0]], "suj_ecm_transform": [[0.9679854856211987, 0.251006173504053, -2.2125671101385752e-05, 0.0035596207158935522], [-0.25100617446578316, 0.9679854808966919, -9.567263349036287e-05, 0.9073926792142429], [-2.5970932602347694e-06, 9.816340065047482e-05, 0.9999999951786009, 1.088472941838889], [0.0, 0.0, 0.0, 1.0]], "suj_psm2_transform": [[0.01867323564454082, -0.9994257122614089, 0.028276420235575417, 0.012752211535731833], [-0.8201265074647229, 0.0008653282833521736, 0.572181582157865, -0.02360910296137081], [-0.5718774536771659, -0.03387472328650731, -0.8196393603884475, 0.1211621922461823], [0.0, 0.0, 0.0, 1.0]], "ecm_transform": [[0.9448686860664335, -0.30436840574265966, -0.12076025702508084, -0.006257357934248236], [-0.32167914302897893, -0.793861454008864, -0.516048951921302, 0.8655556138072329], [0.06120208355304227, 0.5264445511396277, -0.8480037968925389, 1.0197181879172967], [0.0, 0.0, 0.0, 1.0]], "psm2_transform": [[-0.011438487890268863, 0.9999207714870977, 0.0052546877577588965, 0.0009656367577349202], [0.9086299736863345, 0.01258772213894828, -0.41741241017742114, -0.07670651140153582], [-0.4174454837623175, 0.0, -0.9087019687919933, -0.011909974617280925], [0.0, 0.0, 0.0, 1.0]]}