{"ecm_psm_transform": [[-0.39197660721371086, 0.018929745813498662, -0.9197804108158993, -0.001400517126659704], [0.5329466423376066, -0.8102656053172389, -0.2437981239898285, -0.06845489106703659], [-0.7498814678456186, -0.5857570431188385, 0.3075166184426066, 0.1829746337455145], [0.0, 0.0, 0.0, 1.0]], "suj_ecm_transform": [[0.9679920161221707, 0.25098098779449457, -2.212318182614042e-05, 0.0035457727450411425], [-0.2509809887561018, 0.9679920113976389, -9.567320913690336e-05, 0.9073802080635611], [-2.5970932602479085e-06, 9.816340065046489e-05, 0.9999999951786009, 1.0884723569395858], [0.0, 0.0, 0.0, 1.0]], "suj_psm2_transform": [[0.01845163019044413, -0.9994299059550066, 0.02827367019121846, 0.012632905376329023], [-0.8201142201797632, 0.0010463149266366212, 0.5721988911943235, -0.02350770248585543], [-0.5719022671770537, -0.033745641316190844, -0.8196273717305352, 0.12125363138305723], [0.0, 0.0, 0.0, 1.0]], "ecm_transform": [[0.9448658464693245, -0.30437541338894236, -0.12076481234249278, -0.006242594949833374], [-0.3216874836616642, -0.7938587672248174, -0.5160478859134295, 0.8655517954242381], [0.061202083553042165, 0.5264445511396275, -0.8480037968925391, 1.0197181959969488], [0.0, 0.0, 0.0, 1.0]], "psm2_transform": [[-0.015450815802775526, 0.9998554106871718, 0.0071014090584700035, 0.0013045078066671223], [0.9084922370960231, 0.017004638178656366, -0.4175556219435637, -0.07670373077487257], [-0.41761600475471716, 0.0, -0.9086236143600429, -0.01189557841066681], [0.0, 0.0, 0.0, 1.0]]}