{"ecm_psm_transform": [[-0.39114008074594153, 0.017468650429664067, -0.9201653565996849, -0.0014074777773964812], [0.49124989503247857, -0.8415112762869263, -0.22479393344244772, -0.06497299981080537], [-0.7782563702692304, -0.5399570521199949, 0.320567315865557, 0.18534686195280908], [0.0, 0.0, 0.0, 1.0]], "suj_ecm_transform": [[0.9679994848769866, 0.2509521802825775, -2.212033458575093e-05, 0.0035257629089316678], [-0.25095218124404417, 0.9679994801524262, -9.567386747940704e-05, 0.907399465504133], [-2.597093260218945e-06, 9.816340065039735e-05, 0.9999999951786008, 1.0884605536319412], [0.0, 0.0, 0.0, 1.0]], "suj_psm2_transform": [[0.01856957663473205, -0.9994283204780945, 0.02825248750008491, 0.012697371881426944], [-0.8200992994914631, 0.000938291097600602, 0.5722204632686847, -0.023538820059466725], [-0.5719198456053249, -0.03379573695234067, -0.819613041847572, 0.1212289165338758], [0.0, 0.0, 0.0, 1.0]], "ecm_transform": [[0.9448814930291829, -0.30433679776794803, -0.12073971034954986, -0.006274654365289923], [-0.32164152266103413, -0.7938735718612548, -0.5160537596031487, 0.865571988871037], [0.06120208355304224, 0.5264445511396276, -0.8480037968925389, 1.0197141259407847], [0.0, 0.0, 0.0, 1.0]], "psm2_transform": [[0.034963262630021426, 0.9992593475219078, -0.01607254355586423, -0.002952104742111677], [0.9079216332477347, -0.03848059757970249, -0.4173698018432515, -0.0766598869029739], [-0.41767915694589103, 0.0, -0.9085945860794956, -0.011890995665814048], [0.0, 0.0, 0.0, 1.0]]}