{"ecm_psm_transform": [[-0.3894522568690437, 0.013983355081402395, -0.9209405004669282, -0.0015249259717293705], [0.4002660338901092, -0.8979611872354959, -0.18290108893197132, -0.05731585095919043], [-0.8295263960438454, -0.4398524434390313, 0.3441159488707598, 0.18967521751398972], [0.0, 0.0, 0.0, 1.0]], "suj_ecm_transform": [[0.9679883797402616, 0.2509950122977079, -2.2124567963101308e-05, 0.0035583790124526227], [-0.2509950132593836, 0.9679883750157439, -9.56728886001563e-05, 0.9073797330151226], [-2.5970932602256434e-06, 9.816340065039258e-05, 0.9999999951786009, 1.0884708633826756], [0.0, 0.0, 0.0, 1.0]], "suj_psm2_transform": [[0.018517661795132798, -0.9994304223264396, 0.028212180526077157, 0.012722402269553956], [-0.8200608596211933, 0.0009600773211640851, 0.5722755147382134, -0.02356674831494887], [-0.5719766452565966, -0.033732909449560866, -0.8195759928774617, 0.12122917548814915], [0.0, 0.0, 0.0, 1.0]], "ecm_transform": [[0.9448844208187455, -0.30432957130703864, -0.1207350128260178, -0.006281100066094999], [-0.3216329216090775, -0.7938763421361481, -0.5160548586475462, 0.8655783635635408], [0.0612020835530422, 0.5264445511396276, -0.8480037968925391, 1.0197235206880668], [0.0, 0.0, 0.0, 1.0]], "psm2_transform": [[0.1390154721538129, 0.9882270871571407, -0.06388992652026992, -0.011737046579008032], [0.8979350728553046, -0.15299419665109204, -0.41268072492839514, -0.07581246613590424], [-0.4175970587039511, 0.0, -0.9086323219882775, -0.011897927395312306], [0.0, 0.0, 0.0, 1.0]]}