{"ecm_psm_transform": [[-0.38861923511401, 0.011844151628038568, -0.9213223139442648, -0.0016110047311422519], [0.3414134606850301, -0.9268893931751704, -0.15592594935557094, -0.05225669975469369], [-0.8558106910774563, -0.3751476627830389, 0.3561632942148165, 0.1919454744556143], [0.0, 0.0, 0.0, 1.0]], "suj_ecm_transform": [[0.9680240213933795, 0.25085751636435943, -2.2110978329953406e-05, 0.0034703043358449426], [-0.25085751732536404, 0.9680240166687251, -9.567603021627914e-05, 0.907409273465019], [-2.5970932602205528e-06, 9.816340065040405e-05, 0.999999995178601, 1.0884643140691919], [0.0, 0.0, 0.0, 1.0]], "suj_psm2_transform": [[0.01859931030355126, -0.9994277227060653, 0.028254074799941686, 0.012708175888917927], [-0.8200998683871705, 0.0009147693805069829, 0.5722196860195622, -0.02347259396663115], [-0.5719180636486122, -0.033814054526911996, -0.8196135297741692, 0.12127974351684623], [0.0, 0.0, 0.0, 1.0]], "ecm_transform": [[0.9448852081687587, -0.30432762790806517, -0.12073374953065814, -0.006286841846882272], [-0.32163060854441067, -0.793877087128257, -0.5160551542036041, 0.8655512161515381], [0.0612020835530422, 0.5264445511396275, -0.8480037968925389, 1.0197169228966694], [0.0, 0.0, 0.0, 1.0]], "psm2_transform": [[0.20223240937358367, 0.9749158872850117, -0.09295733063203573, -0.017075493520026686], [0.8858174476708978, -0.22257361191138167, -0.4071712621029853, -0.07479399634550749], [-0.4176475811025027, 0.0, -0.9086091007684375, -0.01189516038035578], [0.0, 0.0, 0.0, 1.0]]}