{"ecm_psm_transform": [[-0.3878679868128721, 0.010491415058320595, -0.9216552256759595, -0.0016241202631257067], [0.30436703637188994, -0.9423855981320087, -0.13881675548567227, -0.049194525725608465], [-0.8700109953189803, -0.3343640450817794, 0.36232796384025806, 0.19304922969316843], [0.0, 0.0, 0.0, 1.0]], "suj_ecm_transform": [[0.9680051077378339, 0.25093049018453367, -2.211819080886004e-05, 0.0035179361255724545], [-0.25093049114589444, 0.9680051030132519, -9.567436310739485e-05, 0.9073976611319852], [-2.5970932602343306e-06, 9.816340065044826e-05, 0.9999999951786009, 1.0884674835474015], [0.0, 0.0, 0.0, 1.0]], "suj_psm2_transform": [[0.018645865278105737, -0.9994263467181639, 0.028272056763091136, 0.012758743777585707], [-0.8201198241305203, 0.0008856844392418559, 0.5721911303325128, -0.02354153465582498], [-0.5718879311335003, -0.033855472949861465, -0.8196328453491759, 0.12119906191894314], [0.0, 0.0, 0.0, 1.0]], "ecm_transform": [[0.9448949356823715, -0.3043036163934739, -0.12071814102139135, -0.006298866520006628], [-0.32160202967421314, -0.7938862913700233, -0.5160588056454195, 0.8655817532806837], [0.0612020835530422, 0.5264445511396275, -0.8480037968925391, 1.0197141400801764], [0.0, 0.0, 0.0, 1.0]], "psm2_transform": [[0.24069921360812413, 0.9642834945021596, -0.11054967570795601, -0.020319898220640377], [0.8762798804161935, -0.26487231306934217, -0.4024627050387131, -0.07397580455680801], [-0.41736969193535417, 0.0, -0.908736782712017, -0.011919371397018444], [0.0, 0.0, 0.0, 1.0]]}