{"ecm_psm_transform": [[-0.38786505003471405, 0.008813762156126437, -0.9216740316175913, -0.0016530776422276194], [0.2618604383528014, -0.95769683647476, -0.11935610680612901, -0.04564233795045351], [-0.8837362806783754, -0.28764402827608404, 0.36914915577562957, 0.19419873779559105], [0.0, 0.0, 0.0, 1.0]], "suj_ecm_transform": [[0.9679825625314358, 0.2510174458986477, -2.2126785229506476e-05, 0.00355859419124073], [-0.2510174468604329, 0.9679825578069403, -9.567237582534948e-05, 0.9073972555832643], [-2.5970932602322537e-06, 9.816340065043223e-05, 0.999999995178601, 1.0884662225666004], [0.0, 0.0, 0.0, 1.0]], "suj_psm2_transform": [[0.018568746099451937, -0.9994268749030047, 0.02830412319624781, 0.012728432476443202], [-0.8201533561282744, 0.0009653380064155379, 0.5721429371704783, -0.02357601998230069], [-0.5718423507399768, -0.03383769856458407, -0.819665380540151, 0.12117066964132239], [0.0, 0.0, 0.0, 1.0]], "ecm_transform": [[0.9448540705942096, -0.304404472068741, -0.12078370198873573, -0.006234248519097676], [-0.3217220698838037, -0.7938476251523002, -0.5160434650198895, 0.8655441409988316], [0.06120208355304224, 0.5264445511396276, -0.848003796892539, 1.0197264148858851], [0.0, 0.0, 0.0, 1.0]], "psm2_transform": [[0.2833899471901089, 0.9501089724055753, -0.13031914052052757, -0.0239298240342823], [0.863211454967597, -0.31191816323263655, -0.39695471209988525, -0.07289072328276423], [-0.41779914054999173, 0.0, -0.9085394202541177, -0.011880864501934763], [0.0, 0.0, 0.0, 1.0]]}