{"ecm_psm_transform": [[-0.3961676239226068, 0.024313622653362052, -0.9178562313941035, -0.0009828501706219076], [0.6720926857186317, -0.6734028304377379, -0.30792864394524877, -0.08024089750400294], [-0.625573845008751, -0.7388758188707445, 0.25043939132862925, 0.17244345489399132], [0.0, 0.0, 0.0, 1.0]], "suj_ecm_transform": [[0.9679879046633834, 0.2509968444739663, -2.2124749049593904e-05, 0.003551962187732252], [-0.25099684543565093, 0.9679878999388672, -9.567284672334948e-05, 0.9073908742303087], [-2.5970932602113116e-06, 9.816340065041958e-05, 0.999999995178601, 1.0884698635428744], [0.0, 0.0, 0.0, 1.0]], "suj_psm2_transform": [[0.0185325329267986, -0.9994293475353968, 0.02824047641751476, 0.012689852052166273], [-0.820087612298902, 0.00096249895374248, 0.5722371726388017, -0.023545094616769735], [-0.5719378055149029, -0.03376466911928988, -0.819601789738201, 0.1212214765193993], [0.0, 0.0, 0.0, 1.0]], "ecm_transform": [[0.944874348952969, -0.30435443008137114, -0.12075117217048806, -0.006272315829057311], [-0.32166250894294396, -0.7938668121701775, -0.5160510777774722, 0.8655605281138375], [0.06120208355304224, 0.5264445511396275, -0.8480037968925389, 1.019714423440219], [0.0, 0.0, 0.0, 1.0]], "psm2_transform": [[-0.2007275433076014, 0.9752909267343605, 0.09228250965013515, 0.01694634990732216], [0.8861298987686594, 0.22092444009124995, -0.4073894871969738, -0.07481119471911055], [-0.4177107322848439, 0.0, -0.9085800702932348, -0.011880837059152886], [0.0, 0.0, 0.0, 1.0]]}