{"ecm_psm_transform": [[-0.3961562833894634, 0.024470909910451286, -0.9178569462063256, -0.0009275899535088512], [0.6747652480376832, -0.6701843592393616, -0.30910319421120563, -0.08046339298255167], [-0.6226974057852586, -0.7417911425725445, 0.24898562534658106, 0.17218323311813116], [0.0, 0.0, 0.0, 1.0]], "suj_ecm_transform": [[0.9680017981595257, 0.2509432570734965, -2.2119452645399938e-05, 0.003511567021857523], [-0.25094325803491957, 0.9680017934349565, -9.567407138474007e-05, 0.9074056372606336], [-2.597093260222147e-06, 9.816340065045697e-05, 0.999999995178601, 1.0884720735795432], [0.0, 0.0, 0.0, 1.0]], "suj_psm2_transform": [[0.018578799954624386, -0.9994273755069754, 0.02827983874574247, 0.012747424251944639], [-0.8201290669175301, 0.0009446226264083479, 0.5721777881787052, -0.023542710162073266], [-0.5718768589383799, -0.03382349442817556, -0.819641890971563, 0.1212083573980891], [0.0, 0.0, 0.0, 1.0]], "ecm_transform": [[0.944881930122879, -0.3043357189336178, -0.12073900905846863, -0.006284497754552341], [-0.3216402386145574, -0.7938739854388441, -0.5160539236818343, 0.8655634132226481], [0.061202083553042214, 0.5264445511396275, -0.8480037968925391, 1.0197124927237664], [0.0, 0.0, 0.0, 1.0]], "psm2_transform": [[-0.20464846511182969, 0.9743055019483329, 0.09406271631512332, 0.017276889325015928], [0.8852713305306064, 0.22523052384880504, -0.40689787719692366, -0.07473662112163462], [-0.41762863535435657, 0.0, -0.9086178090550823, -0.011889266567580364], [0.0, 0.0, 0.0, 1.0]]}