{"ecm_psm_transform": [[-0.3956478927139101, 0.023875295070245436, -0.9180918882532139, -0.0009661026009996215], [0.6588650339508445, -0.6890435748705362, -0.3018539696054778, -0.07917630275795348], [-0.639812169334091, -0.7243265301056844, 0.25688804128854337, 0.17362515915902071], [0.0, 0.0, 0.0, 1.0]], "suj_ecm_transform": [[0.967989329682546, 0.2509913487179489, -2.2124205866565772e-05, 0.003554982749121846], [-0.2509913496796068, 0.9679893249580245, -9.567297233511969e-05, 0.9073887708888002], [-2.5970932602373426e-06, 9.816340065044808e-05, 0.999999995178601, 1.0884683010228136], [0.0, 0.0, 0.0, 1.0]], "suj_psm2_transform": [[0.018613683603505758, -0.9994291944042168, 0.028192484020520214, 0.012751111279603655], [-0.8200464893282045, 0.0008708640642994467, 0.5722962492767788, -0.023596190590151722], [-0.5719941311964626, -0.0337716888579801, -0.819562192215139, 0.12120457938911167], [0.0, 0.0, 0.0, 1.0]], "ecm_transform": [[0.9448793875047621, -0.30434199455351696, -0.120743088497075, -0.006273515357694437], [-0.3216477079622858, -0.7938715796188844, -0.5160529692153947, 0.8655580522043822], [0.06120208355304223, 0.5264445511396277, -0.8480037968925389, 1.0197211790709422], [0.0, 0.0, 0.0, 1.0]], "psm2_transform": [[-0.1816956167986914, 0.9798026960454659, 0.08350676414626271, 0.015338683998274497], [0.8902775549219673, 0.19996668928108116, -0.40916891179576115, -0.07515693733456576], [-0.4176033740743804, 0.0, -0.9086294194894271, -0.011890649786040701], [0.0, 0.0, 0.0, 1.0]]}