{"ecm_psm_transform": [[-0.5575203500248754, 0.214936791335786, -0.8018561186637022, 0.038308578649583695], [0.4999181725863236, -0.6842037117152913, -0.5309869128264554, 0.21581083610308446], [-0.6627615559355351, -0.6968984550171536, 0.2740066848976741, -0.16185399404817874], [0.0, 0.0, 0.0, 1.0]], "suj_ecm_transform": [[0.9905296633883933, 0.1372988923070849, -1.090522831413326e-05, -0.06327583459474193], [-0.13729889271560644, 0.9905296585843326, -9.759033823120047e-05, 1.029826964265973], [-2.5970932602349676e-06, 9.816340065045182e-05, 0.999999995178601, 0.7495812523184957], [0.0, 0.0, 0.0, 1.0]], "suj_psm2_transform": [[0.22590316634504357, -0.9725676496660722, -0.05549708333143122, 0.03676388255318281], [-0.7815633443117991, -0.21495466370596886, 0.5856220892172785, 0.27125137199498406], [-0.5814864557867534, -0.08891939818771885, -0.8086821639942939, -0.21676103564626925], [0.0, 0.0, 0.0, 1.0]], "ecm_transform": [[0.9937503221897914, 0.1114904525982979, 0.005493280177841082, -0.06215020386069541], [0.09320514056265722, -0.8016752711455928, -0.5904486103009604, 0.9112405056821485], [-0.06142555592244066, 0.5872704986742198, -0.8070565422983398, 0.5874778443814269], [0.0, 0.0, 0.0, 1.0]], "psm2_transform": [[-0.13127646302855817, 0.9885404554967357, 0.07452689515213862, 0.011751541364719691], [0.8596673272581598, 0.15095617856287388, -0.4880413082911179, -0.07695527380239199], [-0.49369887249164723, 0.0, -0.8696329244574841, -0.005532579201226753], [0.0, 0.0, 0.0, 1.0]]}