{"ecm_psm_transform": [[-0.5523647011338992, 0.21747970154811186, -0.8047333821557314, 0.03786909332895331], [0.48276522088098084, -0.7035443684065218, -0.5215007796650033, 0.2172704262965221], [-0.6795814730030507, -0.6765559112874653, 0.2836214386343023, -0.16038000756244486], [0.0, 0.0, 0.0, 1.0]], "suj_ecm_transform": [[0.9905270133572273, 0.13731800934562952, -1.0907111790041998e-05, -0.06325688874178777], [-0.13731800975424377, 0.9905270085531745, -9.759012774385546e-05, 1.029821134358158], [-2.597093260226559e-06, 9.816340065044704e-05, 0.999999995178601, 0.7495656972597979], [0.0, 0.0, 0.0, 1.0]], "suj_psm2_transform": [[0.22602567941457288, -0.9725388923128222, -0.0555022088220784, 0.03677886250443415], [-0.7815343686368823, -0.21505591282372677, 0.5856235864434624, 0.2711782748641262], [-0.5814777922539522, -0.08898908527736704, -0.8086807279866184, -0.21678874734325637], [0.0, 0.0, 0.0, 1.0]], "ecm_transform": [[0.9937530733031258, 0.11146678597224183, 0.005475849305015452, -0.06213010530686908], [0.09317580361988789, -0.8016785621506614, -0.5904487722129979, 0.9112208001288536], [-0.0614255559224407, 0.5872704986742199, -0.8070565422983401, 0.587477403994601], [0.0, 0.0, 0.0, 1.0]], "psm2_transform": [[-0.10698468438097657, 0.9924023387037118, 0.06076080515682998, 0.009576827086111815], [0.8629406013650942, 0.12303494680538302, -0.4900978681653758, -0.07724687858525248], [-0.4938499729913451, 0.0, -0.8695471259089111, -0.005513147548882741], [0.0, 0.0, 0.0, 1.0]]}