{"ecm_psm_transform": [[-0.5477016747114893, 0.219356573742459, -0.8074066937264015, 0.03739557599897366], [0.46747670498224225, -0.7201062012511618, -0.5127500260541846, 0.21865142702445067], [-0.6938936559856818, -0.6582778687420612, 0.2918592840860712, -0.15902256724841551], [0.0, 0.0, 0.0, 1.0]], "suj_ecm_transform": [[0.9905295960429931, 0.13729937816312263, -1.0905276182322227e-05, -0.06327367997012046], [-0.1372993785716465, 0.9905295912389326, -9.759033288215277e-05, 1.0298154038423275], [-2.59709326022841e-06, 9.816340065044502e-05, 0.999999995178601, 0.7495799472257689], [0.0, 0.0, 0.0, 1.0]], "suj_psm2_transform": [[0.2259256182322691, -0.9725541587339634, -0.05564192084785946, 0.036726046396704], [-0.7815063918393261, -0.21505197614833904, 0.5856623661026648, 0.27119129375823614], [-0.5815542748021413, -0.08883161534029804, -0.8086430421238959, -0.21672031370320943], [0.0, 0.0, 0.0, 1.0]], "ecm_transform": [[0.9937470684924988, 0.1115184329980058, 0.005513888304512288, -0.06216570370844429], [0.09323982487212452, -0.8016713793622686, -0.590448418212136, 0.9112414552617222], [-0.06142555592244074, 0.5872704986742202, -0.8070565422983401, 0.5874848202570621], [0.0, 0.0, 0.0, 1.0]], "psm2_transform": [[-0.085539050549092, 0.9951501771915852, 0.048571552031169474, 0.0076571344709218045], [0.8653709632570479, 0.09836729555882238, -0.49138271348920337, -0.07746475779606005], [-0.49377744661206335, 0.0, -0.8695883124888875, -0.005522264349513792], [0.0, 0.0, 0.0, 1.0]]}