{"ecm_psm_transform": [[-0.5389069918948055, 0.22279624723994257, -0.8123675807802097, 0.03668939113238367], [0.43812548611976776, -0.7495474002888812, -0.49621039200373185, 0.22128744195475458], [-0.7194618214326659, -0.6233301909389424, 0.30632362064459284, -0.15674580423074716], [0.0, 0.0, 0.0, 1.0]], "suj_ecm_transform": [[0.9905357189746669, 0.13725519777593068, -1.0900923383434311e-05, -0.06329469323425271], [-0.13725519818424028, 0.9905357141705882, -9.759081918939322e-05, 1.0298275423106946], [-2.597093260226288e-06, 9.816340065047683e-05, 0.9999999951786009, 0.7495745672416763], [0.0, 0.0, 0.0, 1.0]], "suj_psm2_transform": [[0.22604046153766966, -0.9725292237492855, -0.05561131810566572, 0.03680401403161492], [-0.7814916839010697, -0.21512746518025405, 0.5856542680785221, 0.27120285912250425], [-0.5815294126192656, -0.08892177842762047, -0.8086510122296028, -0.2167275509263562], [0.0, 0.0, 0.0, 1.0]], "ecm_transform": [[0.9937455700659084, 0.11153131527779518, 0.005523376393835624, -0.06218557731183286], [0.09325579367525667, -0.8016695872361244, -0.5904483295316024, 0.9112266750860757], [-0.061425555922440686, 0.5872704986742198, -0.80705654229834, 0.5874833666749756], [0.0, 0.0, 0.0, 1.0]], "psm2_transform": [[-0.0458179986617658, 0.9986108663749819, 0.02602015673355071, 0.004101424078228924], [0.8683529192177277, 0.0526909627716947, -0.4931398078924905, -0.07773110295740505], [-0.4938257979132732, 0.0, -0.8695608554410204, -0.00551596769855758], [0.0, 0.0, 0.0, 1.0]]}