{"ecm_psm_transform": [[-0.535026175210259, 0.22408100049960278, -0.8145763911721102, 0.036372327720276654], [0.42562061679489116, -0.7613940954334583, -0.4890052371889311, 0.22231948861254036], [-0.7297904373167807, -0.6083311077482091, 0.31199227706278077, -0.15590806284916311], [0.0, 0.0, 0.0, 1.0]], "suj_ecm_transform": [[0.9905153582842984, 0.1374020556024635, -1.0915392325775718e-05, -0.06319912764296333], [-0.13740205601148536, 0.9905153534802802, -9.758920191825088e-05, 1.0298157348191173], [-2.5970932602298684e-06, 9.816340065046856e-05, 0.999999995178601, 0.7495700596540313], [0.0, 0.0, 0.0, 1.0]], "suj_psm2_transform": [[0.22607426809008596, -0.9725225134588791, -0.05559124142485472, 0.03683569068975491], [-0.781491378692379, -0.21514363805651734, 0.5856487343393575, 0.27111269544297445], [-0.5815166810479446, -0.08895603306932484, -0.8086564003602225, -0.21680751097584805], [0.0, 0.0, 0.0, 1.0]], "ecm_transform": [[0.9937480661060268, 0.11150985507098089, 0.005507570478957554, -0.06216175079443471], [0.09322919172743567, -0.8016725725687405, -0.5904484771771937, 0.9112391858646461], [-0.061425555922440686, 0.5872704986742198, -0.8070565422983401, 0.5874733339098271], [0.0, 0.0, 0.0, 1.0]], "psm2_transform": [[-0.029189180619655048, 0.9994365563053298, 0.016569902090734084, 0.0026126710802722008], [0.8691566528672952, 0.03356441449725229, -0.4933965371341565, -0.07779664940794773], [-0.4936746950282884, 0.0, -0.8696466497887096, -0.005530805628203447], [0.0, 0.0, 0.0, 1.0]]}