{"ecm_psm_transform": [[-0.5312137416883583, 0.2252737839773747, -0.8167396665363874, 0.03603169684405314], [0.4125551562279668, -0.7732151950797909, -0.4815978666558224, 0.22348935026313135], [-0.7400068943673243, -0.5927815654608674, 0.3178046757657784, -0.1549938893441076], [0.0, 0.0, 0.0, 1.0]], "suj_ecm_transform": [[0.9905153582842984, 0.1374020556024635, -1.0915392325775718e-05, -0.06319912764296333], [-0.13740205601148536, 0.9905153534802802, -9.758920191825088e-05, 1.0298157348191173], [-2.5970932602298684e-06, 9.816340065046856e-05, 0.999999995178601, 0.7495700596540313], [0.0, 0.0, 0.0, 1.0]], "suj_psm2_transform": [[0.22607426809008596, -0.9725225134588791, -0.05559124142485472, 0.03683569068975491], [-0.781491378692379, -0.21514363805651734, 0.5856487343393575, 0.27111269544297445], [-0.5815166810479446, -0.08895603306932484, -0.8086564003602225, -0.21680751097584805], [0.0, 0.0, 0.0, 1.0]], "ecm_transform": [[0.9937480661060268, 0.11150985507098089, 0.005507570478957554, -0.06216175079443471], [0.09322919172743567, -0.8016725725687405, -0.5904484771771937, 0.9112391858646461], [-0.061425555922440686, 0.5872704986742198, -0.8070565422983401, 0.5874733339098271], [0.0, 0.0, 0.0, 1.0]], "psm2_transform": [[-0.012175702513751836, 0.9999019831945798, 0.006912038182978685, 0.0010898192674795339], [0.8695545478933102, 0.014000857243266858, -0.4936383942062393, -0.07783183757555295], [-0.4936867838076663, 0.0, -0.8696397872071187, -0.005529067284032272], [0.0, 0.0, 0.0, 1.0]]}