{"ecm_psm_transform": [[-0.5250201086182247, 0.22706968586513418, -0.8202397474565698, 0.035506697116324176], [0.39047209644834413, -0.7920716804350086, -0.469205706431728, 0.2254871950782889], [-0.756231067493093, -0.5666231647347036, 0.32718918341578196, -0.1535088145231611], [0.0, 0.0, 0.0, 1.0]], "suj_ecm_transform": [[0.9905293824798186, 0.13730091887973928, -1.0905427978952718e-05, -0.06325704403071336], [-0.13730091928827065, 0.9905293776757588, -9.759031591947452e-05, 1.0298068258374062], [-2.5970932602280566e-06, 9.816340065046974e-05, 0.9999999951786009, 0.7495736959438779], [0.0, 0.0, 0.0, 1.0]], "suj_psm2_transform": [[0.22608994324485107, -0.9725182814181347, -0.05560152759644632, 0.03686379702060825], [-0.7814840589043849, -0.2151618392028807, 0.585651815184724, 0.2711393908693415], [-0.5815204237529997, -0.08895827818900318, -0.8086534619351975, -0.2167812986327715], [0.0, 0.0, 0.0, 1.0]], "ecm_transform": [[0.9937474124423153, 0.11151547567568526, 0.005511710172782375, -0.0621768438964339], [0.09323615899329085, -0.8016717907421707, -0.5904484385485487, 0.9112307177432161], [-0.06142555592244073, 0.5872704986742201, -0.80705654229834, 0.5874772625091323], [0.0, 0.0, 0.0, 1.0]], "psm2_transform": [[0.015914325442510365, 0.999832507024232, -0.009038370613604345, -0.00142460514697328], [0.8694014828732222, -0.01830185503272822, -0.49376725658978576, -0.0778263478248954], [-0.4938499729913451, 0.0, -0.8695471259089111, -0.005513803633547941], [0.0, 0.0, 0.0, 1.0]]}