{"ecm_psm_transform": [[-0.5246449808386607, 0.2270194656738377, -0.8204936357376373, 0.0353520725789468], [0.38991784890716086, -0.7926757047272834, -0.46864623997074517, 0.22557922003979797], [-0.7567771899207943, -0.5657980110783971, 0.32735438820232166, -0.15343074393243883], [0.0, 0.0, 0.0, 1.0]], "suj_ecm_transform": [[0.9905366699120397, 0.13724833492888586, -1.0900247233354485e-05, -0.06331833959292656], [-0.13724833533716221, 0.9905366651079582, -9.759089471319423e-05, 1.0298209766159365], [-2.597093260226919e-06, 9.81634006504853e-05, 0.999999995178601, 0.7495715161200731], [0.0, 0.0, 0.0, 1.0]], "suj_psm2_transform": [[0.2259885999915014, -0.9725431365289167, -0.05557877530477229, 0.03674626169648484], [-0.7815151124080667, -0.21506802224267618, 0.5856448368136024, 0.27117355848795044], [-0.5815180837701338, -0.08891340393394542, -0.8086600799156534, -0.2167484219570932], [0.0, 0.0, 0.0, 1.0]], "ecm_transform": [[0.9937471935565386, 0.11151735769582163, 0.00551309632112007, -0.062158626457058], [0.09323849193398018, -0.8016715289440405, -0.5904484256075225, 0.9112313258596122], [-0.061425555922440714, 0.58727049867422, -0.8070565422983401, 0.5874829290347746], [0.0, 0.0, 0.0, 1.0]], "psm2_transform": [[0.016789145092798437, 0.9998136289047979, -0.009530585673089505, -0.001502781102987807], [0.8694880033784466, -0.019305632758838464, -0.4935766450357466, -0.077827080147887], [-0.49366865060282644, 0.0, -0.8696500810164882, -0.0055320029704266915], [0.0, 0.0, 0.0, 1.0]]}