{"ecm_psm_transform": [[-0.5108452538874315, 0.23009740251815866, -0.8283068947769796, 0.03416533129259385], [0.3405392139354896, -0.8305319463574272, -0.440737710948295, 0.2300646578364633], [-0.7893479399814032, -0.5072197466918459, 0.34591611441645087, -0.1505111164374402], [0.0, 0.0, 0.0, 1.0]], "suj_ecm_transform": [[0.9905414139691376, 0.13721409218181602, -1.0896873528071453e-05, -0.06332324639499455], [-0.13721409258992628, 0.990541409165042, -9.759127147434082e-05, 1.0298318237206252], [-2.597093260231693e-06, 9.816340065046101e-05, 0.999999995178601, 0.7495713692786874], [0.0, 0.0, 0.0, 1.0]], "suj_psm2_transform": [[0.22605292505873031, -0.9725310835144892, -0.055528071013909386, 0.036795039354407456], [-0.7815188285358038, -0.21509192456924597, 0.5856310994381386, 0.27124586236378667], [-0.5814880873383539, -0.08898739002370798, -0.8086735118082893, -0.2167491073164276], [0.0, 0.0, 0.0, 1.0]], "ecm_transform": [[0.9937498227152123, 0.11149474855052413, 0.005496444226920659, -0.062156613370578574], [0.09321046579168757, -0.801674673687892, -0.5904485808555292, 0.9112270385433165], [-0.061425555922440735, 0.5872704986742202, -0.8070565422983399, 0.5874779923214618], [0.0, 0.0, 0.0, 1.0]], "psm2_transform": [[0.07738055242526509, 0.996032785030549, -0.043942476610324244, -0.006927169104894123], [0.86612137645722, -0.08898702795513565, -0.4918486251882409, -0.07753588016675719], [-0.493807666354231, 0.0, -0.8695711521490284, -0.005520871439808835], [0.0, 0.0, 0.0, 1.0]]}