{"ecm_psm_transform": [[-0.5023928113763669, 0.2312850013158992, -0.8331318690601477, 0.033390223844101154], [0.3110018138628557, -0.8507332615156147, -0.42371073803364817, 0.23269658328119033], [-0.8067709308418123, -0.47197475135573674, 0.355472220055698, -0.14898496745685846], [0.0, 0.0, 0.0, 1.0]], "suj_ecm_transform": [[0.9905320084262521, 0.1372819731944716, -1.0903561386219355e-05, -0.06327166955544278], [-0.1372819736029111, 0.9905320036221844, -9.759052448753269e-05, 1.029825822411746], [-2.5970932602225484e-06, 9.816340065040778e-05, 0.9999999951786009, 0.7495763110732538], [0.0, 0.0, 0.0, 1.0]], "suj_psm2_transform": [[0.2260074149643075, -0.9725444923391167, -0.05547845349323777, 0.03677768426751223], [-0.781546940203572, -0.21502823696638454, 0.5856169717191972, 0.2712226177515588], [-0.5814679945100899, -0.08899476236261564, -0.8086871481805779, -0.21676806406924576], [0.0, 0.0, 0.0, 1.0]], "ecm_transform": [[0.9937471856924047, 0.11151742531220081, 0.005513146122046505, -0.062177219413109365], [0.09323857575083626, -0.8016715195381903, -0.5904484251425223, 0.9112304303808927], [-0.0614255559224407, 0.5872704986742198, -0.8070565422983402, 0.5874744982037404], [0.0, 0.0, 0.0, 1.0]], "psm2_transform": [[0.11250445856752767, 0.991598314864575, -0.06383986810890707, -0.010069388063983727], [0.8624251999522788, -0.12935525485164953, -0.4893771475350446, -0.07718888766764626], [-0.493523577237906, 0.0, -0.8697324178793733, -0.005546300672053042], [0.0, 0.0, 0.0, 1.0]]}