{"ecm_psm_transform": [[-0.5035924872014195, 0.23105834243492201, -0.8324702092120261, 0.03343345353962556], [0.31462378257681445, -0.8483572070243087, -0.42579563728034087, 0.23241619284193654], [-0.8046157357840733, -0.47634241012232015, 0.3545298662278171, -0.14911440840371606], [0.0, 0.0, 0.0, 1.0]], "suj_ecm_transform": [[0.9905368378590959, 0.1372471228306467, -1.090012781348958e-05, -0.06329303498233825], [-0.13724712323891716, 0.9905368330550138, -9.7590908051465e-05, 1.0298254947665222], [-2.5970932602249226e-06, 9.816340065043387e-05, 0.9999999951786009, 0.7495655511050681], [0.0, 0.0, 0.0, 1.0]], "suj_psm2_transform": [[0.2259049291011248, -0.9725657960278425, -0.055522386517013245, 0.03671497395259841], [-0.7815540150213781, -0.21496994954324167, 0.5856289289279855, 0.27126836473442134], [-0.5814983100678618, -0.0889027175631037, -0.8086754739684614, -0.21671766329336495], [0.0, 0.0, 0.0, 1.0]], "ecm_transform": [[0.9937539705406946, 0.11145906579685061, 0.0054701632789096975, -0.062134211605761575], [0.09316623376644412, -0.8016796355394258, -0.5904488249180873, 0.9112205253243828], [-0.06142555592244073, 0.5872704986742201, -0.80705654229834, 0.5874803151413789], [0.0, 0.0, 0.0, 1.0]], "psm2_transform": [[0.10822318500122954, 0.992226506287937, -0.06143535177586522, -0.009687419174782053], [0.8628864570248604, -0.12444500881768887, -0.48983711789068135, -0.07723985215688683], [-0.4936746950282884, 0.0, -0.8696466497887096, -0.005533430868196392], [0.0, 0.0, 0.0, 1.0]]}