{"ecm_psm_transform": [[-0.4883251767472801, 0.23252953837751708, -0.8411114881730463, 0.032112565427447365], [0.25814419517505965, -0.8822191590505949, -0.39376506942780204, 0.23742271283215932], [-0.8336066795870569, -0.4094134452921643, 0.3707836762343262, -0.14655764524958365], [0.0, 0.0, 0.0, 1.0]], "suj_ecm_transform": [[0.9905316139053719, 0.13728481975486434, -1.0903841838874029e-05, -0.06328080793614131], [-0.1372848201633176, 0.9905316091013054, -9.759049315284028e-05, 1.0298307857127371], [-2.5970932602299692e-06, 9.81634006504431e-05, 0.999999995178601, 0.7495699144606203], [0.0, 0.0, 0.0, 1.0]], "suj_psm2_transform": [[0.22599703242100078, -0.9725419831261084, -0.05556466857669229, 0.03675898096779392], [-0.7815183777035206, -0.21506708808220554, 0.5856408224633065, 0.27121995445668956], [-0.5815104183491113, -0.08892827829761113, -0.8086639565792852, -0.21674621759363388], [0.0, 0.0, 0.0, 1.0]], "ecm_transform": [[0.9937548313796645, 0.11145165805374371, 0.005464707370593569, -0.06213190777371406], [0.0931570512049085, -0.8016806654173496, -0.59044887543868, 0.9112270033189723], [-0.061425555922440714, 0.58727049867422, -0.80705654229834, 0.5874872941756316], [0.0, 0.0, 0.0, 1.0]], "psm2_transform": [[0.17264649555714354, 0.9800996554333267, -0.09796863269083456, -0.015452296745371888], [0.8524210811258577, -0.1985060840867968, -0.4837082126992982, -0.07629383646080311], [-0.4935296222356478, 0.0, -0.8697289876599139, -0.005545759630711321], [0.0, 0.0, 0.0, 1.0]]}