{"ecm_psm_transform": [[-0.5832081708992025, 0.20016950682144033, -0.7872740297604565, 0.04050670368273936], [0.5778798624205008, -0.5788886098084418, -0.5752763179924172, 0.20885551772034194], [-0.5708967454849168, -0.7904556571831913, 0.2219386402180103, -0.1700707501612903], [0.0, 0.0, 0.0, 1.0]], "suj_ecm_transform": [[0.9905320359203338, 0.13728177481600248, -1.090354184131428e-05, -0.0632898771807426], [-0.137281775224441, 0.990532031116266, -9.759052667128957e-05, 1.0298217002896504], [-2.5970932602248337e-06, 9.816340065045967e-05, 0.999999995178601, 0.7495718010136478], [0.0, 0.0, 0.0, 1.0]], "suj_psm2_transform": [[0.22585451658005457, -0.9725801594717175, -0.05547585729268567, 0.03665748881595681], [-0.7815823710155626, -0.21490405262056894, 0.5856152708775165, 0.2712660751203468], [-0.5814797800939265, -0.0889049018290009, -0.8086885579583123, -0.2167517447457099], [0.0, 0.0, 0.0, 1.0]], "ecm_transform": [[0.9937391642528096, 0.1115863621839006, 0.005563919903385214, -0.062228063992361304], [0.0933240296480335, -0.8016619269751412, -0.5904479488733589, 0.911247034505664], [-0.061425555922440714, 0.5872704986742201, -0.8070565422983401, 0.5874660640767578], [0.0, 0.0, 0.0, 1.0]], "psm2_transform": [[-0.25141599851583163, 0.9572923011180916, 0.14276360148972322, 0.022504299526534505], [0.832446911276067, 0.2891218605018118, -0.4726951339784524, -0.07451250016659322], [-0.49378349060820526, 0.0, -0.8695848805049319, -0.005518442461785452], [0.0, 0.0, 0.0, 1.0]]}