{"ecm_psm_transform": [[-0.5705880429034369, 0.20827797197384645, -0.794386286189589, 0.03953200304720564], [0.5403934998907458, -0.6331551322540707, -0.5541565155947918, 0.212163891976122], [-0.6183883493173656, -0.7454762671546238, 0.24871868554202348, -0.1658552156467632], [0.0, 0.0, 0.0, 1.0]], "suj_ecm_transform": [[0.9905370212444353, 0.13724579929962027, -1.0899997414911577e-05, -0.06330009839731075], [-0.1372457997078843, 0.9905370164403527, -9.759092261586533e-05, 1.0298325914212159], [-2.597093260227755e-06, 9.816340065043883e-05, 0.9999999951786012, 0.7495716577428733], [0.0, 0.0, 0.0, 1.0]], "suj_psm2_transform": [[0.22607846131987513, -0.9725274794720847, -0.05548721473377216, 0.03681269663166776], [-0.7815278090015941, -0.21509008236557686, 0.5856197915244474, 0.2712310922663636], [-0.5814660893675621, -0.08903122002782723, -0.808684505092036, -0.21678248766033992], [0.0, 0.0, 0.0, 1.0]], "ecm_transform": [[0.9937497906013841, 0.11149502475121206, 0.005496647653963106, -0.06215141935946792], [0.09321080816796043, -0.801674635274598, -0.5904485789618061, 0.9112393612528347], [-0.06142555592244071, 0.5872704986742201, -0.80705654229834, 0.5874829371373148], [0.0, 0.0, 0.0, 1.0]], "psm2_transform": [[-0.19175835956741516, 0.9753846764780366, 0.10887361676664245, 0.01716495453708037], [0.8482065462306856, 0.22051016505330498, -0.48158168781586363, -0.0759259040228967], [-0.49373513797118557, 0.0, -0.8696123352003319, -0.005526051601259015], [0.0, 0.0, 0.0, 1.0]]}