{"ecm_psm_transform": [[-0.5655504564553144, 0.21111464817514405, -0.7972347750374862, 0.03911122391068259], [0.5242476993841833, -0.6542098331042961, -0.5451365369887075, 0.21352009275968442], [-0.6366451373360023, -0.7262507140069018, 0.2593123011175691, -0.16421328083052678], [0.0, 0.0, 0.0, 1.0]], "suj_ecm_transform": [[0.990526452832814, 0.1373220525606478, -1.0907510141510997e-05, -0.06324899305852125], [-0.13732205296928165, 0.9905264480287629, -9.759008322150261e-05, 1.029810669337835], [-2.5970932602325764e-06, 9.816340065046964e-05, 0.999999995178601, 0.7495755833208924], [0.0, 0.0, 0.0, 1.0]], "suj_psm2_transform": [[0.2260307473959392, -0.9725343733937349, -0.05556072173117316, 0.03683917389976535], [-0.7815119350535628, -0.21509195917507729, 0.5856402858983177, 0.27114267361125777], [-0.5815059729705874, -0.08895134437366661, -0.8086646163482414, -0.21678041956696448], [0.0, 0.0, 0.0, 1.0]], "ecm_transform": [[0.993751930865123, 0.1114766147836204, 0.0054830883837452375, -0.062139253594934135], [0.09318798732378956, -0.8016771954741617, -0.5904487050330656, 0.9112199893140621], [-0.061425555922440714, 0.5872704986742201, -0.8070565422983398, 0.587480313905398], [0.0, 0.0, 0.0, 1.0]], "psm2_transform": [[-0.16732467633225556, 0.9813103223828321, 0.0950394858740724, 0.014978182668969976], [0.8532753598187313, 0.19243193909770306, -0.48465566038303165, -0.07638152654135635], [-0.4938862348927338, 0.0, -0.8695265303505577, -0.0055085894139193965], [0.0, 0.0, 0.0, 1.0]]}