{"ecm_psm_transform": [[-0.4045835243501007, 0.04165444661199094, -0.9135519026863776, 0.01143912426527568], [0.7327591647895162, -0.5829204913555364, -0.3510950116062477, -0.09501037684579046], [-0.547152792409417, -0.8114607863817385, 0.20531734929934323, 0.16071758172965833], [0.0, 0.0, 0.0, 1.0]], "suj_ecm_transform": [[0.9680043959505472, 0.2509332360035036, -2.211846219635787e-05, 0.003504531155125626], [-0.2509332369648778, 0.968004391225968, -9.5674300367055e-05, 0.9073982895162636], [-2.5970932602363143e-06, 9.816340065041965e-05, 0.999999995178601, 1.0884578458383378], [0.0, 0.0, 0.0, 1.0]], "suj_psm2_transform": [[0.034572812301278164, -0.9990325647928864, 0.027178210627787247, 0.02433687435968679], [-0.820371010840643, -0.01283750901966331, 0.5716875046163525, -0.03259063227672304], [-0.570785533472847, -0.042061060917645, -0.8200211838316129, 0.1165398467936154], [0.0, 0.0, 0.0, 1.0]], "ecm_transform": [[0.9449743926713308, -0.30406127288671964, -0.12070683297128466, -0.006262952796694983], [-0.3214042229876867, -0.79407208259315, -0.5158961650292226, 0.8655781536912318], [0.061014118375431095, 0.5263043510903984, -0.8481043611385237, 1.0197118887598438], [0.0, 0.0, 0.0, 1.0]], "psm2_transform": [[-0.30281506846209916, 0.9428212619444918, 0.13925193836241645, 0.025545425452326395], [0.8565902827303042, 0.33329876691250454, -0.3939099129326673, -0.07226180428142384], [-0.41779914054999173, 0.0, -0.9085394202541177, -0.011828423990439225], [0.0, 0.0, 0.0, 1.0]]}