{"ecm_psm_transform": [[-0.39431008806099294, 0.03598271784384583, -0.9182727255395874, 0.010423067797577783], [0.5553519505350506, -0.7868042373169052, -0.26930150979353623, -0.0800516952258426], [-0.7321910717089134, -0.6161528512931946, 0.2902617755630592, 0.17630663274527802], [0.0, 0.0, 0.0, 1.0]], "suj_ecm_transform": [[0.9679819376707899, 0.25101985549652817, -2.2127023386659132e-05, 0.003563997947288969], [-0.25101985645832514, 0.9679819329462968, -9.567232074485281e-05, 0.9073806941185214], [-2.597093260224227e-06, 9.816340065043312e-05, 0.9999999951786009, 1.0884760766924686], [0.0, 0.0, 0.0, 1.0]], "suj_psm2_transform": [[0.03449913420580812, -0.9990336098956951, 0.027233362587566423, 0.024203614824574227], [-0.8204120769067416, -0.012748403847567001, 0.5716305644950297, -0.032593124093163284], [-0.57073096446979, -0.042063339122275556, -0.8200590476894137, 0.1165085757348121], [0.0, 0.0, 0.0, 1.0]], "ecm_transform": [[0.9449532439527498, -0.304113517910627, -0.120740775909375, -0.006216008007823763], [-0.32146639653631615, -0.7940520752742465, -0.5158882220506867, 0.865556051528536], [0.06101411837543107, 0.5263043510903985, -0.8481043611385238, 1.0197113889829965], [0.0, 0.0, 0.0, 1.0]], "psm2_transform": [[-0.05133668726679373, 0.9984025821475473, 0.02359721385209445, 0.00433156521767126], [0.907157672369969, 0.05650030053999766, -0.41698042340041586, -0.07654199812622214], [-0.4176475811025027, 0.0, -0.9086091007684375, -0.011856944722661127], [0.0, 0.0, 0.0, 1.0]]}