{"ecm_psm_transform": [[-0.3936462184410562, 0.035326410787313973, -0.9185829844972865, 0.010483704050452729], [0.5376387395980534, -0.8016883175029982, -0.2612286876716034, -0.07844243055276683], [-0.7456455192586305, -0.5966974830515859, 0.2965887275832135, 0.17750729094371587], [0.0, 0.0, 0.0, 1.0]], "suj_ecm_transform": [[0.9680029547053339, 0.25093879571021427, -2.211901169912446e-05, 0.003519669496235278], [-0.25093879667161556, 0.9680029499807603, -9.567417332855403e-05, 0.9073976211148838], [-2.5970932602262194e-06, 9.816340065037422e-05, 0.999999995178601, 1.0884698999013094], [0.0, 0.0, 0.0, 1.0]], "suj_psm2_transform": [[0.03447216153727014, -0.9990346302882673, 0.027230085635803758, 0.024321260126669686], [-0.8204130024258534, -0.012728171608365285, 0.5716296870335764, -0.03247482145590941], [-0.5707312638445041, -0.04204522722370346, -0.8200597681499575, 0.1165670908606018], [0.0, 0.0, 0.0, 1.0]], "ecm_transform": [[0.9449700547316319, -0.3040719901060971, -0.12071379578745076, -0.006262887767858863], [-0.32141697686862414, -0.7940679787374832, -0.5158945358543761, 0.8655638504349049], [0.06101411837543103, 0.5263043510903984, -0.8481043611385238, 1.0197112715419316], [0.0, 0.0, 0.0, 1.0]], "psm2_transform": [[-0.029092439018256543, 0.9994872059464242, 0.013377411609846722, 0.0024549363127777343], [0.9080851358604889, 0.03202069876517746, -0.41755964948714486, -0.07662785418983457], [-0.4177738814492914, 0.0, -0.9085510354288269, -0.011847036776155145], [0.0, 0.0, 0.0, 1.0]]}