{"ecm_psm_transform": [[-0.3928207818237732, 0.03482559842559938, -0.9189553912250903, 0.010387145043572412], [0.5239555525838024, -0.8127491927389747, -0.2547730924150888, -0.07731755163943144], [-0.7557528777874167, -0.5815719451593621, 0.301017707651218, 0.1784252478555067], [0.0, 0.0, 0.0, 1.0]], "suj_ecm_transform": [[0.9680059059549644, 0.2509274109122157, -2.2117886463971244e-05, 0.0034977723801534466], [-0.2509274118735615, 0.9680059012303793, -9.567443346591821e-05, 0.9074156493739975], [-2.5970932602282065e-06, 9.816340065042168e-05, 0.9999999951786009, 1.0884542291010215], [0.0, 0.0, 0.0, 1.0]], "suj_psm2_transform": [[0.0344699308216761, -0.9990361651017412, 0.0271765466524983, 0.02429948805853463], [-0.8203657647750242, -0.012753495597130404, 0.5716969130012369, -0.0325072119257101], [-0.5707992955971817, -0.042001061520639316, -0.8200146797325648, 0.1166357099371309], [0.0, 0.0, 0.0, 1.0]], "ecm_transform": [[0.9449714762513498, -0.30406847818337707, -0.12071151414256212, -0.006261916670252039], [-0.32141279755201674, -0.7940693235471069, -0.5158950697295203, 0.8655651238180773], [0.06101411837543108, 0.5263043510903985, -0.8481043611385238, 1.0197097497062386], [0.0, 0.0, 0.0, 1.0]], "psm2_transform": [[-0.01199249249171327, 0.9999129056761928, 0.005510098549873454, 0.0010118863886982156], [0.9085967136945251, 0.013197767318494317, -0.4174659636441229, -0.076664350470823], [-0.41750232572687007, 0.0, -0.9086758542036069, -0.011875196100051135], [0.0, 0.0, 0.0, 1.0]]}