{"ecm_psm_transform": [[-0.40353548559975044, 0.04122732093957383, -0.9140346929246828, 0.011303134912967713], [0.7176673515158853, -0.605405256401027, -0.34414829374875816, -0.09374168475958691], [-0.5675497197866884, -0.7948489061011232, 0.21471500189763046, 0.16242269546914712], [0.0, 0.0, 0.0, 1.0]], "suj_ecm_transform": [[0.9679860635102358, 0.25100394491007955, -2.2125450834188214e-05, 0.0035452637392382746], [-0.2510039458717988, 0.9679860587857267, -9.567268443002676e-05, 0.907397448137673], [-2.5970932602306375e-06, 9.816340065045235e-05, 0.9999999951786009, 1.0884654596288412], [0.0, 0.0, 0.0, 1.0]], "suj_psm2_transform": [[0.03453738342999486, -0.9990323728529731, 0.027230261430398084, 0.024293156168693847], [-0.8204131969325219, -0.01278170739104572, 0.5716282133127518, -0.0325911087829841], [-0.5707270411017589, -0.042082608616006656, -0.8200607895804454, 0.11652046666464244], [0.0, 0.0, 0.0, 1.0]], "ecm_transform": [[0.9449863590272054, -0.3040317065763567, -0.12068762425689761, -0.006285051638700585], [-0.3213690380409644, -0.7940834033145276, -0.5159006590120258, 0.8655862166064374], [0.06101411837543108, 0.5263043510903985, -0.8481043611385237, 1.0197109376840625], [0.0, 0.0, 0.0, 1.0]], "psm2_transform": [[-0.2788048537330221, 0.9517481099368649, 0.12823177752224074, 0.023522454960786112], [0.8646758004650283, 0.30688032721503233, -0.3976936319059651, -0.07295173416025535], [-0.41785597234582006, 0.0, -0.9085132835434655, -0.011827374998063127], [0.0, 0.0, 0.0, 1.0]]}