{"ecm_psm_transform": [[-0.3911937675092279, 0.03341438068170621, -0.9197015360569941, 0.010264017259374697], [0.4838075510926283, -0.8426414275047002, -0.23640151894307965, -0.07397171807196001], [-0.7828778255690284, -0.5374373487361103, 0.3134699449960245, 0.18054953009741628], [0.0, 0.0, 0.0, 1.0]], "suj_ecm_transform": [[0.9679964634292361, 0.250963834643822, -2.2121486464469307e-05, 0.0035278333987615595], [-0.2509638356053455, 0.9679964587046872, -9.56736011513389e-05, 0.9073826907236271], [-2.5970932602336343e-06, 9.816340065045029e-05, 0.9999999951786009, 1.0884640226294973], [0.0, 0.0, 0.0, 1.0]], "suj_psm2_transform": [[0.03453167472150662, -0.9990303163946999, 0.02731282419000647, 0.024311245303516582], [-0.8204909878378164, -0.01273551811420262, 0.5715175810552876, -0.032547462594993526], [-0.5706155468595756, -0.04214538530692247, -0.8201351499475429, 0.11647431384379203], [0.0, 0.0, 0.0, 1.0]], "ecm_transform": [[0.9449604329678363, -0.3040957597110209, -0.12072923859205166, -0.006238857467542472], [-0.321445263589477, -0.7940588762485383, -0.5158909221597139, 0.8655699514934456], [0.061014118375431095, 0.5263043510903984, -0.8481043611385237, 1.01971421825749], [0.0, 0.0, 0.0, 1.0]], "psm2_transform": [[0.036253947109211884, 0.9992036584229362, -0.016664342567969996, -0.0030591605755241934], [0.907885537564197, -0.03990048864638364, -0.4173149909691107, -0.07660869684722606], [-0.4176475811025027, 0.0, -0.9086091007684375, -0.011860691355768452], [0.0, 0.0, 0.0, 1.0]]}