{"ecm_psm_transform": [[-0.39080052262663156, 0.03294904275181971, -0.9198854885780571, 0.010174793044602566], [0.4728357510674716, -0.850242183352411, -0.23133219006568317, -0.07298838755878218], [-0.7897476204631527, -0.5253594866659059, 0.3166956042368196, 0.1812071073647744], [0.0, 0.0, 0.0, 1.0]], "suj_ecm_transform": [[0.9680033771616465, 0.25093716606832867, -2.2118850630781918e-05, 0.003506399566032603], [-0.2509371670297221, 0.9680033724370712, -9.567421056603568e-05, 0.9074116461114283], [-2.5970932602368005e-06, 9.8163400650439e-05, 0.9999999951786012, 1.0884789587708088], [0.0, 0.0, 0.0, 1.0]], "suj_psm2_transform": [[0.03447886037556946, -0.9990330172528469, 0.027280737267807498, 0.024255340407439874], [-0.8204600640272285, -0.01270816792300545, 0.5715625825790881, -0.03249106444085226], [-0.5706632032325532, -0.04208958192609957, -0.8201048564480325, 0.11654930117140982], [0.0, 0.0, 0.0, 1.0]], "ecm_transform": [[0.9449826827322636, -0.30404079030553727, -0.12069352578543109, -0.0062771273034788536], [-0.3213798479914431, -0.7940799253561943, -0.5158992783977296, 0.8655734691924967], [0.06101411837543107, 0.5263043510903986, -0.8481043611385239, 1.0197148597143588], [0.0, 0.0, 0.0, 1.0]], "psm2_transform": [[0.04926269958926567, 0.9985291291458938, -0.0226443078127983, -0.004156875704561773], [0.907269755544057, -0.05421787756029365, -0.41703958136834485, -0.0765570631684703], [-0.4176538963115334, 0.0, -0.9086061979184354, -0.011860158468144342], [0.0, 0.0, 0.0, 1.0]]}