{"ecm_psm_transform": [[-0.3888433016061324, 0.030653209721254644, -0.9207938246588253, 0.009977796011378647], [0.417383797388687, -0.8851375517351977, -0.2057237958662534, -0.06820552473417917], [-0.8213352862707424, -0.4643187431517332, 0.33138565491667393, 0.18393261588046556], [0.0, 0.0, 0.0, 1.0]], "suj_ecm_transform": [[0.9679992981272802, 0.2509529006323306, -2.212040578274171e-05, 0.0035199515752585564], [-0.25095290159380074, 0.9679992934027206, -9.567385101823848e-05, 0.9073931979735368], [-2.597093260216973e-06, 9.816340065040015e-05, 0.9999999951786009, 1.0884598778365502], [0.0, 0.0, 0.0, 1.0]], "suj_psm2_transform": [[0.03430738860899506, -0.9990400263793471, 0.02724020518985054, 0.02422543168592084], [-0.8204143477387458, -0.01258701453561984, 0.5716308818542684, -0.03239143232044167], [-0.5707392584282598, -0.041959417977777747, -0.8200585992060119, 0.11660028701487546], [0.0, 0.0, 0.0, 1.0]], "ecm_transform": [[0.9449674870991684, -0.3040783334165217, -0.12071791694737866, -0.006245290367752574], [-0.32142452564226087, -0.7940655496682536, -0.5158935715297315, 0.8655669770546525], [0.06101411837543103, 0.5263043510903984, -0.8481043611385239, 1.0197149205978573], [0.0, 0.0, 0.0, 1.0]], "psm2_transform": [[0.11300043805955923, 0.9922361138846844, -0.05194608071228766, -0.009535607351368887], [0.901540361188182, -0.12436838144407839, -0.414436343538622, -0.07607700503931411], [-0.41767915694589103, 0.0, -0.9085945860794956, -0.011859525491641217], [0.0, 0.0, 0.0, 1.0]]}