{"ecm_psm_transform": [[-0.3867516291076021, 0.0285931042672762, -0.9217405338656736, 0.009894904670227654], [0.3573108067572797, -0.9167963550172561, -0.17836319912340493, -0.06338292478007611], [-0.8501483192696894, -0.39833011161024984, 0.3443558587093997, 0.18623504180778488], [0.0, 0.0, 0.0, 1.0]], "suj_ecm_transform": [[0.9679972659169267, 0.250960739335874, -2.212118053436785e-05, 0.0035346255484601796], [-0.2509607402973824, 0.9679972611923747, -9.567367188746863e-05, 0.9073855142536629], [-2.5970932602467955e-06, 9.816340065045974e-05, 0.999999995178601, 1.0884574329177523], [0.0, 0.0, 0.0, 1.0]], "suj_psm2_transform": [[0.03462334125740683, -0.9990293514503394, 0.02723195147042662, 0.02431919677122918], [-0.8204191637028941, -0.012851851582697547, 0.5716180768134789, -0.0326267874986268], [-0.5707132555576548, -0.04213294259378092, -0.8200677990746693, 0.11648214476041407], [0.0, 0.0, 0.0, 1.0]], "ecm_transform": [[0.9449799080833052, -0.3040476459358581, -0.1206979797665688, -0.006277929639249355], [-0.321388006431069, -0.7940773004085797, -0.51589823637815, 0.8655841680045977], [0.06101411837543107, 0.5263043510903985, -0.8481043611385237, 1.019715070357531], [0.0, 0.0, 0.0, 1.0]], "psm2_transform": [[0.17865564809900863, 0.980479562459503, -0.08210960358901226, -0.015075395719114364], [0.8908925756588255, -0.19662102532339096, -0.40945157349406064, -0.07517567042624249], [-0.4176033740743804, 0.0, -0.9086294194894271, -0.011866669687345281], [0.0, 0.0, 0.0, 1.0]]}