{"ecm_psm_transform": [[-0.38614160187788193, 0.027563819468489625, -0.9220276021657337, 0.009853735177182257], [0.3339538344197973, -0.927571589773071, -0.16758813299924544, -0.06136243703754064], [-0.8598659777985744, -0.37262740331619026, 0.3489689363286299, 0.18711335430286669], [0.0, 0.0, 0.0, 1.0]], "suj_ecm_transform": [[0.9680004079195663, 0.25094861979747957, -2.2119982679190474e-05, 0.003511038481803952], [-0.2509486207589288, 0.9680004031950024, -9.567394884157765e-05, 0.90740073588575], [-2.59709326024573e-06, 9.81634006504771e-05, 0.999999995178601, 1.0884725817221497], [0.0, 0.0, 0.0, 1.0]], "suj_psm2_transform": [[0.03453604605067213, -0.9990325862777341, 0.027224126770351187, 0.0243290048759634], [-0.8204131468968077, -0.012784114314976211, 0.5716282313007809, -0.032579345816344474], [-0.5707271939570282, -0.04207681043524947, -0.8200609807212712, 0.11653512058241966], [0.0, 0.0, 0.0, 1.0]], "ecm_transform": [[0.9449910699722553, -0.3040200658332794, -0.12068006149907637, -0.006293979491194099], [-0.3213551851636461, -0.7940878601225706, -0.5159024281532272, 0.8655721307613483], [0.061014118375431026, 0.5263043510903984, -0.8481043611385238, 1.0197120284199517], [0.0, 0.0, 0.0, 1.0]], "psm2_transform": [[0.2034329763289604, 0.9746124645624388, -0.09351774196092263, -0.017166809420427608], [0.8855276088270261, -0.2238985125442531, -0.40707531254739654, -0.07472575966582089], [-0.41767915694589103, 0.0, -0.9085945860794956, -0.011859525491641217], [0.0, 0.0, 0.0, 1.0]]}