{"ecm_psm_transform": [[-0.3854047278614889, 0.02648774967300443, -0.9223673860557255, 0.009734169977131064], [0.3123563455019642, -0.9368312375956114, -0.15741901311383202, -0.059376748800455334], [-0.868272255209545, -0.34877733782792647, 0.35278557148924794, 0.18792542762885106], [0.0, 0.0, 0.0, 1.0]], "suj_ecm_transform": [[0.968009503797956, 0.2509135310574043, -2.2116514626286507e-05, 0.00349675744316999], [-0.2509135320186824, 0.9680094990733572, -9.567475059510807e-05, 0.9074119695780176], [-2.597093260214886e-06, 9.816340065038814e-05, 0.999999995178601, 1.0884745811156462], [0.0, 0.0, 0.0, 1.0]], "suj_psm2_transform": [[0.03433193527261925, -0.9990408274427052, 0.027179833020676725, 0.02427166591398086], [-0.8203663681374291, -0.012638214595437236, 0.5716986072755854, -0.03242648024398431], [-0.5708067450980595, -0.04192494048218626, -0.820013389595636, 0.11663986748643262], [0.0, 0.0, 0.0, 1.0]], "ecm_transform": [[0.9449523577275759, -0.30411570695969503, -0.12074219811441514, -0.006221546869844], [-0.3214690015910783, -0.7940512368882248, -0.5158878891894205, 0.8655581449435255], [0.061014118375431026, 0.5263043510903984, -0.8481043611385238, 1.0197052485502716], [0.0, 0.0, 0.0, 1.0]], "psm2_transform": [[0.2261373289602835, 0.9685386726208204, -0.10389777711100383, -0.019080284990915235], [0.8800933266347359, -0.24886309416604807, -0.40435491436991927, -0.07425767151314794], [-0.41748969432036587, 0.0, -0.9086816577527508, -0.011875512380906523], [0.0, 0.0, 0.0, 1.0]]}