{"ecm_psm_transform": [[-0.38516643725927674, 0.02611948765828489, -0.9224774186794301, 0.009788342489105331], [0.29787658319087645, -0.9425760912982136, -0.1510624152445303, -0.05834392095382083], [-0.8734508325003331, -0.33296859383048516, 0.35526829119276154, 0.18825081147922323], [0.0, 0.0, 0.0, 1.0]], "suj_ecm_transform": [[0.9679928143850463, 0.2509779090069401, -2.2122877528731642e-05, 0.0035408248090213756], [-0.25097790996853236, 0.9679928096605114, -9.567327950118656e-05, 0.9073917148847033], [-2.5970932602320165e-06, 9.816340065045159e-05, 0.999999995178601, 1.0884703209015472], [0.0, 0.0, 0.0, 1.0]], "suj_psm2_transform": [[0.034562527975845546, -0.9990327524667952, 0.027184391818434017, 0.024344395830819737], [-0.8203783001956533, -0.012826054166372981, 0.5716773013708101, -0.03260343280884698], [-0.5707756794293267, -0.04206009787364401, -0.8200280921644393, 0.11652581251327376], [0.0, 0.0, 0.0, 1.0]], "ecm_transform": [[0.9449663305643246, -0.30408119056933075, -0.1207197732011384, -0.0062453585578372064], [-0.32142792576044915, -0.7940644555483221, -0.5158931371670706, 0.8655589340078005], [0.06101411837543104, 0.5263043510903983, -0.8481043611385237, 1.019714910498292], [0.0, 0.0, 0.0, 1.0]], "psm2_transform": [[0.24086068161913787, 0.9642221024794182, -0.11073332443368021, -0.020325041107118462], [0.8760729856490405, -0.2650957130739205, -0.40276592051190957, -0.07392746431860107], [-0.4177107322848439, 0.0, -0.9085800702932348, -0.011855362453747898], [0.0, 0.0, 0.0, 1.0]]}