{"ecm_psm_transform": [[-0.39845004813815194, 0.03853692379617229, -0.9163800874326291, 0.01083360534682961], [0.633395841449645, -0.7110531471658017, -0.30530825396622574, -0.08656159098441116], [-0.6633605860864823, -0.7020814250569071, 0.2589100334422406, 0.17059365551436503], [0.0, 0.0, 0.0, 1.0]], "suj_ecm_transform": [[0.9679943982725157, 0.25097180005657077, -2.212227373989472e-05, 0.003537131452755124], [-0.25097180101813316, 0.9679943935479748, -9.567341911545053e-05, 0.9073921504643108], [-2.597093260219665e-06, 9.816340065045227e-05, 0.9999999951786009, 1.088473273676845], [0.0, 0.0, 0.0, 1.0]], "suj_psm2_transform": [[0.0344207084860765, -0.9990389408355634, 0.02713686646376795, 0.024257577289553606], [-0.8203257983377324, -0.01273280064376213, 0.5717547204609057, -0.032519841651545034], [-0.5708597020362174, -0.04194127420479793, -0.8199756887305865, 0.11659815584050826], [0.0, 0.0, 0.0, 1.0]], "ecm_transform": [[0.9449487868358277, -0.30412452715285115, -0.12074792851867908, -0.006211364568412968], [-0.3214794979720576, -0.794047858763796, -0.5158865479698657, 0.8655759396017955], [0.06101411837543105, 0.5263043510903985, -0.8481043611385237, 1.0197081669870474], [0.0, 0.0, 0.0, 1.0]], "psm2_transform": [[-0.15462005573830662, 0.98541170194243, 0.07110848077695492, 0.013045923684970706], [0.8952739299733234, 0.17018747802033968, -0.4117290524546422, -0.07553790685047712], [-0.4178243993277608, 0.0, -0.9085278043771672, -0.011834533474514547], [0.0, 0.0, 0.0, 1.0]]}