{"ecm_psm_transform": [[-0.3958948507198644, 0.03716857055048123, -0.917543331149396, 0.010632607241221453], [0.5865936133939947, -0.758518858482313, -0.2838257811617284, -0.08266923143975621], [-0.706523318722654, -0.6505902233279582, 0.278490864143161, 0.17415385461667895], [0.0, 0.0, 0.0, 1.0]], "suj_ecm_transform": [[0.9679965144089385, 0.2509636380091481, -2.212146702975146e-05, 0.003526640447259352], [-0.25096363897067064, 0.9679965096843896, -9.567360564498242e-05, 0.9073983939846382], [-2.5970932602196397e-06, 9.816340065043446e-05, 0.999999995178601, 1.088469096565289], [0.0, 0.0, 0.0, 1.0]], "suj_psm2_transform": [[0.03460145681168423, -0.9990311123148005, 0.027195143198033067, 0.02427707795690076], [-0.8203795789683163, -0.01285200039453728, 0.5716748835637498, -0.03256971017228211], [-0.5707714828180165, -0.0420911239207411, -0.8200294212336601, 0.11652266855596483], [0.0, 0.0, 0.0, 1.0]], "ecm_transform": [[0.9449753499463561, -0.30405890779914296, -0.12070529641135905, -0.0062729950582358345], [-0.32140140844842396, -0.7940729882141232, -0.5158965245435001, 0.8655692715826588], [0.06101411837543102, 0.5263043510903982, -0.8481043611385238, 1.0197250924222907], [0.0, 0.0, 0.0, 1.0]], "psm2_transform": [[-0.09166459788798494, 0.9948978149257056, 0.04214189542593476, 0.007734268075302933], [0.9039443266197833, 0.10088774879070497, -0.41557949482120765, -0.07627096947253392], [-0.4177107322848439, 0.0, -0.9085800702932348, -0.011849368428946721], [0.0, 0.0, 0.0, 1.0]]}