{"ecm_psm_transform": [[-0.3930623746327952, 0.034983115577957524, -0.9188460977076018, 0.01046054904464625], [0.5255356694312087, -0.8114348422007733, -0.255706388301304, -0.07757952362920495], [-0.7545291444361308, -0.5833949592575044, 0.3005596308711721, 0.17819453244319872], [0.0, 0.0, 0.0, 1.0]], "suj_ecm_transform": [[0.9679913601157839, 0.2509835178886229, -2.2123431892489903e-05, 0.0035420616473883226], [-0.25098351885024245, 0.9679913553912547, -9.567315131192823e-05, 0.9073816483521084], [-2.597093260240851e-06, 9.816340065041739e-05, 0.999999995178601, 1.088469527665092], [0.0, 0.0, 0.0, 1.0]], "suj_psm2_transform": [[0.03456652062132216, -0.999032551081174, 0.027186716101387676, 0.024347143150014877], [-0.8203801742834174, -0.012828144683484352, 0.5716745650688767, -0.032631380433825574], [-0.570772744001363, -0.04206424353558891, -0.8200299226985154, 0.11650957513710725], [0.0, 0.0, 0.0, 1.0]], "ecm_transform": [[0.9449726007121984, -0.304065700120206, -0.12070970927656696, -0.006262751340634431], [-0.3214094915556995, -0.7940703873295638, -0.5158954920370825, 0.8655753925258403], [0.06101411837543111, 0.5263043510903987, -0.8481043611385237, 1.019706134988835], [0.0, 0.0, 0.0, 1.0]], "psm2_transform": [[-0.014061172559526627, 0.9998802435823004, 0.006463893567400069, 0.0011864619616334163], [0.9084857760467254, 0.015475738877335084, -0.41762913718630734, -0.07665675187480536], [-0.41767915694589103, 0.0, -0.9085945860794956, -0.011855029752473673], [0.0, 0.0, 0.0, 1.0]]}