{"ecm_psm_transform": [[-0.3892828370759338, 0.03150658725180217, -0.9205792783448132, 0.010219910547755583], [0.42922586309263405, -0.878070988135367, -0.21155731669541478, -0.06943872552653463], [-0.8149994056503942, -0.47749206774010944, 0.328294523309146, 0.1833083836325699], [0.0, 0.0, 0.0, 1.0]], "suj_ecm_transform": [[0.9680097035406762, 0.2509127604605943, -2.211643846312114e-05, 0.0034972878354579684], [-0.2509127614218686, 0.9680096988160767, -9.567476820126374e-05, 0.907410815444411], [-2.597093260236394e-06, 9.816340065042678e-05, 0.999999995178601, 1.0884669673251424], [0.0, 0.0, 0.0, 1.0]], "suj_psm2_transform": [[0.03469478969998777, -0.9990276043699357, 0.02720509648101832, 0.024430702229193663], [-0.8203995590557925, -0.012924512086149718, 0.5716445753161632, -0.03260813673687046], [-0.5707370980309019, -0.042152137480830854, -0.8200502193384636, 0.11651745641348632], [0.0, 0.0, 0.0, 1.0]], "ecm_transform": [[0.9449772455288368, -0.30405422441706687, -0.12070225369424012, -0.0062680522947810065], [-0.32139583505640146, -0.7940747815145943, -0.5158972364443795, 0.8655726763971965], [0.06101411837543111, 0.5263043510903986, -0.8481043611385237, 1.019710243423347], [0.0, 0.0, 0.0, 1.0]], "psm2_transform": [[0.09950760069511261, 0.9939846029795691, -0.04574763866529511, -0.008397301601865057], [0.90311460044557, -0.10951990248145942, -0.4151980363904557, -0.0762125267619058], [-0.4177107322848439, 0.0, -0.9085800702932348, -0.011857610213048337], [0.0, 0.0, 0.0, 1.0]]}