{"ecm_psm_transform": [[-0.3885545455675871, 0.030643264112623483, -0.9209160414952546, 0.00999374879324055], [0.4155505126252849, -0.8862094925961271, -0.20481822841089536, -0.06822632431425638], [-0.8224008369254185, -0.4622701867923549, 0.3316069025628575, 0.1839235991528272], [0.0, 0.0, 0.0, 1.0]], "suj_ecm_transform": [[0.9679848394307612, 0.25100866547322115, -2.2125917399784268e-05, 0.003544491016144402], [-0.2510086664349635, 0.967984834706257, -9.56725765299271e-05, 0.9073759013543116], [-2.5970932602071544e-06, 9.816340065041869e-05, 0.999999995178601, 1.0884645630907128], [0.0, 0.0, 0.0, 1.0]], "suj_psm2_transform": [[0.034371290368664154, -0.999037251915962, 0.027261395463096305, 0.0242668648958502], [-0.8204456471591528, -0.012629729668928502, 0.5715850155366993, -0.0325686244198522], [-0.5706904191030298, -0.04201260778257093, -0.8200898647900217, 0.11651103793974515], [0.0, 0.0, 0.0, 1.0]], "ecm_transform": [[0.9449631882282231, -0.30408895335743513, -0.12072481658520622, -0.006255976170038315], [-0.3214371637698742, -0.7940614828017377, -0.5158919569815804, 0.865567374691133], [0.06101411837543107, 0.5263043510903985, -0.8481043611385238, 1.0197086243457205], [0.0, 0.0, 0.0, 1.0]], "psm2_transform": [[0.11504454792771208, 0.9919531358396376, -0.05285573090988072, -0.009707083563459604], [0.9013724982468722, -0.12660559347007289, -0.4141239465501639, -0.07605487022109542], [-0.41748337858686146, 0.0, -0.9086845594614774, -0.011877544303846948], [0.0, 0.0, 0.0, 1.0]]}