{"ecm_psm_transform": [[-0.40273538947652754, 0.040852508920875184, -0.9144043299208832, 0.011209875315922251], [0.7073795797490109, -0.6200951183099263, -0.3392582709416399, -0.09282822056158019], [-0.580877212685523, -0.7834622625009249, 0.22083601839290026, 0.1635652410088415], [0.0, 0.0, 0.0, 1.0]], "suj_ecm_transform": [[0.9679869788868853, 0.25100041477240786, -2.2125101926549983e-05, 0.00354508286848057], [-0.2510004157341099, 0.9679869741623729, -9.567276511836458e-05, 0.9073960491936639], [-2.5970932602174594e-06, 9.816340065040391e-05, 0.999999995178601, 1.0884637574486724], [0.0, 0.0, 0.0, 1.0]], "suj_psm2_transform": [[0.03444537924013842, -0.9990351035892014, 0.027246607963499037, 0.024269001180902555], [-0.8204284441868223, -0.01269783649527105, 0.5716081987843855, -0.03255070611465122], [-0.5707106831120241, -0.04204315336476239, -0.8200741975193182, 0.11653771184759454], [0.0, 0.0, 0.0, 1.0]], "ecm_transform": [[0.944974003568482, -0.30406223421537004, -0.12070745753147219, -0.0062684183453275335], [-0.3214053670034519, -0.794071714486338, -0.5158960188973205, 0.8655750414244754], [0.06101411837543108, 0.5263043510903986, -0.8481043611385238, 1.0197089561836765], [0.0, 0.0, 0.0, 1.0]], "psm2_transform": [[-0.26271387043098965, 0.9572811363499419, 0.12080665657045998, 0.0221644475614928], [0.8697332082174323, 0.28915882484988054, -0.39993914604005526, -0.0733770015812239], [-0.41778651104000675, 0.0, -0.908545227929253, -0.011834733563201319], [0.0, 0.0, 0.0, 1.0]]}