{"ecm_psm_transform": [[-0.38506735853566176, 0.026149537702536228, -0.922517929944081, 0.009762959253341317], [0.2989340726692291, -0.94217348222236, -0.1514844863158616, -0.058380270559939995], [-0.8731331797542438, -0.334103772913351, 0.35498326627787374, 0.18824751467270084], [0.0, 0.0, 0.0, 1.0]], "suj_ecm_transform": [[0.9680072201087054, 0.25092234122978707, -2.211738539372817e-05, 0.0034969526466563927], [-0.2509223421911081, 0.9680072153841154, -9.567454930129715e-05, 0.9074057112380978], [-2.597093260226055e-06, 9.81634006504396e-05, 0.9999999951786009, 1.0884656659460807], [0.0, 0.0, 0.0, 1.0]], "suj_psm2_transform": [[0.034556379150825385, -0.999032113511596, 0.027215672553477288, 0.024327943749848258], [-0.820404838010172, -0.012805055926800417, 0.5716396874887318, -0.03255292559868456], [-0.5707379069498433, -0.0420816672110933, -0.8200532756200948, 0.11655430474990225], [0.0, 0.0, 0.0, 1.0]], "ecm_transform": [[0.9449619747943315, -0.3040919509419736, -0.12072676407947716, -0.0062388234889053235], [-0.32144073100910264, -0.7940603348585163, -0.5158915012410213, 0.8655813624863602], [0.061014118375431026, 0.5263043510903983, -0.8481043611385238, 1.0197162522756154], [0.0, 0.0, 0.0, 1.0]], "psm2_transform": [[0.23977671039731324, 0.9645530044561942, -0.11020268030121616, -0.02023246694126938], [0.8764184368494894, -0.26388918430759734, -0.40280668062455055, -0.0739525828880292], [-0.4176096894246357, 0.0, -0.9086265169466823, -0.01186463804021233], [0.0, 0.0, 0.0, 1.0]]}