{"ecm_psm_transform": [[-0.4028690063063946, 0.04086016489464508, -0.9143451266794617, 0.011223925333850006], [0.7091371021985273, -0.6176471416887463, -0.3400537878765614, -0.09295568684893477], [-0.5786373078562889, -0.7853931851553745, 0.21985543129138757, 0.16339265724375418], [0.0, 0.0, 0.0, 1.0]], "suj_ecm_transform": [[0.9679873148985413, 0.2509991189347043, -2.2124973850048105e-05, 0.0035440807427944004], [-0.2509991198964, 0.9679873101740275, -9.567279473703253e-05, 0.9073919938699535], [-2.597093260237212e-06, 9.816340065043235e-05, 0.9999999951786009, 1.0884659351667318], [0.0, 0.0, 0.0, 1.0]], "suj_psm2_transform": [[0.03440700009907736, -0.9990369158945768, 0.027228643448300338, 0.024271874102124114], [-0.8204126566693283, -0.012675399461931434, 0.5716313558800423, -0.032530436791813055], [-0.570735692874519, -0.04200684382732228, -0.8200586527503443, 0.11655198897627672], [0.0, 0.0, 0.0, 1.0]], "ecm_transform": [[0.9449581218151917, -0.30410146883029837, -0.12073294774319143, -0.006232444566459343], [-0.32145205766081825, -0.7940566898393147, -0.5158900541269006, 0.8655639266030898], [0.061014118375431026, 0.5263043510903985, -0.8481043611385237, 1.01971320629821], [0.0, 0.0, 0.0, 1.0]], "psm2_transform": [[-0.26539760307497656, 0.9563833318032375, 0.1220452167477105, 0.022391057896364676], [0.868911957817215, 0.2921145711000025, -0.39957613406373027, -0.07330834087763949], [-0.41779914054999173, 0.0, -0.9085394202541177, -0.011833668041588776], [0.0, 0.0, 0.0, 1.0]]}