{"ecm_psm_transform": [[-0.4001664325306222, 0.03959759845054657, -0.915586618771083, 0.011022894311515402], [0.6664031738373812, -0.6732507030944626, -0.32037524979666715, -0.08932799566425946], [-0.6291054253264553, -0.7383532494543253, 0.24302436677226175, 0.1676691032053434], [0.0, 0.0, 0.0, 1.0]], "suj_ecm_transform": [[0.9679984369033581, 0.25095622260332345, -2.2120734115395496e-05, 0.0035247244322266502], [-0.2509562235648098, 0.9679984321788018, -9.567377510511215e-05, 0.9073887558444992], [-2.5970932602318556e-06, 9.816340065047288e-05, 0.999999995178601, 1.0884744394356245], [0.0, 0.0, 0.0, 1.0]], "suj_psm2_transform": [[0.03442187908825731, -0.9990369117352912, 0.027209984021411227, 0.02429956628466476], [-0.8203964608958044, -0.012697116819803816, 0.5716541176044333, -0.03250848383878607], [-0.5707580758865112, -0.042000383508681405, -0.8200434053118478, 0.1165715398258711], [0.0, 0.0, 0.0, 1.0]], "ecm_transform": [[0.9449617283610592, -0.3040925597093717, -0.12072715958839644, -0.006234445615766939], [-0.32144145546545305, -0.7940601017257551, -0.5158914086855243, 0.8655671035998416], [0.06101411837543114, 0.5263043510903987, -0.8481043611385235, 1.0197067481669206], [0.0, 0.0, 0.0, 1.0]], "psm2_transform": [[-0.20142228381257465, 0.9751165978434629, 0.09261038923315656, 0.016993171457134817], [0.8859573513586032, 0.22169262642268941, -0.4073474572934737, -0.07474458580439297], [-0.41774230711932353, 0.0, -0.9085655534096728, -0.011839212087172899], [0.0, 0.0, 0.0, 1.0]]}