{"ecm_psm_transform": [[-0.399280688078274, 0.03925449895066289, -0.9159880001615045, 0.010970135443536849], [0.6507875590547697, -0.6915978505421363, -0.3133176760175391, -0.08804674937198903], [-0.645794460418541, -0.7212152920159344, 0.2505953260838996, 0.16903746081434862], [0.0, 0.0, 0.0, 1.0]], "suj_ecm_transform": [[0.9680069998836273, 0.25092319081168424, -2.2117469363520586e-05, 0.0035035290945389513], [-0.25092319177300937, 0.9680069951590381, -9.567452988964974e-05, 0.9074027866663347], [-2.5970932602151216e-06, 9.816340065039261e-05, 0.9999999951786009, 1.0884741035578422], [0.0, 0.0, 0.0, 1.0]], "suj_psm2_transform": [[0.03456877279124678, -0.9990318562819531, 0.027209374883341964, 0.024321283015244277], [-0.8203959048864427, -0.012818190103945061, 0.5716522135424774, -0.03253943510645568], [-0.5707499971031644, -0.042083775214377006, -0.8200447528461137, 0.11653629084993056], [0.0, 0.0, 0.0, 1.0]], "ecm_transform": [[0.9449702503477899, -0.30407150683142437, -0.12071348181086645, -0.006259601206841037], [-0.3214164017540241, -0.7940681637974043, -0.5158946093214334, 0.8655737837203148], [0.06101411837543115, 0.5263043510903986, -0.8481043611385235, 1.0197127045014496], [0.0, 0.0, 0.0, 1.0]], "psm2_transform": [[-0.17911890537256556, 0.9803746500971466, 0.08235267563978244, 0.015111397922675247], [0.8907403294372762, 0.19714346412421924, -0.40953158616531077, -0.0751474643946945], [-0.41772967724607085, 0.0, -0.9085713602947725, -0.011840277613197822], [0.0, 0.0, 0.0, 1.0]]}