{"ecm_psm_transform": [[-0.4171729328848997, 0.054388568087832906, -0.907198229567037, 0.013594328503374276], [0.7186540142135817, -0.5913020181765364, -0.36592120894403, -0.09537104899597706], [-0.5563300746166041, -0.8046140733057745, 0.20758863435981606, 0.1660288265954545], [0.0, 0.0, 0.0, 1.0]], "suj_ecm_transform": [[0.9679797318014081, 0.2510283616088667, -2.2127864104429584e-05, 0.0036020696989436524], [-0.2510283625707052, 0.9679797270769234, -9.567212630038568e-05, 0.907353500089696], [-2.5970932602213845e-06, 9.81634006504398e-05, 0.999999995178601, 1.0884614948942637], [0.0, 0.0, 0.0, 1.0]], "suj_psm2_transform": [[0.051990581057823275, -0.9985185952370046, 0.0160497491316568, 0.02540814683004508], [-0.8196268717156359, -0.033483332817427, 0.5719184011597092, -0.03322707670223196], [-0.5705337594243749, -0.042889175666555146, -0.8201534904929276, 0.12115847101737032], [0.0, 0.0, 0.0, 1.0]], "ecm_transform": [[0.9506353746164052, -0.28586620193356777, -0.1207182634070085, -0.005538599349705797], [-0.3061179412754032, -0.8001902827828345, -0.5157395828993899, 0.8682643859523673], [0.050834934417544136, 0.5272343178625652, -0.8481979624537893, 1.0241859790638035], [0.0, 0.0, 0.0, 1.0]], "psm2_transform": [[-0.2933121157461901, 0.9465342087838691, 0.13431676871630222, 0.02472060967311742], [0.8605919864417173, 0.32260345875686924, -0.39409191982379493, -0.07253146884340657], [-0.4163525376754572, 0.0, -0.909203258007365, -0.011952652024231694], [0.0, 0.0, 0.0, 1.0]]}