{"ecm_psm_transform": [[-0.40562489805424184, 0.05326997502050763, -0.9124860282984069, 0.012634211294365346], [0.5723852798187985, -0.7635217430168668, -0.2990144467868431, -0.0830718384295428], [-0.7126314149160435, -0.6435812751329864, 0.2792124796153599, 0.179199801388132], [0.0, 0.0, 0.0, 1.0]], "suj_ecm_transform": [[0.9679815442050168, 0.2510213727730362, -2.212717334954221e-05, 0.0035964297523834454], [-0.2510213737348406, 0.9679815394805252, -9.567228606142748e-05, 0.9073488779081675], [-2.5970932602318285e-06, 9.816340065043571e-05, 0.9999999951786012, 1.0884593171762038], [0.0, 0.0, 0.0, 1.0]], "suj_psm2_transform": [[0.052013554952973134, -0.9985173723398988, 0.01605139360237612, 0.025428905731021245], [-0.8196299584809965, -0.03350153895018812, 0.5719129112447185, -0.0332452843068734], [-0.5705272309553633, -0.04290342670921965, -0.8201572865706996, 0.1211463964137427], [0.0, 0.0, 0.0, 1.0]], "ecm_transform": [[0.9506447961388322, -0.28584157282352657, -0.12070238945410737, -0.005555240362259824], [-0.3060886816217196, -0.800199081050315, -0.5157432982301459, 0.8682723878226863], [0.050834934417544095, 0.527234317862565, -0.8481979624537894, 1.0241805490510987], [0.0, 0.0, 0.0, 1.0]], "psm2_transform": [[-0.083666488214401, 0.9957566980976693, 0.03832123358526689, 0.007052790557058519], [0.9053135344237798, 0.0920249867896056, -0.41465504482098925, -0.07631474540199834], [-0.4164220492949349, 0.0, -0.9091714232536166, -0.011954300906936471], [0.0, 0.0, 0.0, 1.0]]}