{"ecm_psm_transform": [[-0.4003212835003812, 0.051659708613827675, -0.9149175615772944, 0.012169345383138038], [0.4911656334049835, -0.8307872340036528, -0.26181843399279886, -0.07619146578799248], [-0.7736272943339637, -0.5541875551855117, 0.3072083383292463, 0.1843721607924293], [0.0, 0.0, 0.0, 1.0]], "suj_ecm_transform": [[0.9679843567012044, 0.2510105270545269, -2.2126101392606873e-05, 0.0035827941572843802], [-0.2510105280162784, 0.967984351976702, -9.567253397827875e-05, 0.9073670365750924], [-2.5970932602365126e-06, 9.816340065043823e-05, 0.999999995178601, 1.0884614989340895], [0.0, 0.0, 0.0, 1.0]], "suj_psm2_transform": [[0.0519875224347581, -0.9985185623358006, 0.016061699223361314, 0.02541658996807139], [-0.81963720038625, -0.033474746433775265, 0.5719041013091137, -0.03320696326311379], [-0.5705191997243265, -0.04289664348221961, -0.8201632280978425, 0.1211685994083267], [0.0, 0.0, 0.0, 1.0]], "ecm_transform": [[0.9506465689887083, -0.2858369380651892, -0.12069940226659948, -0.005566814490931892], [-0.30608317548137337, -0.8002007366314488, -0.5157439973298048, 0.8682778066801785], [0.05083493441754408, 0.5272343178625649, -0.8481979624537894, 1.0241811238508363], [0.0, 0.0, 0.0, 1.0]], "psm2_transform": [[0.017979888451221948, 0.9998044233375437, -0.00823642434332572, -0.0015158393761562552], [0.9089704591836487, -0.01977662950762118, -0.4163911493497255, -0.07663302347683729], [-0.41647260167116473, 0.0, -0.9091482673674584, -0.011955294300960224], [0.0, 0.0, 0.0, 1.0]]}