{"ecm_psm_transform": [[-0.3969520822893233, 0.05030546350580039, -0.9164597125393116, 0.011886456762628672], [0.4350204796164421, -0.8689103345193465, -0.23611864153378198, -0.07148469025890922], [-0.8081993731007541, -0.49240653012215874, 0.3230318597485463, 0.18727934460753926], [0.0, 0.0, 0.0, 1.0]], "suj_ecm_transform": [[0.9679858037588327, 0.25100494662820233, -2.2125549840845417e-05, 0.003587889436168931], [-0.2510049475899265, 0.9679857990343247, -9.56726615334767e-05, 0.9073583893896644], [-2.597093260223851e-06, 9.816340065042889e-05, 0.9999999951786009, 1.0884643201289312], [0.0, 0.0, 0.0, 1.0]], "suj_psm2_transform": [[0.05200884602536659, -0.9985175707065639, 0.016054311737740135, 0.02542078300612255], [-0.8196324174966543, -0.033496175280080094, 0.571909701290507, -0.03323060991718768], [-0.570524127556145, -0.0429029979356802, -0.8201594678136875, 0.12115813540371279], [0.0, 0.0, 0.0, 1.0]], "ecm_transform": [[0.9506417804290321, -0.28584945657483596, -0.12070747068259946, -0.005554407444822071], [-0.3060980476015547, -0.8001962648274901, -0.5157421090144276, 0.8682669459883308], [0.05083493441754408, 0.5272343178625651, -0.8481979624537892, 1.0241847547275444], [0.0, 0.0, 0.0, 1.0]], "psm2_transform": [[0.0838953351339185, 0.9957332131765192, -0.03843098905742749, -0.007073365534028932], [0.9052720078083444, -0.09227875257698606, -0.4146893098471246, -0.07632509970585813], [-0.4164662826945497, 0.0, -0.9091511620069479, -0.011958829840131715], [0.0, 0.0, 0.0, 1.0]]}