{"ecm_psm_transform": [[-0.6024366348010091, 0.16134375211982813, -0.7816893850510772, 0.052221149239969504], [0.6134847757652808, -0.5329017847936333, -0.5827968065011881, 0.21278616126315567], [-0.5105942919323117, -0.8306526839875108, 0.22205762232016615, -0.1824953882904684], [0.0, 0.0, 0.0, 1.0]], "suj_ecm_transform": [[0.9934845220575766, 0.11396711963520138, -8.607228110858145e-06, -0.0924281706621641], [-0.1139671199306352, 0.9934845172452376, -9.78198024170787e-05, 1.0067373992783049], [-2.597093260223428e-06, 9.816340065047851e-05, 0.999999995178601, 0.742554793036073], [0.0, 0.0, 0.0, 1.0]], "suj_psm2_transform": [[0.19882191930334941, -0.9771868834525743, -0.07467020297801197, 0.04692766910895716], [-0.7814152242659465, -0.20405099774001428, 0.589706229920208, 0.27793470401474374], [-0.591489722387408, -0.05889809105183108, -0.8041585186892676, -0.2253193571294949], [0.0, 0.0, 0.0, 1.0]], "ecm_transform": [[0.9913135133221939, 0.13005851717697545, 0.019552504047694232, -0.08851395651183867], [0.11653702674095198, -0.7997084337640609, -0.5889698993709367, 0.8887092010002015], [-0.06096424938590944, 0.5861324108734809, -0.807918410002182, 0.580649120916905], [0.0, 0.0, 0.0, 1.0]], "psm2_transform": [[-0.29715267564052017, 0.9398187675924363, 0.16864451203853026, 0.026630585584151018], [0.8173586094834531, 0.341673358752236, -0.4638795311524771, -0.07325102611266417], [-0.4935840261424147, 0.0, -0.8696981137941165, -0.00559865578204569], [0.0, 0.0, 0.0, 1.0]]}