{"ecm_psm_transform": [[-0.5702629134573368, 0.18686790618400156, -0.7999253685023104, 0.049303360570370124], [0.49879199262720597, -0.694948873610697, -0.5179310872676063, 0.22306046523555464], [-0.6526919316386033, -0.6943532593036706, 0.3030953540855388, -0.16976847644397405], [0.0, 0.0, 0.0, 1.0]], "suj_ecm_transform": [[0.9934784696069191, 0.11401986823935567, -8.612421812018472e-06, -0.09238406298912036], [-0.114019868535045, 0.9934784647945957, -9.78193452809506e-05, 1.0067258171064666], [-2.5970932602264227e-06, 9.81634006504443e-05, 0.9999999951786009, 0.7425457834913627], [0.0, 0.0, 0.0, 1.0]], "suj_psm2_transform": [[0.19871862499167123, -0.9772160337341159, -0.0745636070370978, 0.04689329217668727], [-0.7814730245504492, -0.20390767945461089, 0.5896792095363449, 0.27794195554051], [-0.5914480704012757, -0.05891079419256606, -0.8041882232078561, -0.22534565389208294], [0.0, 0.0, 0.0, 1.0]], "ecm_transform": [[0.9913140225320687, 0.13005502277561842, 0.019549930488948666, -0.08851184106660638], [0.11653269510357164, -0.7997090020591706, -0.5889699848017922, 0.8887244836107273], [-0.06096424938590944, 0.5861324108734807, -0.8079184100021819, 0.5806491213288986], [0.0, 0.0, 0.0, 1.0]], "psm2_transform": [[-0.11708096561178105, 0.9908918269324295, 0.06652394162950058, 0.010496315337744862], [0.8615352925288846, 0.13466026629452452, -0.4895135875628553, -0.07723668879674417], [-0.49401314478319536, 0.0, -0.8694544339880139, -0.005561504193942194], [0.0, 0.0, 0.0, 1.0]]}