{"ecm_psm_transform": [[-0.5664612363995215, 0.18906837691466175, -0.8021064870125293, 0.048797663710812074], [0.48429204820575783, -0.7111439986117838, -0.509642448470607, 0.22447146663760237], [-0.6667704850256927, -0.6771464849567624, 0.3112711972047909, -0.1683765125302079], [0.0, 0.0, 0.0, 1.0]], "suj_ecm_transform": [[0.9934940374750625, 0.11388414036886486, -8.599057871418724e-06, -0.09248106614108528], [-0.11388414066389675, 0.9934940326626988, -9.78205209779129e-05, 1.0067443342680342], [-2.597093260228414e-06, 9.816340065046639e-05, 0.9999999951786009, 0.742546217698284], [0.0, 0.0, 0.0, 1.0]], "suj_psm2_transform": [[0.19858761768699754, -0.97723567647153, -0.07465514538619555, 0.04672986168391661], [-0.7814676178435915, -0.203854895777347, 0.5897046241377707, 0.27805175710521596], [-0.5914992141696093, -0.05876745782180892, -0.8041610942702317, -0.22522426827892672], [0.0, 0.0, 0.0, 1.0]], "ecm_transform": [[0.9913075024450627, 0.13009975621529957, 0.019582875908594633, -0.08855090796260315], [0.11658814645127709, -0.7997017258680644, -0.5889688903080491, 0.8887282485872048], [-0.06096424938590944, 0.5861324108734808, -0.807918410002182, 0.5806497003172376], [0.0, 0.0, 0.0, 1.0]], "psm2_transform": [[-0.09655652277637303, 0.9938142588199851, 0.05486398523092857, 0.008656498980790123], [0.8640693890844922, 0.11105502674838177, -0.4909693186758913, -0.07746567058204099], [-0.49402523089057754, 0.0, -0.8694475667017025, -0.005561076528205623], [0.0, 0.0, 0.0, 1.0]]}