{"ecm_psm_transform": [[-0.5620445352971996, 0.1918015723984032, -0.8045608101119859, 0.048552015898330234], [0.4668408950086325, -0.7294170630882991, -0.5000103267165381, 0.22590609139360435], [-0.682763150067499, -0.6566299604047477, 0.32042405653877765, -0.16701624537446544], [0.0, 0.0, 0.0, 1.0]], "suj_ecm_transform": [[0.9934850370124032, 0.11396263053469625, -8.60678610809485e-06, -0.09242984389251324], [-0.11396263083010834, 0.9934850322000628, -9.781984130818737e-05, 1.0067302260350623], [-2.597093260227911e-06, 9.816340065048244e-05, 0.9999999951786013, 0.7425466569864603], [0.0, 0.0, 0.0, 1.0]], "suj_psm2_transform": [[0.1987370721885913, -0.9772040839083943, -0.07467097515542792, 0.046878323820375635], [-0.78143268146448, -0.20398358931290067, 0.5897064181694638, 0.2779350101434677], [-0.5914951736718901, -0.05884618665454666, -0.8041583089411433, -0.22530142910086248], [0.0, 0.0, 0.0, 1.0]], "ecm_transform": [[0.9913138955764546, 0.1300558940080908, 0.01955057213461085, -0.08852648822012252], [0.11653377507764436, -0.7997088603719463, -0.5889699635030261, 0.8887099526746655], [-0.0609642493859095, 0.5861324108734811, -0.807918410002182, 0.5806409821206678], [0.0, 0.0, 0.0, 1.0]], "psm2_transform": [[-0.07265270976249442, 0.9965018669224345, 0.0412990675956421, 0.006514317284978002], [0.8663171457475964, 0.08357050448634774, -0.4924536260031345, -0.07767727831852606], [-0.4941823415986295, 0.0, -0.8693582766915464, -0.005547646060125939], [0.0, 0.0, 0.0, 1.0]]}