{"ecm_psm_transform": [[-0.5589254866198679, 0.19325285112520701, -0.8063842979242113, 0.04815218880557933], [0.45596825498526056, -0.7406186987641253, -0.4935350985356876, 0.22700976395752165], [-0.6926003543548334, -0.6435349862850605, 0.325833501308025, -0.16606796786566078], [0.0, 0.0, 0.0, 1.0]], "suj_ecm_transform": [[0.9934977138458772, 0.1138520641408255, -8.59589961190284e-06, -0.0924903281692764], [-0.11385206443570202, 0.9934977090335038, -9.78207985580284e-05, 1.0067404583190265], [-2.597093260227967e-06, 9.816340065047645e-05, 0.9999999951786012, 0.742551598643695], [0.0, 0.0, 0.0, 1.0]], "suj_psm2_transform": [[0.19864210683390052, -0.9772260685383429, -0.07463594550672992, 0.04676143648534965], [-0.7814631422519229, -0.20388756830253882, 0.589699259617501, 0.27805272485391797], [-0.59148683053331, -0.058813862828179186, -0.8041668103353233, -0.225228913179652], [0.0, 0.0, 0.0, 1.0]], "ecm_transform": [[0.9913152727209612, 0.1300464429190502, 0.01954361159736323, -0.08851385619258906], [0.11652205957233597, -0.799710397336275, -0.5889701945135067, 0.8887120020822317], [-0.06096424938590947, 0.586132410873481, -0.8079184100021818, 0.5806419980625529], [0.0, 0.0, 0.0, 1.0]], "psm2_transform": [[-0.05768453310965349, 0.99779683842096, 0.03277138808561493, 0.0051715345477873036], [0.8675662923342158, 0.06634356967436025, -0.492876515131656, -0.07777906505325076], [-0.4939647993990902, 0.0, -0.8694819014531681, -0.0055684620314367], [0.0, 0.0, 0.0, 1.0]]}