{"ecm_psm_transform": [[-0.5498749862759519, 0.19771378190386668, -0.8115089401314641, 0.04739294211325398], [0.420538199096667, -0.773910535461002, -0.47350829581222503, 0.23014685451021905], [-0.7216544343164213, -0.6016408758950272, 0.3424078472869898, -0.1635307262948472], [0.0, 0.0, 0.0, 1.0]], "suj_ecm_transform": [[0.9934908629564262, 0.11391183058886062, -8.601784282117563e-06, -0.0924587877919247], [-0.11391183088402662, 0.9934908581440706, -9.782028127047182e-05, 1.006729678470876], [-2.597093260225524e-06, 9.816340065048682e-05, 0.999999995178601, 0.7425431646540441], [0.0, 0.0, 0.0, 1.0]], "suj_psm2_transform": [[0.19867931696428803, -0.9772246317701151, -0.07455567096047833, 0.04681173606753124], [-0.7814831270718198, -0.20387164554245468, 0.5896782802900764, 0.2780162312327301], [-0.5914479276425391, -0.0588928790735761, -0.8041896403720774, -0.2252976854656068], [0.0, 0.0, 0.0, 1.0]], "ecm_transform": [[0.9913144810334833, 0.13005187624268993, 0.01954761312979128, -0.08851430705510106], [0.11652879468238125, -0.7997095137669659, -0.5889700617183139, 0.8887158449259415], [-0.06096424938590947, 0.586132410873481, -0.8079184100021819, 0.5806575509239514], [0.0, 0.0, 0.0, 1.0]], "psm2_transform": [[-0.011071273921771978, 0.9999189137021325, 0.006292290083620177, 0.0009926438339395477], [0.8693255605916334, 0.012734442302171425, -0.4940758076260111, -0.07794321263340323], [-0.49411587365292314, 0.0, -0.8693960566992518, -0.005553605682309972], [0.0, 0.0, 0.0, 1.0]]}