{"ecm_psm_transform": [[-0.5991686334053435, 0.16459961739352585, -0.7835202069487921, 0.05184340760791855], [0.6021173707009493, -0.552372991714887, -0.5764882912289903, 0.21383341049281437], [-0.5276851529495111, -0.8171848285289263, 0.231856281732458, -0.18090296612068676], [0.0, 0.0, 0.0, 1.0]], "suj_ecm_transform": [[0.9934937492490744, 0.11388665474527458, -8.599305439710545e-06, -0.09247624587728814], [-0.11388665504031863, 0.9934937444367113, -9.782049921475282e-05, 1.006755183580888], [-2.597093260227947e-06, 9.816340065047955e-05, 0.9999999951786009, 0.7425404041939256], [0.0, 0.0, 0.0, 1.0]], "suj_psm2_transform": [[0.1988177955601975, -0.9771894447237804, -0.074647660974831, 0.04684422430657509], [-0.7814234087929354, -0.20403482605341053, 0.589700980114315, 0.2779745952266668], [-0.5914802958332702, -0.058911619208644184, -0.8041644612659796, -0.22526590642088506], [0.0, 0.0, 0.0, 1.0]], "ecm_transform": [[0.9913132549724486, 0.1300602900254073, 0.019553809716695843, -0.08854293439576072], [0.11653922435275794, -0.799708145439415, -0.5889698560241513, 0.8887033802303921], [-0.06096424938590943, 0.5861324108734808, -0.8079184100021823, 0.5806498494932538], [0.0, 0.0, 0.0, 1.0]], "psm2_transform": [[-0.2757675680672379, 0.948384407516046, 0.15658628286896525, 0.02471818338661346], [0.824707251322882, 0.31712302909192563, -0.4682850990956452, -0.07392190902411902], [-0.49377140259206787, 0.0, -0.8695917444308346, -0.005583174468824614], [0.0, 0.0, 0.0, 1.0]]}