{"ecm_psm_transform": [[-0.5420421302258058, 0.2010291659492553, -0.8159519615136775, 0.04667725882835539], [0.38936771325887104, -0.8003709538353235, -0.4558498877133704, 0.23288653954814187], [-0.7447033724455855, -0.5647951935830207, 0.3555605101437591, -0.16146175127337908], [0.0, 0.0, 0.0, 1.0]], "suj_ecm_transform": [[0.9934882353153341, 0.11393474542910062, -8.604040504998443e-06, -0.0924561693899487], [-0.11393474572437762, 0.9934882305029853, -9.782008284423007e-05, 1.0067245544170857], [-2.5970932602239693e-06, 9.816340065045315e-05, 0.9999999951786009, 0.7425411320836184], [0.0, 0.0, 0.0, 1.0]], "suj_psm2_transform": [[0.19868848882856882, -0.9772165653591165, -0.07463691308428944, 0.04679852811211704], [-0.7814534915064071, -0.2039252453642133, 0.5896990206161035, 0.27796443007222077], [-0.5914840023360446, -0.05884113094492244, -0.8041668957931909, -0.22529844107228347], [0.0, 0.0, 0.0, 1.0]], "ecm_transform": [[0.9913108243445024, 0.13007696782024714, 0.019566092612323605, -0.08854808019534785], [0.11655989805347408, -0.799705432872837, -0.5889694481035772, 0.8887181485304269], [-0.060964249385909455, 0.5861324108734809, -0.8079184100021821, 0.5806504271082807], [0.0, 0.0, 0.0, 1.0]], "psm2_transform": [[0.028509840545270945, 0.9994621791684977, -0.016203129445918625, -0.002556200649087416], [0.8689319098362615, -0.03279256641005657, -0.4938440884090335, -0.07790868940179513], [-0.4941098309691788, 0.0, -0.8693994909934153, -0.005554803215037318], [0.0, 0.0, 0.0, 1.0]]}