{"ecm_psm_transform": [[-0.5376727696923469, 0.20262968604974518, -0.8184431581134651, 0.046210756018125534], [0.3717037450626813, -0.8143109892791079, -0.44579584861869015, 0.2345054455654024], [-0.7567987305999778, -0.5439106756358645, 0.3625146318310474, -0.16032156834026506], [0.0, 0.0, 0.0, 1.0]], "suj_ecm_transform": [[0.9934983989663814, 0.1138460854722616, -8.595310946138199e-06, -0.0925088923500017], [-0.11384608576710914, 0.9934983941540063, -9.782085028458374e-05, 1.0067369796715364], [-2.5970932602253745e-06, 9.816340065043307e-05, 0.9999999951786009, 0.742540547327369], [0.0, 0.0, 0.0, 1.0]], "suj_psm2_transform": [[0.19863476121718165, -0.9772234664203056, -0.07468954621414808, 0.04672412751144842], [-0.7814462601179984, -0.20391220923253459, 0.5897131111595713, 0.2779989295898975], [-0.5915116010559616, -0.05877165646286625, -0.8041516761238666, -0.22524619526982392], [0.0, 0.0, 0.0, 1.0]], "ecm_transform": [[0.991313530346619, 0.13005840035071503, 0.019552418007398428, -0.08852805819285343], [0.1165368819238594, -0.7997084527637894, -0.5889699022272787, 0.888710543667056], [-0.06096424938590947, 0.5861324108734809, -0.8079184100021819, 0.5806478114295802], [0.0, 0.0, 0.0, 1.0]], "psm2_transform": [[0.050388225142405936, 0.9983190510259498, -0.02863737288309465, -0.004517823016612625], [0.86793807481099, -0.05795750476553657, -0.49327925755574303, -0.07781958186250003], [-0.4941098309691788, 0.0, -0.8693994909934153, -0.005554803215037318], [0.0, 0.0, 0.0, 1.0]]}