{"ecm_psm_transform": [[-0.5344571972596712, 0.2037395987468387, -0.8202717112029494, 0.04599186136984256], [0.35968150968899004, -0.8234181247047178, -0.4388756127829563, 0.2356258433440734], [-0.7648429354352344, -0.5295967973942475, 0.36680037664180576, -0.15960972535908435], [0.0, 0.0, 0.0, 1.0]], "suj_ecm_transform": [[0.9934958149398013, 0.11386863318395668, -8.597531017164152e-06, -0.09249012559233136], [-0.11386863347891343, 0.9934958101274329, -9.782065518628517e-05, 1.0067442412635657], [-2.5970932602281845e-06, 9.816340065046074e-05, 0.9999999951786009, 0.742550581603161], [0.0, 0.0, 0.0, 1.0]], "suj_psm2_transform": [[0.19870587628512384, -0.9772115526337404, -0.07465625311329299, 0.046792437863593855], [-0.7814432273894212, -0.2039501602793518, 0.589704005827697, 0.27803616225297184], [-0.591491721917532, -0.05883802784918701, -0.804161444849137, -0.22524138382362002], [0.0, 0.0, 0.0, 1.0]], "ecm_transform": [[0.9913063656835082, 0.1301075531638295, 0.019588618253362097, -0.08856231438228628], [0.11659781152391886, -0.7997004573797379, -0.5889686993503733, 0.8887207492730723], [-0.060964249385909455, 0.5861324108734809, -0.8079184100021817, 0.5806491228395417], [0.0, 0.0, 0.0, 1.0]], "psm2_transform": [[0.06512779939500862, 0.9971908939759028, -0.03699582027071778, -0.0058384054484315], [0.8670633989248434, -0.07490207588271328, -0.49253501527643523, -0.07772821620633956], [-0.4939224959352039, 0.0, -0.8695059332800086, -0.005570286588904346], [0.0, 0.0, 0.0, 1.0]]}