{"ecm_psm_transform": [[-0.5348245242317847, 0.20370409153402114, -0.8200410790762525, 0.04606083143079144], [0.360790870417528, -0.822531122218017, -0.4396276843035851, 0.23542685367703442], [-0.7640632670817309, -0.5309870017948359, 0.3664152396139157, -0.15974757106474777], [0.0, 0.0, 0.0, 1.0]], "suj_ecm_transform": [[0.9934880479175379, 0.11393637948858881, -8.604201396526628e-06, -0.09245210069803178], [-0.11393637978387372, 0.9934880431051897, -9.782006869243453e-05, 1.006734185167888], [-2.597093260222867e-06, 9.816340065045784e-05, 0.9999999951786009, 0.7425498528894809], [0.0, 0.0, 0.0, 1.0]], "suj_psm2_transform": [[0.19876979390270405, -0.9771991136465636, -0.07464892042251647, 0.046827526417195856], [-0.7814325896443122, -0.20399711711934237, 0.5897018603063601, 0.27794190516156425], [-0.5914842997693692, -0.05888181803721715, -0.8041636989015182, -0.22531183908893815], [0.0, 0.0, 0.0, 1.0]], "ecm_transform": [[0.9913107334626947, 0.1300775913488454, 0.01956655183055297, -0.088533013281794], [0.11656067097639568, -0.7997053314518567, -0.5889694328477572, 0.8887232919096724], [-0.06096424938590948, 0.586132410873481, -0.8079184100021821, 0.5806466483716474], [0.0, 0.0, 0.0, 1.0]], "psm2_transform": [[0.06369072186327614, 0.9973133201324771, -0.03618885788291771, -0.0057099841861959376], [0.8671150638673786, -0.07325395201854447, -0.4926919164426558, -0.07773837628852288], [-0.49401918784881915, 0.0, -0.8694510003658592, -0.0055616182986324425], [0.0, 0.0, 0.0, 1.0]]}