{"ecm_psm_transform": [[-0.525007968680344, 0.20667245410821017, -0.8256228736747964, 0.04519151680176238], [0.32076252366172375, -0.850489609210117, -0.41686787839768213, 0.23903601748812453], [-0.7883387826539431, -0.48368783459842396, 0.380221044164032, -0.15759556623127924], [0.0, 0.0, 0.0, 1.0]], "suj_ecm_transform": [[0.99349034911765, 0.11391631198424572, -8.60222552561062e-06, -0.09245956385457865], [-0.11391631227943343, 0.9934903443052957, -9.782024246885006e-05, 1.0067320298726448], [-2.5970932602253864e-06, 9.816340065042457e-05, 0.999999995178601, 0.7425478190830745], [0.0, 0.0, 0.0, 1.0]], "suj_psm2_transform": [[0.1987606334316835, -0.9772050068856294, -0.07459614678717014, 0.04683787249755134], [-0.7814527642645345, -0.20395976389530854, 0.58968804628811, 0.27796109587189555], [-0.5914607238195568, -0.0589134044969995, -0.8041787257503267, -0.2253357821048203], [0.0, 0.0, 0.0, 1.0]], "ecm_transform": [[0.9913120595663281, 0.1300684927015184, 0.019559850835824972, -0.0885335458520929], [0.11654939234151888, -0.7997068113565093, -0.5889696554278726, 0.888718378840488], [-0.06096424938590951, 0.5861324108734812, -0.8079184100021817, 0.5806447608573017], [0.0, 0.0, 0.0, 1.0]], "psm2_transform": [[0.11125974980402076, 0.9917781607412357, -0.06322458343301479, -0.009974797710994954], [0.86227867509085, -0.12796905827867744, -0.489999394496398, -0.07730608211582679], [-0.4940614886399413, 0.0, -0.8694269638347347, -0.005557170087327971], [0.0, 0.0, 0.0, 1.0]]}