{"ecm_psm_transform": [[-0.5219301329540287, 0.2073325857941942, -0.8274068740241906, 0.04483529135802735], [0.3082136479502989, -0.8586322988679257, -0.40957895766011987, 0.24022338967873597], [-0.7953573307210785, -0.468789690808868, 0.3842433373001629, -0.15692848306620827], [0.0, 0.0, 0.0, 1.0]], "suj_ecm_transform": [[0.9934928648314856, 0.11389436972461249, -8.600065065235278e-06, -0.09248238498246457], [-0.11389437001969392, 0.9934928600191248, -9.782043243378153e-05, 1.0067346769501073], [-2.597093260223433e-06, 9.816340065042572e-05, 0.999999995178601, 0.7425517465837304], [0.0, 0.0, 0.0, 1.0]], "suj_psm2_transform": [[0.19863421810444154, -0.9772351120671403, -0.07453846752624144, 0.04675851081476064], [-0.7814982164202275, -0.20382576484717457, 0.589674143333814, 0.27801591805287484], [-0.5914431376979872, -0.058877782971063775, -0.8041942685336498, -0.2252984580961661], [0.0, 0.0, 0.0, 1.0]], "ecm_transform": [[0.9913164487791907, 0.1300383710813945, 0.01953766685948738, -0.08851851787827632], [0.11651205378254818, -0.7997117099118524, -0.5889703917458282, 0.888704271358984], [-0.0609642493859095, 0.5861324108734811, -0.807918410002182, 0.5806473768106649], [0.0, 0.0, 0.0, 1.0]], "psm2_transform": [[0.1258670352587692, 0.9894654018453518, -0.0715241776337501, -0.011284176230682386], [0.860271297887157, -0.14476953599088616, -0.48885077015437955, -0.07712466502129851], [-0.49405544574138066, 0.0, -0.8694303977508986, -0.005557056031146954], [0.0, 0.0, 0.0, 1.0]]}