{"ecm_psm_transform": [[-0.5219124564723563, 0.20742954451294288, -0.8273937223850226, 0.04488590443347151], [0.3075963309519244, -0.8589530157783261, -0.4093705092825236, 0.24021208940901634], [-0.7956078713561758, -0.46815884136526953, 0.38449371163599466, -0.1568599480465223], [0.0, 0.0, 0.0, 1.0]], "suj_ecm_transform": [[0.9934863880153808, 0.1139508523623039, -8.6056264139531e-06, -0.09244408480671557], [-0.11395085265765892, 0.9934863832030368, -9.781994333820233e-05, 1.00673416758878], [-2.5970932602256417e-06, 9.816340065046307e-05, 0.999999995178601, 0.7425441799092731], [0.0, 0.0, 0.0, 1.0]], "suj_psm2_transform": [[0.19867405884822234, -0.9772155697497377, -0.07468834299586963, 0.04681147498328439], [-0.781438918965169, -0.20394299327140494, 0.5897121937199938, 0.27795742045135796], [-0.5915081016075106, -0.05879613706864828, -0.8041524606680526, -0.22525990737423895], [0.0, 0.0, 0.0, 1.0]], "ecm_transform": [[0.9913147549360968, 0.13004999649478405, 0.019546228733266467, -0.08852354311855197], [0.11652646455976924, -0.799709819456625, -0.588970107664093, 0.8887125705486777], [-0.06096424938590945, 0.5861324108734809, -0.8079184100021819, 0.5806478086829564], [0.0, 0.0, 0.0, 1.0]], "psm2_transform": [[0.12655029118235045, 0.9893499331318536, -0.07191476631164856, -0.011346020322988648], [0.8601641111466449, -0.14555655193771494, -0.48880567926662394, -0.07711905990095752], [-0.4940675315146348, 0.0, -0.8694235298765702, -0.0055579399326015425], [0.0, 0.0, 0.0, 1.0]]}