{"ecm_psm_transform": [[-0.5921559597177444, 0.1711905087849082, -0.7874294438695577, 0.05126475790135389], [0.576726327683616, -0.5924337662163062, -0.5625024227533011, 0.21600882127824503], [-0.5627948670051348, -0.7872204534618795, 0.25208311193720473, -0.17779778936933174], [0.0, 0.0, 0.0, 1.0]], "suj_ecm_transform": [[0.9934855370794284, 0.11395827104660035, -8.606356867193886e-06, -0.0924317515746882], [-0.11395827134199131, 0.9934855322670867, -9.781987907444597e-05, 1.0067411984332924], [-2.5970932602267717e-06, 9.81634006504584e-05, 0.999999995178601, 0.7425348797030777], [0.0, 0.0, 0.0, 1.0]], "suj_psm2_transform": [[0.19886608724874935, -0.9771738455827452, -0.07472318817744417, 0.04688902462782055], [-0.7813880540758635, -0.20411650557087108, 0.589719561402767, 0.2778886940435018], [-0.5915107676872062, -0.05888741514589918, -0.8041438204994964, -0.22531790894473303], [0.0, 0.0, 0.0, 1.0]], "ecm_transform": [[0.9913090963197576, 0.130088822858094, 0.0195748236544169, -0.08855194825500051], [0.11657459350355343, -0.7997035044884052, -0.5889691579857513, 0.8887147036636508], [-0.060964249385909455, 0.586132410873481, -0.807918410002182, 0.5806495522398717], [0.0, 0.0, 0.0, 1.0]], "psm2_transform": [[-0.23550757784048892, 0.962614029175079, 0.1338297859784071, 0.02111371591082431], [0.8369225927304097, 0.2708767816467853, -0.4755905202399314, -0.07503175067355489], [-0.4940614886399413, 0.0, -0.8694269638347347, -0.0055565142746519525], [0.0, 0.0, 0.0, 1.0]]}