{"ecm_psm_transform": [[-0.5926730219500401, 0.17048607506860458, -0.7871932337490646, 0.051273700896994075], [0.5794353439417196, -0.5886099396860021, -0.5637313376901999, 0.2159010672036863], [-0.5594581049942421, -0.7902359376227729, 0.2500675741588829, -0.17806367475954932], [0.0, 0.0, 0.0, 1.0]], "suj_ecm_transform": [[0.993493785345282, 0.11388633985845519, -8.599274435604907e-06, -0.092482588670374], [-0.1138863401534977, 0.9934937805329188, -9.782050194026398e-05, 1.0067468762788756], [-2.5970932602243763e-06, 9.816340065045493e-05, 0.999999995178601, 0.7425437478996508], [0.0, 0.0, 0.0, 1.0]], "suj_psm2_transform": [[0.1987528085307519, -0.9772063635539401, -0.07459922339289404, 0.04685560786879156], [-0.781453567670692, -0.20395528037983685, 0.5896885323456185, 0.27801337585696023], [-0.5914622918461375, -0.058906422696228755, -0.8041780839398993, -0.22528140279919706], [0.0, 0.0, 0.0, 1.0]], "ecm_transform": [[0.9913142696983847, 0.13005332657400817, 0.019548681269924106, -0.08852636463314145], [0.11653059250330507, -0.7997092779070877, -0.5889700262663231, 0.8887161315284913], [-0.06096424938590947, 0.5861324108734809, -0.807918410002182, 0.5806545017249848], [0.0, 0.0, 0.0, 1.0]], "psm2_transform": [[-0.23969887143893817, 0.9612506823348735, 0.1361674584533302, 0.021488487948971804], [0.8358032716404804, 0.27567576192102927, -0.4748007639045341, -0.07492796450204778], [-0.4939406261343246, 0.0, -0.8694956341776716, -0.005569317257825588], [0.0, 0.0, 0.0, 1.0]]}