{"ecm_psm_transform": [[-0.5848750647548665, 0.17685651262910004, -0.7916078148734158, 0.05059299944112929], [0.5513155235254665, -0.6291697935964593, -0.5479019659990554, 0.21841009650083237], [-0.5949557564624718, -0.7568798747268038, 0.27048198292253456, -0.17486937148227183], [0.0, 0.0, 0.0, 1.0]], "suj_ecm_transform": [[0.9934860238383453, 0.11395402741374729, -8.605939033599537e-06, -0.09241911329745392], [-0.11395402770911768, 0.9934860190260023, -9.781991583522673e-05, 1.006733532482377], [-2.5970932602265917e-06, 9.816340065043874e-05, 0.9999999951786012, 0.7425436013329274], [0.0, 0.0, 0.0, 1.0]], "suj_psm2_transform": [[0.19867130345502237, -0.9772224741872344, -0.07460528886655993, 0.04687331504050379], [-0.7814685964298445, -0.2038935652831808, 0.5896899582238813, 0.2780078024901793], [-0.5914698183148924, -0.05885278225788243, -0.8041764756836991, -0.22528018046445997], [0.0, 0.0, 0.0, 1.0]], "ecm_transform": [[0.9913180444666949, 0.13002741800212878, 0.019529600160465843, -0.08850829767109623], [0.11649847643441791, -0.7997134908774146, -0.5889706592837363, 0.8887107645358049], [-0.06096424938590947, 0.5861324108734811, -0.8079184100021819, 0.5806520311023639], [0.0, 0.0, 0.0, 1.0]], "psm2_transform": [[-0.19347963297983833, 0.9749210436530096, 0.10997540754420325, 0.017347310898710232], [0.8475690726390201, 0.22255102480673178, -0.4817652005524108, -0.07599272328955027], [-0.49415817177075827, 0.0, -0.8693720154641404, -0.0055485018225689825], [0.0, 0.0, 0.0, 1.0]]}