{"ecm_psm_transform": [[-0.5820151321119958, 0.17912650544821002, -0.793203681937098, 0.05041222816953395], [0.5413758425118143, -0.6424900131021729, -0.5423271892581016, 0.21914811879361207], [-0.6067706182218116, -0.7450639422961508, 0.2769641470530772, -0.17390369944100165], [0.0, 0.0, 0.0, 1.0]], "suj_ecm_transform": [[0.9934827058331273, 0.1139829510776812, -8.60878689599544e-06, -0.09241453195759666], [-0.1139829513731917, 0.9934827010207928, -9.781966524600713e-05, 1.0067197504396426], [-2.5970932602248256e-06, 9.81634006504423e-05, 0.999999995178601, 0.742546365363657], [0.0, 0.0, 0.0, 1.0]], "suj_psm2_transform": [[0.1988808593124953, -0.9771736153642854, -0.07468687458325818, 0.046946655983946275], [-0.7813976435618075, -0.20410766533788993, 0.5897099147770625, 0.2778559433952239], [-0.5914931330414394, -0.05892186679160638, -0.8041542682710914, -0.22536232554806535], [0.0, 0.0, 0.0, 1.0]], "ecm_transform": [[0.9913108345491589, 0.13007689780712411, 0.019566041048849722, -0.08854007013109748], [0.1165598112655598, -0.7997054442608954, -0.5889694498165597, 0.8887235530354094], [-0.060964249385909455, 0.5861324108734808, -0.807918410002182, 0.5806466479596536], [0.0, 0.0, 0.0, 1.0]], "psm2_transform": [[-0.17988082321781873, 0.9783652211241736, 0.10219776677171925, 0.016125967798543462], [0.850660775632168, 0.2068852196137918, -0.4832957176576586, -0.07626009282110896], [-0.4939829290971076, 0.0, -0.8694716014687554, -0.005564213001845234], [0.0, 0.0, 0.0, 1.0]]}