{"ecm_psm_transform": [[-0.5387317286472162, 0.13862291467327992, -0.8309944717483185, -0.026419592965526328], [0.5812211965650705, -0.6528872386942665, -0.48571614572056776, 0.2256054535772111], [-0.6098770738536169, -0.744662300024421, 0.2711604943757283, -0.16984986548137565], [0.0, 0.0, 0.0, 1.0]], "suj_ecm_transform": [[0.9779387305398085, 0.2088919313602605, -1.796574435137321e-05, 0.059081713701215], [-0.2088919321166877, 0.9779387257781169, -9.654030324458612e-05, 1.033012267248868], [-2.5970932602294974e-06, 9.816340065041152e-05, 0.9999999951786009, 0.6492890094144503], [0.0, 0.0, 0.0, 1.0]], "suj_psm2_transform": [[0.1464311916925041, -0.9886792300465816, -0.03273050830665414, -0.025472481544945524], [-0.7713194220932127, -0.1348300627228793, 0.6220025749849732, 0.2843878272967294], [-0.6193740834110723, -0.06583490153895022, -0.782330819115578, -0.22121136224942095], [0.0, 0.0, 0.0, 1.0]], "ecm_transform": [[0.9912868529056333, -0.0694327520001925, -0.1119351071207107, 0.047637224977471054], [-0.12440825730481919, -0.7727233049285593, -0.6224317468884943, 0.9693509609616279], [-0.043277716793092454, 0.6309340591297672, -0.7746284607856935, 0.5700631162560119], [0.0, 0.0, 0.0, 1.0]], "psm2_transform": [[-0.14945227285975957, 0.985107855761598, 0.0850090033692818, 0.013389319889296087], [0.8562796749665786, 0.17193752503972654, -0.487055033566376, -0.0767134702165977], [-0.49441797739987403, 0.0, -0.8692242884456334, -0.0054806414430531684], [0.0, 0.0, 0.0, 1.0]]}