{"ecm_psm_transform": [[-0.5360360633230414, 0.1396943686907248, -0.8325567981664893, -0.026674267375666947], [0.5697428300145202, -0.6678768793454867, -0.47888785919333954, 0.22665554384237313], [-0.6229433734009713, -0.7310444291503999, 0.27841622823388723, -0.1686422560047533], [0.0, 0.0, 0.0, 1.0]], "suj_ecm_transform": [[0.9779376416013998, 0.20889702921847916, -1.7966247602561186e-05, 0.05909018456998845], [-0.20889702997493118, 0.9779376368397121, -9.654020959034553e-05, 1.0330201411689108], [-2.597093260226682e-06, 9.816340065045662e-05, 0.9999999951786009, 0.6492813019411801], [0.0, 0.0, 0.0, 1.0]], "suj_psm2_transform": [[0.14637007880786002, -0.988686664310228, -0.0327792593707551, -0.025483810390806452], [-0.7712893487795399, -0.134808977882093, 0.6220444356648636, 0.28439753438798326], [-0.6194259766017357, -0.06576639945671153, -0.7822954941794604, -0.2211674361233824], [0.0, 0.0, 0.0, 1.0]], "ecm_transform": [[0.9912879931543973, -0.06942566943710032, -0.11192940208514661, 0.04763703418412125], [-0.12439917144862675, -0.7727239412967909, -0.6224327728274349, 0.9693465068588731], [-0.04327771679309246, 0.6309340591297671, -0.7746284607856936, 0.5700642882404727], [0.0, 0.0, 0.0, 1.0]], "psm2_transform": [[-0.13202890972968362, 0.9884013085553123, 0.0750414568204629, 0.011826074011302694], [0.8593020164627619, 0.15186458851933304, -0.48840269374450096, -0.0769692733626016], [-0.4941340015609352, 0.0, -0.8693857535647671, -0.005506735694480229], [0.0, 0.0, 0.0, 1.0]]}