{"ecm_psm_transform": [[-0.5364143533225986, 0.139479487531714, -0.8323491539656835, -0.026648691036144753], [0.5718889662490073, -0.6652165877145707, -0.4800311466061602, 0.22651555464259573], [-0.6206469623160501, -0.7335068943011195, 0.27706494578092394, -0.1688228996747061], [0.0, 0.0, 0.0, 1.0]], "suj_ecm_transform": [[0.9779459638587128, 0.20885806532141876, -1.7962401160223735e-05, 0.05906366483403874], [-0.20885806607768104, 0.977945959096995, -9.654092533851139e-05, 1.0330206003978026], [-2.5970932602210474e-06, 9.816340065041833e-05, 0.9999999951786013, 0.6492862499156506], [0.0, 0.0, 0.0, 1.0]], "suj_psm2_transform": [[0.14635245628535687, -0.9886900043568085, -0.03275719499860952, -0.025490626050460055], [-0.7713100506403077, -0.13478329125814148, 0.6220243324652737, 0.28444828713437686], [-0.6194043625294297, -0.06576883519234028, -0.7823124030698696, -0.22114181939119582], [0.0, 0.0, 0.0, 1.0]], "ecm_transform": [[0.9912797418062864, -0.06947691022130201, -0.1119706766549322, 0.04766471546210054], [-0.12446490555027598, -0.7727193358368465, -0.622425349186731, 0.9693479167364767], [-0.04327771679309243, 0.6309340591297669, -0.7746284607856935, 0.5700612305269719], [0.0, 0.0, 0.0, 1.0]], "psm2_transform": [[-0.13517782966443867, 0.9878387758341136, 0.07682126870712176, 0.012108046061553369], [0.8588400985946192, 0.15548168045965996, -0.48807697352715274, -0.07692737410495892], [-0.49408565999550796, 0.0, -0.8694132277500747, -0.00551237722428671], [0.0, 0.0, 0.0, 1.0]]}