{"ecm_psm_transform": [[-0.5333380231759346, 0.14102872217674356, -0.8340632185607885, -0.026887373469049472], [0.5565590507913948, -0.684020951854342, -0.4715478346959742, 0.22774263962388816], [-0.63701850523903, -0.7156998232118512, 0.2863235705239041, -0.16743458080604526], [0.0, 0.0, 0.0, 1.0]], "suj_ecm_transform": [[0.9779313680097618, 0.20892639646455852, -1.7969146684415865e-05, 0.05910883122402263], [-0.20892639722115353, 0.9779313632480968, -9.653967002273326e-05, 1.0329985000081527], [-2.5970932602313965e-06, 9.816340065045597e-05, 0.999999995178601, 0.6492807233648346], [0.0, 0.0, 0.0, 1.0]], "suj_psm2_transform": [[0.1465261014886512, -0.9886613397316562, -0.032845957171997675, -0.025456419199983968], [-0.7712160538357626, -0.13496713149061002, 0.6221010140830754, 0.28431036567192053], [-0.619480346652363, -0.06582270685108299, -0.7822477046142513, -0.22121649176252922], [0.0, 0.0, 0.0, 1.0]], "ecm_transform": [[0.9912825074444188, -0.06945973868755073, -0.11195684497235184, 0.04764978846830515], [-0.12444287711188193, -0.7727208795752142, -0.6224278372667988, 0.9693498739916235], [-0.04327771679309241, 0.6309340591297674, -0.7746284607856934, 0.5700629733972313], [0.0, 0.0, 0.0, 1.0]], "psm2_transform": [[-0.11275477174010654, 0.9915543026708844, 0.06408140373534815, 0.010099429463822094], [0.8620602112819076, 0.12969219272900054, -0.48993073721673824, -0.07721461507169533], [-0.49410378826156487, 0.0, -0.8694029252455795, -0.005509441925618929], [0.0, 0.0, 0.0, 1.0]]}