{"ecm_psm_transform": [[-0.5274449761153835, 0.14319260848074136, -0.8374351760268516, -0.027450652536194893], [0.527269310941914, -0.7177255005015007, -0.4548155446647677, 0.23045514816024293], [-0.6661748050695718, -0.681444042314812, 0.3030596414638001, -0.16477371491916643], [0.0, 0.0, 0.0, 1.0]], "suj_ecm_transform": [[0.9779351541321127, 0.2089086738021515, -1.796739713468655e-05, 0.059088913878281205], [-0.20890867455866025, 0.977935149370434, -9.653999565397426e-05, 1.033018521734396], [-2.5970932602296313e-06, 9.816340065045925e-05, 0.9999999951786009, 0.6492773775991418], [0.0, 0.0, 0.0, 1.0]], "suj_psm2_transform": [[0.1463706338911285, -0.9886867474116264, -0.03277427385813614, -0.025490274579056504], [-0.7712936078099967, -0.13480673447158328, 0.622039640933395, 0.2843965195438377], [-0.6194205421890271, -0.06576974862143631, -0.782299515582443, -0.22117509750397635], [0.0, 0.0, 0.0, 1.0]], "ecm_transform": [[0.9912764703358501, -0.06949721844333748, -0.11198703490644635, 0.047684581105252796], [-0.12449095785508071, -0.7727175096105139, -0.6224224062111277, 0.9693349352714311], [-0.04327771679309244, 0.6309340591297672, -0.7746284607856933, 0.5700587572950584], [0.0, 0.0, 0.0, 1.0]], "psm2_transform": [[-0.07123954567171614, 0.9966367217330115, 0.0404990373436592, 0.006381518199525483], [0.8664172662449647, 0.08194659781391557, -0.4925503790063777, -0.07761219559715034], [-0.4942125533463203, 0.0, -0.8693411022808657, -0.0055003550807775185], [0.0, 0.0, 0.0, 1.0]]}