{"ecm_psm_transform": [[-0.527716863075802, 0.14318587891302947, -0.8372650216659829, -0.027356873420718415], [0.5293843208128626, -0.7154069718131483, -0.45600998405588183, 0.2301904104093511], [-0.6642794241152888, -0.6838791331522294, 0.30173196372942634, -0.16505202064502705], [0.0, 0.0, 0.0, 1.0]], "suj_ecm_transform": [[0.9779321674724611, 0.2089226543478169, -1.796877726922833e-05, 0.05909649244569984], [-0.2089226551043937, 0.9779321627107934, -9.653973878210276e-05, 1.0330041099333185], [-2.597093260236787e-06, 9.816340065047363e-05, 0.999999995178601, 0.6492885763061784], [0.0, 0.0, 0.0, 1.0]], "suj_psm2_transform": [[0.1465129458882264, -0.988668187088699, -0.03269820371058968, -0.025420927254061698], [-0.7713323870504191, -0.13487608577706534, 0.6219765189881048, 0.2843217529678158], [-0.6193386031681347, -0.06590642854990164, -0.7823528854050074, -0.22127356308236856], [0.0, 0.0, 0.0, 1.0]], "ecm_transform": [[0.9912814484833637, -0.06946631401987993, -0.11196214141046076, 0.04764149375873533], [-0.12445131225463821, -0.7727202884915908, -0.6224268845668314, 0.9693627993217899], [-0.04327771679309247, 0.6309340591297671, -0.7746284607856936, 0.5700567239006455], [0.0, 0.0, 0.0, 1.0]], "psm2_transform": [[-0.07423473339888384, 0.9963478992726268, 0.0421908517598328, 0.006649444932805533], [0.866220934728205, 0.0853865540645806, -0.4923113127113487, -0.07759020799831064], [-0.49411587365292314, 0.0, -0.8693960566992518, -0.005509670919421096], [0.0, 0.0, 0.0, 1.0]]}