{"ecm_psm_transform": [[-0.524429937732732, 0.14427038664485414, -0.8391419998706937, -0.02771898936800183], [0.5125805663318546, -0.7334514550598779, -0.4464416267435908, 0.23178145608838177], [-0.6798782269116717, -0.6642552360410059, 0.3106937044156985, -0.16356312594177094], [0.0, 0.0, 0.0, 1.0]], "suj_ecm_transform": [[0.9779519002865493, 0.20883026697147586, -1.7959656962193063e-05, 0.059035834383501545], [-0.2088302677276028, 0.97795189552481, -9.654143588358308e-05, 1.0330169973904177], [-2.597093260226216e-06, 9.816340065045281e-05, 0.9999999951786009, 0.6492939516210103], [0.0, 0.0, 0.0, 1.0]], "suj_psm2_transform": [[0.1464457303974636, -0.9886770504883973, -0.032731298262010766, -0.025490647209329295], [-0.7713171668197132, -0.1348418731250403, 0.6220028114255928, 0.28440351752576526], [-0.6193734545632097, -0.06584344378671159, -0.7823305980803397, -0.22118291072932772], [0.0, 0.0, 0.0, 1.0]], "ecm_transform": [[0.9912848142026861, -0.06944541393532012, -0.1119453063531397, 0.047639911402507916], [-0.1244245006432541, -0.7727221670907259, -0.6224299126217258, 0.9693454940689389], [-0.04327771679309245, 0.6309340591297671, -0.7746284607856934, 0.5700605020879546], [0.0, 0.0, 0.0, 1.0]], "psm2_transform": [[-0.05106418937890462, 0.9982735407219292, 0.029023894597006234, 0.004573802990035534], [0.8678813659316026, 0.05873617194287318, -0.4932869314853102, -0.07773585431934721], [-0.4941400441491979, 0.0, -0.869382319102608, -0.0055048830241711325], [0.0, 0.0, 0.0, 1.0]]}