{"ecm_psm_transform": [[-0.5185826305025171, 0.14594688633390573, -0.8424794132265357, -0.028269637903786546], [0.4825212319059489, -0.7634771531369241, -0.4292736858903693, 0.23454271481777755], [-0.7058649418274403, -0.629128081560008, 0.3255035190156453, -0.1611787870510599], [0.0, 0.0, 0.0, 1.0]], "suj_ecm_transform": [[0.977941554973957, 0.20887870818347698, -1.7964438984053534e-05, 0.05909120634354624], [-0.20887870893983979, 0.977941550212255, -9.654054615882649e-05, 1.0330204564724186], [-2.597093260224227e-06, 9.816340065041547e-05, 0.9999999951786009, 0.6492890094144508], [0.0, 0.0, 0.0, 1.0]], "suj_psm2_transform": [[0.1463685544758217, -0.9886886697155453, -0.03272553493472424, -0.02551207484972115], [-0.771333633047415, -0.1347786697283771, 0.6219960905955317, 0.28447514635286525], [-0.6193711914438178, -0.06579836291545932, -0.7823361826268239, -0.22113448453395002], [0.0, 0.0, 0.0, 1.0]], "ecm_transform": [[0.9912901763510122, -0.06941210722777946, -0.11191847765305926, 0.047601753241887965], [-0.12438177317901511, -0.7727251596785463, -0.6224347372219913, 0.9693650329355825], [-0.043277716793092426, 0.6309340591297671, -0.7746284607856935, 0.570070099135539], [0.0, 0.0, 0.0, 1.0]], "psm2_transform": [[-0.01089663481336961, 0.9999214505073274, 0.006193235427991232, 0.0009761115209282534], [0.8693208979052762, 0.01253366727348641, -0.4940891454483108, -0.077873045978186], [-0.4941279589488017, 0.0, -0.8693891879849275, -0.005511211304354346], [0.0, 0.0, 0.0, 1.0]]}