{"ecm_psm_transform": [[-0.5545072089576966, 0.12911569601253356, -0.8221015097037255, -0.024993358487412617], [0.655371372008705, -0.5410502278086164, -0.5270227848392057, 0.21896421162062768], [-0.5128451227859862, -0.831019727823259, 0.21539752088448894, -0.17857196180288665], [0.0, 0.0, 0.0, 1.0]], "suj_ecm_transform": [[0.9779308003566098, 0.2089290534870167, -1.796940898102145e-05, 0.05910358433545043], [-0.20892905424362465, 0.977930795594947, -9.653962120050737e-05, 1.0330065294709427], [-2.5970932602358434e-06, 9.816340065045783e-05, 0.9999999951786009, 0.6492897366174875], [0.0, 0.0, 0.0, 1.0]], "suj_psm2_transform": [[0.14643891246995686, -0.9886760330589588, -0.032792477329673886, -0.025457781884057604], [-0.7712695041013706, -0.13486988148664486, 0.6220558392226572, 0.284348943865473], [-0.6194344169949246, -0.06580134286303918, -0.7822858725041498, -0.22121401642558736], [0.0, 0.0, 0.0, 1.0]], "ecm_transform": [[0.9912748349993062, -0.06950736846849301, -0.11199521072654654, 0.04768576053338598], [-0.12450397875680641, -0.772716596663111, -0.6224209351516898, 0.9693392915511693], [-0.04327771679309246, 0.6309340591297672, -0.7746284607856934, 0.5700513421312474], [0.0, 0.0, 0.0, 1.0]], "psm2_transform": [[-0.2689954660862772, 0.9509653236182435, 0.1526643131208988, 0.02408330342673469], [0.827052748234398, 0.30929751579288406, -0.4693812931533169, -0.07404646098851084], [-0.4935840261424147, 0.0, -0.8696981137941165, -0.00555336235083078], [0.0, 0.0, 0.0, 1.0]]}