{"ecm_psm_transform": [[-0.5189311575673533, 0.14597418566614948, -0.8422600494057114, -0.028199699981954523], [0.48442169584732653, -0.7616054669900609, -0.43045642432568243, 0.2342327936751232], [-0.7043053842604124, -0.6313862920351979, 0.3245077440244484, -0.1614139570265461], [0.0, 0.0, 0.0, 1.0]], "suj_ecm_transform": [[0.9779363113631254, 0.2089032565439714, -1.7966862352757782e-05, 0.05909697879067086], [-0.20890325730045373, 0.9779363066014426, -9.654009518255385e-05, 1.033008895862637], [-2.5970932602280083e-06, 9.816340065043172e-05, 0.9999999951786012, 0.649283777370393], [0.0, 0.0, 0.0, 1.0]], "suj_psm2_transform": [[0.1464965944060462, -0.9886684716376557, -0.03276279928657849, -0.025475496697332137], [-0.7712850504759392, -0.1348986959698777, 0.6220303149670077, 0.28433831206242904], [-0.6194014197108033, -0.06585586545850514, -0.7823074116004224, -0.2212235757187051], [0.0, 0.0, 0.0, 1.0]], "ecm_transform": [[0.9912813274141828, -0.06946706573751177, -0.11196274691966014, 0.04766017386546932], [-0.12445227659288732, -0.772720220913013, -0.6224267756475391, 0.9693473865094344], [-0.04327771679309246, 0.6309340591297673, -0.7746284607856931, 0.570067335928796], [0.0, 0.0, 0.0, 1.0]], "psm2_transform": [[-0.01340110452718753, 0.9998811977940082, 0.007615818765628012, 0.0012003880445242412], [0.8693099395406996, 0.01541396438361974, -0.4940269615291517, -0.07786740684648227], [-0.49408565999550796, 0.0, -0.8694132277500747, -0.005513688787464867], [0.0, 0.0, 0.0, 1.0]]}