{"ecm_psm_transform": [[-0.5153526462388622, 0.1469315961602886, -0.8442883133529637, -0.0284765827312725], [0.46556612188656454, -0.7791271538156681, -0.41977263409922394, 0.23592201406163615], [-0.7194858137351334, -0.6094029736035805, 0.33311886706850924, -0.16006849786182287], [0.0, 0.0, 0.0, 1.0]], "suj_ecm_transform": [[0.9779417501429348, 0.20887779442692359, -1.7964348779730438e-05, 0.05908030740538457], [-0.20887779518328195, 0.9779417453812322, -9.654056294419985e-05, 1.0330036137160068], [-2.597093260231261e-06, 9.816340065044852e-05, 0.999999995178601, 0.6492786847518361], [0.0, 0.0, 0.0, 1.0]], "suj_psm2_transform": [[0.14652860101829435, -0.9886648533819901, -0.032728836991097465, -0.02543391341987558], [-0.7713066659546494, -0.13490506173693995, 0.6220021313240619, 0.28433762344877433], [-0.6193669317436512, -0.06589713199313563, -0.7823312417752054, -0.2212346773819578], [0.0, 0.0, 0.0, 1.0]], "ecm_transform": [[0.9912817144249293, -0.06946466277001913, -0.11196081132709088, 0.047658060859324565], [-0.12444919395460062, -0.7727204369345249, -0.6224271238207467, 0.9693483858366931], [-0.043277716793092454, 0.6309340591297671, -0.7746284607856933, 0.5700664633950168], [0.0, 0.0, 0.0, 1.0]], "psm2_transform": [[0.01101756534799515, 0.9999196985513571, -0.0062617651477754645, -0.0009868647568714239], [0.8693262429364543, -0.012672665424575801, -0.49407619543247144, -0.07786724237887496], [-0.49411587365292314, 0.0, -0.8693960566992518, -0.005509015176691407], [0.0, 0.0, 0.0, 1.0]]}