{"ecm_psm_transform": [[-0.5096129198303534, 0.14796801077444907, -0.8475848864446763, -0.029148066424820446], [0.4345675790143434, -0.8059522819516893, -0.40198499783757774, 0.2387916635606654], [-0.7425938938690477, -0.5731896605874164, 0.34642159543551587, -0.1579293501049066], [0.0, 0.0, 0.0, 1.0]], "suj_ecm_transform": [[0.9779360710806941, 0.2089043813720606, -1.796697339374731e-05, 0.05908718346382045], [-0.20890438212854842, 0.9779360663190122, -9.654007451687912e-05, 1.0330085845351096], [-2.5970932602216725e-06, 9.816340065041507e-05, 0.9999999951786009, 0.6492859563702109], [0.0, 0.0, 0.0, 1.0]], "suj_psm2_transform": [[0.1463250312121467, -0.9886958015399364, -0.032704697798135784, -0.02558668265342859], [-0.7713564000746408, -0.13473339393457337, 0.6219776656944862, 0.28442699069109695], [-0.619353121655696, -0.06578392338690481, -0.7823517023175515, -0.22117704569134333], [0.0, 0.0, 0.0, 1.0]], "ecm_transform": [[0.9912865622207077, -0.06943455748245664, -0.11193656144382262, 0.047616735770564515], [-0.1244105734647507, -0.7727231426955266, -0.622431485348324, 0.9693478197276901], [-0.04327771679309246, 0.6309340591297671, -0.7746284607856935, 0.5700671911473785], [0.0, 0.0, 0.0, 1.0]], "psm2_transform": [[0.050152236552307605, 0.9983346802187523, -0.028506480689888203, -0.0044926756389378365], [0.8679276619179914, -0.05768766135424097, -0.4933292079383172, -0.07774962257151458], [-0.49415212925410973, 0.0, -0.8693754500522946, -0.005509046129188722], [0.0, 0.0, 0.0, 1.0]]}