{"ecm_psm_transform": [[-0.5099414187668512, 0.14806063615596704, -0.8473711096368236, -0.02898194999893505], [0.43636802780870443, -0.8043939606663625, -0.4031541892996083, 0.23857929202196276], [-0.7413114687716579, -0.575350679207536, 0.34558486975420993, -0.15808619214122263], [0.0, 0.0, 0.0, 1.0]], "suj_ecm_transform": [[0.9779338880744837, 0.20891460033390402, -1.796798219127636e-05, 0.05911147467255754], [-0.20891460109044158, 0.9779338833128096, -9.653988676525283e-05, 1.0330122927525691], [-2.5970932602328483e-06, 9.816340065050475e-05, 0.9999999951786009, 0.6492884291901306], [0.0, 0.0, 0.0, 1.0]], "suj_psm2_transform": [[0.14648058506657918, -0.9886719356195682, -0.03272983221480319, -0.02545054356677931], [-0.7713130224192645, -0.13486820752253365, 0.622002241190591, 0.28438295023507204], [-0.6193703735609349, -0.06586630639344598, -0.782331112788615, -0.22121521079504358], [0.0, 0.0, 0.0, 1.0]], "ecm_transform": [[0.9912770102480115, -0.0694938671407741, -0.1119843354384176, 0.04768360389361096], [-0.12448665865441355, -0.7727178110150277, -0.6224228918968225, 0.969328252761831], [-0.043277716793092454, 0.6309340591297671, -0.7746284607856935, 0.5700613731110904], [0.0, 0.0, 0.0, 1.0]], "psm2_transform": [[0.049395194422531805, 0.9983846422941313, -0.0280752702423286, -0.004424946980636787], [0.8679779556740996, -0.05681642395662982, -0.4933418312211031, -0.07775566994159704], [-0.4941400441491979, 0.0, -0.869382319102608, -0.005511440140587097], [0.0, 0.0, 0.0, 1.0]]}