{"ecm_psm_transform": [[-0.502982574913781, 0.1490570914126896, -0.8513462943084275, -0.029658797715951337], [0.39720361137338467, -0.834969559106877, -0.38086103302491925, 0.2421295960580888], [-0.7676182778211081, -0.5297242857038522, 0.36076912380426834, -0.1556822849896183], [0.0, 0.0, 0.0, 1.0]], "suj_ecm_transform": [[0.9779344035440292, 0.2089121873949536, -1.796774399024678e-05, 0.05909638510797417], [-0.20891218815147944, 0.9779343987823532, -9.653993109880216e-05, 1.03301452131754], [-2.597093260231642e-06, 9.816340065043682e-05, 0.999999995178601, 0.6492906036580186], [0.0, 0.0, 0.0, 1.0]], "suj_psm2_transform": [[0.14635116570664322, -0.9886918884964658, -0.0327060532256403, -0.025503147603256254], [-0.7713501255242062, -0.13475434790351046, 0.6219809077253826, 0.28442343465736564], [-0.6193547611426733, -0.06579981263188689, -0.7823490681962308, -0.2211779392116051], [0.0, 0.0, 0.0, 1.0]], "ecm_transform": [[0.9912783318977108, -0.06948566300119888, -0.1119777270146872, 0.04768514508234555], [-0.12447613401479365, -0.7727185488050092, -0.622424080827061, 0.9693424248981343], [-0.043277716793092426, 0.6309340591297671, -0.7746284607856933, 0.5700653007490777], [0.0, 0.0, 0.0, 1.0]], "psm2_transform": [[0.09543289344835357, 0.9939558117546522, -0.0542623914624632, -0.00854987180235092], [0.864049082004257, -0.10978089214043765, -0.4912915016652032, -0.07741050926087001], [-0.49427901709022204, 0.0, -0.8693033148817069, -0.005498334422623347], [0.0, 0.0, 0.0, 1.0]]}