{"ecm_psm_transform": [[-0.5007448619956498, 0.14941557275439737, -0.8526016477836722, -0.029832707598563667], [0.38504113267904017, -0.8437224950369424, -0.3739995688685733, 0.24313626376230563], [-0.7752405493330438, -0.5155650666861674, 0.36495856296665835, -0.15507195749249642], [0.0, 0.0, 0.0, 1.0]], "suj_ecm_transform": [[0.9779283562524903, 0.20894049323757763, -1.7970538293414826e-05, 0.05911550839015142], [-0.2089404939942413, 0.9779283514908362, -9.653941098898478e-05, 1.0330072775741452], [-2.5970932602215946e-06, 9.816340065041001e-05, 0.9999999951786009, 0.649285231364473], [0.0, 0.0, 0.0, 1.0]], "suj_psm2_transform": [[0.14645125297163522, -0.9886756648509181, -0.032748438659474244, -0.02547668262660048], [-0.7713024510075288, -0.13485548093132826, 0.6220181093284657, 0.28434346830076873], [-0.6193904742348053, -0.0658363804774792, -0.7823177177034966, -0.22124515204165052], [0.0, 0.0, 0.0, 1.0]], "ecm_transform": [[0.9912853585041241, -0.06944203356250916, -0.11194258345264967, 0.047639450684475976], [-0.12442016413960788, -0.7727224708811948, -0.6224304023348587, 0.9693544290212205], [-0.04327771679309246, 0.6309340591297671, -0.7746284607856935, 0.5700648681901306], [0.0, 0.0, 0.0, 1.0]], "psm2_transform": [[0.10985872966501475, 0.9919834173891813, -0.06244965285148156, -0.00984177380886718], [0.8623855869852506, -0.1263681115823187, -0.49022668199030495, -0.07725743697397638], [-0.4941883839959152, 0.0, -0.8693548418934043, -0.005507109657384598], [0.0, 0.0, 0.0, 1.0]]}