{"ecm_psm_transform": [[-0.4969910378134529, 0.14974860491668168, -0.8547369558282917, -0.030199034047426285], [0.3635461281545661, -0.858455181382984, -0.36178572976353285, 0.24508729051575284], [-0.7879302767611681, -0.4905405761832715, 0.37220400599785747, -0.1538820017272987], [0.0, 0.0, 0.0, 1.0]], "suj_ecm_transform": [[0.9779452820052804, 0.20886125797034116, -1.796271633233298e-05, 0.059073178720829914], [-0.20886125872661898, 0.9779452772435651, -9.654086669710514e-05, 1.0330170318328769], [-2.597093260233502e-06, 9.816340065045494e-05, 0.9999999951786009, 0.6492783936783582], [0.0, 0.0, 0.0, 1.0]], "suj_psm2_transform": [[0.14644187127554523, -0.9886771771279828, -0.032744736425268595, -0.025508570357504506], [-0.7713066675546949, -0.13484614484768037, 0.6220149048096758, 0.284367144274636], [-0.619387441689762, -0.06583279308947831, -0.7823204205637545, -0.221190610214286], [0.0, 0.0, 0.0, 1.0]], "ecm_transform": [[0.9912928050291046, -0.069395775102362, -0.11190532201585546, 0.04759591306539894], [-0.12436082151026018, -0.7727266265814696, -0.6224371025616285, 0.9693675183484988], [-0.043277716793092454, 0.6309340591297671, -0.7746284607856935, 0.5700628284784823], [0.0, 0.0, 0.0, 1.0]], "psm2_transform": [[0.13484826815911832, 0.9878963436496497, -0.0766600207287979, -0.012080173989555087], [0.8588188963276233, -0.15511548666607475, -0.4882307744365872, -0.07693596539863189], [-0.4942125533463203, 0.0, -0.8693411022808657, -0.005502977554274688], [0.0, 0.0, 0.0, 1.0]]}