{"ecm_psm_transform": [[-0.5522741243729253, 0.13068223413906196, -0.8233562079856704, -0.02527504770661022], [0.6445211827414623, -0.5594875392903234, -0.5211200805729961, 0.22001831764669988], [-0.5287586751493213, -0.8184716531800492, 0.22476302274852106, -0.17707247272115514], [0.0, 0.0, 0.0, 1.0]], "suj_ecm_transform": [[0.977937249923718, 0.20889886282324094, -1.7966428612659833e-05, 0.05908963149474182], [-0.2088988635797019, 0.9779372451620317, -9.654017590396707e-05, 1.0330119331958627], [-2.597093260229506e-06, 9.816340065044801e-05, 0.999999995178601, 0.6492789750013275], [0.0, 0.0, 0.0, 1.0]], "suj_psm2_transform": [[0.14631486501854604, -0.9886957659149802, -0.032751224960233194, -0.02553839028822262], [-0.7713203105995898, -0.134750754245223, 0.6220186594362715, 0.2844456738163429], [-0.6194004671705999, -0.06574889118559085, -0.7823171636725788, -0.22115551093397245], [0.0, 0.0, 0.0, 1.0]], "ecm_transform": [[0.9912922017863217, -0.06939952332983167, -0.11190834124058072, 0.04761732524765523], [-0.12436562992564702, -0.772726289957594, -0.6224365597404842, 0.9693587155950013], [-0.043277716793092454, 0.6309340591297672, -0.7746284607856933, 0.5700522171369882], [0.0, 0.0, 0.0, 1.0]], "psm2_transform": [[-0.25042482241302266, 0.9576265803760066, 0.1422629286805311, 0.022427604842843243], [0.8326488431642651, 0.28801272985296295, -0.47301645998829156, -0.07457055992851765], [-0.49394666948630894, 0.0, -0.8694922010595513, -0.005522858259874943], [0.0, 0.0, 0.0, 1.0]]}