{"ecm_psm_transform": [[-0.4915979074725687, 0.14995481427762453, -0.857814112173235, -0.030719502637378358], [0.3324219505502113, -0.878151085751297, -0.3440149958740341, 0.24788617924250966], [-0.8048770987927195, -0.45427329248898396, 0.3818489643435391, -0.15235832350595857], [0.0, 0.0, 0.0, 1.0]], "suj_ecm_transform": [[0.9779372321489027, 0.20889894603408238, -1.7966436827088808e-05, 0.05907927559355795], [-0.20889894679054372, 0.9779372273872166, -9.654017437526867e-05, 1.033004861871171], [-2.597093260229345e-06, 9.816340065048034e-05, 0.9999999951786009, 0.6492802835273341], [0.0, 0.0, 0.0, 1.0]], "suj_psm2_transform": [[0.14637708280483927, -0.9886868033203929, -0.03274377146341595, -0.025544774208585114], [-0.7713176903926565, -0.1347952260474125, 0.6220122728067072, 0.2843750946981755], [-0.6193890297033713, -0.06579249178234664, -0.782322553623623, -0.2211865064561187], [0.0, 0.0, 0.0, 1.0]], "ecm_transform": [[0.9912903912205455, -0.06941077233564807, -0.11191740238938086, 0.0476051505500554], [-0.12438006071310082, -0.7727252795876451, -0.6224349305615817, 0.9693509759217018], [-0.04327771679309245, 0.6309340591297672, -0.7746284607856933, 0.5700654449811704], [0.0, 0.0, 0.0, 1.0]], "psm2_transform": [[0.17017044650867824, 0.9806553093989012, -0.09673253476872393, -0.015244337111262756], [0.8525408098074441, -0.19574259666139435, -0.48462253709987746, -0.076372952956616], [-0.4941823415986295, 0.0, -0.8693582766915464, -0.005506339654243884], [0.0, 0.0, 0.0, 1.0]]}