{"ecm_psm_transform": [[-0.4914020836541036, 0.15002649468324972, -0.8579137736821006, -0.030647813239559476], [0.33158274367969276, -0.8786395991540611, -0.3435772677175224, 0.2479584193227529], [-0.805342707345297, -0.4533039881706842, 0.38201913307359303, -0.1523643577859251], [0.0, 0.0, 0.0, 1.0]], "suj_ecm_transform": [[0.9779383435931905, 0.20889374286328552, -1.7965923179607075e-05, 0.05909196362597631], [-0.20889374361972154, 0.9779383388315003, -9.65402699652477e-05, 1.0330114210634884], [-2.597093260233331e-06, 9.816340065042622e-05, 0.9999999951786009, 0.6492849385056889], [0.0, 0.0, 0.0, 1.0]], "suj_psm2_transform": [[0.14645523347678246, -0.988676649671101, -0.03270087127873278, -0.025452823608901914], [-0.7713388494779969, -0.13483258833468448, 0.6219779356286921, 0.28437686071258966], [-0.6193442046820339, -0.06586847135084145, -0.7823516476679028, -0.2212349158993987], [0.0, 0.0, 0.0, 1.0]], "ecm_transform": [[0.9912889347115789, -0.06941982063636085, -0.11192469084700946, 0.04761752875872354], [-0.12439166832051105, -0.7727244667621515, -0.6224336200106712, 0.9693631562447173], [-0.043277716793092454, 0.6309340591297669, -0.7746284607856936, 0.5700645727220535], [0.0, 0.0, 0.0, 1.0]], "psm2_transform": [[0.171053279668058, 0.980452220856607, -0.09723280378631663, -0.015324455778645968], [0.8523676207165898, -0.1967573190947346, -0.48451625002325016, -0.07636258092314283], [-0.49417629917747075, 0.0, -0.8693617114476915, -0.0055101592748075245], [0.0, 0.0, 0.0, 1.0]]}