{"ecm_psm_transform": [[-0.4788334626003871, 0.14957809780662662, -0.8650693080618886, -0.0317821501708319], [0.2554405297398258, -0.9190062915120534, -0.3002958073758274, 0.2547951222511302], [-0.8399218123494356, -0.36476544356313967, 0.4018426561750571, -0.14926158153949592], [0.0, 0.0, 0.0, 1.0]], "suj_ecm_transform": [[0.9779398926504269, 0.20888649080331365, -1.7965207269696498e-05, 0.059073490725334264], [-0.20888649155971437, 0.9779398878887311, -9.654040319168675e-05, 1.033011275181868], [-2.597093260223658e-06, 9.816340065041706e-05, 0.9999999951786009, 0.6492836261344088], [0.0, 0.0, 0.0, 1.0]], "suj_psm2_transform": [[0.1464012788808402, -0.9886848715440246, -0.032693888144880834, -0.025465959798595617], [-0.7713515729089429, -0.13478667179923542, 0.6219721087606622, 0.2843880751950393], [-0.6193411148252264, -0.06583903010571107, -0.7823565719042596, -0.22122932591291522], [0.0, 0.0, 0.0, 1.0]], "ecm_transform": [[0.9912781883534724, -0.06948655408591448, -0.11197844478256935, 0.04768495870905008], [-0.12447727713857873, -0.7727184686749119, -0.6224239516960001, 0.9693403500913563], [-0.04327771679309245, 0.6309340591297671, -0.7746284607856934, 0.5700590496045177], [0.0, 0.0, 0.0, 1.0]], "psm2_transform": [[0.2530618259313782, 0.9566896097486035, -0.14389128832330872, -0.022670710579536076], [0.8316501623888206, -0.2911099287194869, -0.4728773803002039, -0.07450392830111692], [-0.49428505910549747, 0.0, -0.8692998794116302, -0.005495171014401251], [0.0, 0.0, 0.0, 1.0]]}