{"ecm_psm_transform": [[-0.552655030398818, 0.1304733610247744, -0.823133719050423, -0.025162474797230175], [0.6469258625594102, -0.5555041216488816, -0.5224003246389379, 0.21968762113062948], [-0.525413499756758, -0.8212136584921146, 0.22259555561455402, -0.1775208115450476], [0.0, 0.0, 0.0, 1.0]], "suj_ecm_transform": [[0.9779206400429662, 0.20897660504201704, -1.797410319067536e-05, 0.0591326221776405], [-0.20897660579885652, 0.9779206352813401, -9.653874732537933e-05, 1.033000775400946], [-2.5970932602292586e-06, 9.816340065044686e-05, 0.999999995178601, 0.6492872677801724], [0.0, 0.0, 0.0, 1.0]], "suj_psm2_transform": [[0.14644911640225844, -0.9886791423319049, -0.03265286852401772, -0.02546076049820538], [-0.771377102402084, -0.13480159876513287, 0.6219372113486449, 0.28432561727174976], [-0.6192980075817801, -0.06589447995252062, -0.7823860270461279, -0.2212921142234161], [0.0, 0.0, 0.0, 1.0]], "ecm_transform": [[0.9912855680577192, -0.06944073210248064, -0.11194153512238737, 0.04763755726083726], [-0.12441849456436152, -0.7727225878380334, -0.6224305908735775, 0.9693506609057514], [-0.04327771679309246, 0.6309340591297671, -0.7746284607856936, 0.5700696621819927], [0.0, 0.0, 0.0, 1.0]], "psm2_transform": [[-0.25457210465128655, 0.9561868506691511, 0.14456745878940008, 0.022796473307785052], [0.8314692195873574, 0.29275707780924864, -0.47217817640312487, -0.07445657055211163], [-0.49381371023110054, 0.0, -0.8695677199550331, -0.005534109142952], [0.0, 0.0, 0.0, 1.0]]}