{"ecm_psm_transform": [[-0.5498828203450146, 0.13233687652411552, -0.8246913574187947, -0.025381401356212016], [0.6342017108646874, -0.576363564337175, -0.5153573824452807, 0.22078751864393342], [-0.5435228365264121, -0.8064068407549557, 0.23300414879974793, -0.17588509888023912], [0.0, 0.0, 0.0, 1.0]], "suj_ecm_transform": [[0.9779193077792668, 0.2089828393658893, -1.7974718633121097e-05, 0.05914241276645468], [-0.20898284012275914, 0.9779193030176455, -9.653863273694704e-05, 1.0329746875287888], [-2.5970932602279135e-06, 9.816340065042926e-05, 0.9999999951786009, 0.6492849390550139], [0.0, 0.0, 0.0, 1.0]], "suj_psm2_transform": [[0.14647136836622834, -0.9886730314334493, -0.032737977413382746, -0.02543330006904343], [-0.771307416935954, -0.13486541180004147, 0.6220097983790869, 0.2842920238967382], [-0.6193795337501165, -0.06585558151136278, -0.7823247634807996, -0.2212822225929476], [0.0, 0.0, 0.0, 1.0]], "ecm_transform": [[0.9912856409601244, -0.06944027932841063, -0.11194117041137233, 0.04763076794240165], [-0.12441791372407945, -0.7727226285264513, -0.622430656465216, 0.9693595122774094], [-0.043277716793092426, 0.6309340591297672, -0.7746284607856934, 0.5700668967779512], [0.0, 0.0, 0.0, 1.0]], "psm2_transform": [[-0.2330596514901499, 0.9634089484544142, 0.13238729880638017, 0.020871048267047675], [0.8376931041910165, 0.26803581484189737, -0.4758435301155822, -0.07501741763860242], [-0.4939164524877753, 0.0, -0.8695093662301121, -0.005523596413291188], [0.0, 0.0, 0.0, 1.0]]}