{"ecm_psm_transform": [[-0.5469331103362602, 0.1341128180292578, -0.8263642809670294, -0.025724297732933592], [0.6201437844624376, -0.5981950248422356, -0.5075277320960923, 0.2221659397638147], [-0.5623929759612136, -0.7900483936406986, 0.24400343500705426, -0.17406321553362236], [0.0, 0.0, 0.0, 1.0]], "suj_ecm_transform": [[0.9779399873879305, 0.20888604727206467, -1.7965163485117284e-05, 0.059075241792310856], [-0.20888604802846322, 0.9779399826262344, -9.654041133958237e-05, 1.0330205005704869], [-2.597093260231515e-06, 9.816340065044822e-05, 0.999999995178601, 0.6492797044016634], [0.0, 0.0, 0.0, 1.0]], "suj_psm2_transform": [[0.14635655904881814, -0.9886903794561654, -0.03272752960755759, -0.025513303093780137], [-0.7713328350457571, -0.13477030781607682, 0.6219988920500057, 0.2844163218795625], [-0.6193750198415049, -0.0657897993763748, -0.7823338718823005, -0.22116105421038168], [0.0, 0.0, 0.0, 1.0]], "ecm_transform": [[0.9912870842295325, -0.06943131519277426, -0.11193394976642826, 0.04763309316084975], [-0.12440641409866507, -0.7727234340309843, -0.6224319550203655, 0.9693634438789132], [-0.043277716793092474, 0.6309340591297671, -0.7746284607856933, 0.57006660996174], [0.0, 0.0, 0.0, 1.0]], "psm2_transform": [[-0.21005235081939988, 0.970371994479888, 0.11939933937994764, 0.018813658505747375], [0.8436075908123629, 0.24161579486681775, -0.4795289776380951, -0.07555899786166177], [-0.494170256732439, 0.0, -0.8693651461618388, -0.005499554171650718], [0.0, 0.0, 0.0, 1.0]]}