{"ecm_psm_transform": [[-0.5449510495418591, 0.13507879219958058, -0.8275156031768397, -0.025948692376048146], [0.6113503976933345, -0.6114257633052051, -0.5024034506319086, 0.2229671477641183], [-0.5738284106276264, -0.7796872808149109, 0.25061663809895507, -0.17299163444313573], [0.0, 0.0, 0.0, 1.0]], "suj_ecm_transform": [[0.9779368671599653, 0.2089006546819648, -1.7966605501677867e-05, 0.05909143020492728], [-0.20890065543843447, 0.9779368623982804, -9.654014298419452e-05, 1.0330063581899558], [-2.5970932602301937e-06, 9.816340065044258e-05, 0.9999999951786009, 0.6492775221058968], [0.0, 0.0, 0.0, 1.0]], "suj_psm2_transform": [[0.14621673568446383, -0.9887091190194496, -0.032786341265279184, -0.025555649711930986], [-0.7713062504000753, -0.1346933841530846, 0.6220485192966587, 0.2844302524393567], [-0.619441146760171, -0.06566559398325184, -0.7822919502764112, -0.22112251317645448], [0.0, 0.0, 0.0, 1.0]], "ecm_transform": [[0.9912801275387595, -0.06947451543653141, -0.11196874765576562, 0.04767427320490546], [-0.12446183341056102, -0.7727195511535183, -0.6224256961993032, 0.9693470537468829], [-0.043277716793092454, 0.6309340591297673, -0.7746284607856935, 0.5700703919943224], [0.0, 0.0, 0.0, 1.0]], "psm2_transform": [[-0.1957664177745309, 0.9743176762908725, 0.11126803376928378, 0.01753516067253185], [0.8470579072136128, 0.225177853411819, -0.48144349217716065, -0.07587254581649541], [-0.4941340015609352, 0.0, -0.8693857535647671, -0.005506735694480229], [0.0, 0.0, 0.0, 1.0]]}