{"ecm_psm_transform": [[-0.4104591460645162, 0.05411858848171388, -0.9102716450558784, 0.013045975481157237], [0.6382106999149812, -0.6959469743989993, -0.32915788208534275, -0.08861268218247267], [-0.6513143572239277, -0.7160509669050281, 0.25111873858467165, 0.1740328357148514], [0.0, 0.0, 0.0, 1.0]], "suj_ecm_transform": [[0.9679844095288748, 0.25101032333247286, -2.212608125736976e-05, 0.003583968442097546], [-0.2510103242942233, 0.9679844048043721, -9.567253863493866e-05, 0.9073561514387283], [-2.597093260226216e-06, 9.816340065044224e-05, 0.999999995178601, 1.0884626646928697], [0.0, 0.0, 0.0, 1.0]], "suj_psm2_transform": [[0.05201490496107121, -0.9985172466795093, 0.016054835578821813, 0.025430884429340245], [-0.8196331382299668, -0.033500918209079626, 0.5719083905613248, -0.0332398901039313], [-0.5705225397626171, -0.0429068358507223, -0.8201603715494259, 0.12115074341909748], [0.0, 0.0, 0.0, 1.0]], "ecm_transform": [[0.950640098714498, -0.28585385284230175, -0.12071030416373578, -0.005546988180986869], [-0.30610327041515567, -0.800194694360821, -0.5157414458407805, 0.8682735393401708], [0.05083493441754412, 0.5272343178625651, -0.8481979624537893, 1.0241804985532719], [0.0, 0.0, 0.0, 1.0]], "psm2_transform": [[-0.1728591110289563, 0.9817593921429401, 0.0791721142410878, 0.01457074987746439], [0.892590425341756, 0.19012757806042999, -0.40882005411806577, -0.07523879854094379], [-0.41641573015737776, 0.0, -0.909174317541745, -0.011952581308171034], [0.0, 0.0, 0.0, 1.0]]}