{"ecm_psm_transform": [[-0.4090246269025177, 0.05395850824248818, -0.910926634793111, 0.012933975871370613], [0.619866573749582, -0.7161579428173325, -0.3207541608266374, -0.0870548598988512], [-0.6696747608617263, -0.695849323005988, 0.25947915973522423, 0.17556419666133546], [0.0, 0.0, 0.0, 1.0]], "suj_ecm_transform": [[0.9679895760201271, 0.2509903986747267, -2.212411196733584e-05, 0.003578945860246957], [-0.2509903996363799, 0.9679895712956047, -9.567299404909273e-05, 0.9073585126498565], [-2.5970932602291603e-06, 9.816340065043906e-05, 0.9999999951786009, 1.0884552370204748], [0.0, 0.0, 0.0, 1.0]], "suj_psm2_transform": [[0.05204579468413682, -0.9985156999771958, 0.016050923797319816, 0.025435929278354502], [-0.8196295896505126, -0.033528325588794726, 0.5719118700923633, -0.033232230122744955], [-0.5705248206914659, -0.042921419853756804, -0.8201580217816006, 0.12114017725161719], [0.0, 0.0, 0.0, 1.0]], "ecm_transform": [[0.950648268422283, -0.28583249515169, -0.1206965387286403, -0.005562164546311123], [-0.3060778972557134, -0.8002023236553086, -0.51574466747429, 0.8682782183900678], [0.05083493441754405, 0.5272343178625649, -0.8481979624537894, 1.0241819739309643], [0.0, 0.0, 0.0, 1.0]], "psm2_transform": [[-0.1472829243707265, 0.9867918644740453, 0.06745039952916636, 0.012413691942092516], [0.8971829553886497, 0.16199325976051382, -0.41087824030027553, -0.07561876484647297], [-0.41637781490960246, 0.0, -0.9091916823481752, -0.01195202322522173], [0.0, 0.0, 0.0, 1.0]]}