{"ecm_psm_transform": [[-0.4069272441521665, 0.05356355139587436, -0.9118887892328673, 0.012738871241868385], [0.590947463654869, -0.7457983076049516, -0.307515820037713, -0.08463239666718522], [-0.6965567551654354, -0.6640149323136126, 0.2718324051652936, 0.17784833049742588], [0.0, 0.0, 0.0, 1.0]], "suj_ecm_transform": [[0.9679865588231975, 0.25100203474891836, -2.2125262039900435e-05, 0.0035831374442189118], [-0.2510020357106283, 0.9679865540986866, -9.567272809076632e-05, 0.9073580201094695], [-2.5970932602286402e-06, 9.816340065045445e-05, 0.9999999951786009, 1.0884644456496482], [0.0, 0.0, 0.0, 1.0]], "suj_psm2_transform": [[0.05202387785524172, -0.9985168409107431, 0.016050998427900975, 0.025423751095070612], [-0.8196303002334314, -0.03351029056966552, 0.5719119087457363, -0.03324113915047544], [-0.5705257987787737, -0.042908959945053116, -0.8201579933673, 0.12115071145969036], [0.0, 0.0, 0.0, 1.0]], "ecm_transform": [[0.9506400346948235, -0.2858540201981919, -0.12071041202794745, -0.005551702941082048], [-0.30610346923579473, -0.8001946345761936, -0.5157414205949368, 0.8682711699702818], [0.05083493441754404, 0.527234317862565, -0.8481979624537895, 1.0241776124351056], [0.0, 0.0, 0.0, 1.0]], "psm2_transform": [[-0.10812478116785695, 0.9929031240904007, 0.04952189282454131, 0.009114460797344383], [0.9027248939340724, 0.11892596928981622, -0.4134542050822501, -0.0760958826244998], [-0.4164094109997044, 0.0, -0.9091772117859529, -0.011955366266207197], [0.0, 0.0, 0.0, 1.0]]}