{"ecm_psm_transform": [[-0.40017907816743337, 0.051695435594349574, -0.9149777523720308, 0.01215730781145033], [0.49031000555342374, -0.8314182691501169, -0.2614187448857203, -0.07617275052560968], [-0.7742433750774137, -0.5532370591908448, 0.30736940720670464, 0.18438215535369998], [0.0, 0.0, 0.0, 1.0]], "suj_ecm_transform": [[0.9679803843196337, 0.2510258454478, -2.2127615414856276e-05, 0.00360214112866257], [-0.25102584640962616, 0.9679803795951465, -9.567218381909259e-05, 0.9073488034420678], [-2.597093260217051e-06, 9.816340065044488e-05, 0.9999999951786009, 1.0884600417356152], [0.0, 0.0, 0.0, 1.0]], "suj_psm2_transform": [[0.052042659044416455, -0.9985156138155689, 0.01606644348025188, 0.025420936253350623], [-0.8196425479569251, -0.03351782982207325, 0.5718939138185491, -0.03325704718033651], [-0.5705064900754997, -0.042931620637195245, -0.820170238871905, 0.12112675667161477], [0.0, 0.0, 0.0, 1.0]], "ecm_transform": [[0.9506530975778615, -0.28581986958438693, -0.12068840133327119, -0.005573102937606395], [-0.30606289796115554, -0.8002068333991905, -0.5157465717509516, 0.8682779069941072], [0.05083493441754408, 0.527234317862565, -0.8481979624537894, 1.024174815479221], [0.0, 0.0, 0.0, 1.0]], "psm2_transform": [[0.019005544817264946, 0.999781489291588, -0.008704190720174981, -0.0016023535358532324], [0.9089872274012181, -0.02090391518099532, -0.4162994676330394, -0.07663652433413234], [-0.41639045340598907, 0.0, -0.9091858942550499, -0.011966724557033338], [0.0, 0.0, 0.0, 1.0]]}