{"ecm_psm_transform": [[-0.4138150454196733, 0.05435892653031096, -0.9087366039126994, 0.013303488444581298], [0.6791070453140344, -0.6463523412934008, -0.3479112989101984, -0.09204282692155105], [-0.6062761162945114, -0.7611003600124044, 0.23055479348699864, 0.17023515364555963], [0.0, 0.0, 0.0, 1.0]], "suj_ecm_transform": [[0.9679782356832975, 0.2510341306551426, -2.2128434299183742e-05, 0.003604749232502466], [-0.25103413161700916, 0.9679782309588185, -9.567199441907151e-05, 0.9073490731082174], [-2.597093260222943e-06, 9.816340065041476e-05, 0.999999995178601, 1.088456773281666], [0.0, 0.0, 0.0, 1.0]], "suj_psm2_transform": [[0.0519821952000392, -0.9985189375172213, 0.016055615891789887, 0.025400342192742925], [-0.8196323084721827, -0.033473476626615276, 0.5719111865238241, -0.03322763674886492], [-0.5705267130387024, -0.04288890045229787, -0.8201584066064598, 0.12115126688064048], [0.0, 0.0, 0.0, 1.0]], "ecm_transform": [[0.9506493427190447, -0.28582968652030166, -0.12069472851601598, -0.005568561579805611], [-0.3060745605740744, -0.8002033268936729, -0.5157450911038178, 0.8682733447768964], [0.05083493441754405, 0.527234317862565, -0.8481979624537895, 1.0241806725519025], [0.0, 0.0, 0.0, 1.0]], "psm2_transform": [[-0.2322323698948059, 0.9668250446009234, 0.10638354903585663, 0.0195743405024727], [0.8789873141463951, 0.2554394901584766, -0.4026561416857865, -0.07408784999373291], [-0.41647260167116473, 0.0, -0.9091482673674584, -0.011942532512178427], [0.0, 0.0, 0.0, 1.0]]}