{"ecm_psm_transform": [[-0.4102311562317943, 0.054081246525358055, -0.9103766348226372, 0.01301700535494975], [0.6364634925033507, -0.6979662255302447, -0.32826417826120086, -0.08845963014900518], [-0.6531650795680699, -0.7140856858902351, 0.2519067526675494, 0.17418201970343866], [0.0, 0.0, 0.0, 1.0]], "suj_ecm_transform": [[0.9679804452374724, 0.2510256105424993, -2.2127592197540524e-05, 0.0035994082380853], [-0.25102561150432434, 0.9679804405129849, -9.567218918891632e-05, 0.9073562344741524], [-2.597093260218254e-06, 9.816340065043685e-05, 0.9999999951786009, 1.0884584448770322], [0.0, 0.0, 0.0, 1.0]], "suj_psm2_transform": [[0.05199302517840766, -0.9985183113441827, 0.016059490750325534, 0.02542342477372314], [-0.8196377839275766, -0.033480586036898165, 0.5719029231582207, -0.03323576970245423], [-0.5705178599229731, -0.042897928492972526, -0.820164092874056, 0.12114435831860293], [0.0, 0.0, 0.0, 1.0]], "ecm_transform": [[0.950648565655075, -0.28583171807247953, -0.12069603788726163, -0.005565433459846359], [-0.30607697407794776, -0.8002026012277955, -0.5157447846828478, 0.8682690075439996], [0.0508349344175441, 0.5272343178625651, -0.8481979624537893, 1.0241783349746036], [0.0, 0.0, 0.0, 1.0]], "psm2_transform": [[-0.1703563420095853, 0.9822899752779024, 0.07800718688461417, 0.014359582250526795], [0.8931097733681128, 0.18736703143439595, -0.4089603015523882, -0.07528151343321968], [-0.4163335795386573, 0.0, -0.9092119392905753, -0.01196175837331051], [0.0, 0.0, 0.0, 1.0]]}