{"ecm_psm_transform": [[-0.6955933531463403, 0.2409823852436282, -0.6768141377519552, 0.015303856765793489], [0.43788678897608146, -0.6046479967949124, -0.6653239511787594, 0.22031662293937185], [-0.5695656653089682, -0.7591628876428242, 0.31506612468966116, -0.1814775780428727], [0.0, 0.0, 0.0, 1.0]], "suj_ecm_transform": [[0.9934878833163728, 0.11393781474786421, -8.604342713945374e-06, -0.09243625910299007], [-0.11393781504315609, 0.993487878504025, -9.782005626216883e-05, 1.0067458224562988], [-2.5970932602254922e-06, 9.816340065050003e-05, 0.9999999951786009, 0.7425412787876731], [0.0, 0.0, 0.0, 1.0]], "suj_psm2_transform": [[0.29072721709959176, -0.9320555921241498, -0.21621761821745092, -0.0006082354339612128], [-0.7356330761720504, -0.36224070872898356, 0.5723859241640818, 0.27757050105996856], [-0.6118183247330643, -0.007351335227304079, -0.7909641555666114, -0.23212939107639374], [0.0, 0.0, 0.0, 1.0]], "ecm_transform": [[0.9595036211948073, 0.2809909855383235, 0.019921520028697057, -0.08827342760029473], [0.23834839898752133, -0.7721275728584239, -0.58907474222873, 0.8837976986610588], [-0.15014273746717638, 0.5699676107271018, -0.8078329537150003, 0.5739544681059505], [0.0, 0.0, 0.0, 1.0]], "psm2_transform": [[-0.17588121420797928, 0.9793289702325593, 0.09990278550652101, 0.01575421737323978], [0.8515457979533518, 0.20227399255276254, -0.48368893508612976, -0.07627555714029975], [-0.4938983220023291, 0.0, -0.8695196648283947, -0.005536372413231221], [0.0, 0.0, 0.0, 1.0]]}