{"ecm_psm_transform": [[-0.6800245669948394, 0.25981881199158, -0.6856097820325825, 0.013983400530525696], [0.39870571527574633, -0.6537136001422238, -0.6431891491587438, 0.22372681521411097], [-0.6153050795255447, -0.7107409611978031, 0.3409500625981558, -0.1774317059379041], [0.0, 0.0, 0.0, 1.0]], "suj_ecm_transform": [[0.9934873893048395, 0.11394212222972051, -8.604766834004594e-06, -0.09244340217007047], [-0.11394212252503323, 0.993487384492493, -9.782001895515786e-05, 1.0067395542060604], [-2.5970932602191984e-06, 9.816340065040917e-05, 0.999999995178601, 0.7425331335368699], [0.0, 0.0, 0.0, 1.0]], "suj_psm2_transform": [[0.2908599700864153, -0.932008911674143, -0.21624029772757242, -0.0005378539043456032], [-0.7355790020563218, -0.36235938216763763, 0.5723803018002226, 0.27747144015450353], [-0.6118202428288522, -0.007420695052856474, -0.7909620242146755, -0.2321724475836433], [0.0, 0.0, 0.0, 1.0]], "ecm_transform": [[0.9594819075566379, 0.28106131262178413, 0.019975175062952932, -0.08833151050922221], [0.23843579315475782, -0.7721019759522436, -0.5890729252590914, 0.8838077196791345], [-0.15014273746717635, 0.5699676107271019, -0.8078329537150002, 0.5739560692160788], [0.0, 0.0, 0.0, 1.0]], "psm2_transform": [[-0.11461537420168694, 0.9912745969754727, 0.0650998416873767, 0.010265575363761529], [0.8619429636791296, 0.13181302436069903, -0.48957088758720607, -0.07720029284502251], [-0.49388019130214783, 0.0, -0.8695299630486312, -0.0055347161955240955], [0.0, 0.0, 0.0, 1.0]]}