{"ecm_psm_transform": [[-0.6738151449464869, 0.26674095459000235, -0.6890735908342154, 0.013480493338701507], [0.3826232432767662, -0.671837197942085, -0.634219388828264, 0.22513893254247314], [-0.632117555637489, -0.6910022015925438, 0.3506327897518201, -0.17599280828487332], [0.0, 0.0, 0.0, 1.0]], "suj_ecm_transform": [[0.9934821015973305, 0.11398821751229928, -8.609305436387383e-06, -0.09239994864104745], [-0.11398821780783529, 0.9934820967849977, -9.781961960960593e-05, 1.0067261688863112], [-2.5970932602255206e-06, 9.816340065045986e-05, 0.9999999951786009, 0.7425486947754716], [0.0, 0.0, 0.0, 1.0]], "suj_psm2_transform": [[0.2908901006275372, -0.9320172112868169, -0.21616398224969527, -0.0004883506521418529], [-0.7355921668341731, -0.3623365979147797, 0.5723778069629795, 0.27744737788390794], [-0.6117900893681655, -0.00749050576987309, -0.7909846894056826, -0.2322427334485735], [0.0, 0.0, 0.0, 1.0]], "ecm_transform": [[0.9594983541645774, 0.2810080472096452, 0.019934536836598918, -0.08828992924495625], [0.2383696011267596, -0.7721213635986648, -0.589074301878132, 0.883805049315633], [-0.15014273746717632, 0.5699676107271018, -0.8078329537150006, 0.573954029779093], [0.0, 0.0, 0.0, 1.0]], "psm2_transform": [[-0.09073756006627191, 0.9945387819820896, 0.05156846252120913, 0.008127934343726977], [0.8646549263254043, 0.10436767283781724, -0.49140537975039306, -0.07745258375936098], [-0.49410378826156487, 0.0, -0.8694029252455795, -0.0055127207169866285], [0.0, 0.0, 0.0, 1.0]]}