{"ecm_psm_transform": [[-0.663378884038888, 0.2771894013851003, -0.6950499924257894, 0.012528346192697208], [0.3567789734291782, -0.6993128877529327, -0.6194112116691758, 0.22747714820623885], [-0.657751640309731, -0.6588835411379043, 0.36501405299992806, -0.17367807223078516], [0.0, 0.0, 0.0, 1.0]], "suj_ecm_transform": [[0.9934902684386282, 0.11391701560233689, -8.60229480469155e-06, -0.09245776475152219], [-0.113917015897528, 0.9934902636262742, -9.782023637657621e-05, 1.0067434454435034], [-2.5970932602307773e-06, 9.816340065051602e-05, 0.9999999951786009, 0.7425390955305882], [0.0, 0.0, 0.0, 1.0]], "suj_psm2_transform": [[0.2909090205334216, -0.9319964843858793, -0.21622787716815603, -0.0005036999093226968], [-0.7355659840865788, -0.36239054034481977, 0.572377305038672, 0.27746535734919753], [-0.6118125732828875, -0.007459849928212969, -0.7909675883448198, -0.23221610139537963], [0.0, 0.0, 0.0, 1.0]], "ecm_transform": [[0.9594931077276054, 0.28102504052758237, 0.019947501590244762, -0.0883032416004481], [0.23839071837864134, -0.7721151787903859, -0.5890738630022604, 0.8838026740192034], [-0.15014273746717638, 0.569967610727102, -0.8078329537150002, 0.5739517055858641], [0.0, 0.0, 0.0, 1.0]], "psm2_transform": [[-0.052996654451203204, 0.9981409045209202, 0.03010131789704664, 0.0047464637599518664], [0.8679134238254029, 0.06094862362809595, -0.492962020871291, -0.07773169185153146], [-0.49388019130214783, 0.0, -0.8695299630486312, -0.005532748058088167], [0.0, 0.0, 0.0, 1.0]]}