{"ecm_psm_transform": [[-0.6573954512874643, 0.28284693299129926, -0.6984474447830467, 0.011939127967185995], [0.34115204221763074, -0.7147381447473368, -0.6105445671970846, 0.22894606244873764], [-0.6718976891739483, -0.6396459934530591, 0.3733717963935654, -0.17235183759437603], [0.0, 0.0, 0.0, 1.0]], "suj_ecm_transform": [[0.9934927836466256, 0.11389507789240436, -8.600134792241166e-06, -0.09247052674159924], [-0.1138950781874892, 0.9934927788342651, -9.782042630363131e-05, 1.0067359373208253], [-2.5970932602273638e-06, 9.816340065047951e-05, 0.9999999951786009, 0.7425498552241114], [0.0, 0.0, 0.0, 1.0]], "suj_psm2_transform": [[0.2907492318876741, -0.9320538344917383, -0.21619559145823328, -0.0005577938905777929], [-0.7356377226458152, -0.36224471628104105, 0.5723774161748061, 0.2775332850490157], [-0.6118022762112009, -0.0073766615562766424, -0.790976333202883, -0.23216907674019882], [0.0, 0.0, 0.0, 1.0]], "ecm_transform": [[0.9595005867711144, 0.2810008152529255, 0.019929019370730536, -0.0882824392494179], [0.23836061413696324, -0.7721239955792272, -0.5890744885657668, 0.883800407786574], [-0.15014273746717632, 0.5699676107271021, -0.8078329537150002, 0.5739512679456626], [0.0, 0.0, 0.0, 1.0]], "psm2_transform": [[-0.03103299830356043, 0.9993627443629867, 0.017636841995410445, 0.0027797411483748095], [0.8688488933306309, 0.0356946099471595, -0.49378891783722556, -0.07782602882538668], [-0.49410378826156487, 0.0, -0.8694029252455795, -0.005511409200439556], [0.0, 0.0, 0.0, 1.0]]}