{"ecm_psm_transform": [[-0.6512569230631072, 0.2883142310234563, -0.7019539332119503, 0.011359731464456593], [0.3261551669917552, -0.7288724741431079, -0.6019698692468625, 0.23022538992019814], [-0.6851913799858798, -0.6209829471296757, 0.38064806865027967, -0.17122064814465965], [0.0, 0.0, 0.0, 1.0]], "suj_ecm_transform": [[0.9934952831163051, 0.1138732732107393, -8.597987879167611e-06, -0.09249001272252207], [-0.11387327350571853, 0.9934952783039381, -9.782061503127978e-05, 1.0067292007882154], [-2.5970932602319614e-06, 9.816340065047569e-05, 0.999999995178601, 0.7425406954047353], [0.0, 0.0, 0.0, 1.0]], "suj_psm2_transform": [[0.29085645973668434, -0.9320266067446652, -0.2161687399913959, -0.0005854713159403335], [-0.7356015433678444, -0.3623129235024371, 0.5723807429132834, 0.27746971571301715], [-0.6117948097395791, -0.007466577739657809, -0.7909812646280376, -0.2322192001322304], [0.0, 0.0, 0.0, 1.0]], "ecm_transform": [[0.9594967301027378, 0.28101330775497785, 0.019938550267259214, -0.08830215314197187], [0.23837613829411802, -0.7721194490405258, -0.589074166048163, 0.883799125279369], [-0.15014273746717632, 0.569967610727102, -0.8078329537150001, 0.5739527239997109], [0.0, 0.0, 0.0, 1.0]], "psm2_transform": [[-0.010145997284012782, 0.9999319174159196, 0.005763616229026703, 0.0009087408524882962], [0.869439869510434, 0.011668784552072882, -0.493900954415718, -0.07787263352131893], [-0.4939345827584789, 0.0, -0.8694990672537881, -0.005528532552185814], [0.0, 0.0, 0.0, 1.0]]}