{"ecm_psm_transform": [[-0.6524787674872401, 0.28717005044877547, -0.7012879723077958, 0.01146907835897594], [0.32928240020741995, -0.7260508876289354, -0.6036747547205163, 0.22995171925902427], [-0.6825280645453142, -0.6248067466813101, 0.37917274481368574, -0.17144950695444325], [0.0, 0.0, 0.0, 1.0]], "suj_ecm_transform": [[0.9934877466241794, 0.1139390066376467, -8.60446006889439e-06, -0.09244441413957362], [-0.11393900693294434, 0.9934877418118319, -9.782004593940923e-05, 1.0067326106977363], [-2.597093260229287e-06, 9.816340065046138e-05, 0.9999999951786009, 0.7425456365126455], [0.0, 0.0, 0.0, 1.0]], "suj_psm2_transform": [[0.29078458002977786, -0.9320387791591003, -0.21621295557972386, -0.0005843433969954098], [-0.7356149886237053, -0.36228317007746963, 0.5723822963638596, 0.27747304199316414], [-0.6118128116744955, -0.0073904548055684915, -0.7909680553908073, -0.2322111432328846], [0.0, 0.0, 0.0, 1.0]], "ecm_transform": [[0.9594980915154978, 0.28100889797448214, 0.01993518591045862, -0.08830351863607032], [0.23837065835370772, -0.7721210539683567, -0.5890742799128256, 0.8838134196489993], [-0.1501427374671763, 0.5699676107271018, -0.8078329537150002, 0.5739540288177749], [0.0, 0.0, 0.0, 1.0]], "psm2_transform": [[-0.014376419248471443, 0.9998633104005543, 0.008165726203896766, 0.001287598932233403], [0.8694076751174167, 0.016533617717995858, -0.4938187257811146, -0.07786698306504486], [-0.4938862348927338, 0.0, -0.8695265303505577, -0.005532862821445231], [0.0, 0.0, 0.0, 1.0]]}