{"ecm_psm_transform": [[-0.6331563102542724, 0.3029514876076421, -0.712273460787016, 0.009708358635585824], [0.2803378332904005, -0.767990456371351, -0.5758483812155489, 0.2343773733574799], [-0.7214733439367249, -0.5642792350236197, 0.4013292400385492, -0.16785495384276966], [0.0, 0.0, 0.0, 1.0]], "suj_ecm_transform": [[0.9934909662692792, 0.11391092953419825, -8.601695563209326e-06, -0.09246339526694307], [-0.1139109298293599, 0.9934909614569234, -9.782028907183852e-05, 1.0067463413051376], [-2.5970932602245164e-06, 9.816340065043532e-05, 0.999999995178601, 0.7425372095268861], [0.0, 0.0, 0.0, 1.0]], "suj_psm2_transform": [[0.29074226665947045, -0.9320423308477045, -0.21625454419663004, -0.0006132506605142779], [-0.7356162453042093, -0.36227513168243164, 0.5723857690483007, 0.27751558677131044], [-0.6118314098035923, -0.007336380064828951, -0.79095417282248, -0.23210804140494656], [0.0, 0.0, 0.0, 1.0]], "ecm_transform": [[0.9594956328202857, 0.2810168619050281, 0.01994126184196457, -0.08829637069955577], [0.2383805549634072, -0.7721181554963523, -0.5890740742625232, 0.883798500710926], [-0.15014273746717627, 0.5699676107271018, -0.8078329537150002, 0.5739572300767122], [0.0, 0.0, 0.0, 1.0]], "psm2_transform": [[0.05111368802164258, 0.9982708180276569, -0.029030411144503165, -0.004577958484465062], [0.8680366675474585, -0.05878242827914395, -0.4930080830155937, -0.07774504209798092], [-0.4938620603872395, 0.0, -0.8695402608908173, -0.005536340087908955], [0.0, 0.0, 0.0, 1.0]]}