{"ecm_psm_transform": [[-0.6276382648036327, 0.30726309940030005, -0.7153038489349867, 0.009375351938793613], [0.2662722565238248, -0.7786751451535803, -0.5681233173579139, 0.2355772698590473], [-0.7315526597313384, -0.5470415030571008, 0.4069106781260877, -0.16705618643814327], [0.0, 0.0, 0.0, 1.0]], "suj_ecm_transform": [[0.9934904478195451, 0.11391545117903487, -8.602140769705674e-06, -0.09244744927010655], [-0.11391545147421842, 0.9934904430071906, -9.782024992222473e-05, 1.006748986515921], [-2.597093260231076e-06, 9.816340065047666e-05, 0.9999999951786009, 0.7425491265104316], [0.0, 0.0, 0.0, 1.0]], "suj_psm2_transform": [[0.29100108289157184, -0.9319615864188779, -0.2162544131238498, -0.00045810727969400333], [-0.735523687414628, -0.36247941630850494, 0.5723753820742417, 0.27746387616280166], [-0.6118196425482931, -0.007501612643541211, -0.7909617252432795, -0.2322020998683092], [0.0, 0.0, 0.0, 1.0]], "ecm_transform": [[0.9594924050055311, 0.28102731653427393, 0.0199492380367534, -0.08830350734959733], [0.23839354673011737, -0.7721143503935048, -0.5890738041993138, 0.8837920698733929], [-0.1501427374671762, 0.5699676107271019, -0.8078329537150002, 0.5739573777420854], [0.0, 0.0, 0.0, 1.0]], "psm2_transform": [[0.06908532008541893, 0.9968386455790664, -0.039241982987453204, -0.006187411065353971], [0.8667673830201851, -0.07945259391670201, -0.4923429587718784, -0.07762931531844947], [-0.4939043655213377, 0.0, -0.8695162320043053, -0.0055299269430191846], [0.0, 0.0, 0.0, 1.0]]}