{"ecm_psm_transform": [[-0.6201336195213188, 0.31238547081110685, -0.7196176843057095, 0.008475987193414154], [0.24643030689880366, -0.7932977154995428, -0.5567322861348782, 0.2373979465428076], [-0.7447861423127783, -0.5225840144984628, 0.4149693362280166, -0.16572767001103153], [0.0, 0.0, 0.0, 1.0]], "suj_ecm_transform": [[0.9934899323543304, 0.11391994661420742, -8.602583395620363e-06, -0.09244678049393185], [-0.11391994690941272, 0.9934899275419773, -9.782021099744386e-05, 1.0067399424241557], [-2.597093260230619e-06, 9.816340065044968e-05, 0.999999995178601, 0.7425383670915704], [0.0, 0.0, 0.0, 1.0]], "suj_psm2_transform": [[0.29067661182109394, -0.9320633987066109, -0.21625200145129397, -0.0006782626349447624], [-0.7356387771973694, -0.36222171602398445, 0.572390616558482, 0.27751167876802163], [-0.61183551451658, -0.00729720714529275, -0.7909513600368296, -0.2320936242208289], [0.0, 0.0, 0.0, 1.0]], "ecm_transform": [[0.9594945749254901, 0.28102028840860277, 0.019943876034993577, -0.08830708833802739], [0.23838481301126563, -0.7721169083919771, -0.5890739857613806, 0.8838135073045223], [-0.1501427374671762, 0.5699676107271018, -0.8078329537150003, 0.5739563622121937], [0.0, 0.0, 0.0, 1.0]], "psm2_transform": [[0.09414458355654082, 0.9941191710098669, -0.053515149421639555, -0.008434904493484816], [0.8642491438920982, -0.10829161477535969, -0.4912701328710312, -0.07743259051040108], [-0.49417629917747075, 0.0, -0.8693617114476915, -0.0055134375998501], [0.0, 0.0, 0.0, 1.0]]}