{"ecm_psm_transform": [[-0.6142850171891665, 0.31624161577329296, -0.7229420157315543, 0.008086024213918734], [0.23233711151061204, -0.8030774820990978, -0.5487130619552255, 0.23859878760101383], [-0.7541043590059743, -0.5050324724198145, 0.41984380134726107, -0.16497510320295555], [0.0, 0.0, 0.0, 1.0]], "suj_ecm_transform": [[0.993489253041058, 0.11392587071383976, -8.603166689637237e-06, -0.0924539728570421], [-0.11392587100907377, 0.9934892482287065, -9.782015969919084e-05, 1.0067428908250327], [-2.5970932602232247e-06, 9.816340065045928e-05, 0.999999995178601, 0.7425358997648988], [0.0, 0.0, 0.0, 1.0]], "suj_psm2_transform": [[0.29083558148685923, -0.9320004842027545, -0.21630941261774056, -0.0005479494731787937], [-0.7355675265614257, -0.3623823267875626, 0.572380522991776, 0.2774425849790956], [-0.6118456328270288, -0.0073584426248794466, -0.7909429656508928, -0.23214900317093357], [0.0, 0.0, 0.0, 1.0]], "ecm_transform": [[0.9594792762453925, 0.2810698331186234, 0.019981675762726414, -0.08833722097101866], [0.23844638148120453, -0.7720988742594488, -0.5890727047876275, 0.883801910209562], [-0.1501427374671762, 0.5699676107271016, -0.8078329537150002, 0.5739636298479631], [0.0, 0.0, 0.0, 1.0]], "psm2_transform": [[0.1118398841384676, 0.9916939440444804, -0.0635213480760374, -0.010016754617889007], [0.8623144067673605, -0.12862006587427546, -0.4897660079425197, -0.07723176649007504], [-0.49386810404940046, 0.0, -0.8695368283187611, -0.005535142729361387], [0.0, 0.0, 0.0, 1.0]]}