{"ecm_psm_transform": [[-0.5726523745190342, 0.3388193798932785, -0.7465056501905706, 0.004498253419835554], [0.1259744115089082, -0.8634128652266949, -0.48851680811003206, 0.24805930557464773], [-0.8100615443302419, -0.37379092012750115, 0.45175285547248056, -0.16007087294527744], [0.0, 0.0, 0.0, 1.0]], "suj_ecm_transform": [[0.993480096004907, 0.11400569620826317, -8.611026413337628e-06, -0.09240196696977554], [-0.11400569650388384, 0.9934800911925794, -9.781946812759687e-05, 1.006731965645919], [-2.5970932602243136e-06, 9.816340065041978e-05, 0.9999999951786009, 0.7425447630175481], [0.0, 0.0, 0.0, 1.0]], "suj_psm2_transform": [[0.2909984292235219, -0.9319648002770894, -0.21624413340927473, -0.0004100571472862441], [-0.7355296563998915, -0.36247106913548144, 0.5723729977873161, 0.2773868043388858], [-0.6118137287979903, -0.007505670141051191, -0.7909662610819966, -0.23226302376433527], [0.0, 0.0, 0.0, 1.0]], "ecm_transform": [[0.9594889491940288, 0.2810385089378238, 0.019957777144345948, -0.08832321876091191], [0.23840745533728847, -0.772110276590102, -0.5890735149567965, 0.8837992223827591], [-0.15014273746717632, 0.5699676107271019, -0.8078329537150002, 0.5739646482618099], [0.0, 0.0, 0.0, 1.0]], "psm2_transform": [[0.23808601333508717, 0.9617705591364, -0.13532347110779144, -0.02132896227751633], [0.8361463191466154, -0.27385651640677927, -0.47524934655305934, -0.07490626202582579], [-0.4941400441491979, 0.0, -0.869382319102608, -0.0055127515638702974], [0.0, 0.0, 0.0, 1.0]]}