{"ecm_psm_transform": [[-0.5588805782725792, 0.3441885176212665, -0.7544446723036637, 0.0030369548167076717], [0.09099947562560293, -0.8788433122531477, -0.46835192744749293, 0.25133497651305337], [-0.8242400103523079, -0.3304068656150952, 0.45984748394313923, -0.1587437644641997], [0.0, 0.0, 0.0, 1.0]], "suj_ecm_transform": [[0.9934891328042487, 0.11392691923266363, -8.603269928070127e-06, -0.09244592893356693], [-0.11392691952790271, 0.9934891279918976, -9.782015061944634e-05, 1.0067275418688486], [-2.5970932602313473e-06, 9.816340065046678e-05, 0.999999995178601, 0.7425481056246235], [0.0, 0.0, 0.0, 1.0]], "suj_psm2_transform": [[0.2907832557980073, -0.9320590570808541, -0.21612730568130378, -0.0006289445607701311], [-0.7356401399061042, -0.3622298249913725, 0.5723837335613645, 0.2775216412843956], [-0.6117831991044198, -0.007447684221869033, -0.7909904230098448, -0.232216013994486], [0.0, 0.0, 0.0, 1.0]], "ecm_transform": [[0.9594890111968517, 0.28103830813435504, 0.019957623943432035, -0.08831413655873067], [0.2384072058020703, -0.7721103496800301, -0.5890735201472149, 0.8837994210414939], [-0.15014273746717632, 0.569967610727102, -0.8078329537150002, 0.5739499605183059], [0.0, 0.0, 0.0, 1.0]], "psm2_transform": [[0.2741440088739631, 0.9489851635792812, -0.1557954482804852, -0.024560002890238738], [0.8250602541543955, -0.31532072451141696, -0.4688799608730143, -0.07391546621749862], [-0.49408565999550796, 0.0, -0.8694132277500747, -0.005520902384944772], [0.0, 0.0, 0.0, 1.0]]}