{"ecm_psm_transform": [[-0.7101871431406777, 0.22078388551697398, -0.6684973430117057, 0.01663705829505717], [0.4743124276864764, -0.5516482862299883, -0.6860844621777102, 0.2170127015533193], [-0.5202518069741264, -0.8043249618130377, 0.2870529796825172, -0.18590064413990856], [0.0, 0.0, 0.0, 1.0]], "suj_ecm_transform": [[0.9934969807185577, 0.11385846138609672, -8.596529491257416e-06, -0.09250486470178666], [-0.1138584616810042, 0.9934969759061864, -9.782074320598606e-05, 1.0067450775357025], [-2.597093260225457e-06, 9.816340065046249e-05, 0.9999999951786009, 0.7425393839947738], [0.0, 0.0, 0.0, 1.0]], "suj_psm2_transform": [[0.29076367363953504, -0.9320517938700449, -0.21618496625638237, -0.0005840076557399737], [-0.7356330873137901, -0.36224960143555407, 0.5723802819009087, 0.2775302219496747], [-0.6118009863843172, -0.007394579326330808, -0.7909771635488365, -0.23213384841977613], [0.0, 0.0, 0.0, 1.0]], "ecm_transform": [[0.9594899908601305, 0.2810351353486384, 0.0199552033013774, -0.08831611974668266], [0.23840326303364506, -0.772111504526135, -0.5890736021528202, 0.8838160831130835], [-0.15014273746717635, 0.5699676107271017, -0.8078329537150003, 0.5739604281770323], [0.0, 0.0, 0.0, 1.0]], "psm2_transform": [[-0.2371259695664572, 0.9620934705547984, 0.13471239168313698, 0.02124043078345804], [0.8365261632554252, 0.27271991844348903, -0.47523449398516365, -0.07493137972894548], [-0.49395875611869206, 0.0, -0.8694853346972993, -0.005529647135094989], [0.0, 0.0, 0.0, 1.0]]}