{"ecm_psm_transform": [[-0.5592468886225358, 0.3440807121119987, -0.7542223684819437, 0.003132381139040177], [0.09170288320745484, -0.8785364978925614, -0.46879014823491477, 0.2512451983249481], [-0.8239135262741187, -0.33133379758662307, 0.4597656096310094, -0.1587899133435694], [0.0, 0.0, 0.0, 1.0]], "suj_ecm_transform": [[0.9934823159268237, 0.11398634947465398, -8.609121506826212e-06, -0.09241176259552221], [-0.11398634977018095, 0.9934823111144904, -9.781963579744225e-05, 1.006730660893222], [-2.597093260223457e-06, 9.816340065045242e-05, 0.9999999951786009, 0.7425500009668473], [0.0, 0.0, 0.0, 1.0]], "suj_psm2_transform": [[0.2907843385206973, -0.9320570294158789, -0.21613459322266745, -0.0005669473415751553], [-0.7356387151616203, -0.36223514265403045, 0.5723821993928312, 0.2774965462719016], [-0.6117843976650933, -0.007442804771163769, -0.7909895419224563, -0.23223740057692266], [0.0, 0.0, 0.0, 1.0]], "ecm_transform": [[0.9594826104578182, 0.28105903647484565, 0.019973438484204728, -0.0883101201241002], [0.2384329646146134, -0.7721028045136673, -0.5890729841430655, 0.8838064071458774], [-0.15014273746717632, 0.5699676107271019, -0.8078329537150002, 0.5739495226034417], [0.0, 0.0, 0.0, 1.0]], "psm2_transform": [[0.2739770126425244, 0.9490435905841116, -0.15573329674380892, -0.024546812076907627], [0.825068679495702, -0.31514482888224143, -0.46898338024284114, -0.07392155141332413], [-0.4941642142635347, 0.0, -0.8693685808339886, -0.005514520345539023], [0.0, 0.0, 0.0, 1.0]]}