{"ecm_psm_transform": [[-0.5511891135170264, 0.3470502344238928, -0.7587797413786401, 0.0023362615968955027], [0.07075251751260458, -0.8866772773997699, -0.4569436365773798, 0.2531253474630417], [-0.8313751514243999, -0.30554793491243387, 0.4641721847168396, -0.15804027004208665], [0.0, 0.0, 0.0, 1.0]], "suj_ecm_transform": [[0.9934944097241488, 0.11388089292294258, -8.598738124320085e-06, -0.0924808698259813], [-0.11388089321795873, 0.9934944049117841, -9.782054908524579e-05, 1.0067363484449166], [-2.5970932602266713e-06, 9.816340065048329e-05, 0.9999999951786009, 0.7425408386755101], [0.0, 0.0, 0.0, 1.0]], "suj_psm2_transform": [[0.2907538911492644, -0.9320437199496716, -0.2162329273814234, -0.0006441006433076657], [-0.7356179081109033, -0.3622711052553431, 0.5723861804442967, 0.2775001095894785], [-0.6118238864641528, -0.007358695499224688, -0.7909597850412178, -0.23215919066302604], [0.0, 0.0, 0.0, 1.0]], "ecm_transform": [[0.9594979854925619, 0.2810092413995573, 0.019935447919754504, -0.08828414125283064], [0.23837108512061297, -0.7721209289807426, -0.5890742710459667, 0.8837923445373062], [-0.1501427374671762, 0.5699676107271017, -0.8078329537150005, 0.5739560705893904], [0.0, 0.0, 0.0, 1.0]], "psm2_transform": [[0.2963479778138085, 0.9401034150925222, -0.16847387030944458, -0.026550662630307434], [0.8172673098716692, -0.34088937931736313, -0.4646165895485742, -0.07322131496647093], [-0.49421859562423576, 0.0, -0.8693376672727395, -0.0055070255391431455], [0.0, 0.0, 0.0, 1.0]]}