{"ecm_psm_transform": [[-0.7045717764005702, 0.22890831838647482, -0.671699035039668, 0.016140391662653384], [0.46031771346813133, -0.5729591577648777, -0.6781042738405602, 0.21825302792895063], [-0.5400798224033333, -0.7869680967528724, 0.2983202978778774, -0.1841702588156184], [0.0, 0.0, 0.0, 1.0]], "suj_ecm_transform": [[0.9934876762238166, 0.11393962048981533, -8.604520509555151e-06, -0.092455685304635], [-0.11393962078511595, 0.9934876714114693, -9.78200406229203e-05, 1.0067408191900276], [-2.5970932602236796e-06, 9.816340065048089e-05, 0.9999999951786009, 0.7425484039766554], [0.0, 0.0, 0.0, 1.0]], "suj_psm2_transform": [[0.29074236253236907, -0.932063810382517, -0.21616181902528464, -0.0005768824664300065], [-0.7356479788363297, -0.3622186464092766, 0.5723807329282271, 0.27751675249722035], [-0.6117932084153268, -0.007396321292026553, -0.7909831632646965, -0.2321803585635429], [0.0, 0.0, 0.0, 1.0]], "ecm_transform": [[0.9594989922867778, 0.2810059802066544, 0.019932959859373392, -0.08829580652003767], [0.2383670325076868, -0.7721221158664842, -0.5890743552416308, 0.8837929369487434], [-0.15014273746717632, 0.5699676107271018, -0.8078329537150002, 0.5739461824683283], [0.0, 0.0, 0.0, 1.0]], "psm2_transform": [[-0.21306349103120614, 0.9695113284894366, 0.12104434195881689, 0.019085406011228906], [0.8429725533753822, 0.24504649340614498, -0.47890446889243, -0.07551023105659674], [-0.4939647993990902, 0.0, -0.8694819014531681, -0.005529761747330414], [0.0, 0.0, 0.0, 1.0]]}