{"ecm_psm_transform": [[-0.6992787017663252, 0.2361542306094734, -0.6747151077464109, 0.015570822971233755], [0.4470738649940181, -0.5920115177403512, -0.670557471140302, 0.21947038933741242], [-0.5577940986558694, -0.7705540488687435, 0.3084026609429187, -0.1825496184274854], [0.0, 0.0, 0.0, 1.0]], "suj_ecm_transform": [[0.993495760188133, 0.11386911088739309, -8.59757805235791e-06, -0.0924959397178481], [-0.11386911118235217, 0.9934957553757647, -9.782065105234246e-05, 1.0067440734009523], [-2.5970932602267535e-06, 9.816340065048797e-05, 0.9999999951786009, 0.7425405511726424], [0.0, 0.0, 0.0, 1.0]], "suj_psm2_transform": [[0.2907144204616417, -0.9320754572806813, -0.21614917920422697, -0.0006697987774936381], [-0.735658380627342, -0.36218882498940536, 0.5723862350419959, 0.2775540926174469], [-0.6117939790063391, -0.007388977453144097, -0.7909826358800731, -0.23215225554891372], [0.0, 0.0, 0.0, 1.0]], "ecm_transform": [[0.9594869925862305, 0.2810448455256684, 0.019962611584767143, -0.08832050236423958], [0.23841532971621954, -0.772107970121726, -0.5890733511463697, 0.883808632898868], [-0.15014273746717627, 0.5699676107271019, -0.8078329537150003, 0.5739498140889139], [0.0, 0.0, 0.0, 1.0]], "psm2_transform": [[-0.19092896698454376, 0.975592002341653, 0.10847292073701698, 0.017104551301721026], [0.848252890224557, 0.21959108580952044, -0.4819198992142591, -0.0759915339554192], [-0.4939768858882982, 0.0, -0.869475034838896, -0.005533270531754571], [0.0, 0.0, 0.0, 1.0]]}