{"ecm_psm_transform": [[-0.5653446277308374, 0.11006631208410506, -0.8174783537440522, -0.0208622591273352], [0.6766625197453062, -0.5048751193219668, -0.5359374480865873, 0.21740929240109175], [-0.4717131398083105, -0.8561463197572217, 0.21095068830973562, -0.17058448400108117], [0.0, 0.0, 0.0, 1.0]], "suj_ecm_transform": [[0.9779332579192224, 0.20891755008289092, -1.796827338523119e-05, 0.059108807043094416], [-0.20891755083944286, 0.9779332531575506, -9.653983256778046e-05, 1.033012264114427], [-2.5970932602298074e-06, 9.816340065044182e-05, 0.9999999951786012, 0.6492775226552219], [0.0, 0.0, 0.0, 1.0]], "suj_psm2_transform": [[0.1324215329019211, -0.9902511446481076, -0.043211203952429444, -0.022262304381084244], [-0.7632848728786829, -0.12968853968321453, 0.6329115937549323, 0.2845038487882904], [-0.6323454281154239, -0.05082866512066114, -0.7730172742853638, -0.21033057552118706], [0.0, 0.0, 0.0, 1.0]], "ecm_transform": [[0.9909852559417098, -0.07374999320950423, -0.11184436064344966, 0.04823256744981202], [-0.12768276298971679, -0.7726908062668891, -0.6218086763192812, 0.9726714690840189], [-0.04056272354583404, 0.6304838272408126, -0.7751417993156617, 0.5740678017597028], [0.0, 0.0, 0.0, 1.0]], "psm2_transform": [[-0.29306442024779167, 0.9413189021346402, 0.16742750690630698, 0.02626439682329186], [0.8173391813977282, 0.33751848021113706, -0.4669453266369158, -0.07324983558667328], [-0.49605433990331893, 0.0, -0.8682914786309276, -0.00529475784773413], [0.0, 0.0, 0.0, 1.0]]}