{"ecm_psm_transform": [[-0.545190483730839, 0.12395025690951993, -0.8290981065358901, -0.022693251396750866], [0.583007713565203, -0.6546117844899846, -0.48123322571318017, 0.2258819149303395], [-0.602386372997272, -0.7457343665266488, 0.28462415956536374, -0.15888569172711398], [0.0, 0.0, 0.0, 1.0]], "suj_ecm_transform": [[0.9779374479444876, 0.20889793580845492, -1.7966337099457154e-05, 0.059103043459841825], [-0.20889793656491137, 0.9779374431828006, -9.65401929348017e-05, 1.0330141369813037], [-2.5970932602266345e-06, 9.816340065043464e-05, 0.9999999951786009, 0.6492847930376155], [0.0, 0.0, 0.0, 1.0]], "suj_psm2_transform": [[0.13236567747725242, -0.9902569597001701, -0.04324906000555312, -0.022283095935380387], [-0.7632597384938599, -0.12966707651232073, 0.632946301721586, 0.28453041349229446], [-0.6323874595691101, -0.05077009980415542, -0.7729867385315246, -0.21029965512680104], [0.0, 0.0, 0.0, 1.0]], "ecm_transform": [[0.9909882782590769, -0.07373170151545241, -0.11182964072528924, 0.04822219630892642], [-0.1276593036627385, -0.7726925519114398, -0.6218113238024312, 0.9726695465665922], [-0.040562723545834026, 0.6304838272408131, -0.7751417993156615, 0.5740605247854117], [0.0, 0.0, 0.0, 1.0]], "psm2_transform": [[-0.13620923463006807, 0.9876386407352995, 0.07756906424613483, 0.012196201469232667], [0.8582282299205799, 0.15674793563721956, -0.48874777753035203, -0.076845923311456], [-0.49486498135236795, 0.0, -0.8689698787824125, -0.005400646597417593], [0.0, 0.0, 0.0, 1.0]]}