{"ecm_psm_transform": [[-0.5425342927138318, 0.1253855497213576, -0.8306232630685076, -0.022950758068260902], [0.5688849125264096, -0.6726999362217264, -0.47312234369886236, 0.22717670013561997], [-0.6180829212406063, -0.7292141384589016, 0.29363283662138373, -0.1574652702656038], [0.0, 0.0, 0.0, 1.0]], "suj_ecm_transform": [[0.9779365211743772, 0.20890227435466668, -1.7966765392817e-05, 0.05909496905713982], [-0.20890227511114423, 0.9779365164126936, -9.654011322750534e-05, 1.0330077786376042], [-2.5970932602273087e-06, 9.816340065043468e-05, 0.999999995178601, 0.6492818861481051], [0.0, 0.0, 0.0, 1.0]], "suj_psm2_transform": [[0.13228047621860134, -0.9902682386482461, -0.04325148709443882, -0.022301065257927077], [-0.7632686924826911, -0.12960278080677026, 0.6329486727080762, 0.2845594955441332], [-0.6323944802788392, -0.05071424584525169, -0.7729846612845588, -0.21028917848379103], [0.0, 0.0, 0.0, 1.0]], "ecm_transform": [[0.9909812723870333, -0.07377409731600416, -0.11186375795308316, 0.04824062426628689], [-0.12771367678021595, -0.7726885052548575, -0.6218051870242743, 0.9726652474270144], [-0.040562723545834026, 0.6304838272408128, -0.7751417993156617, 0.5740677965411171], [0.0, 0.0, 0.0, 1.0]], "psm2_transform": [[-0.11510651021509057, 0.9911878570839178, 0.06555244675444499, 0.010307001564173275], [0.8613089827877846, 0.13246370057261384, -0.49051014688758554, -0.0771243348116581], [-0.49487102105010666, 0.0, -0.8689664392396435, -0.005401415342476831], [0.0, 0.0, 0.0, 1.0]]}