{"ecm_psm_transform": [[-0.5394950652894294, 0.1271316250712656, -0.8323356440974363, -0.02317840417643251], [0.5517795931323407, -0.6933019556202864, -0.4635425319599007, 0.22860375785776615], [-0.6359908451629344, -0.709344731593762, 0.30388434745657905, -0.1559215348340176], [0.0, 0.0, 0.0, 1.0]], "suj_ecm_transform": [[0.977919489736035, 0.2089819879112202, -1.797463457887754e-05, 0.05914572502113937], [-0.20898198866808587, 0.9779194849744131, -9.653864838717071e-05, 1.0329865268470675], [-2.597093260234041e-06, 9.816340065046445e-05, 0.9999999951786009, 0.6492843545734266], [0.0, 0.0, 0.0, 1.0]], "suj_psm2_transform": [[0.1323482999954338, -0.9902569573804856, -0.04330226146360533, -0.022259120101295576], [-0.7632166492838726, -0.12968404882059997, 0.6329947817615837, 0.2844592341442518], [-0.6324430992146388, -0.050726776371459226, -0.7729440603399078, -0.21034900732176598], [0.0, 0.0, 0.0, 1.0]], "ecm_transform": [[0.9909892512855203, -0.07372581183266486, -0.11182490110068663, 0.04823404594300633], [-0.127651750066766, -0.7726931138928259, -0.6218121761814417, 0.9726671918744159], [-0.04056272354583404, 0.6304838272408126, -0.7751417993156615, 0.5740782716157286], [0.0, 0.0, 0.0, 1.0]], "psm2_transform": [[-0.09030060577368143, 0.9945854304250443, 0.05143561201284064, 0.008085884388398051], [0.8642203057100368, 0.10392219005693301, -0.49226358956581506, -0.07738580952149118], [-0.4949434955581867, 0.0, -0.868925161452149, -0.005392961539498135], [0.0, 0.0, 0.0, 1.0]]}