{"ecm_psm_transform": [[-0.5375141135221211, 0.12801401841600363, -0.833481246851731, -0.023364778655122057], [0.5413755556490516, -0.7054248764721122, -0.4574803289759967, 0.2295894868650091], [-0.6465223008606966, -0.6971285066207611, 0.3098721667825271, -0.15494396147611716], [0.0, 0.0, 0.0, 1.0]], "suj_ecm_transform": [[0.9779192456201007, 0.20898313023476797, -1.797474734724141e-05, 0.059158605527740646], [-0.2089831309916392, 0.9779192408584797, -9.653862739060818e-05, 1.0329925267461277], [-2.597093260219916e-06, 9.816340065043369e-05, 0.9999999951786012, 0.6492791232160247], [0.0, 0.0, 0.0, 1.0]], "suj_psm2_transform": [[0.13226918831842877, -0.9902704247421658, -0.0432359538180313, -0.022265018018571975], [-0.7632836369780692, -0.12958523212841383, 0.6329342439272474, 0.28451092559615077], [-0.6323788036794997, -0.05071640262475269, -0.7729973448606979, -0.21031705838378012], [0.0, 0.0, 0.0, 1.0]], "ecm_transform": [[0.9909791894538532, -0.07378669859322307, -0.11187389856484391, 0.048265633467879765], [-0.12772983804862656, -0.7726873020171162, -0.621803362626467, 0.9726704536925885], [-0.040562723545834053, 0.6304838272408126, -0.7751417993156616, 0.5740689612470246], [0.0, 0.0, 0.0, 1.0]], "psm2_transform": [[-0.0747840576500236, 0.9962896404478293, 0.04259456605874759, 0.006696735616338682], [0.8657148455590651, 0.086063652817755, -0.4930830090789067, -0.07752271837106853], [-0.4949193377713606, 0.0, -0.8689389213862837, -0.005397743542124134], [0.0, 0.0, 0.0, 1.0]]}