{"ecm_psm_transform": [[-0.5612371088992623, 0.1122050164477068, -0.8200139888309026, -0.021292401913563935], [0.6654720318523788, -0.5279018712630971, -0.5276993359283172, 0.2185622875103156], [-0.49209743183303056, -0.8418608249591439, 0.22160881973072596, -0.16875795589297649], [0.0, 0.0, 0.0, 1.0]], "suj_ecm_transform": [[0.9779408553275715, 0.2088819838053187, -1.7964762347287883e-05, 0.05908628572513857], [-0.20888198456169743, 0.9779408505658721, -9.654048598632878e-05, 1.033009804405736], [-2.5970932602334565e-06, 9.816340065049053e-05, 0.9999999951786009, 0.6492804317420313], [0.0, 0.0, 0.0, 1.0]], "suj_psm2_transform": [[0.13228670303134962, -0.9902663729964504, -0.04327515122504649, -0.022321178013109774], [-0.7632475133780386, -0.12962107295268485, 0.6329704659530613, 0.2845650393461905], [-0.6324187390671914, -0.050703924493572305, -0.7729654911557267, -0.210283121342431], [0.0, 0.0, 0.0, 1.0]], "ecm_transform": [[0.9909928093866466, -0.07370427181132871, -0.11180756709956532, 0.04819660207021262], [-0.12762412468850184, -0.7726951688114397, -0.6218152932285881, 0.9726804247627433], [-0.04056272354583407, 0.6304838272408126, -0.7751417993156619, 0.5740660547695075], [0.0, 0.0, 0.0, 1.0]], "psm2_transform": [[-0.27095244295104065, 0.9501715836293451, 0.1541386885962301, 0.024251236840105134], [0.8258860959343444, 0.31172738356343116, -0.4698278353599586, -0.07391983293198297], [-0.4944663084591204, 0.0, -0.869196795782641, -0.005431096280540962], [0.0, 0.0, 0.0, 1.0]]}