{"ecm_psm_transform": [[-0.5290912229416417, 0.13174413629280962, -0.8382755873569147, -0.024097559076879906], [0.49390053012005725, -0.75548724035154, -0.4304663703625886, 0.23381867019746966], [-0.6900179303128617, -0.6417807353126738, 0.33465316915917453, -0.1510584902263256], [0.0, 0.0, 0.0, 1.0]], "suj_ecm_transform": [[0.9779164190325548, 0.20899635657926255, -1.7976053031098568e-05, 0.0591627212875868], [-0.20899635733619823, 0.977916414270944, -9.653838427323228e-05, 1.0329897417672034], [-2.597093260238083e-06, 9.816340065044995e-05, 0.9999999951786009, 0.6492872643468921], [0.0, 0.0, 0.0, 1.0]], "suj_psm2_transform": [[0.13228147105512236, -0.9902677623812872, -0.04325934816720739, -0.022243082722049196], [-0.7632621785707314, -0.1296080602639936, 0.6329554466769887, 0.2844907709026115], [-0.632402134072106, -0.05071005327313166, -0.7729786745558267, -0.21032765654115493], [0.0, 0.0, 0.0, 1.0]], "ecm_transform": [[0.9909835646718564, -0.0737602276424267, -0.11185259660999505, 0.04825546375171217], [-0.12769588877017585, -0.772689829366166, -0.6218071948645179, 0.972668378139944], [-0.04056272354583404, 0.6304838272408126, -0.7751417993156616, 0.5740676496997318], [0.0, 0.0, 0.0, 1.0]], "psm2_transform": [[-0.010595748231876582, 0.9999256517229057, 0.0060349934489598075, 0.000948837854535455], [0.8688743172745784, 0.012193893001101144, -0.49488254137129667, -0.07780676031764852], [-0.4949193377713606, 0.0, -0.8689389213862837, -0.005398398250903293], [0.0, 0.0, 0.0, 1.0]]}