{"ecm_psm_transform": [[-0.5296141391531308, 0.131513445779549, -0.8379815494318942, -0.024151273979405863], [0.49709014773335225, -0.7523734380393273, -0.4322448319636879, 0.23356521352843976], [-0.6873210666315432, -0.6454753467887618, 0.33309357251740146, -0.15126037094617234], [0.0, 0.0, 0.0, 1.0]], "suj_ecm_transform": [[0.9779305401509438, 0.20893027142369625, -1.796952921361382e-05, 0.05910714864835987], [-0.20893027218031013, 0.9779305353892819, -9.653959882091846e-05, 1.0329973315494894], [-2.5970932602265396e-06, 9.816340065044858e-05, 0.999999995178601, 0.6492831941247865], [0.0, 0.0, 0.0, 1.0]], "suj_psm2_transform": [[0.1322672306363714, -0.9902675835123015, -0.04330695953876634, -0.022341667717943575], [-0.7632227823193117, -0.12962421052616907, 0.6329996434392646, 0.28452371128645165], [-0.6324526577132503, -0.05067225167855499, -0.7729398156786023, -0.21028947684482846], [0.0, 0.0, 0.0, 1.0]], "ecm_transform": [[0.9909861205832279, -0.07374476056642974, -0.11184014976923257, 0.04822520250225123], [-0.12767605206125643, -0.7726913056821444, -0.6218094337120291, 0.9726662059079166], [-0.04056272354583404, 0.6304838272408128, -0.7751417993156616, 0.5740677958544612], [0.0, 0.0, 0.0, 1.0]], "psm2_transform": [[-0.013884210341371606, 0.9998723491321139, 0.007906588659131481, 0.0012433089900157426], [0.868865832104716, 0.015977654428236857, -0.4947897334827708, -0.07780555563569658], [-0.49485290188517234, 0.0, -0.8689767577420147, -0.005406311750672056], [0.0, 0.0, 0.0, 1.0]]}