{"ecm_psm_transform": [[-0.5208536379668093, 0.13456184999369142, -0.8429736628999838, -0.0248973656660805], [0.44633122347109083, -0.7988380603115396, -0.4032941759466611, 0.23817186672716395], [-0.7276674561718005, -0.5863027050287015, 0.35601855471939714, -0.14763825014830048], [0.0, 0.0, 0.0, 1.0]], "suj_ecm_transform": [[0.9779347816787554, 0.20891041730869234, -1.796756925051695e-05, 0.05912335537245991], [-0.20891041806520952, 0.977934776917078, -9.653996362072185e-05, 1.0330063401481777], [-2.597093260224532e-06, 9.81634006504467e-05, 0.999999995178601, 0.6492802805060474], [0.0, 0.0, 0.0, 1.0]], "suj_psm2_transform": [[0.13226903631981973, -0.9902704546540624, -0.04323573371949252, -0.02230556268360949], [-0.7632835321780904, -0.1295849642937385, 0.6329344251458666, 0.28458006397402885], [-0.6323789619656589, -0.05071650291795721, -0.7729972087886273, -0.2102746257817758], [0.0, 0.0, 0.0, 1.0]], "ecm_transform": [[0.990981907508441, -0.07377025465318943, -0.1118606656485445, 0.04827341933556121], [-0.12770874852364705, -0.7726888721317142, -0.6218057433269197, 0.9726580961494289], [-0.04056272354583402, 0.6304838272408126, -0.7751417993156615, 0.5740673610982147], [0.0, 0.0, 0.0, 1.0]], "psm2_transform": [[0.05059150906018986, 0.9983037985406721, -0.028810154985316125, -0.004530128770605911], [0.8675027980974106, -0.058219634310644794, -0.49401353167084205, -0.07767903067620932], [-0.49485290188517234, 0.0, -0.8689767577420147, -0.0054036925734116704], [0.0, 0.0, 0.0, 1.0]]}