{"ecm_psm_transform": [[-0.5212691810366622, 0.13451064171152446, -0.8427249421772928, -0.024827098111757498], [0.44885443316926676, -0.7966607294041481, -0.4047979496607497, 0.23788632091936623], [-0.7258154990944076, -0.589269521943571, 0.3548989881399095, -0.14784260043399716], [0.0, 0.0, 0.0, 1.0]], "suj_ecm_transform": [[0.9779339625023421, 0.2089142519351435, -1.7967947797974903e-05, 0.05910650684627244], [-0.2089142526916794, 0.9779339577406678, -9.65398931664926e-05, 1.033019349548172], [-2.5970932602251623e-06, 9.816340065047792e-05, 0.9999999951786009, 0.6492830448114393], [0.0, 0.0, 0.0, 1.0]], "suj_psm2_transform": [[0.13234844921991923, -0.9902594550463593, -0.04324464915304638, -0.022269985195105937], [-0.7632659726492115, -0.12965129754507015, 0.6329420163338288, 0.28452707111894276], [-0.632383541045255, -0.050761725110237244, -0.772990494300478, -0.21031468460557412], [0.0, 0.0, 0.0, 1.0]], "ecm_transform": [[0.9909732734311107, -0.07382248040105643, -0.11190269314303987, 0.048294759011472725], [-0.12777572853939806, -0.7726838842471175, -0.6217981812622272, 0.972651723529897], [-0.040562723545834026, 0.6304838272408128, -0.7751417993156617, 0.5740561662364517], [0.0, 0.0, 0.0, 1.0]], "psm2_transform": [[0.04740929221565994, 0.9985106482509037, -0.026997117275186028, -0.004245450167729432], [0.8676894142346938, -0.054557174867839175, -0.49410383027810445, -0.07770063624748538], [-0.49484082232235455, 0.0, -0.8689836365337014, -0.005408048261404778], [0.0, 0.0, 0.0, 1.0]]}