{"ecm_psm_transform": [[-0.5181796523250203, 0.13541188673670912, -0.8444841436325055, -0.025088743013958553], [0.43013637046137504, -0.8121684037045044, -0.394163908584224, 0.23952259582318822], [-0.7392378174326828, -0.5674910615635125, 0.36260356358271184, -0.14665134838303964], [0.0, 0.0, 0.0, 1.0]], "suj_ecm_transform": [[0.9779261750330439, 0.20895070199035987, -1.7971546084129926e-05, 0.059134506100003925], [-0.20895070274707322, 0.9779261702713977, -9.653922338618515e-05, 1.0329903888478489], [-2.5970932602384387e-06, 9.816340065044299e-05, 0.999999995178601, 0.6492843586933625], [0.0, 0.0, 0.0, 1.0]], "suj_psm2_transform": [[0.13232870498914345, -0.9902595725965441, -0.04330234077744982, -0.022256195897649073], [-0.7632192234447067, -0.12966899778976632, 0.6329947614132811, 0.28448679808468696], [-0.63244409302353, -0.05071419814122802, -0.7729440725605813, -0.21032626112214303], [0.0, 0.0, 0.0, 1.0]], "ecm_transform": [[0.990974709558666, -0.07381379548417424, -0.11189570416838396, 0.048285831688239654], [-0.12776459006180954, -0.772684713957768, -0.6217994390013071, 0.9726550839727128], [-0.04056272354583402, 0.6304838272408126, -0.7751417993156616, 0.574070992581469], [0.0, 0.0, 0.0, 1.0]], "psm2_transform": [[0.07066820199215701, 0.9966877877231797, -0.04024250278834152, -0.006328106194524823], [0.8661019502815044, -0.08132314432849962, -0.49320782426387044, -0.0775565949346595], [-0.4948468621157161, 0.0, -0.8689801971588476, -0.00540619779914479], [0.0, 0.0, 0.0, 1.0]]}