{"ecm_psm_transform": [[-0.5126520732802982, 0.1367576795147434, -0.8476350564099827, -0.02559706065431823], [0.39692286122970355, -0.837658133900773, -0.3752080662020741, 0.24252104345275233], [-0.7613409840502726, -0.5287969249188361, 0.37514492959621015, -0.1446384891587857], [0.0, 0.0, 0.0, 1.0]], "suj_ecm_transform": [[0.9779327077080904, 0.20892012557878484, -1.796852763363021e-05, 0.059106893637238284], [-0.20892012633534932, 0.9779327029464207, -9.653978524597605e-05, 1.03301889367535], [-2.5970932602147963e-06, 9.816340065043312e-05, 0.9999999951786013, 0.6492834813529913], [0.0, 0.0, 0.0, 1.0]], "suj_psm2_transform": [[0.13232505338419703, -0.9902618051805832, -0.0432624253522878, -0.022263205932941454], [-0.7632538761352547, -0.12964341038332033, 0.6329582187701579, 0.2845160472555853], [-0.6324030366873474, -0.05073601624758167, -0.7729762323926569, -0.210299851104927], [0.0, 0.0, 0.0, 1.0]], "ecm_transform": [[0.9909813651976968, -0.07377353579479966, -0.11186330608042566, 0.04825292086410901], [-0.1277129566232566, -0.7726885588670968, -0.621805268316726, 0.9726607619516245], [-0.04056272354583406, 0.6304838272408125, -0.7751417993156619, 0.5740635835975619], [0.0, 0.0, 0.0, 1.0]], "psm2_transform": [[0.11068472494332388, 0.9918550659280799, -0.06302713587832598, -0.009912747760921084], [0.8619126447023897, -0.1273716145489419, -0.49079839517802815, -0.07719152433416715], [-0.4948287426639169, 0.0, -0.8689905151574712, -0.005414368580122387], [0.0, 0.0, 0.0, 1.0]]}