{"ecm_psm_transform": [[-0.5129379504069473, 0.13681677858550823, -0.8474525521407109, -0.025525986870095864], [0.3984731954004988, -0.8364642836114222, -0.37622681295961136, 0.24225984619946242], [-0.7603379324876779, -0.5306681367294577, 0.3745364562768884, -0.144854346111503], [0.0, 0.0, 0.0, 1.0]], "suj_ecm_transform": [[0.9779155505937621, 0.2090004200563869, -1.797645417126462e-05, 0.05915048571260184], [-0.20900042081334233, 0.9779155458321545, -9.653830957757362e-05, 1.032996495578729], [-2.5970932602274527e-06, 9.816340065047002e-05, 0.9999999951786009, 0.6492913356676475], [0.0, 0.0, 0.0, 1.0]], "suj_psm2_transform": [[0.13243742865512612, -0.990245221060948, -0.043298148426608396, -0.022218586943411167], [-0.7632090387955788, -0.12975043972092856, 0.6329903526065421, 0.28439957018749923], [-0.6324336254437672, -0.05078607642041194, -0.7729479179413533, -0.2104242641552403], [0.0, 0.0, 0.0, 1.0]], "ecm_transform": [[0.9909915699925061, -0.073711775387304, -0.11181360549163907, 0.048209043922431076], [-0.12763374813242967, -0.7726944530388639, -0.621814207445149, 0.9726813492988375], [-0.04056272354583405, 0.6304838272408128, -0.7751417993156616, 0.5740698314461731], [0.0, 0.0, 0.0, 1.0]], "psm2_transform": [[0.10881274754665614, 0.992129137853948, -0.06196418152876447, -0.009745226290255182], [0.8621405738193613, -0.12521890360956686, -0.49095199068059686, -0.07721296608448994], [-0.4948468621157161, 0.0, -0.8689801971588476, -0.005412745820053796], [0.0, 0.0, 0.0, 1.0]]}