{"ecm_psm_transform": [[-0.5099967539079381, 0.13733821425925005, -0.8491416406627618, -0.025829103591045635], [0.38031322738216433, -0.8494406871551222, -0.36580372890881835, 0.24401060385931808], [-0.7715342896343159, -0.5094985121759575, 0.38098045357860205, -0.14374279229400794], [0.0, 0.0, 0.0, 1.0]], "suj_ecm_transform": [[0.977928177201267, 0.20894133126996228, -1.797062102254115e-05, 0.059136842672688456], [-0.20894133202663, 0.9779281724396136, -9.653939558923003e-05, 1.033006811055677], [-2.597093260232677e-06, 9.816340065048326e-05, 0.9999999951786009, 0.6492853705153114], [0.0, 0.0, 0.0, 1.0]], "suj_psm2_transform": [[0.13235251046777646, -0.9902583617549037, -0.043257253118659855, -0.022257054755689565], [-0.7632545954404266, -0.12966161343623264, 0.63295362274039, 0.28452105209614775], [-0.6323964227539147, -0.05075670375041763, -0.7729802853323263, -0.210319324645579], [0.0, 0.0, 0.0, 1.0]], "ecm_transform": [[0.9909886944979494, -0.07372918208453083, -0.11182761325538758, 0.04821381732524497], [-0.12765607245953747, -0.7726927923158875, -0.6218116884292884, 0.9726873655229314], [-0.040562723545834026, 0.6304838272408129, -0.7751417993156615, 0.5740664880151106], [0.0, 0.0, 0.0, 1.0]], "psm2_transform": [[0.13014035558037493, 0.9887216019641111, -0.07411532674781518, -0.011655744749254916], [0.8591624890663281, -0.1497651288168305, -0.48929564025426364, -0.07694906492326942], [-0.49487706072393906, 0.0, -0.8689629996548961, -0.005410695977921744], [0.0, 0.0, 0.0, 1.0]]}