{"ecm_psm_transform": [[-0.506668372189193, 0.13807931401049472, -0.8510119057131603, -0.02611224043708169], [0.35880588811834285, -0.8637726834097526, -0.35377264739762326, 0.24583220157029437], [-0.7839295218798441, -0.48459349401070906, 0.38810262855040323, -0.142684577621231], [0.0, 0.0, 0.0, 1.0]], "suj_ecm_transform": [[0.97793870592842, 0.20889204657975627, -1.7965755725648413e-05, 0.05907461746737964], [-0.20889204733618402, 0.9779387011667284, -9.65403011279695e-05, 1.0330136501552116], [-2.597093260228176e-06, 9.816340065049893e-05, 0.9999999951786009, 0.6492826068965754], [0.0, 0.0, 0.0, 1.0]], "suj_psm2_transform": [[0.13248830050309243, -0.9902391947379181, -0.04328033542617338, -0.022241302829717008], [-0.763217461777423, -0.12977947421501992, 0.6329742444290298, 0.28442767556650994], [-0.6324128052687031, -0.05082937415779171, -0.7729621067393259, -0.210376818927003], [0.0, 0.0, 0.0, 1.0]], "ecm_transform": [[0.9909868582107848, -0.07374029636717284, -0.1118365572842797, 0.04823816395653243], [-0.12767032667014955, -0.772691731727122, -0.6218100798543545, 0.9726713814653197], [-0.040562723545834053, 0.6304838272408128, -0.7751417993156617, 0.5740728836664263], [0.0, 0.0, 0.0, 1.0]], "psm2_transform": [[0.15575291979457356, 0.9838033114677965, -0.08872469960762296, -0.013950871642052443], [0.854834528989185, -0.17925134405353224, -0.4869567575286748, -0.076567982191612], [-0.4949736922537435, 0.0, -0.8689079605900136, -0.005402695711304618], [0.0, 0.0, 0.0, 1.0]]}