{"ecm_psm_transform": [[-0.5042249209344517, 0.13824107693241938, -0.8524357065240822, -0.026423018507030868], [0.3445563260067285, -0.8729253314009499, -0.345372703043085, 0.24724419097620431], [-0.791857416027274, -0.4678576390817049, 0.3925188686362759, -0.14188237423334416], [0.0, 0.0, 0.0, 1.0]], "suj_ecm_transform": [[0.9779480910625716, 0.20884810476626298, -1.7961417873715268e-05, 0.05906145036829745], [-0.2088481055224768, 0.9779480863008461, -9.654110828362735e-05, 1.0330187311835395], [-2.597093260220485e-06, 9.816340065046136e-05, 0.999999995178601, 0.6492862457957145], [0.0, 0.0, 0.0, 1.0]], "suj_psm2_transform": [[0.13231100563312617, -0.990263186117546, -0.04327377969021662, -0.022331835188337937], [-0.7632456879472499, -0.12963903623438697, 0.6329689882720547, 0.2845510702103109], [-0.6324158581331434, -0.050720237623120945, -0.7729667779906029, -0.2102804245331602], [0.0, 0.0, 0.0, 1.0]], "ecm_transform": [[0.9909889630366291, -0.07372755662627005, -0.11182630519473863, 0.048222705809622506], [-0.12765398778781228, -0.7726929474129405, -0.6218119236715971, 0.9726718416558487], [-0.04056272354583402, 0.6304838272408129, -0.7751417993156615, 0.5740648897889383], [0.0, 0.0, 0.0, 1.0]], "psm2_transform": [[0.17108755084227878, 0.9804279013044367, -0.09741755637752608, -0.01532300554791716], [0.8519926627126159, -0.19687846592194333, -0.485126140648068, -0.07630647719988276], [-0.4948106229969781, 0.0, -0.869000832778279, -0.005418610732817214], [0.0, 0.0, 0.0, 1.0]]}