{"ecm_psm_transform": [[-0.4980465026600072, 0.1388058621072765, -0.8559688159230986, -0.026997940282808934], [0.304223911829813, -0.8963942011830583, -0.322374390354372, 0.2509506029299989], [-0.8120329381614405, -0.42096361924760495, 0.40421793454874777, -0.14003850150838743], [0.0, 0.0, 0.0, 1.0]], "suj_ecm_transform": [[0.9779477722203036, 0.20884959776530046, -1.796156525963049e-05, 0.0590624131250316], [-0.20884959852152155, 0.9779477674585793, -9.654108086242053e-05, 1.033027093451895], [-2.5970932602266565e-06, 9.816340065043626e-05, 0.999999995178601, 0.649283630254345], [0.0, 0.0, 0.0, 1.0]], "suj_psm2_transform": [[0.13221855348737763, -0.9902779082687844, -0.04321942281551716, -0.02235338841546182], [-0.7633039334367765, -0.12953673384747624, 0.632919694577498, 0.2846432320051003], [-0.6323648941186177, -0.05069417105475821, -0.7730101821498991, -0.21025166233285852], [0.0, 0.0, 0.0, 1.0]], "ecm_transform": [[0.9909851744630118, -0.0737504862884563, -0.11184475743963224, 0.048241354350004276], [-0.12768339536939874, -0.7726907592044785, -0.6218086049476548, 0.9726660208218814], [-0.04056272354583402, 0.6304838272408126, -0.7751417993156615, 0.5740666348564963], [0.0, 0.0, 0.0, 1.0]], "psm2_transform": [[0.21543482626491656, 0.9687765444896399, -0.12271854985664579, -0.0192967176391467], [0.8417843171786422, -0.24793548928443632, -0.47950720172420175, -0.07539948189102719], [-0.49496161364725294, 0.0, -0.8689148410607956, -0.005404432248034538], [0.0, 0.0, 0.0, 1.0]]}