{"ecm_psm_transform": [[-0.49571417260340683, 0.13914950414268276, -0.8572659299056304, -0.02710452470306551], [0.2901679505923739, -0.9038223075581834, -0.314496099831496, 0.2520104836699145], [-0.8185780473046791, -0.404651271908351, 0.4076608009286794, -0.13960779160879577], [0.0, 0.0, 0.0, 1.0]], "suj_ecm_transform": [[0.9779297223074274, 0.2089340994304204, -1.796990710778809e-05, 0.05911070805649243], [-0.20893410018705294, 0.9779297175457684, -9.653952848030225e-05, 1.032996280075364], [-2.5970932602264735e-06, 9.816340065044258e-05, 0.9999999951786012, 0.6492824654111067], [0.0, 0.0, 0.0, 1.0]], "suj_psm2_transform": [[0.1324243631724446, -0.9902496740537553, -0.04323622410437711, -0.022250499849887792], [-0.7632634027633262, -0.12970501722451672, 0.632934109136912, 0.28445128003727366], [-0.6323707504625123, -0.05081526880002951, -0.7729974401097714, -0.21039783298260262], [0.0, 0.0, 0.0, 1.0]], "ecm_transform": [[0.9909782997281771, -0.0737920807415025, -0.11187822973077031, 0.04826653274032225], [-0.12773674070679775, -0.7726867880374408, -0.6218025833542247, 0.9726612121042671], [-0.040562723545834026, 0.6304838272408126, -0.7751417993156617, 0.5740539833913602], [0.0, 0.0, 0.0, 1.0]], "psm2_transform": [[0.23052560312164036, 0.9641709029244108, -0.13127229814142213, -0.020647470115129123], [0.8378487374632368, -0.26528186887521443, -0.4771111224624025, -0.07504353760932371], [-0.49484082232235455, 0.0, -0.8689836365337014, -0.005417215599538214], [0.0, 0.0, 0.0, 1.0]]}