{"ecm_psm_transform": [[-0.5542898191679317, 0.11770597013175364, -0.8239587980974076, -0.02192683742263709], [0.630964202352622, -0.586189364623616, -0.508198980864465, 0.22163359620719572], [-0.5428139383953781, -0.8015780270176474, 0.25065054335906545, -0.1642178343400693], [0.0, 0.0, 0.0, 1.0]], "suj_ecm_transform": [[0.9779289261963515, 0.2089378256456211, -1.7970274953308594e-05, 0.05911176503502211], [-0.2089378264022718, 0.9779289214346955, -9.653946000861779e-05, 1.0330068201376679], [-2.597093260229001e-06, 9.81634006503987e-05, 0.9999999951786008, 0.6492859530742618], [0.0, 0.0, 0.0, 1.0]], "suj_psm2_transform": [[0.13221469446951759, -0.9902775342254933, -0.04323979387796978, -0.02233185995759618], [-0.7632871919320219, -0.12954539703294932, 0.6329381113032335, 0.28455731894688163], [-0.6323859084442514, -0.050679338155235565, -0.7729939634209871, -0.2102930626747883], [0.0, 0.0, 0.0, 1.0]], "ecm_transform": [[0.9909799233359147, -0.07378225895598903, -0.11187032586211754, 0.048279842957321566], [-0.12772414416894415, -0.7726877259612246, -0.6218040054110157, 0.9726551655922322], [-0.04056272354583403, 0.6304838272408126, -0.7751417993156615, 0.5740622723249317], [0.0, 0.0, 0.0, 1.0]], "psm2_transform": [[-0.2100761402128358, 0.9703439989555447, 0.11958486109971814, 0.018807275874819715], [0.8432864688834765, 0.2417282021009587, -0.48003688161127345, -0.07549606178848225], [-0.4947079408209601, 0.0, -0.8690592921594507, -0.005412742282799043], [0.0, 0.0, 0.0, 1.0]]}