{"ecm_psm_transform": [[-0.552111522370715, 0.11938448795782707, -0.8251788963010016, -0.022100709190690234], [0.6189182780418035, -0.6044658094303561, -0.5015588204143894, 0.22271405504785596], [-0.5586707724333365, -0.7876347054725001, 0.2598432965538796, -0.16276875219492917], [0.0, 0.0, 0.0, 1.0]], "suj_ecm_transform": [[0.9779373051009086, 0.2088986045170744, -1.7966403113158153e-05, 0.05910839876209785], [-0.20889860527353407, 0.9779373003392221, -9.654018064950239e-05, 1.0330021427109537], [-2.5970932602192348e-06, 9.816340065045005e-05, 0.999999995178601, 0.6492911888262616], [0.0, 0.0, 0.0, 1.0]], "suj_psm2_transform": [[0.1322214215740093, -0.9902747743820438, -0.0432824086614933, -0.022309873773838196], [-0.7632500488807356, -0.1295749148554064, 0.632976859232444, 0.28457163217079845], [-0.6324293308825131, -0.050657799624604594, -0.7729598493949673, -0.2102727044353685], [0.0, 0.0, 0.0, 1.0]], "ecm_transform": [[0.9909861136134991, -0.07374480274699204, -0.11184018371328153, 0.048224284064159566], [-0.1276761061583473, -0.7726913016564793, -0.6218094276067696, 0.972671604880125], [-0.04056272354583403, 0.6304838272408129, -0.7751417993156616, 0.574057039456887], [0.0, 0.0, 0.0, 1.0]], "psm2_transform": [[-0.19207059353020184, 0.97526703506794, 0.1093759453021798, 0.017197562071560583], [0.8474877404158633, 0.2210298855580155, -0.4826078320282681, -0.07588211580340982], [-0.4948468621157161, 0.0, -0.8689801971588476, -0.005401614184508484], [0.0, 0.0, 0.0, 1.0]]}