{"ecm_psm_transform": [[-0.5525337199931804, 0.11926347304786876, -0.8249137605029135, -0.021975548424207986], [0.6212459255674302, -0.600879274461282, -0.5029886653680682, 0.2223878825753206], [-0.5556617570396264, -0.7903925110471657, 0.257914114084886, -0.16309800652209597], [0.0, 0.0, 0.0, 1.0]], "suj_ecm_transform": [[0.9779301706837897, 0.20893200076451643, -1.7969699931139987e-05, 0.059118891552633515], [-0.20893200152113875, 0.9779301659221291, -9.653956704401373e-05, 1.0330078070147226], [-2.5970932602153604e-06, 9.816340065043885e-05, 0.9999999951786009, 0.649286099503654], [0.0, 0.0, 0.0, 1.0]], "suj_psm2_transform": [[0.13243348517223724, -0.9902452940225335, -0.043308540397493434, -0.02222301515689329], [-0.7632003810922317, -0.12975330659649315, 0.6330002035765463, 0.28445934677474594], [-0.6324448990274231, -0.05077732853846234, -0.772939268377982, -0.2103238716374558], [0.0, 0.0, 0.0, 1.0]], "ecm_transform": [[0.9909895704994566, -0.07372387956903596, -0.11182334614289391, 0.04821086787197195], [-0.12764927191271958, -0.7726932982555675, -0.6218124558185414, 0.9726766977574631], [-0.04056272354583405, 0.6304838272408129, -0.7751417993156616, 0.574069978150228], [0.0, 0.0, 0.0, 1.0]], "psm2_transform": [[-0.1958836495346098, 0.9742654804900044, 0.1115184709838826, 0.017537980519461482], [0.8466710182404178, 0.22540357922087417, -0.48201806329862074, -0.07580469252830355], [-0.49475022255349843, 0.0, -0.8690352221189104, -0.005410921689216794], [0.0, 0.0, 0.0, 1.0]]}