{"ecm_psm_transform": [[-0.5908798632203754, 0.1950034621405471, -0.7828375546649964, 0.04130545432823406], [0.59869163056478, -0.5444320287188683, -0.5875049766570003, 0.20687554343345016], [-0.5407673425164982, -0.8158231523181099, 0.2049469819474949, -0.17276839582869255], [0.0, 0.0, 0.0, 1.0]], "suj_ecm_transform": [[0.9905267294236387, 0.13732005745097897, -1.0907313576432143e-05, -0.06324691982626283], [-0.13732005785960316, 0.9905267246195868, -9.759010519107581e-05, 1.029816329735365], [-2.5970932602235292e-06, 9.816340065043369e-05, 0.9999999951786009, 0.7495793657654686], [0.0, 0.0, 0.0, 1.0]], "suj_psm2_transform": [[0.22602116502210273, -0.972533405660775, -0.05561661474691143, 0.03676310242470458], [-0.7814942819649026, -0.21511489339836945, 0.5856554190770967, 0.27116044749232104], [-0.5815334214111971, -0.08890645371435701, -0.8086498143632534, -0.2167540745609695], [0.0, 0.0, 0.0, 1.0]], "ecm_transform": [[0.9937465189866285, 0.11152315747185225, 0.005517367983652675, -0.062181949716157585], [0.09324568130255521, -0.8016707221387355, -0.5904483857069821, 0.9112389719493743], [-0.061425555922440735, 0.5872704986742202, -0.8070565422983399, 0.5874843900327454], [0.0, 0.0, 0.0, 1.0]], "psm2_transform": [[-0.2869511581387295, 0.9439738560927156, 0.16301040413510726, 0.025685810361571283], [0.8207811466504779, 0.33002024030875615, -0.46626703753286874, -0.07347044360428992], [-0.4939406261343246, 0.0, -0.8694956341776716, -0.005500440606993423], [0.0, 0.0, 0.0, 1.0]]}