{"ecm_psm_transform": [[-0.5608594769407265, 0.2133427556226659, -0.7999509458392448, 0.03845540386973721], [0.509972662290092, -0.6721363441622039, -0.536805941260921, 0.2149212689045369], [-0.6521997629887109, -0.7090258129853912, 0.2681750653544702, -0.16275425177003816], [0.0, 0.0, 0.0, 1.0]], "suj_ecm_transform": [[0.9905271586893548, 0.1373169610056637, -1.090700850398288e-05, -0.06327687964945863], [-0.1373169614142729, 0.9905271538853015, -9.75901392875126e-05, 1.0298304519861257], [-2.597093260227716e-06, 9.816340065044479e-05, 0.9999999951786009, 0.7495741317987736], [0.0, 0.0, 0.0, 1.0]], "suj_psm2_transform": [[0.225873539217576, -0.9725722634074823, -0.05553680519955534, 0.036608178694957416], [-0.7815563370579715, -0.21495270127418178, 0.5856321611894784, 0.2712610587292569], [-0.5815073828300488, -0.08887366688383883, -0.8086721431141101, -0.21671859520006453], [0.0, 0.0, 0.0, 1.0]], "ecm_transform": [[0.9937496523735031, 0.11149621359294493, 0.005497523258539378, -0.06216536870287586], [0.09321228184719485, -0.8016744699323844, -0.5904485708099138, 0.9112340075971516], [-0.0614255559224407, 0.58727049867422, -0.8070565422983399, 0.5874816217447486], [0.0, 0.0, 0.0, 1.0]], "psm2_transform": [[-0.14599670374152307, 0.9858046472939523, 0.08291055343112902, 0.013069294939846866], [0.8572205159542754, 0.1678963888046618, -0.486809808501677, -0.07673644311400846], [-0.49381975408411477, 0.0, -0.8695642877190302, -0.005517820961179115], [0.0, 0.0, 0.0, 1.0]]}