{"ecm_psm_transform": [[-0.5575220920507191, 0.21504419135034844, -0.801826111224787, 0.03835750480319687], [0.49976139415147264, -0.6842962001180263, -0.5310153099674311, 0.21580853059139835], [-0.6628783189931365, -0.6967745017367565, 0.2740394641987333, -0.16180306912493425], [0.0, 0.0, 0.0, 1.0]], "suj_ecm_transform": [[0.9905356996540005, 0.1372553372081739, -1.0900937120750144e-05, -0.06330097449967886], [-0.13725533761648423, 0.9905356948499218, -9.759081765488631e-05, 1.0298376381905125], [-2.5970932602252834e-06, 9.816340065043342e-05, 0.9999999951786009, 0.7495658399812477], [0.0, 0.0, 0.0, 1.0]], "suj_psm2_transform": [[0.22600590861114708, -0.9725387027520308, -0.05558597774841373, 0.03680708754897285], [-0.7815083338701648, -0.21508581705461527, 0.585647347294793, 0.271232748675236], [-0.5815204668490432, -0.08891885599436081, -0.8086577667247903, -0.21671321574856584], [0.0, 0.0, 0.0, 1.0]], "ecm_transform": [[0.9937452760565457, 0.111533842674157, 0.005525237880524055, -0.06219453300723252], [0.09325892662324123, -0.8016692356110902, -0.590448312115304, 0.9112295945203419], [-0.061425555922440686, 0.58727049867422, -0.80705654229834, 0.5874747918865114], [0.0, 0.0, 0.0, 1.0]], "psm2_transform": [[-0.1310936719356608, 0.9885730746240762, 0.07441589418078648, 0.011733517691700276], [0.8597160464154103, 0.15074241648686898, -0.4880215603921158, -0.07694874429487836], [-0.4936626061535161, 0.0, -0.8696535122022555, -0.005530575025772075], [0.0, 0.0, 0.0, 1.0]]}