{"ecm_psm_transform": [[-0.544478496645245, 0.2206472890456359, -0.8092329334176569, 0.037149904894337664], [0.4575701047121536, -0.7304434176746313, -0.507032556005542, 0.21956274368800266], [-0.7029742285209633, -0.646349121924534, 0.2967491307868335, -0.158256173175307], [0.0, 0.0, 0.0, 1.0]], "suj_ecm_transform": [[0.9905303913430201, 0.13729364044605616, -1.0904710883026543e-05, -0.06326408406364821], [-0.13729364085455223, 0.9905303865389572, -9.75903960500672e-05, 1.0298315447469004], [-2.597093260226288e-06, 9.816340065039036e-05, 0.999999995178601, 0.7495751503499515], [0.0, 0.0, 0.0, 1.0]], "suj_psm2_transform": [[0.22601147223474563, -0.9725399073555936, -0.05554226335914364, 0.036768174683136], [-0.7815230548976586, -0.21506640367418714, 0.585634832189892, 0.2712109557196367], [-0.5814985202747418, -0.08895263127881745, -0.8086698339290646, -0.2167544722630157], [0.0, 0.0, 0.0, 1.0]], "ecm_transform": [[0.9937530458771076, 0.1114670219435457, 0.005476023101566689, -0.062142670971467306], [0.09317609612765977, -0.801678529340764, -0.5904487706011753, 0.9112209512833003], [-0.061425555922440735, 0.5872704986742202, -0.8070565422983398, 0.5874822023810621], [0.0, 0.0, 0.0, 1.0]], "psm2_transform": [[-0.07188149901521852, 0.9965782478327688, 0.040802524994093446, 0.006433869495902963], [0.8666846121767335, 0.08265467891516173, -0.49196136745632457, -0.0775740039543668], [-0.49365051718335157, 0.0, -0.8696603744477551, -0.005532969724421591], [0.0, 0.0, 0.0, 1.0]]}