{"ecm_psm_transform": [[-0.544028119026908, 0.22091602172095443, -0.8094624865026371, 0.037255753486367255], [0.4560278870884234, -0.7319484687981539, -0.5062509310823109, 0.2195629346643882], [-0.7043237692323845, -0.6445522091894692, 0.2974566820954979, -0.15824107571527168], [0.0, 0.0, 0.0, 1.0]], "suj_ecm_transform": [[0.9905179251382156, 0.13738355018261333, -1.0913569104466046e-05, -0.06320234150172173], [-0.13738355059154544, 0.9905179203341898, -9.758940582907139e-05, 1.0297894279766728], [-2.5970932602304724e-06, 9.81634006504808e-05, 0.999999995178601, 0.7495706389170331], [0.0, 0.0, 0.0, 1.0]], "suj_psm2_transform": [[0.22610547265585104, -0.9725197661043434, -0.055512338911525294, 0.036920436081854364], [-0.7815126053899366, -0.21512550458615187, 0.5856270698090956, 0.27108839412517544], [-0.5814760208742128, -0.08902989280521126, -0.8086775100961973, -0.2168679140143479], [0.0, 0.0, 0.0, 1.0]], "ecm_transform": [[0.9937481908090539, 0.11150878274892727, 0.005506780691592578, -0.06217122693059818], [0.09322786248408717, -0.801672721724262, -0.5904484845436244, 0.9112325890913335], [-0.061425555922440714, 0.5872704986742201, -0.8070565422983401, 0.5874785708978078], [0.0, 0.0, 0.0, 1.0]], "psm2_transform": [[-0.06985189441921996, 0.9967689302152618, 0.03965365813602296, 0.006253512516767774], [0.8668333405920607, 0.08032247355206658, -0.4920856225094227, -0.07760352371849971], [-0.49368073942990187, 0.0, -0.8696432185189196, -0.005538796532452355], [0.0, 0.0, 0.0, 1.0]]}