{"ecm_psm_transform": [[-0.5339690393357094, 0.22442267227652074, -0.8151757658316187, 0.03629789221564754], [0.42225220463408497, -0.7645077421003926, -0.4870636385013922, 0.22265419183739577], [-0.7325163074720966, -0.6042866674326229, 0.3134604964754252, -0.15569258901734184], [0.0, 0.0, 0.0, 1.0]], "suj_ecm_transform": [[0.9905249817264212, 0.1373326634740495, -1.0908555565469302e-05, -0.06324856099991906], [-0.1373326638827348, 0.9905249769223744, -9.75899663702114e-05, 1.029808573814614], [-2.5970932602211296e-06, 9.816340065045442e-05, 0.9999999951786009, 0.7495725291780027], [0.0, 0.0, 0.0, 1.0]], "suj_psm2_transform": [[0.22609667793375318, -0.9725227372167243, -0.05549610638424668, 0.03685641488591394], [-0.7815205833298623, -0.2151095860811777, 0.5856222705872248, 0.2711454455734626], [-0.5814687180399931, -0.08903590046984042, -0.8086820996958275, -0.21683342787145898], [0.0, 0.0, 0.0, 1.0]], "ecm_transform": [[0.9937473289849897, 0.11151619326273678, 0.005512238691040866, -0.06216305104678099], [0.09323704850979668, -0.8016716909228624, -0.5904484336147068, 0.9112282728725369], [-0.061425555922440686, 0.58727049867422, -0.8070565422983401, 0.5874768258302491], [0.0, 0.0, 0.0, 1.0]], "psm2_transform": [[-0.024792096942042513, 0.9995935510619379, 0.014074253251995942, 0.0022191475975160925], [0.8692863230391117, 0.028508466731568573, -0.4934861253386524, -0.07781006422472123], [-0.4936867838076663, 0.0, -0.8696397872071187, -0.005530379872950044], [0.0, 0.0, 0.0, 1.0]]}