{"ecm_psm_transform": [[-0.5861123471996124, 0.19847529524339116, -0.7855443167881809, 0.04094797091540379], [0.585435454176896, -0.5665103049251045, -0.5799408619905626, 0.20807054472712488], [-0.5601228842431388, -0.7997959937332233, 0.2158442099187127, -0.17106661680676988], [0.0, 0.0, 0.0, 1.0]], "suj_ecm_transform": [[0.9905278479803784, 0.13731198875702205, -1.090651862099484e-05, -0.06325195888695782], [-0.1373119891656071, 0.9905278431763231, -9.759019403724342e-05, 1.029817345146902], [-2.5970932602211423e-06, 9.81634006504188e-05, 0.999999995178601, 0.7495741313867805], [0.0, 0.0, 0.0, 1.0]], "suj_psm2_transform": [[0.2260543821227502, -0.9725303630867197, -0.05553475666206764, 0.036835317543279116], [-0.7815160843836344, -0.215096750749481, 0.5856329888818492, 0.27117358222579296], [-0.5814912090244995, -0.08898359787864882, -0.8086716843910124, -0.2167842515459273], [0.0, 0.0, 0.0, 1.0]], "ecm_transform": [[0.9937511816551117, 0.11148305980424053, 0.0054878352520428345, -0.062148350829407145], [0.09319597651555855, -0.8016762992402964, -0.590448660933103, 0.9112342489606905], [-0.06142555592244072, 0.5872704986742201, -0.80705654229834, 0.5874856879842495], [0.0, 0.0, 0.0, 1.0]], "psm2_transform": [[-0.26431395514757294, 0.9526774648698042, 0.15014586588877385, 0.023661319397380316], [0.8283554376722331, 0.3039829730909988, -0.4705545887031599, -0.07415417235301223], [-0.49392853935877185, 0.0, -0.8695025002879003, -0.005505458425551803], [0.0, 0.0, 0.0, 1.0]]}