{"ecm_psm_transform": [[-0.5301895098577293, 0.22535401904814012, -0.8173828048935646, 0.035825687358128126], [0.4094931373199359, -0.7760892152655632, -0.4795840911001513, 0.22390522198907606], [-0.7424381820223799, -0.5889831033631887, 0.3191934363798392, -0.15472331662727776], [0.0, 0.0, 0.0, 1.0]], "suj_ecm_transform": [[0.9905311312656412, 0.1372883020315563, -1.0904184924466205e-05, -0.06328529538602319], [-0.1372883024400265, 0.9905311264615762, -9.759045481906942e-05, 1.02982058035452], [-2.5970932602205053e-06, 9.816340065043336e-05, 0.9999999951786009, 0.7495710798531836], [0.0, 0.0, 0.0, 1.0]], "suj_psm2_transform": [[0.22588078613639698, -0.972574962392412, -0.05546001245763943, 0.0367297648693909], [-0.7815817740972757, -0.2149164191476147, 0.5856115292407773, 0.2712506194264467], [-0.5814703783111899, -0.08893185766734557, -0.8086923542599351, -0.2167633219080045], [0.0, 0.0, 0.0, 1.0]], "ecm_transform": [[0.9937432955744738, 0.11155086527631025, 0.0055377754460318035, -0.06219311000992651], [0.09328002776802385, -0.8016668671231459, -0.5904481946594106, 0.91124436701107], [-0.0614255559224407, 0.58727049867422, -0.80705654229834, 0.58747813257095], [0.0, 0.0, 0.0, 1.0]], "psm2_transform": [[-0.00810618546188437, 0.999956556638104, 0.0046015860009203345, 0.0007256606444560575], [0.8696123004932956, 0.00932120359536962, -0.49364720397698164, -0.07784714837454344], [-0.49366865060282644, 0.0, -0.8696500810164882, -0.005537253512569604], [0.0, 0.0, 0.0, 1.0]]}