{"ecm_psm_transform": [[-0.5212195254418478, 0.2279292686719343, -0.8224223092674788, 0.03505793103367437], [0.3777286266157629, -0.802530989150807, -0.46180634045841884, 0.22666191206628758], [-0.7652785708048703, -0.5513549309975425, 0.33219941169657524, -0.1526591064513806], [0.0, 0.0, 0.0, 1.0]], "suj_ecm_transform": [[0.9905316814478766, 0.137284332424168, -1.0903793825426825e-05, -0.06327618480538844], [-0.13728433283261893, 0.9905316766438099, -9.759049851739026e-05, 1.0298174929834976], [-2.597093260223221e-06, 9.816340065043523e-05, 0.9999999951786009, 0.7495752949940382], [0.0, 0.0, 0.0, 1.0]], "suj_psm2_transform": [[0.2260326999768185, -0.9725293676769527, -0.055640341004133564, 0.036759215846281716], [-0.7814831585557968, -0.21513713999812936, 0.5856620901911623, 0.2711701673518863], [-0.5815438860781235, -0.08889679408894349, -0.8086433506595248, -0.21674029907382475], [0.0, 0.0, 0.0, 1.0]], "ecm_transform": [[0.9937468166623792, 0.11152059818928428, 0.005515483015290881, -0.06218513465133625], [0.09324250883050533, -0.801671078165127, -0.590448403317814, 0.9112410323998648], [-0.061425555922440714, 0.58727049867422, -0.8070565422983399, 0.5874880222026554], [0.0, 0.0, 0.0, 1.0]], "psm2_transform": [[0.032041857177290016, 0.9993210094227856, -0.01818899433325224, -0.0028681198594027093], [0.8690595968060042, -0.036844539978468094, -0.4933334542408009, -0.0777909680706786], [-0.49366865060282644, 0.0, -0.8696500810164882, -0.005533315605962416], [0.0, 0.0, 0.0, 1.0]]}