{"ecm_psm_transform": [[-0.5162260838271877, 0.22908936870253233, -0.8252446252620619, 0.03470392980506845], [0.3602957380640064, -0.8160606251711134, -0.45192038809755514, 0.2282289541728657], [-0.7769798012235317, -0.5306252134914126, 0.3387318575183543, -0.151605302445196], [0.0, 0.0, 0.0, 1.0]], "suj_ecm_transform": [[0.9905359700315907, 0.13725338595003544, -1.0900744876419333e-05, -0.0632939870644875], [-0.13725338635833628, 0.9905359652275113, -9.75908391284789e-05, 1.0298241276078524], [-2.59709326022606e-06, 9.816340065044159e-05, 0.9999999951786009, 0.7495639486216286], [0.0, 0.0, 0.0, 1.0]], "suj_psm2_transform": [[0.2260970575470181, -0.9725181119099748, -0.05557555735787678, 0.03685875708449011], [-0.7814918398918949, -0.2151533481078987, 0.5856445517379486, 0.2711860880880443], [-0.5815072009450629, -0.08898066534376792, -0.808660507533303, -0.21673974509608884], [0.0, 0.0, 0.0, 1.0]], "ecm_transform": [[0.9937489097745992, 0.11150260005792098, 0.005502227014500444, -0.06216244943726926], [0.09322019846264484, -0.8016735816822559, -0.5904485269956466, 0.9112339956069218], [-0.0614255559224407, 0.58727049867422, -0.8070565422983401, 0.5874838011565598], [0.0, 0.0, 0.0, 1.0]], "psm2_transform": [[0.05353397157315124, 0.9981035342555172, -0.030388300285646267, -0.004792697918581267], [0.8680076687435039, -0.061557573917801325, -0.4927203589215918, -0.07770950716060777], [-0.49365656168035765, 0.0, -0.8696569433460111, -0.00554227370037336], [0.0, 0.0, 0.0, 1.0]]}