{"ecm_psm_transform": [[-0.5070855261190125, 0.23072249401846207, -0.8304404854982115, 0.03381410658608573], [0.3265852501609733, -0.840222506266403, -0.4328605021721187, 0.2312874213347524], [-0.7976254406536308, -0.4907069091803222, 0.3507141082203512, -0.14974530446851547], [0.0, 0.0, 0.0, 1.0]], "suj_ecm_transform": [[0.9905288913610626, 0.13730446190888437, -1.0905777050223423e-05, -0.06325123545394522], [-0.13730446231743296, 0.9905288865570042, -9.75902769111434e-05, 1.0298345820201371], [-2.597093260226832e-06, 9.81634006504487e-05, 0.9999999951786009, 0.7495716600775038], [0.0, 0.0, 0.0, 1.0]], "suj_psm2_transform": [[0.22603878059287397, -0.9725310965338008, -0.05558539325083173, 0.0367815323761395], [-0.7815015080521108, -0.21511194817649396, 0.585646858323333, 0.27122287896302416], [-0.5815168635391095, -0.08893883306225916, -0.8086581610255105, -0.2167303372921463], [0.0, 0.0, 0.0, 1.0]], "ecm_transform": [[0.9937481915825743, 0.11150877609737314, 0.005506775792585853, -0.06216377446682618], [0.09322785423886473, -0.8016727226494607, -0.590448484589315, 0.9112266960776453], [-0.06142555592244074, 0.5872704986742203, -0.80705654229834, 0.5874816231180603], [0.0, 0.0, 0.0, 1.0]], "psm2_transform": [[0.09398478503928555, 0.9941417296933095, -0.053376787684479635, -0.008414059137500162], [0.8644564961387715, -0.1080843248690333, -0.4909508580307028, -0.0773911232256099], [-0.49384392925761206, 0.0, -0.8695505583549485, -0.005518937297250174], [0.0, 0.0, 0.0, 1.0]]}