{"ecm_psm_transform": [[-0.5830769826084721, 0.2007272674335707, -0.7872291892840685, 0.04071613227324107], [0.5769456293477848, -0.5799051663565669, -0.5751901762108351, 0.20871660595877442], [-0.5719746262979578, -0.7895685924234923, 0.22232063496152857, -0.17012952397694214], [0.0, 0.0, 0.0, 1.0]], "suj_ecm_transform": [[0.9905212887258678, 0.13735929696162805, -1.0911179590252647e-05, -0.0632350883152754], [-0.13735929737044253, 0.9905212839218319, -9.758967302236801e-05, 1.0298080428866134], [-2.597093260228885e-06, 9.81634006504518e-05, 0.9999999951786012, 0.7495690424761658], [0.0, 0.0, 0.0, 1.0]], "suj_psm2_transform": [[0.22626955559590278, -0.9724821434434879, -0.05550287284449695, 0.03687299505286787], [-0.781479989420473, -0.2152522259019196, 0.585624030739558, 0.2710617310471086], [-0.5814560295893495, -0.0891345046983977, -0.8086803606656721, -0.2168964330495915], [0.0, 0.0, 0.0, 1.0]], "ecm_transform": [[0.9937489794974409, 0.1115020004541123, 0.005501785394399047, -0.06217227339899787], [0.09321945519801106, -0.8016736650792916, -0.5904485311108174, 0.9112352747142008], [-0.061425555922440686, 0.5872704986742201, -0.8070565422983399, 0.5874868583207357], [0.0, 0.0, 0.0, 1.0]], "psm2_transform": [[-0.25022593881885136, 0.9577021717063962, 0.1421039403080609, 0.022398151379848585], [0.8327803196867367, 0.2877612731221011, -0.47293803910618565, -0.07454358950374726], [-0.4938257979132732, 0.0, -0.8695608554410204, -0.005513999351315968], [0.0, 0.0, 0.0, 1.0]]}