{"ecm_psm_transform": [[-0.4982810744647139, 0.23184126592460153, -0.8354433543004389, 0.03306679733357967], [0.29543113153685374, -0.8605189743379282, -0.41500306182395175, 0.23408242229220208], [-0.8151296935759026, -0.45360414704770796, 0.3602871916013349, -0.1482822674274239], [0.0, 0.0, 0.0, 1.0]], "suj_ecm_transform": [[0.9905351339895956, 0.1372594193976309, -1.090133931143743e-05, -0.06328730871031156], [-0.13725941980596099, 0.9905351291855187, -9.759077272921954e-05, 1.0298233538618504], [-2.597093260228978e-06, 9.816340065048146e-05, 0.9999999951786009, 0.7495706415263259], [0.0, 0.0, 0.0, 1.0]], "suj_psm2_transform": [[0.2260868376344968, -0.9725291264039851, -0.05542418374982566, 0.036820714071539806], [-0.781548801019133, -0.2150623582854256, 0.5856019583934698, 0.27121971639172326], [-0.5814346166801463, -0.08908019052860738, -0.8087017411761884, -0.2168156651528026], [0.0, 0.0, 0.0, 1.0]], "ecm_transform": [[0.9937445353808967, 0.11154020937224596, 0.005529927106342498, -0.06219886058889586], [0.09326681875257153, -0.8016683498056589, -0.5904482682163161, 0.9112392010946947], [-0.061425555922440755, 0.5872704986742203, -0.8070565422983398, 0.5874874415663419], [0.0, 0.0, 0.0, 1.0]], "psm2_transform": [[0.13039598191370977, 0.9886949846573019, -0.07402104575225261, -0.011671793323696483], [0.8598186735078182, -0.14994074600820687, -0.4880877189335524, -0.07696269245228157], [-0.49366865060282644, 0.0, -0.8696500810164882, -0.005532659288194547], [0.0, 0.0, 0.0, 1.0]]}