{"ecm_psm_transform": [[-0.49271866688004207, 0.23222910288346807, -0.8386286180914015, 0.03251544515868565], [0.273537209040982, -0.8735462645526413, -0.4026093875659099, 0.23599722593532727], [-0.8260785135675811, -0.4277692923294828, 0.366889250267583, -0.14725583546264903], [0.0, 0.0, 0.0, 1.0]], "suj_ecm_transform": [[0.9905185668507362, 0.13737892343757716, -1.091311326085018e-05, -0.06321084537998815], [-0.13737892384648684, 0.9905185620467086, -9.758945680564692e-05, 1.029810751870474], [-2.5970932602275205e-06, 9.816340065046163e-05, 0.999999995178601, 0.7495742812494521], [0.0, 0.0, 0.0, 1.0]], "suj_psm2_transform": [[0.22595029080730664, -0.9725564033823344, -0.055502327195458945, 0.03677218495655873], [-0.7815511720169845, -0.2149954222515991, 0.5856233720828896, 0.2711800631730753], [-0.5814845067609038, -0.08894386235640334, -0.8086808750960749, -0.21679167572586056], [0.0, 0.0, 0.0, 1.0]], "ecm_transform": [[0.9937515283760969, 0.11148007723361689, 0.005485638536975368, -0.062133553659302496], [0.09319227934647076, -0.8016767139981802, -0.5904486813460503, 0.9112159526046993], [-0.06142555592244073, 0.5872704986742201, -0.80705654229834, 0.5874806042922202], [0.0, 0.0, 0.0, 1.0]], "psm2_transform": [[0.15523860462365724, 0.9839345561602852, -0.08816895614762794, -0.013898637694834215], [0.855570710663105, -0.17852951911004106, -0.48592794719152255, -0.07659993697216075], [-0.4938620603872395, 0.0, -0.8695402608908173, -0.005519282290684872], [0.0, 0.0, 0.0, 1.0]]}