{"ecm_psm_transform": [[-0.4893422915631984, 0.23240189959047974, -0.8405554584644694, 0.032169389226194424], [0.261279822009133, -0.8804947345920248, -0.39555262224714915, 0.23720619135823579], [-0.8320318361087836, -0.41318080718065386, 0.3701413841750065, -0.14665560511585995], [0.0, 0.0, 0.0, 1.0]], "suj_ecm_transform": [[0.990537615870091, 0.13724150767022045, -1.0899574589678937e-05, -0.0633066704837589], [-0.13724150807846366, 0.9905376110660067, -9.75909698406124e-05, 1.029825791257793], [-2.5970932602283336e-06, 9.81634006504714e-05, 0.9999999951786009, 0.7495719473057085], [0.0, 0.0, 0.0, 1.0]], "suj_psm2_transform": [[0.22591830229295995, -0.9725627325219042, -0.055521635409936154, 0.03672631075669553], [-0.7815513195176882, -0.21498028379063228, 0.5856287326809194, 0.2712850489631548], [-0.5814967374364428, -0.08891124164483535, -0.8086756676566611, -0.21671504872746228], [0.0, 0.0, 0.0, 1.0]], "ecm_transform": [[0.993748559370363, 0.11150561339754503, 0.005504446399568059, -0.06217394669227278], [0.09322393377747798, -0.801673162559263, -0.590448506309638, 0.9112385939929537], [-0.06142555592244073, 0.5872704986742202, -0.80705654229834, 0.5874769730836288], [0.0, 0.0, 0.0, 1.0]], "psm2_transform": [[0.16906882873582169, 0.9809189556008198, -0.09598819559140773, -0.015134453733832378], [0.8530259559180073, -0.1944170839792557, -0.4843022981436004, -0.07635991779284076], [-0.49372304957340934, 0.0, -0.8696191984540893, -0.0055291024143042], [0.0, 0.0, 0.0, 1.0]]}