{"ecm_psm_transform": [[-0.48431044800311884, 0.23263980497142694, -0.8433991410345842, 0.03171011056950249], [0.2417724025210809, -0.890871923144829, -0.38456900802251126, 0.2388951496491104], [-0.8408266737765892, -0.3901614251756449, 0.3752126956416947, -0.14584912495985017], [0.0, 0.0, 0.0, 1.0]], "suj_ecm_transform": [[0.9905345577284869, 0.13726357793232422, -1.0901749023955276e-05, -0.0632891401763304], [-0.13726357834067446, 0.9905345529244116, -9.759072696153373e-05, 1.0298271624559006], [-2.5970932602189756e-06, 9.816340065044436e-05, 0.9999999951786012, 0.7495824171617338], [0.0, 0.0, 0.0, 1.0]], "suj_psm2_transform": [[0.2259443601439164, -0.9725514153737813, -0.05561376244789373, 0.036713100084997244], [-0.7815124695776487, -0.21505164156234569, 0.585654378755922, 0.2712282034756662], [-0.5815388258868025, -0.08886245504033152, -0.8086507639707046, -0.21669343081609105], [0.0, 0.0, 0.0, 1.0]], "ecm_transform": [[0.9937529890094317, 0.11146751122616425, 0.00547638346587917, -0.062122067579909984], [0.09317670263772762, -0.8016784613097561, -0.5904487672589237, 0.9112286063744475], [-0.061425555922440714, 0.58727049867422, -0.80705654229834, 0.5874811852031968], [0.0, 0.0, 0.0, 1.0]], "psm2_transform": [[0.19059799498729368, 0.9756851857155453, -0.10821655456558175, -0.01706042696831038], [0.8484645245214741, -0.21917668300989948, -0.48173595698611393, -0.07594606153525274], [-0.49374118213429646, 0.0, -0.8696089035104387, -0.005523541892505413], [0.0, 0.0, 0.0, 1.0]]}