{"ecm_psm_transform": [[-0.4785036286681745, 0.2326183901924855, -0.8467130339705694, 0.031202454477573575], [0.2185090876547377, -0.9023937385843623, -0.3714018297962893, 0.24097346961430544], [-0.8504634359945666, -0.36273161580980817, 0.38096944618738365, -0.1449344830746828], [0.0, 0.0, 0.0, 1.0]], "suj_ecm_transform": [[0.99053644736518, 0.1372499410650128, -1.0900405475117048e-05, -0.06330520610269184], [-0.13724994147329692, 0.9905364425610991, -9.759087703851082e-05, 1.0298198710186224], [-2.597093260222551e-06, 9.816340065047364e-05, 0.999999995178601, 0.7495739857813755], [0.0, 0.0, 0.0, 1.0]], "suj_psm2_transform": [[0.22587182265003528, -0.9725657580040353, -0.05565757891597023, 0.03672978688911756], [-0.7815127199265713, -0.21501732730521425, 0.5856666437074038, 0.2712293534709666], [-0.5815666671377614, -0.0887884863963724, -0.8086388664649492, -0.2166595818694792], [0.0, 0.0, 0.0, 1.0]], "ecm_transform": [[0.9937529642170144, 0.11146772453612165, 0.005476540572012901, -0.06212807950229773], [0.09317696705472177, -0.8016784316505419, -0.5904487658017513, 0.9112329669493501], [-0.06142555592244074, 0.5872704986742202, -0.80705654229834, 0.587485694576147], [0.0, 0.0, 0.0, 1.0]], "psm2_transform": [[0.21575306782022496, 0.968726741732471, -0.12255249315518556, -0.019316037215802745], [0.842323626313026, -0.24813000594928133, -0.4784583667389288, -0.07541192659735209], [-0.4939043655213377, 0.0, -0.8695162320043053, -0.00551287056006956], [0.0, 0.0, 0.0, 1.0]]}