{"ecm_psm_transform": [[-0.4742117655558918, 0.23247896856464903, -0.8491623699761319, 0.03076472626512279], [0.20358289000042246, -0.909411351805266, -0.3626637562630088, 0.2424339479174304], [-0.856549594773963, -0.3448543495199618, 0.3839248224714369, -0.1443905484063665], [0.0, 0.0, 0.0, 1.0]], "suj_ecm_transform": [[0.9905428609982752, 0.13720364574832783, -1.0895844312564861e-05, -0.06333206580274225], [-0.13720364615638742, 0.9905428561941753, -9.759138638929333e-05, 1.0298471206775042], [-2.597093260229726e-06, 9.816340065047496e-05, 0.999999995178601, 0.7495690380815674], [0.0, 0.0, 0.0, 1.0]], "suj_psm2_transform": [[0.22584180757642042, -0.9725785430181302, -0.05555587827895825, 0.03667679821490603], [-0.7815560463303075, -0.21493757071456449, 0.5856381025342017, 0.27134228399458427], [-0.5815200980148095, -0.08884153508383869, -0.8086665303132026, -0.2166388371000767], [0.0, 0.0, 0.0, 1.0]], "ecm_transform": [[0.9937419314586309, 0.11156258783060286, 0.005546409415913677, -0.062215403211600746], [0.09329455900795622, -0.8016652358581304, -0.5904481136188336, 0.9112489149632316], [-0.0614255559224407, 0.58727049867422, -0.8070565422983398, 0.5874820619942428], [0.0, 0.0, 0.0, 1.0]], "psm2_transform": [[0.23189252339112382, 0.9637991462226475, -0.13159431346297956, -0.02075554008778132], [0.8382341373809896, -0.26662934148457074, -0.4756809068994179, -0.07502614567703597], [-0.49354775708582194, 0.0, -0.8697186967494459, -0.005544792978232627], [0.0, 0.0, 0.0, 1.0]]}