{"ecm_psm_transform": [[-0.47490191811209975, 0.23258478680451336, -0.8487475980057604, 0.030956664698205478], [0.2059436682251259, -0.9082916052747296, -0.36413399361421084, 0.24211395977714437], [-0.8556023455387602, -0.34772212574777855, 0.38345006138220683, -0.1446393322677583], [0.0, 0.0, 0.0, 1.0]], "suj_ecm_transform": [[0.9905256905371315, 0.13732755101199914, -1.0908051867955387e-05, -0.06324092733217686], [-0.1373275514206597, 0.9905256857330826, -9.759002267191879e-05, 1.0298226921377953], [-2.5970932602215387e-06, 9.816340065043254e-05, 0.9999999951786009, 0.7495710753212539], [0.0, 0.0, 0.0, 1.0]], "suj_psm2_transform": [[0.22597063491340694, -0.9725569330199975, -0.05541014520436083, 0.03680596459513475], [-0.7815796750694977, -0.21496131520306364, 0.5855978521856342, 0.2712392422982605], [-0.5814382887934803, -0.08902047517793718, -0.8087056765746139, -0.21680555232562004], [0.0, 0.0, 0.0, 1.0]], "ecm_transform": [[0.9937454790134981, 0.11153209800196187, 0.005523952888458056, -0.06219666920214417], [0.09325676393620061, -0.8016694783401785, -0.5904483241384751, 0.9112444012230162], [-0.06142555592244067, 0.5872704986742198, -0.80705654229834, 0.5874747870799194], [0.0, 0.0, 0.0, 1.0]], "psm2_transform": [[0.22920469042634442, 0.9646385474348104, -0.13014485271966258, -0.02051824466148361], [0.838845027752035, -0.2635763130534666, -0.47630509824358236, -0.07509282414975825], [-0.49376535854821907, 0.0, -0.8695951763307732, -0.005525315003125215], [0.0, 0.0, 0.0, 1.0]]}