{"ecm_psm_transform": [[-0.46955958508525153, 0.2322986602247367, -0.8517928906209297, 0.030408956131940404], [0.18448484496563147, -0.9176545601700704, -0.35195944393790857, 0.2440790189050504], [-0.8634113376789616, -0.3224088098313495, 0.38803791220776274, -0.14384948822673022], [0.0, 0.0, 0.0, 1.0]], "suj_ecm_transform": [[0.9905367755574689, 0.13724757247178845, -1.0900172113597338e-05, -0.06329552487566126], [-0.1372475728800611, 0.990536770753387, -9.759090310350981e-05, 1.0298267461889874], [-2.5970932602274197e-06, 9.816340065045815e-05, 0.9999999951786009, 0.7495758731583901], [0.0, 0.0, 0.0, 1.0]], "suj_psm2_transform": [[0.22590616443424902, -0.9725668191901111, -0.05549943315959199, 0.03673375130703513], [-0.7815620698797485, -0.21495839436702024, 0.5856224206913837, 0.2712811813464596], [-0.5814870039784978, -0.08891946300772721, -0.8086817626869844, -0.2167164392810914], [0.0, 0.0, 0.0, 1.0]], "ecm_transform": [[0.9937510486967799, 0.1114842035094325, 0.005488677611062608, -0.06216047344960666], [0.09319739424291781, -0.8016761401930338, -0.5904486531033244, 0.9112299257436988], [-0.06142555592244072, 0.5872704986742201, -0.8070565422983401, 0.5874791518087835], [0.0, 0.0, 0.0, 1.0]], "psm2_transform": [[0.25179970981527633, 0.9571582297007999, -0.14298611629446212, -0.02253981689357329], [0.832323754774682, -0.2895654042112607, -0.4726405017788302, -0.07450534809017703], [-0.49379557852892714, 0.0, -0.8695780164109959, -0.005519328928422884], [0.0, 0.0, 0.0, 1.0]]}