{"ecm_psm_transform": [[-0.46433603847347443, 0.2320801940911951, -0.8547109610186088, 0.030025463344733674], [0.1632420280900785, -0.9260950168078621, -0.340147115390802, 0.24586213710396282], [-0.87048497036985, -0.2974673147662425, 0.3921340497916027, -0.14328353014579057], [0.0, 0.0, 0.0, 1.0]], "suj_ecm_transform": [[0.9905335514426318, 0.1372708393927251, -1.0902464447017085e-05, -0.06329562885570764], [-0.1372708398011106, 0.9905335466385595, -9.759064703979042e-05, 1.0298188411178213], [-2.597093260226559e-06, 9.816340065045174e-05, 0.9999999951786009, 0.7495700574567321], [0.0, 0.0, 0.0, 1.0]], "suj_psm2_transform": [[0.22609668528859617, -0.9725216262676841, -0.05551554145614129, 0.03681905432940571], [-0.7815137788141813, -0.21512025364526877, 0.5856274327549679, 0.27117602266181995], [-0.5814778606491298, -0.08902226077366412, -0.8086770274106081, -0.21679212847384655], [0.0, 0.0, 0.0, 1.0]], "ecm_transform": [[0.9937446717737537, 0.11153903700782886, 0.0055290636314725555, -0.06218641214298117], [0.09326536549488132, -0.8016685129218306, -0.590448276302681, 0.9112464164027411], [-0.061425555922440714, 0.5872704986742201, -0.80705654229834, 0.5874817684488031], [0.0, 0.0, 0.0, 1.0]], "psm2_transform": [[0.27360700490502265, 0.9491992365349641, -0.1554349260248293, -0.024496480539164367], [0.8253180746658628, -0.3146757209595955, -0.46885953788783274, -0.07389207071540799], [-0.49395271281443154, 0.0, -0.8694887678994272, -0.005508542025097523], [0.0, 0.0, 0.0, 1.0]]}