{"ecm_psm_transform": [[-0.46009566864958895, 0.23156553365961244, -0.8571402331653947, 0.029648470372653234], [0.14733538756570053, -0.9320925702110576, -0.3309013812727437, 0.24731313480864373], [-0.8755593979055637, -0.2785333807253338, 0.3947339566859733, -0.14279903132713426], [0.0, 0.0, 0.0, 1.0]], "suj_ecm_transform": [[0.990524925256176, 0.13733307077048054, -1.0908595693734813e-05, -0.06324902000499948], [-0.13733307117916785, 0.9905249204521294, -9.758996188474311e-05, 1.0298170603320922], [-2.59709326022481e-06, 9.816340065051067e-05, 0.999999995178601, 0.7495699118513275], [0.0, 0.0, 0.0, 1.0]], "suj_psm2_transform": [[0.22596506891864135, -0.9725483192556587, -0.05558375969280488, 0.03682325201537958], [-0.7815181542584214, -0.21505178420125245, 0.585646740515448, 0.2711942918202182], [-0.581523139860405, -0.08889598880068633, -0.8086583586299251, -0.21675073085019858], [0.0, 0.0, 0.0, 1.0]], "ecm_transform": [[0.9937501672820699, 0.11149178497733414, 0.005494261499659838, -0.06216421275591464], [0.09320679216922911, -0.8016750858480644, -0.5904486011703486, 0.9112281463555411], [-0.061425555922440686, 0.58727049867422, -0.8070565422983402, 0.5874685362100222], [0.0, 0.0, 0.0, 1.0]], "psm2_transform": [[0.29004722058146076, 0.9427465929572396, -0.16462524502787007, -0.025962316783799184], [0.8198887621656701, -0.33350991209785175, -0.4653531521403167, -0.07338878037910315], [-0.49361424970052775, 0.0, -0.8696809601759632, -0.005539497799195155], [0.0, 0.0, 0.0, 1.0]]}