{"ecm_psm_transform": [[-0.46105921248438286, 0.23163748041066695, -0.8566028719612601, 0.029690722866994597], [0.15040429420149581, -0.930961820133287, -0.332699019745877, 0.2470524346114963], [-0.8745301314814891, -0.28223069840666776, 0.39438925189190177, -0.14286899313309498], [0.0, 0.0, 0.0, 1.0]], "suj_ecm_transform": [[0.990528700881198, 0.13730583604372884, -1.090591243466326e-05, -0.06326683038246236], [-0.13730583645228409, 0.9905286960771402, -9.759026178171948e-05, 1.029819087732129], [-2.597093260226881e-06, 9.816340065041943e-05, 0.9999999951786009, 0.7495690351976123], [0.0, 0.0, 0.0, 1.0]], "suj_psm2_transform": [[0.22595422675199334, -0.972551720073552, -0.0555683290632738, 0.03678099469697689], [-0.7815264170786614, -0.2150346763899788, 0.585641995896851, 0.271211645791622], [-0.5815162481144434, -0.08890016722049854, -0.8086628552413351, -0.21674093771181369], [0.0, 0.0, 0.0, 1.0]], "ecm_transform": [[0.9937411701587997, 0.11156912927039644, 0.0055512273656745555, -0.06221606948588257], [0.09330266775949633, -0.8016643255008788, -0.5904480683414777, 0.9112435421631431], [-0.061425555922440686, 0.5872704986742199, -0.8070565422983402, 0.5874832212069022], [0.0, 0.0, 0.0, 1.0]], "psm2_transform": [[0.2868302739178148, 0.9440324603389337, -0.16288372475680596, -0.025678751188089325], [0.8209033942030085, -0.3298525637711788, -0.46617046620261193, -0.07349215172188216], [-0.493807666354231, 0.0, -0.8695711521490284, -0.005523495996042318], [0.0, 0.0, 0.0, 1.0]]}