{"ecm_psm_transform": [[-0.5786038205517713, 0.20340830333197263, -0.7898371230693718, 0.04015823069167062], [0.5639073241285841, -0.599880045703137, -0.5675847606845541, 0.2100695984492596], [-0.589258982652818, -0.7738016495865143, 0.2323894542791382, -0.16841486412552809], [0.0, 0.0, 0.0, 1.0]], "suj_ecm_transform": [[0.9905382156914756, 0.13723717840278007, -1.089914805627214e-05, -0.0633047582819922], [-0.1372371788110023, 0.9905382108873895, -9.759101747761282e-05, 1.0298259795220328], [-2.597093260227407e-06, 9.81634006504764e-05, 0.999999995178601, 0.749575584556873], [0.0, 0.0, 0.0, 1.0]], "suj_psm2_transform": [[0.2259876030353659, -0.9725456530206206, -0.05553877983017674, 0.03671739360322074], [-0.7815299215901234, -0.2150453679217018, 0.5856333933398572, 0.27123695061043046], [-0.581498568298896, -0.08894066857245281, -0.8086711151885045, -0.2167385771392798], [0.0, 0.0, 0.0, 1.0]], "ecm_transform": [[0.9937470903832365, 0.11151824478229193, 0.005513749679544891, -0.06216589645249928], [0.09323959156104754, -0.8016714055444473, -0.5904484195066656, 0.91123521479877], [-0.06142555592244073, 0.5872704986742202, -0.8070565422983399, 0.5874775526212929], [0.0, 0.0, 0.0, 1.0]], "psm2_transform": [[-0.2288144825540307, 0.9647565113712172, 0.1299569403316711, 0.020481532532065957], [0.838894628593843, 0.26314420716944986, -0.4764566384777946, -0.07509073479412728], [-0.4938620603872395, 0.0, -0.8695402608908173, -0.005509441253824816], [0.0, 0.0, 0.0, 1.0]]}