{"ecm_psm_transform": [[-0.5738761829990288, 0.20639258414209682, -0.7925075569340734, 0.039818420626552026], [0.5496306639600737, -0.6203268521325994, -0.5595540454308854, 0.2112853176385583], [-0.6071015234878552, -0.756701194484592, 0.24255111305520294, -0.16684348811485106], [0.0, 0.0, 0.0, 1.0]], "suj_ecm_transform": [[0.9905341789853087, 0.1372663110273132, -1.0902018297481287e-05, -0.06329145073996581], [-0.13726631143567672, 0.9905341741812346, -9.759069688092388e-05, 1.0298148440249446], [-2.597093260224803e-06, 9.816340065044953e-05, 0.9999999951786013, 0.7495722396151674], [0.0, 0.0, 0.0, 1.0]], "suj_psm2_transform": [[0.22601774659358959, -0.9725373890996071, -0.055560822780769514, 0.036802198560253976], [-0.781514879526585, -0.21508158338552946, 0.5856401673100313, 0.2711820461459365], [-0.5815070690054454, -0.08894346120819502, -0.8086646952878574, -0.21676818123016206], [0.0, 0.0, 0.0, 1.0]], "ecm_transform": [[0.9937451695520239, 0.1115347581990886, 0.005525912186293329, -0.062186529632169744], [0.0932600615035123, -0.8016691082363121, -0.5904483058049683, 0.9112374422707759], [-0.06142555592244072, 0.5872704986742201, -0.80705654229834, 0.5874736252579674], [0.0, 0.0, 0.0, 1.0]], "psm2_transform": [[-0.2062169163218816, 0.9714701456105926, 0.11713385339016204, 0.018460342313649944], [0.8447123954021143, 0.23716187760121543, -0.4798074747924299, -0.07561785062951024], [-0.4938983220023291, 0.0, -0.8695196648283947, -0.005508819468245253], [0.0, 0.0, 0.0, 1.0]]}