{"ecm_psm_transform": [[-0.5707161335957311, 0.20815455795217008, -0.7943266172408403, 0.03952096439705985], [0.5405004666318207, -0.6330044876842449, -0.5542242904658645, 0.21206642953931248], [-0.6181766255887744, -0.7456386514762654, 0.24875823805521052, -0.16587900838263692], [0.0, 0.0, 0.0, 1.0]], "suj_ecm_transform": [[0.9905193850223117, 0.13737302419302694, -1.0912532046076456e-05, -0.06322089569451103], [-0.13737302460190803, 0.9905193802182816, -9.758952179926543e-05, 1.029806709966996], [-2.597093260224633e-06, 9.816340065046466e-05, 0.9999999951786008, 0.7495725349459132], [0.0, 0.0, 0.0, 1.0]], "suj_psm2_transform": [[0.22599156685287242, -0.9725424511179246, -0.05557870531888098, 0.03678866940407885], [-0.7815144477254428, -0.21507036289252052, 0.5856448642323059, 0.2711396192974375], [-0.581517824067139, -0.08891523929461612, -0.8086600648686697, -0.2167915164721983], [0.0, 0.0, 0.0, 1.0]], "ecm_transform": [[0.9937443792338964, 0.1115415515106269, 0.005530915624061852, -0.06219877597172295], [0.09326848246142654, -0.8016681630659502, -0.5904482589573856, 0.911237799047971], [-0.061425555922440755, 0.5872704986742203, -0.8070565422983397, 0.5874906377440253], [0.0, 0.0, 0.0, 1.0]], "psm2_transform": [[-0.19190523073307325, 0.975345493446291, 0.10896582414361465, 0.017177495973727044], [0.8481557363568524, 0.22068341218589865, -0.4815918172798975, -0.07591867970825691], [-0.49376535854821907, 0.0, -0.8695951763307732, -0.005520721648975272], [0.0, 0.0, 0.0, 1.0]]}