{"ecm_psm_transform": [[-0.4747176605601572, 0.2684267065254874, -0.838206565218963, 0.10009896720416805], [0.7547324233998719, -0.36579607242308376, -0.5445844309827476, -0.08707640264504009], [-0.45279367467009557, -0.8911455193310049, -0.028940482978447146, 0.1672949566230901], [0.0, 0.0, 0.0, 1.0]], "suj_ecm_transform": [[0.9942053689753301, 0.1074973685124563, -7.97026322954182e-06, -0.1059103302877038], [-0.10749736877655673, 0.9942053641611697, -9.787376065484523e-05, 0.9752805178834194], [-2.597093260226839e-06, 9.816340065048583e-05, 0.9999999951786009, 1.0565428470000116], [0.0, 0.0, 0.0, 1.0]], "suj_psm2_transform": [[0.2802288780497497, -0.9598814646376941, 0.009967434573352862, 0.10529796350364935], [-0.641173538929025, -0.17943717065799322, 0.7461225065386279, -0.01485425531906348], [-0.7144006361168844, -0.2154759281944269, -0.6657340726480369, 0.13921533568903577], [0.0, 0.0, 0.0, 1.0]], "ecm_transform": [[0.9943355083139978, -0.10216573683321677, -0.029309710392115884, -0.1082151543749192], [-0.0923605255246711, -0.6940872099261222, -0.7139415090480299, 0.9179583920507218], [0.05259686521790427, 0.7126044535605272, -0.6995916398406663, 1.0003912982060144], [0.0, 0.0, 0.0, 1.0]], "psm2_transform": [[-0.2934679670509319, 0.946394602972854, 0.13495854096294568, 0.024789921832851985], [0.8598313073980295, 0.3230127791030163, -0.3954148041668919, -0.07263195064876293], [-0.41781176997924385, 0.0, -0.908533612403422, -0.011899275573497035], [0.0, 0.0, 0.0, 1.0]]}