{"ecm_psm_transform": [[-0.41808973694906376, 0.2797507712968339, -0.8642571826815728, 0.09521487959226799], [0.6594344766941911, -0.5608821868139301, -0.500557033175923, -0.07902059586748593], [-0.6247776747011061, -0.7791987413193443, 0.05002178246952771, 0.18178246228296185], [0.0, 0.0, 0.0, 1.0]], "suj_ecm_transform": [[0.9942022315922202, 0.10752638110472598, -7.97311935234637e-06, -0.10588515929439535], [-0.10752638136896689, 0.9942022267780676, -9.787352802702098e-05, 0.9752703369955763], [-2.597093260227471e-06, 9.816340065044865e-05, 0.9999999951786009, 1.0565461783573724], [0.0, 0.0, 0.0, 1.0]], "suj_psm2_transform": [[0.28021537477493064, -0.9598854506383773, 0.009963201920310916, 0.10520334215855875], [-0.6411631592366961, -0.1794275491231013, 0.7461337399242152, -0.014849245502625119], [-0.714415248281673, -0.2154661835844242, -0.6657215459591187, 0.13917678871597805], [0.0, 0.0, 0.0, 1.0]], "ecm_transform": [[0.9943340680591142, -0.10217655939451435, -0.02932084254096972, -0.10821756616164617], [-0.09237602971692747, -0.6940856168197134, -0.7139410519487835, 0.9179496836763755], [0.05259686521790428, 0.7126044535605273, -0.6995916398406661, 1.0003953480630474], [0.0, 0.0, 0.0, 1.0]], "psm2_transform": [[-0.09360956712314211, 0.9946789243201506, 0.04302425427972043, 0.007907242091415894], [0.9037887593435349, 0.10302348039795632, -0.415393838388301, -0.07634344158678416], [-0.41761600475471716, 0.0, -0.9086236143600429, -0.01192180612899359], [0.0, 0.0, 0.0, 1.0]]}