{"ecm_psm_transform": [[-0.36835994394355687, 0.27807200429755347, -0.887122828093067, 0.09101696070482017], [0.5462263824754706, -0.7074163902653043, -0.44855188091431275, -0.06943251618953312], [-0.7522949493288259, -0.6497984389100578, 0.10869359688772473, 0.19262349405469018], [0.0, 0.0, 0.0, 1.0]], "suj_ecm_transform": [[0.9941996329548184, 0.10755040571237286, -7.975484438449236e-06, -0.10588495438691797], [-0.10755040597673012, 0.9941996281406722, -9.78733353300672e-05, 0.9752944873635983], [-2.597093260223896e-06, 9.816340065043297e-05, 0.9999999951786009, 1.0565579086620398], [0.0, 0.0, 0.0, 1.0]], "suj_psm2_transform": [[0.28019530477600046, -0.9598910204855591, 0.009990994578935042, 0.10521181335091374], [-0.6411905987728894, -0.17939968398461298, 0.7461168604390902, -0.014816749419015007], [-0.7143984932982067, -0.21546457290564752, -0.6657400473126422, 0.1392394054247612], [0.0, 0.0, 0.0, 1.0]], "ecm_transform": [[0.9943417421958133, -0.10211887208990807, -0.029261505259981883, -0.10826946608464263], [-0.0922933881502059, -0.6940941065365615, -0.7139434864013874, 0.9179686976227548], [0.05259686521790428, 0.7126044535605272, -0.699591639840666, 1.0003991183137577], [0.0, 0.0, 0.0, 1.0]], "psm2_transform": [[0.08399043031083239, 0.9957182345546648, -0.03861094393488365, -0.0070957273487128065], [0.904701306537797, -0.09244023677674956, -0.41589704083277806, -0.07643149081935965], [-0.41768547205403755, 0.0, -0.9085916830100284, -0.0119211830347043], [0.0, 0.0, 0.0, 1.0]]}