{"ecm_psm_transform": [[-0.363547567255936, 0.27741135009575507, -0.8893121550841085, 0.09062140606739225], [0.5339116303271348, -0.7202421807511479, -0.442932920506313, -0.06841232741627715], [-0.7633947454257932, -0.6358412882983311, 0.11372914644631368, 0.1935190952169235], [0.0, 0.0, 0.0, 1.0]], "suj_ecm_transform": [[0.9942002952854866, 0.10754428292871979, -7.974881685048767e-06, -0.10589008082796748], [-0.10754428319304737, 0.9942002904713387, -9.787338444529621e-05, 0.9752866911840518], [-2.5970932602262533e-06, 9.816340065047137e-05, 0.9999999951786009, 1.0565623044964205], [0.0, 0.0, 0.0, 1.0]], "suj_psm2_transform": [[0.28026484029887005, -0.9598707366916893, 0.009989401143347398, 0.10522107337754881], [-0.6411775359860495, -0.17944735149582686, 0.7461166231816522, -0.014835975293838288], [-0.7143829411730849, -0.21551523585140564, -0.6657403371261245, 0.13920076782058666], [0.0, 0.0, 0.0, 1.0]], "ecm_transform": [[0.9943345828777718, -0.10217269108482747, -0.029316863573241057, -0.10821279469920095], [-0.09237048804968621, -0.6940861862637714, -0.7139412153498886, 0.9179637126243593], [0.05259686521790429, 0.7126044535605273, -0.699591639840666, 1.0003901061883649], [0.0, 0.0, 0.0, 1.0]], "psm2_transform": [[0.10113443906788203, 0.9937859241527656, -0.04649045267857118, -0.008543906471109038], [0.9029513953931643, -0.11130829688677123, -0.41507739109918257, -0.07628195045427028], [-0.4176728418175669, 0.0, -0.9085974891050701, -0.01192150076775763], [0.0, 0.0, 0.0, 1.0]]}