{"ecm_psm_transform": [[-0.3589514443011977, 0.27639439169091246, -0.8914931300217042, 0.0901718782984891], [0.5216668385330716, -0.7326218294060522, -0.4371829876066082, -0.06733323033873473], [-0.7739622537365726, -0.6219898675376796, 0.11878987529021842, 0.19449772280806216], [0.0, 0.0, 0.0, 1.0]], "suj_ecm_transform": [[0.9941947978748017, 0.10759509196521694, -7.97988355016685e-06, -0.10582166901838463], [-0.10759509222979058, 0.9941947930606674, -9.787297675657748e-05, 0.9752781501192036], [-2.5970932602271393e-06, 9.81634006504739e-05, 0.9999999951786008, 1.0565472428343918], [0.0, 0.0, 0.0, 1.0]], "suj_psm2_transform": [[0.28005640573489265, -0.9599320468557225, 0.009943592219946062, 0.10516198564278212], [-0.6411648624898506, -0.17932816678521707, 0.7461561684431917, -0.014797350960625177], [-0.7144760518836335, -0.21534129658947615, -0.6656967006587454, 0.13927857495504936], [0.0, 0.0, 0.0, 1.0]], "ecm_transform": [[0.9943454261097582, -0.10209116110699165, -0.02923300187167871, -0.10828013659589507], [-0.09225369013677939, -0.6940981829608321, -0.7139446540640373, 0.917977297944183], [0.05259686521790426, 0.7126044535605269, -0.6995916398406661, 1.0003933362639659], [0.0, 0.0, 0.0, 1.0]], "psm2_transform": [[0.11797639723875125, 0.9915342592803784, -0.05423451270063913, -0.009966674453573122], [0.9008997814016608, -0.1298453413616038, -0.4141494551452753, -0.0761082305162668], [-0.41768547205403755, 0.0, -0.9085916830100284, -0.011919684469686088], [0.0, 0.0, 0.0, 1.0]]}