{"ecm_psm_transform": [[-0.3519340349139067, 0.27513916296158003, -0.894673614271718, 0.08961050667161327], [0.5028076189182072, -0.7506393516172396, -0.42863161591447396, -0.06580083970350331], [-0.7895105657475525, -0.6006987637813576, 0.12583346837995327, 0.19572202746027578], [0.0, 0.0, 0.0, 1.0]], "suj_ecm_transform": [[0.9942001860114624, 0.10754529311491669, -7.974981132158634e-06, -0.1058833880799308], [-0.10754529337924919, 0.9942001811973148, -9.787337634215044e-05, 0.9752718109435559], [-2.59709326022584e-06, 9.81634006504878e-05, 0.9999999951786009, 1.0565509770127735], [0.0, 0.0, 0.0, 1.0]], "suj_psm2_transform": [[0.2802032959740437, -0.9598888637543321, 0.00997407467889072, 0.1051914964521032], [-0.6411738916266356, -0.17941358534556606, 0.7461278751593489, -0.014853116316059012], [-0.7144103538034972, -0.21546260611499835, -0.6657279562587826, 0.139193817963297], [0.0, 0.0, 0.0, 1.0]], "ecm_transform": [[0.994342664314313, -0.10211193690256064, -0.029254371747160564, -0.10826153502487398], [-0.0922834529781109, -0.6940951268433673, -0.7139437787380228, 0.9179619034205333], [0.052596865217904264, 0.7126044535605273, -0.6995916398406661, 1.0003904966038], [0.0, 0.0, 0.0, 1.0]], "psm2_transform": [[0.14303432829767798, 0.9875306709602572, -0.06575982695549248, -0.012083832763800949], [0.8972478193509319, -0.15742672553535578, -0.412508395983904, -0.07580133193031366], [-0.41771704729209896, 0.0, -0.908577167004306, -0.011917016957464215], [0.0, 0.0, 0.0, 1.0]]}