{"ecm_psm_transform": [[-0.47088235276827006, 0.2697293895344794, -0.839949918907536, 0.09969160397429276], [0.7494641532505191, -0.37994677612766886, -0.5421659619550772, -0.08666046170161396], [-0.46537435774213176, -0.8848087385031573, -0.023242276664522055, 0.16834571478775123], [0.0, 0.0, 0.0, 1.0]], "suj_ecm_transform": [[0.9942000657885425, 0.10754640450733789, -7.975090542447675e-06, -0.10586925703966027], [-0.10754640477167578, 0.9942000609743951, -9.787336742699899e-05, 0.9752866142657143], [-2.59709326022154e-06, 9.81634006504374e-05, 0.9999999951786009, 1.0565615476184005], [0.0, 0.0, 0.0, 1.0]], "suj_psm2_transform": [[0.2803117878751803, -0.9598575781121554, 0.009936363463960651, 0.10521625360630944], [-0.6411163424753807, -0.1795041258021377, 0.7461555496215256, -0.014878776440608532], [-0.714419440517411, -0.215526561148918, -0.6656975022111105, 0.13920601667523957], [0.0, 0.0, 0.0, 1.0]], "ecm_transform": [[0.9943359720965409, -0.10216225142264791, -0.029306125282662167, -0.10821061465279792], [-0.09235553239561246, -0.6940877229500303, -0.7139416562198658, 0.9179592027238245], [0.05259686521790429, 0.7126044535605273, -0.699591639840666, 1.0003839637357277], [0.0, 0.0, 0.0, 1.0]], "psm2_transform": [[-0.28001510264244267, 0.9513229787955158, 0.1287483293397201, 0.02365382027313335], [0.8643365265264384, 0.30819570083897463, -0.39741386349319124, -0.07301342199412442], [-0.4177486220256793, 0.0, -0.9085626499012858, -0.011907606549979459], [0.0, 0.0, 0.0, 1.0]]}