{"ecm_psm_transform": [[-0.31930415697053327, 0.26567049410733706, -0.9096505064595418, 0.08691990136206867], [0.40729267325816904, -0.8282469353518873, -0.3848632125709358, -0.0578214779798348], [-0.8556620440638653, -0.4933824101454878, 0.1562570437051662, 0.20126502040681016], [0.0, 0.0, 0.0, 1.0]], "suj_ecm_transform": [[0.9942012614947021, 0.10753535036795302, -7.974002325166384e-06, -0.10590060781977928], [-0.10753535063223736, 0.9942012566805519, -9.787345609298466e-05, 0.9752738327079867], [-2.597093260227508e-06, 9.816340065047073e-05, 0.999999995178601, 1.0565585178002994], [0.0, 0.0, 0.0, 1.0]], "suj_psm2_transform": [[0.2803086093670188, -0.959858346128945, 0.009951828039850397, 0.10525158744224769], [-0.6411397746090585, -0.1794968711867636, 0.7461371607475454, -0.014941033077707333], [-0.7143996591047438, -0.215529182712618, -0.665717882041828, 0.13915212714631853], [0.0, 0.0, 0.0, 1.0]], "ecm_transform": [[0.9943458006433183, -0.10208834312942651, -0.029230103319811254, -0.10828751634215714], [-0.09224965318226393, -0.6940985974361216, -0.7139447727415345, 0.9179711883759762], [0.05259686521790427, 0.7126044535605274, -0.6995916398406661, 1.0003970903553714], [0.0, 0.0, 0.0, 1.0]], "psm2_transform": [[0.26064943564991155, 0.9579640058214419, -0.11986173386831629, -0.022019600424106105], [0.8703480624733251, -0.28688841654994796, -0.40023653831002576, -0.07352679094727999], [-0.41779914054999173, 0.0, -0.9085394202541177, -0.011905586457354077], [0.0, 0.0, 0.0, 1.0]]}