{"ecm_psm_transform": [[-0.3042879795999998, 0.25943672821599034, -0.9165704607522179, 0.08564819942142127], [0.3592287201200992, -0.8599042879121683, -0.3626559557916327, -0.05368577383775254], [-0.8822491440130878, -0.4396102815936514, 0.16846141458899397, 0.20356109494207153], [0.0, 0.0, 0.0, 1.0]], "suj_ecm_transform": [[0.9942003149038714, 0.10754410156510165, -7.974863830825835e-06, -0.10588892916522813], [-0.10754410182942838, 0.9942003100897234, -9.787338590008128e-05, 0.975273987218144], [-2.5970932602283645e-06, 9.816340065046707e-05, 0.9999999951786012, 1.056554678586439], [0.0, 0.0, 0.0, 1.0]], "suj_psm2_transform": [[0.280232402535616, -0.959880529420629, 0.00995840390272873, 0.1052465812952943], [-0.6411566164580627, -0.17944163920364886, 0.7461359737286205, -0.014872168137599728], [-0.714414441162247, -0.21547637308781886, -0.6657191141162719, 0.13920535285922542], [0.0, 0.0, 0.0, 1.0]], "ecm_transform": [[0.9943432379194698, -0.10210762247731577, -0.02924993394616303, -0.1082685272876075], [-0.092277272245524, -0.6940957615471602, -0.7139439605663691, 0.9179642478917089], [0.05259686521790427, 0.7126044535605274, -0.699591639840666, 1.0003946780412891], [0.0, 0.0, 0.0, 1.0]], "psm2_transform": [[0.3146983068732011, 0.9380998350233983, -0.14468474411704024, -0.02658317305077676], [0.8523333668567259, -0.3463649802290539, -0.39186621723951304, -0.07199824369322977], [-0.4177233622791747, 0.0, -0.9085742636714852, -0.011909740307733618], [0.0, 0.0, 0.0, 1.0]]}