{"ecm_psm_transform": [[-0.5520564649947673, 0.2622122625812875, -0.7915038779497441, -0.008872436476872771], [0.5220115427228271, -0.6315256353362473, -0.5733056088835025, 0.2249984578143746], [-0.6501827502492011, -0.7296712282015452, 0.21175998208640207, -0.1611253546051607], [0.0, 0.0, 0.0, 1.0]], "suj_ecm_transform": [[0.9779419355341464, 0.20887692644476782, -1.7964263094183564e-05, 0.059100480631919174], [-0.20887692720112197, 0.9779419307724432, -9.654057888863354e-05, 1.033007954100652], [-2.5970932602263973e-06, 9.816340065048282e-05, 0.999999995178601, 0.6492834853355962], [0.0, 0.0, 0.0, 1.0]], "suj_psm2_transform": [[0.2719012946632092, -0.9611295486260599, -0.04795494467035777, -0.010535312184159415], [-0.7308026782452298, -0.23865032287071594, 0.639510335227901, 0.2836572546140188], [-0.626096742868121, -0.13883808609876996, -0.7672853800368937, -0.21249172190860266], [0.0, 0.0, 0.0, 1.0]], "ecm_transform": [[0.9909384084536066, -0.07439509588338425, -0.11183219733124833, 0.048534019127010115], [-0.12817466466819058, -0.7726617058443221, -0.6217436317799637, 0.9743181044027217], [-0.04015377925712724, 0.630443699334242, -0.7751957275302321, 0.5760959787913856], [0.0, 0.0, 0.0, 1.0]], "psm2_transform": [[-0.12451499885597624, 0.98966125869824, 0.07118011022548154, 0.011159828599845349], [0.8591813325316375, 0.14342452032973813, -0.4911586757834418, -0.07700531257547856], [-0.4962896864625094, 0.0, -0.8681569829880678, -0.00526909369122083], [0.0, 0.0, 0.0, 1.0]]}