{"ecm_psm_transform": [[-0.5354960687637719, 0.26761715757204524, -0.8010149919393549, -0.010446898558542384], [0.48178524397166966, -0.6821886000012011, -0.5500015388338113, 0.2285665617227931], [-0.6936331444140373, -0.6804408651759979, 0.23637531590425181, -0.15727097346171723], [0.0, 0.0, 0.0, 1.0]], "suj_ecm_transform": [[0.9779335214084788, 0.2089163166982372, -1.7968151627686276e-05, 0.05910270733596608], [-0.20891631745478315, 0.9779335166468061, -9.653985522955489e-05, 1.0330021152704998], [-2.5970932602333904e-06, 9.816340065042874e-05, 0.999999995178601, 0.6492797030283515], [0.0, 0.0, 0.0, 1.0]], "suj_psm2_transform": [[0.27184215780867693, -0.9611458792965638, -0.04796290180084678, -0.010619198947274922], [-0.7308072862585043, -0.23860841874250213, 0.6395207055730749, 0.28361414095643694], [-0.6261170430433938, -0.13879705046015228, -0.7672762391695438, -0.21252770990333403], [0.0, 0.0, 0.0, 1.0]], "ecm_transform": [[0.9909388756508744, -0.07439227948758093, -0.11182993104005154, 0.04851827659092674], [-0.12817105264119094, -0.7726619770134915, -0.6217440394104728, 0.974316542196072], [-0.04015377925712723, 0.630443699334242, -0.7751957275302319, 0.5760927797297474], [0.0, 0.0, 0.0, 1.0]], "psm2_transform": [[-0.06336704019972625, 0.9973336475342598, 0.03619687434482645, 0.005678826075250313], [0.8660038149296618, 0.07297667775398438, -0.4946835322014097, -0.07760951166392108], [-0.49600605918032725, 0.0, -0.8683190595952629, -0.005299737991760454], [0.0, 0.0, 0.0, 1.0]]}