{"ecm_psm_transform": [[-0.5250908852283563, 0.2703764288140908, -0.80695486180569, -0.011289318724250944], [0.4554570172726651, -0.7116996994138886, -0.5348293590214247, 0.23094366629248972], [-0.7189147847048276, -0.6483672760063693, 0.2505621833734929, -0.15500275251653153], [0.0, 0.0, 0.0, 1.0]], "suj_ecm_transform": [[0.977940294883013, 0.20888460766984143, -1.7965021370277098e-05, 0.059087569494774485], [-0.208884608426233, 0.9779402901213158, -9.654043778555098e-05, 1.0330106556411867], [-2.597093260225135e-06, 9.816340065043614e-05, 0.9999999951786009, 0.6492826117031674], [0.0, 0.0, 0.0, 1.0]], "suj_psm2_transform": [[0.2719048485046458, -0.961130137019411, -0.047922991066023046, -0.010524768807209414], [-0.7308391198750683, -0.23864004204551204, 0.6394725257528675, 0.28363319005301774], [-0.6260526608999447, -0.13885168362524364, -0.7673188879041972, -0.21252015557874682], [0.0, 0.0, 0.0, 1.0]], "ecm_transform": [[0.9909296465862549, -0.07444789999355689, -0.11187468749895693, 0.048570938735305456], [-0.12824238584730796, -0.7726566198230009, -0.6217359876313135, 0.9742958229321383], [-0.040153779257127244, 0.6304436993342419, -0.7751957275302324, 0.5761010675646693], [0.0, 0.0, 0.0, 1.0]], "psm2_transform": [[-0.025562049318896704, 0.9995667022351559, 0.014594156959326279, 0.0022907571072588737], [0.8680530681064609, 0.029434805634404298, -0.4955980863242159, -0.07779105307385319], [-0.49581292095464635, 0.0, -0.868429356605603, -0.005322273879154384], [0.0, 0.0, 0.0, 1.0]]}