{"ecm_psm_transform": [[-0.5890140044105224, 0.24432357415370795, -0.7703041566297294, -0.0055875892362540515], [0.603689556679251, -0.5006524907873744, -0.6204079324322084, 0.21757904302265388], [-0.537234978165691, -0.8304535354739333, 0.14739573824963154, -0.17134372146239282], [0.0, 0.0, 0.0, 1.0]], "suj_ecm_transform": [[0.9779252851184644, 0.20895486690426512, -1.7971957237448786e-05, 0.05913972522773825], [-0.20895486766099874, 0.9779252803568215, -9.65391468458053e-05, 1.0329921284795196], [-2.597093260223641e-06, 9.816340065043767e-05, 0.999999995178601, 0.6492862462077083], [0.0, 0.0, 0.0, 1.0]], "suj_psm2_transform": [[0.27195020161031125, -0.9611148806394778, -0.04797159636152648, -0.010577563478512575], [-0.7307711608658738, -0.23869429276965248, 0.63952994069546, 0.28354996188078513], [-0.6261122888834352, -0.13886403714625895, -0.7672679980923145, -0.2125834437643923], [0.0, 0.0, 0.0, 1.0]], "ecm_transform": [[0.9909356554401223, -0.07441169018709774, -0.1118455503851386, 0.04853563532095091], [-0.12819594685022262, -0.7726601078956097, -0.6217412298359498, 0.9743078509236627], [-0.04015377925712723, 0.6304436993342418, -0.7751957275302321, 0.5761019407851043], [0.0, 0.0, 0.0, 1.0]], "psm2_transform": [[-0.26497197354027613, 0.952263411039259, 0.15160557125002525, 0.023745972535135235], [0.8265366946547761, 0.3052775720485789, -0.4729087611720494, -0.07407167402770787], [-0.49661549072429145, 0.0, -0.8679706529443673, -0.005224228992317136], [0.0, 0.0, 0.0, 1.0]]}