{"ecm_psm_transform": [[-0.512718876481096, 0.2728831450414857, -0.8140357134992484, -0.012451391874828702], [0.4224578173967904, -0.7452335802627517, -0.5159033856926134, 0.23392497213576546], [-0.7474280876581393, -0.6084091550930417, 0.26681370612970484, -0.15242017850176967], [0.0, 0.0, 0.0, 1.0]], "suj_ecm_transform": [[0.9779395971651803, 0.20888787416614582, -1.7965343832696596e-05, 0.05909035368888409], [-0.20888787492255326, 0.9779395924034856, -9.654037777857186e-05, 1.0330153565170932], [-2.5970932602267158e-06, 9.816340065041587e-05, 0.999999995178601, 0.6492836320396504], [0.0, 0.0, 0.0, 1.0]], "suj_psm2_transform": [[0.27186089299630944, -0.9611422574827717, -0.04792927852754364, -0.01057911499776816], [-0.7308413585417357, -0.2386088782624236, 0.6394815961849243, 0.28365099171294916], [-0.6260691363612487, -0.1388213387605436, -0.7673109359318496, -0.2124892726190839], [0.0, 0.0, 0.0, 1.0]], "ecm_transform": [[0.9909337969348632, -0.07442289109832356, -0.11185456348679938, 0.04856399179661084], [-0.1282103120019028, -0.7726590291003678, -0.6217396083941025, 0.9743102088879905], [-0.04015377925712722, 0.6304436993342422, -0.775195727530232, 0.5760965576423934], [0.0, 0.0, 0.0, 1.0]], "psm2_transform": [[0.019803800523208827, 0.9997399720081479, -0.011304771292891234, -0.0017745730371016251], [0.8682379907096095, -0.02280325347724802, -0.49562365068607495, -0.07780081031895361], [-0.4957525602287668, 0.0, -0.8684638156115791, -0.005325722112519221], [0.0, 0.0, 0.0, 1.0]]}