{"ecm_psm_transform": [[-0.5089627646832721, 0.27355390978874555, -0.8161649114028681, -0.012803409027492125], [0.41230799066710555, -0.7548401493739784, -0.5101161335667833, 0.2348337688501421], [-0.7556183064206521, -0.5961414323232039, 0.2713970664351857, -0.15170540050779638], [0.0, 0.0, 0.0, 1.0]], "suj_ecm_transform": [[0.9779397843463048, 0.2088869978480057, -1.7965257324207086e-05, 0.059086628448750095], [-0.20888699860440887, 0.9779397795846094, -9.654039387708316e-05, 1.0330094493351982], [-2.5970932602320284e-06, 9.816340065047151e-05, 0.9999999951786012, 0.6492855195539962], [0.0, 0.0, 0.0, 1.0]], "suj_psm2_transform": [[0.27191041459398835, -0.9611264245719298, -0.04796584644207014, -0.010594614525061899], [-0.7307862592054046, -0.23866137228999895, 0.6395249742842148, 0.28365141341427014], [-0.6261119466931585, -0.1388407194098093, -0.7672724971233298, -0.21250522380067194], [0.0, 0.0, 0.0, 1.0]], "ecm_transform": [[0.99092469516039, -0.07447772768521665, -0.11189868900096553, 0.0485962592516497], [-0.12828063974216058, -0.7726537452498389, -0.6217316683415275, 0.9742880784143674], [-0.04015377925712726, 0.6304436993342417, -0.7751957275302322, 0.576099904506736], [0.0, 0.0, 0.0, 1.0]], "psm2_transform": [[0.033400358291980056, 0.9992602387798517, -0.01906282401957201, -0.002992826095172878], [0.8678592317835614, -0.038457446530338085, -0.49531947126517556, -0.07776418842914609], [-0.4956861606641991, 0.0, -0.8685017156724482, -0.005332325600402987], [0.0, 0.0, 0.0, 1.0]]}