{"ecm_psm_transform": [[-0.5081891636099881, 0.2737409386588343, -0.816584149057255, -0.012809592492988891], [0.41033270106621395, -0.7566568279102199, -0.5090162268656558, 0.23492754213679296], [-0.7572125516822115, -0.5937477101252888, 0.2721999417632011, -0.15162675664218414], [0.0, 0.0, 0.0, 1.0]], "suj_ecm_transform": [[0.9779393090051176, 0.20888922322569778, -1.796547700935882e-05, 0.05909672777531552], [-0.20888922398211177, 0.9779393042434239, -9.65403529954699e-05, 1.0330027800826842], [-2.5970932602247795e-06, 9.816340065045337e-05, 0.9999999951786013, 0.6492786809065625], [0.0, 0.0, 0.0, 1.0]], "suj_psm2_transform": [[0.271987602989899, -0.9611052883183845, -0.04795173183779955, -0.010530093294308845], [-0.7307858832628452, -0.23871483929874449, 0.6395054482350543, 0.28357272782762244], [-0.6260788581668864, -0.13889510525936388, -0.7672896539713265, -0.21256799318181252], [0.0, 0.0, 0.0, 1.0]], "ecm_transform": [[0.990921926046649, -0.07449440506949037, -0.11191210878784696, 0.04860733142220071], [-0.12830202839928176, -0.7726521374998575, -0.6217292529112103, 0.9742872599399119], [-0.040153779257127216, 0.6304436993342423, -0.7751957275302322, 0.5760975755069154], [0.0, 0.0, 0.0, 1.0]], "psm2_transform": [[0.03598827189080899, 0.9991411584516984, -0.020537521128687907, -0.0032248003195170984], [0.8677799051801408, -0.041436040928135194, -0.49521822530854787, -0.07775913564246802], [-0.4956439048872275, 0.0, -0.8685258312497912, -0.005338726955605378], [0.0, 0.0, 0.0, 1.0]]}