{"ecm_psm_transform": [[-0.5013901760925294, 0.27468026750709873, -0.8204624561551439, -0.013401227841831086], [0.3914365996578131, -0.7736618379999554, -0.4982215861149133, 0.23659145144153063], [-0.7716121303908018, -0.5709624427795226, 0.2803865352847904, -0.15037147094165337], [0.0, 0.0, 0.0, 1.0]], "suj_ecm_transform": [[0.9779306849170586, 0.20892959382229986, -1.7969462321969408e-05, 0.05912775729805225], [-0.20892959457891042, 0.9779306801553961, -9.65396112718547e-05, 1.032997036462199], [-2.5970932602410154e-06, 9.816340065044152e-05, 0.9999999951786009, 0.6492859548595673], [0.0, 0.0, 0.0, 1.0]], "suj_psm2_transform": [[0.27199846118520316, -0.9611034208725121, -0.04792756513778523, -0.01051435317184296], [-0.7308115603011393, -0.2387133110270439, 0.6394766754688715, 0.2835404935701269], [-0.6260441681248186, -0.13891065303158323, -0.7673151438823836, -0.21259923244899848], [0.0, 0.0, 0.0, 1.0]], "ecm_transform": [[0.9909290975110114, -0.0744512081004203, -0.11187734944304323, 0.04856944054606373], [-0.1282466284834919, -0.7726563010693333, -0.6217355086372929, 0.9742880937449828], [-0.04015377925712726, 0.6304436993342419, -0.7751957275302324, 0.5760910331515458], [0.0, 0.0, 0.0, 1.0]], "psm2_transform": [[0.06061952578008373, 0.9975613325744858, -0.03459278604584984, -0.00543164992236344], [0.8664146585823487, -0.06979532758155219, -0.49442315038984175, -0.0776327602775394], [-0.49563183159259455, 0.0, -0.8685327210371352, -0.0053378474293422455], [0.0, 0.0, 0.0, 1.0]]}