{"ecm_psm_transform": [[-0.49595893659978657, 0.27513622202176874, -0.8236047550484379, -0.013921661681842184], [0.37584144184732393, -0.7870136106308762, -0.4892369438951605, 0.23808442855449619], [-0.7827949564202197, -0.5521862330892902, 0.2869188390289608, -0.14929658569793886], [0.0, 0.0, 0.0, 1.0]], "suj_ecm_transform": [[0.9779263592335448, 0.20894983989764407, -1.7971460979802048e-05, 0.05913476998694664], [-0.2089498406543532, 0.9779263544718979, -9.653923922897573e-05, 1.0330008982824554], [-2.5970932602230583e-06, 9.816340065042397e-05, 0.9999999951786012, 0.649287265720204], [0.0, 0.0, 0.0, 1.0]], "suj_psm2_transform": [[0.2718632369219972, -0.961141967575661, -0.047921796450901444, -0.010546883216152603], [-0.7308497762864634, -0.238607678093434, 0.6394724235312159, 0.2836316343139488], [-0.6260582919443849, -0.1388254087681639, -0.7673190477031259, -0.2125320395525765], [0.0, 0.0, 0.0, 1.0]], "ecm_transform": [[0.9909314019010083, -0.07443732370726969, -0.11186617704115032, 0.04857661755515073], [-0.12822882179086237, -0.7726576388084538, -0.6217375189363051, 0.9743051835566812], [-0.04015377925712721, 0.630443699334242, -0.7751957275302321, 0.5760975775668836], [0.0, 0.0, 0.0, 1.0]], "psm2_transform": [[0.08055863778141376, 0.9956889151003897, -0.04597706194410289, -0.007218393288369965], [0.864760961396488, -0.092755508441326, -0.49354320509800653, -0.07748622483818793], [-0.4956801241964668, 0.0, -0.8685051608807948, -0.005332866494541285], [0.0, 0.0, 0.0, 1.0]]}