{"ecm_psm_transform": [[-0.4911301428050948, 0.27567263461100433, -0.8263145777213875, -0.014339299552445943], [0.36239008141458995, -0.7979552164792695, -0.4816024308346555, 0.23924583753111073], [-0.7921266386888992, -0.5359776777256214, 0.2919988309210777, -0.14848444332741786], [0.0, 0.0, 0.0, 1.0]], "suj_ecm_transform": [[0.97793637893747, 0.2089029402087545, -1.796683112471605e-05, 0.05911177573223168], [-0.20890294096523532, 0.9779363741757868, -9.654010099433981e-05, 1.0330081140598666], [-2.597093260234202e-06, 9.816340065044122e-05, 0.999999995178601, 0.6492797042643321], [0.0, 0.0, 0.0, 1.0]], "suj_psm2_transform": [[0.2720150766689194, -0.9610996771805523, -0.047908335268928404, -0.010528958323488172], [-0.7308280358964315, -0.23871772267704985, 0.6394561993034764, 0.28359578762006665], [-0.6260177154143214, -0.13892897251229225, -0.767333409010785, -0.21255216227503926], [0.0, 0.0, 0.0, 1.0]], "ecm_transform": [[0.990933185598976, -0.07442657524333246, -0.1118575280265671, 0.048549875333329336], [-0.12821503691079128, -0.7726586742328754, -0.6217390750488986, 0.9743146248094021], [-0.04015377925712724, 0.630443699334242, -0.7751957275302321, 0.5761028065896544], [0.0, 0.0, 0.0, 1.0]], "psm2_transform": [[0.09744567379273233, 0.9936866777549584, -0.05559790563855638, -0.008731810393310035], [0.8630870457022417, -0.11219084834474434, -0.49243676252759927, -0.0773386046057199], [-0.49556542676023807, 0.0, -0.8685706118675344, -0.005348374446576088], [0.0, 0.0, 0.0, 1.0]]}