{"ecm_psm_transform": [[-0.48428190276026084, 0.27585729228766, -0.8302853683828358, -0.015040650473193987], [0.3419744396712385, -0.8138152318863826, -0.4698491789513479, 0.24119646452807303], [-0.8053102018914475, -0.5114758280128533, 0.2997798460339229, -0.14720716590002497], [0.0, 0.0, 0.0, 1.0]], "suj_ecm_transform": [[0.9779418203743937, 0.2088774656110616, -1.796431631964753e-05, 0.0591056686416988], [-0.20887746636741836, 0.977941815612691, -9.654056898435272e-05, 1.0330030786451194], [-2.5970932602246558e-06, 9.81634006504085e-05, 0.9999999951786008, 0.6492792663494682], [0.0, 0.0, 0.0, 1.0]], "suj_psm2_transform": [[0.2718136293074308, -0.9611557893023011, -0.04792598056788233, -0.010614532985857877], [-0.7308553051937139, -0.23857123609528208, 0.6394797011463089, 0.28371174220800927], [-0.6260733773232383, -0.1387923412823618, -0.767312721260657, -0.2124665622396089], [0.0, 0.0, 0.0, 1.0]], "ecm_transform": [[0.9909379575478299, -0.07439781399332364, -0.11183438453333697, 0.04853379889952415], [-0.12817815064317847, -0.7726614441285207, -0.6217432383668712, 0.9743154955117374], [-0.040153779257127244, 0.630443699334242, -0.7751957275302324, 0.5760953962324352], [0.0, 0.0, 0.0, 1.0]], "psm2_transform": [[0.12261502281949035, 0.9899843505224516, -0.06997529492339088, -0.01098773348220771], [0.8598201600140007, -0.1411771430531149, -0.4906916615481238, -0.0770498960373826], [-0.49565597808608547, 0.0, -0.868518941294619, -0.0053396063874773594], [0.0, 0.0, 0.0, 1.0]]}