{"ecm_psm_transform": [[-0.4620175982071781, 0.27577975270645766, -0.8429028810865675, -0.01690936506515107], [0.2749903811734486, -0.8590343942450469, -0.4317872158437849, 0.24697619446118574], [-0.8431607374688128, -0.4312834769629029, 0.3210522282897863, -0.14398663742978807], [0.0, 0.0, 0.0, 1.0]], "suj_ecm_transform": [[0.9779296221681494, 0.20893456813830796, -1.7969953377819182e-05, 0.059115631404622365], [-0.20893456889494277, 0.9779296174064908, -9.653951986757452e-05, 1.0329951968013078], [-2.5970932602280947e-06, 9.816340065044858e-05, 0.9999999951786009, 0.6492802861366265], [0.0, 0.0, 0.0, 1.0]], "suj_psm2_transform": [[0.2720792076906633, -0.9610809615367243, -0.04791962138901895, -0.010491932292303219], [-0.7308004154153599, -0.23877140263671365, 0.6394677240577777, 0.28349606135782585], [-0.6260220903220258, -0.13896619248775005, -0.7673230999874168, -0.2126236831214432], [0.0, 0.0, 0.0, 1.0]], "ecm_transform": [[0.990929574055325, -0.07444833698932031, -0.11187503913767868, 0.048575759690318146], [-0.1282429462929733, -0.7726565777169574, -0.6217359243576145, 0.9743199054677558], [-0.040153779257127216, 0.6304436993342423, -0.7751957275302321, 0.5761026651041857], [0.0, 0.0, 0.0, 1.0]], "psm2_transform": [[0.20116878049155043, 0.9728096125535298, -0.11477185839304727, -0.01802562294268465], [0.8449638924301636, -0.23160625579515615, -0.4820731923326745, -0.07571254589262184], [-0.49554731584865785, 0.0, -0.8685809448492354, -0.005349343399565699], [0.0, 0.0, 0.0, 1.0]]}