{"ecm_psm_transform": [[-0.44522600923364314, 0.27381282276420993, -0.8525258581367369, -0.018456223915438143], [0.22159867671215025, -0.8887871149996864, -0.4011876003691519, 0.25188482994889455], [-0.8675643072310595, -0.36753775629237023, 0.335034581078226, -0.14170256698985637], [0.0, 0.0, 0.0, 1.0]], "suj_ecm_transform": [[0.9779348544195934, 0.20891007679979498, -1.796753563609291e-05, 0.05911082969781992], [-0.20891007755631055, 0.9779348496579159, -9.653996987685208e-05, 1.0330013555627784], [-2.5970932602173e-06, 9.816340065042321e-05, 0.9999999951786009, 0.6492817410920251], [0.0, 0.0, 0.0, 1.0]], "suj_psm2_transform": [[0.27193558909042487, -0.9611202556415098, -0.04794673692382795, -0.01053166498542002], [-0.7308036045953258, -0.23867303189129815, 0.6395008016869834, 0.28361517857752716], [-0.6260807670712483, -0.13886337905803148, -0.7672938387997542, -0.2125297914589508], [0.0, 0.0, 0.0, 1.0]], "ecm_transform": [[0.990940318685896, -0.07438357996140076, -0.11182293072004842, 0.04851529923000025], [-0.12815989549802526, -0.7726628145587711, -0.6217452984816642, 0.9743200404700665], [-0.04015377925712723, 0.630443699334242, -0.7751957275302321, 0.5760932154473121], [0.0, 0.0, 0.0, 1.0]], "psm2_transform": [[0.2601474181407344, 0.9540965990057211, -0.1484014844953582, -0.02330987947318333], [0.8287364134475346, -0.2994990480213855, -0.47275392886828627, -0.07425691959798637], [-0.49549901903114474, 0.0, -0.8686084976208632, -0.005354324895748715], [0.0, 0.0, 0.0, 1.0]]}