{"ecm_psm_transform": [[-0.44646756529887144, 0.2740317913417086, -0.8518058995276756, -0.01834645577486454], [0.22540452515107967, -0.8868097448903365, -0.40343683075414993, 0.2515405605886614], [-0.865944289881003, -0.37212236388262215, 0.3341637818808242, -0.14188000517166066], [0.0, 0.0, 0.0, 1.0]], "suj_ecm_transform": [[0.9779412551729513, 0.2088801118058558, -1.7964577547008576e-05, 0.05907710838038618], [-0.20888011256222544, 0.9779412504112506, -9.654052037467644e-05, 1.033013207924193], [-2.5970932602264735e-06, 9.816340065041291e-05, 0.999999995178601, 0.6492871213507803], [0.0, 0.0, 0.0, 1.0]], "suj_psm2_transform": [[0.27199667215820317, -0.9611060281031223, -0.04788541613793845, -0.010534316446532521], [-0.7308583094270591, -0.23869418295286515, 0.6394303860201558, 0.2836147025534007], [-0.6259903688366812, -0.1389254827895327, -0.767356350306304, -0.21256344070758493], [0.0, 0.0, 0.0, 1.0]], "ecm_transform": [[0.9909311014014185, -0.07443913438580246, -0.1118676340469596, 0.04855824864508271], [-0.12823114398125726, -0.7726574643667455, -0.6217372567826459, 0.9742994587846489], [-0.04015377925712726, 0.630443699334242, -0.7751957275302322, 0.5760985932341055], [0.0, 0.0, 0.0, 1.0]], "psm2_transform": [[0.2558963232376317, 0.955613022063749, -0.14601651898210138, -0.02293037260884668], [0.829997637536144, -0.2946247648487629, -0.4736033885248616, -0.07437447655507155], [-0.4956016479370115, 0.0, -0.8685499447712368, -0.005344474903977943], [0.0, 0.0, 0.0, 1.0]]}