{"ecm_psm_transform": [[-0.583566145778105, 0.24741442865838545, -0.7734575967648989, -0.0060631016562028486], [0.5926750193050718, -0.5213578715040207, -0.613939973704702, 0.2186648549001977], [-0.5551458141726556, -0.8166835802882546, 0.1576104523632158, -0.1696653581593264], [0.0, 0.0, 0.0, 1.0]], "suj_ecm_transform": [[0.9779432783215324, 0.20887063954285534, -1.796364246315475e-05, 0.05907138244545923], [-0.20887064029917884, 0.9779432735598244, -9.654069437350906e-05, 1.0330162105527159], [-2.597093260230346e-06, 9.816340065045121e-05, 0.9999999951786009, 0.6492920627333529], [0.0, 0.0, 0.0, 1.0]], "suj_psm2_transform": [[0.27188875862710504, -0.9611337161838767, -0.04794249207940032, -0.010561323752250093], [-0.7308202060460829, -0.23863570197364736, 0.6394957608759466, 0.28364581681825435], [-0.626081727386268, -0.13883436663202708, -0.7672983052730606, -0.21251091289841328], [0.0, 0.0, 0.0, 1.0]], "ecm_transform": [[0.9909313736665761, -0.07443749383696857, -0.11186631394009575, 0.04855928121037047], [-0.12822903998175567, -0.7726576224182531, -0.6217374943047348, 0.9742951153419024], [-0.040153779257127244, 0.630443699334242, -0.7751957275302324, 0.5760930691552514], [0.0, 0.0, 0.0, 1.0]], "psm2_transform": [[-0.2442373043908394, 0.9595987356255504, 0.13970828797799134, 0.021887597077879677], [0.8329532201385481, 0.28137211408710155, -0.4764647589014097, -0.07464602720123517], [-0.4965249965557826, 0.0, -0.8680224235555671, -0.005234949087644998], [0.0, 0.0, 0.0, 1.0]]}