{"ecm_psm_transform": [[-0.5680130549734363, 0.2554365982610744, -0.7823767082732939, -0.007465584033617342], [0.5588746255132573, -0.5781258277212264, -0.5944995208400623, 0.22166942817421958], [-0.6041691173315307, -0.7749339788591396, 0.18562598436744204, -0.16528886918383065], [0.0, 0.0, 0.0, 1.0]], "suj_ecm_transform": [[0.977931771849423, 0.20892450618480493, -1.7968960079314702e-05, 0.059116290280961006], [-0.20892450694139073, 0.9779317670877566, -9.653970475572316e-05, 1.0329982233762773], [-2.5970932602227415e-06, 9.816340065040488e-05, 0.999999995178601, 0.6492877003391195], [0.0, 0.0, 0.0, 1.0]], "suj_psm2_transform": [[0.2718475607253479, -0.9611481174218054, -0.047887368942112096, -0.010563927777267779], [-0.7308933695490455, -0.23858165698596956, 0.6394323070498329, 0.2836270508474319], [-0.6260142059705361, -0.13882755247554007, -0.7673546276635923, -0.21253254835713298], [0.0, 0.0, 0.0, 1.0]], "ecm_transform": [[0.9909376644502988, -0.07439958077755472, -0.11183580622462584, 0.04853019704804726], [-0.12818041654308138, -0.7726612740068447, -0.6217429826423154, 0.9743103176676978], [-0.04015377925712725, 0.6304436993342423, -0.7751957275302322, 0.5760958327739872], [0.0, 0.0, 0.0, 1.0]], "psm2_transform": [[-0.18467227139330922, 0.9771078298588443, 0.10562405505838071, 0.01655147848907089], [0.8481751099467804, 0.21274465640419712, -0.485117196188949, -0.07601873297670446], [-0.49648276409680436, 0.0, -0.8680465799453374, -0.005245260674382014], [0.0, 0.0, 0.0, 1.0]]}