{"ecm_psm_transform": [[-0.5622841256531708, 0.25816756771942445, -0.7856119073793916, -0.007961192850716507], [0.5454923510060836, -0.598213187339118, -0.5870085838277229, 0.22279553757915954], [-0.6215099814422169, -0.758610894643235, 0.1955373455283813, -0.16377307025471582], [0.0, 0.0, 0.0, 1.0]], "suj_ecm_transform": [[0.9779212721341446, 0.20897364710527144, -1.7973811187942934e-05, 0.05915100171074379], [-0.20897364786209655, 0.9779212673725163, -9.653880169153151e-05, 1.0329913001604516], [-2.5970932602244237e-06, 9.81634006504174e-05, 0.999999995178601, 0.6492868273933465], [0.0, 0.0, 0.0, 1.0]], "suj_psm2_transform": [[0.2719450338451693, -0.9611168753708828, -0.04796092622396392, -0.010545795586986997], [-0.7307848986347143, -0.23868602587755983, 0.63951732812976, 0.2835648506443919], [-0.6260984990354153, -0.13886444083381333, -0.7672791777296659, -0.212573140652486], [0.0, 0.0, 0.0, 1.0]], "ecm_transform": [[0.9909298481507173, -0.07444668556610709, -0.11187371028180758, 0.04857894678497974], [-0.12824082834794281, -0.772656736835949, -0.6217361634702109, 0.9742973967843913], [-0.04015377925712725, 0.6304436993342423, -0.775195727530232, 0.5760987388395103], [0.0, 0.0, 0.0, 1.0]], "psm2_transform": [[-0.16242148150084498, 0.9823376939007938, 0.09290811314810407, 0.014558515338201943], [0.8526911458097539, 0.18711668857071578, -0.48775522008070704, -0.07643026655286178], [-0.4965249965557826, 0.0, -0.8680224235555671, -0.005244086036453176], [0.0, 0.0, 0.0, 1.0]]}