{"ecm_psm_transform": [[-0.5550353552340656, 0.1269635081269077, -0.8220803014574084, -0.02498516037329189], [0.6701457205087774, -0.5172258086284854, -0.5323365253036662, 0.21774146533662442], [-0.4927884614354989, -0.8463791883622364, 0.20199455879630965, -0.18049229701681713], [0.0, 0.0, 0.0, 1.0]], "suj_ecm_transform": [[0.9779385391945755, 0.20889282715116975, -1.7965832782205793e-05, 0.059088554142419376], [-0.20889282790760133, 0.9779385344328846, -9.654028678798337e-05, 1.0330047234652375], [-2.5970932602299633e-06, 9.81634006504559e-05, 0.9999999951786009, 0.649289296230662], [0.0, 0.0, 0.0, 1.0]], "suj_psm2_transform": [[0.14650337724226492, -0.9886683161934142, -0.03273715033245361, -0.02547637184906784], [-0.7713033631626287, -0.13488989626477765, 0.6220095158915944, 0.28433156374840035], [-0.6193770115451724, -0.06587622060316278, -0.7823250226909624, -0.2212594660402485], [0.0, 0.0, 0.0, 1.0]], "ecm_transform": [[0.9912734748146635, -0.06951580989370516, -0.11200201026626758, 0.04768926546570345], [-0.12451480778622175, -0.7727158372939292, -0.6224197116392624, 0.9693323180148331], [-0.043277716793092454, 0.6309340591297671, -0.7746284607856934, 0.5700639897511095], [0.0, 0.0, 0.0, 1.0]], "psm2_transform": [[-0.2929783575002511, 0.9417664007586093, 0.16504462559753214, 0.026182883679584684], [0.8205280353289839, 0.3362678194567159, -0.4622312157751608, -0.07332893217151212], [-0.4908130247615815, 0.0, -0.8712649279779299, -0.005811099224421513], [0.0, 0.0, 0.0, 1.0]]}