{"ecm_psm_transform": [[-0.5298833218332414, 0.14228746293243585, -0.8360490076157141, -0.02724824827996467], [0.5393471158921872, -0.7042354948918612, -0.461689350443775, 0.22938575409082215], [-0.6544679929696707, -0.6955621076702396, 0.29642031062595026, -0.16582298538471676], [0.0, 0.0, 0.0, 1.0]], "suj_ecm_transform": [[0.9779333104115805, 0.2089173043684739, -1.7968249128739202e-05, 0.059110195100006195], [-0.20891730512502465, 0.9779333056499084, -9.653983708242823e-05, 1.0330011796752783], [-2.5970932602235275e-06, 9.816340065040496e-05, 0.9999999951786009, 0.6492763626185754], [0.0, 0.0, 0.0, 1.0]], "suj_psm2_transform": [[0.1463651760884895, -0.9886880744823661, -0.032758611157018225, -0.025505102573644967], [-0.7713076476838823, -0.13479403433465245, 0.6220249841703666, 0.28441110302439787], [-0.6194043492363785, -0.06577582902662493, -0.78231182559317, -0.22117789278000877], [0.0, 0.0, 0.0, 1.0]], "ecm_transform": [[0.9912829879833625, -0.06945675476223934, -0.11195444141558261, 0.04765004058133197], [-0.12443904919258206, -0.7727211477939075, -0.6224282695926594, 0.9693437706925375], [-0.04327771679309245, 0.6309340591297671, -0.7746284607856935, 0.5700639935963832], [0.0, 0.0, 0.0, 1.0]], "psm2_transform": [[-0.08817869966894754, 0.9948423472027952, 0.05013203702949481, 0.007899266228466881], [0.864843673296096, 0.1014332500318958, -0.4916876209014036, -0.07747483742694473], [-0.49423672231473154, 0.0, -0.8693273619963835, -0.005499501220734688], [0.0, 0.0, 0.0, 1.0]]}