{"ecm_psm_transform": [[-0.5211800077377983, 0.14512228146823608, -0.8410177899164103, -0.028073671334500436], [0.49511428351391407, -0.7512451258814717, -0.43645458767188583, 0.23337667113079075], [-0.6951498009745329, -0.6438713258569497, 0.31968182610883833, -0.1620845196039673], [0.0, 0.0, 0.0, 1.0]], "suj_ecm_transform": [[0.9779394024649013, 0.2088887856823234, -1.7965433815887105e-05, 0.05907901054591286], [-0.2088887864387353, 0.9779393977032073, -9.654036103347222e-05, 1.0330141133830644], [-2.5970932602296414e-06, 9.816340065046571e-05, 0.9999999951786013, 0.649282031890841], [0.0, 0.0, 0.0, 1.0]], "suj_psm2_transform": [[0.14623160553810652, -0.9887052951124098, -0.032835300492468245, -0.0255493588718938], [-0.7712659109822833, -0.1347317272454163, 0.6220902315823131, 0.284436572416335], [-0.6194878627531106, -0.06564450540715355, -0.7822567269198993, -0.22109035890652828], [0.0, 0.0, 0.0, 1.0]], "ecm_transform": [[0.9912822184161071, -0.06946153337541916, -0.11195829059599333, 0.0476593528913485], [-0.12444517942137512, -0.7727207182489487, -0.6224275772389994, 0.9693505923524047], [-0.04327771679309244, 0.6309340591297671, -0.7746284607856934, 0.5700705393850329], [0.0, 0.0, 0.0, 1.0]], "psm2_transform": [[-0.027440893721596783, 0.9995016921455594, 0.015600152240391406, 0.0024582257358769463], [0.8689044694849763, 0.03156528786758262, -0.4939723226162256, -0.0778386939790306], [-0.49421859562423576, 0.0, -0.8693376672727395, -0.0055017806543286585], [0.0, 0.0, 0.0, 1.0]]}