{"ecm_psm_transform": [[-0.5121633853680543, 0.147696753344666, -0.8460935738674416, -0.028721061871602185], [0.4474447865655898, -0.7949843807209189, -0.40962543547129915, 0.2375168519116721], [-0.7331315227594627, -0.5883753083374781, 0.3410757494680173, -0.15883564782303167], [0.0, 0.0, 0.0, 1.0]], "suj_ecm_transform": [[0.97793806636226, 0.20889504071869477, -1.7966051301517868e-05, 0.059091884485013534], [-0.20889504147513713, 0.9779380616005708, -9.654024612194812e-05, 1.0329997438836016], [-2.597093260214371e-06, 9.816340065040962e-05, 0.999999995178601, 0.6492836290183643], [0.0, 0.0, 0.0, 1.0]], "suj_psm2_transform": [[0.1465274022572831, -0.9886631874894316, -0.032784479421977375, -0.02538933437042383], [-0.7712623262679386, -0.13493440103804777, 0.622050746721095, 0.28432037181705133], [-0.6194224281276073, -0.06586204612476748, -0.7822902571378214, -0.22123796388270645], [0.0, 0.0, 0.0, 1.0]], "ecm_transform": [[0.9912860881562511, -0.06943750188615902, -0.11193893317200641, 0.04764206629559146], [-0.12441435068774881, -0.7727228781146867, -0.6224310588178429, 0.9693582729228302], [-0.04327771679309243, 0.6309340591297673, -0.7746284607856933, 0.5700622481168314], [0.0, 0.0, 0.0, 1.0]], "psm2_transform": [[0.033974830612241755, 0.9992359865516508, -0.019317196096188004, -0.0030437918704964134], [0.8686460210232174, -0.03908251757690515, -0.49388930640416095, -0.0778216594309333], [-0.4942669329880381, 0.0, -0.8693101856958759, -0.005499417037451253], [0.0, 0.0, 0.0, 1.0]]}