{"ecm_psm_transform": [[-0.5062946961110266, 0.14862979641782892, -0.849455628215293, -0.029386441114660003], [0.41600071018677964, -0.8207495123182815, -0.3915528663582965, 0.24044118139246534], [-0.7553867154073722, -0.5516152840939939, 0.35371102405772437, -0.15677650319363898], [0.0, 0.0, 0.0, 1.0]], "suj_ecm_transform": [[0.9779447302452916, 0.2088638414441231, -1.796297136787777e-05, 0.059075549419885284], [-0.2088638422004135, 0.9779447254835782, -9.654081924397151e-05, 1.033012225420935], [-2.597093260230014e-06, 9.816340065043613e-05, 0.999999995178601, 0.6492767947655294], [0.0, 0.0, 0.0, 1.0]], "suj_psm2_transform": [[0.146397477007969, -0.9886830379614501, -0.03276628103735407, -0.02553097370910809], [-0.7712968397451402, -0.13482337860419555, 0.622032026169802, 0.28441568474218465], [-0.6194101740566267, -0.06579139023510167, -0.7823059051586355, -0.2211674217692121], [0.0, 0.0, 0.0, 1.0]], "ecm_transform": [[0.9912854396233566, -0.06944152976299423, -0.11194217764052977, 0.04763672958420453], [-0.12441951784147703, -0.7727225161558391, -0.6224304753190381, 0.9693644306053365], [-0.04327771679309244, 0.6309340591297671, -0.7746284607856935, 0.5700650102249241], [0.0, 0.0, 0.0, 1.0]], "psm2_transform": [[0.0729139176385762, 0.9964766514101903, -0.041446879362975635, -0.006531425320420505], [0.8662986470876276, -0.083870633682679, -0.49243514381064635, -0.07760061593015571], [-0.49417629917747075, 0.0, -0.8693617114476915, -0.0055042582897309004], [0.0, 0.0, 0.0, 1.0]]}