{"ecm_psm_transform": [[-0.5006756691045632, 0.14946163465573084, -0.8526342088684543, -0.02980217242665955], [0.3845634159480468, -0.8440399389823819, -0.37377474569182273, 0.24314512485740591], [-0.7755223101117514, -0.5150318448102544, 0.36511278442459183, -0.15504751326134855], [0.0, 0.0, 0.0, 1.0]], "suj_ecm_transform": [[0.9779187917288097, 0.20898525417015915, -1.7974957018750415e-05, 0.05915072703532959], [-0.20898525492704076, 0.9779187869671903, -9.653858835113496e-05, 1.032997392948741], [-2.597093260226516e-06, 9.8163400650413e-05, 0.9999999951786009, 0.6492955494351897], [0.0, 0.0, 0.0, 1.0]], "suj_psm2_transform": [[0.14648760226431487, -0.988669970831132, -0.03275776487522336, -0.025440874493525625], [-0.7712898823268968, -0.13488889680231245, 0.6220264487460456, 0.2843108865181039], [-0.619397529703674, -0.06585343040589181, -0.7823106965271296, -0.2212447796740935], [0.0, 0.0, 0.0, 1.0]], "ecm_transform": [[0.99128981298773, -0.06941436460551137, -0.1119202959840831, 0.04761463883579151], [-0.12438466905502671, -0.7727249569002211, -0.6224344102695666, 0.9693585420140397], [-0.043277716793092474, 0.6309340591297673, -0.7746284607856934, 0.5700635574668249], [0.0, 0.0, 0.0, 1.0]], "psm2_transform": [[0.11040395300029798, 0.991903194102343, -0.06276161798008148, -0.009890563898998504], [0.8623090303829373, -0.1269962736837963, -0.49019902344911803, -0.07725015575903214], [-0.4942004687188658, 0.0, -0.8693479721711287, -0.005505371400003893], [0.0, 0.0, 0.0, 1.0]]}