{"ecm_psm_transform": [[-0.49386533426610824, 0.14993429313685228, -0.8565142960580273, -0.030452334126018825], [0.34512789446406394, -0.8703103476135189, -0.35134973359835936, 0.24673866789221102], [-0.7981126286891015, -0.46912642920473857, 0.3780696038411238, -0.15296969832488844], [0.0, 0.0, 0.0, 1.0]], "suj_ecm_transform": [[0.977936501797479, 0.20890236506393192, -1.7966774347463297e-05, 0.059097339820688134], [-0.2089023658204099, 0.9779364970357954, -9.654011156096712e-05, 1.033001088479424], [-2.597093260231022e-06, 9.816340065041709e-05, 0.9999999951786008, 0.6492797033030138], [0.0, 0.0, 0.0, 1.0]], "suj_psm2_transform": [[0.14643597460182475, -0.9886779473423799, -0.03274785155200771, -0.025479917206194552], [-0.7713055852765203, -0.13484330396673566, 0.6220168627107944, 0.28437190435023296], [-0.61939018353834, -0.06582704470195466, -0.7823187334598021, -0.22119663523357103], [0.0, 0.0, 0.0, 1.0]], "ecm_transform": [[0.9912839836064582, -0.06945057210638098, -0.11194946127341407, 0.04764689061414072], [-0.12443111779007751, -0.7727217035027114, -0.6224291653364099, 0.9693561964343936], [-0.043277716793092454, 0.6309340591297671, -0.7746284607856935, 0.5700584659469177], [0.0, 0.0, 0.0, 1.0]], "psm2_transform": [[0.155824403387838, 0.9838033114677965, -0.08859909510724209, -0.013960510219804424], [0.8552268596360793, -0.17925134405353224, -0.48626738962428107, -0.07662088257436955], [-0.4942729750510688, 0.0, -0.8693067503097889, -0.005499531270818179], [0.0, 0.0, 0.0, 1.0]]}