{"ecm_psm_transform": [[-0.4879432314980765, 0.1499325113876509, -0.8599021135363064, -0.030989216045243635], [0.31006452664980444, -0.8911163008014269, -0.3313181669625346, 0.2499340275828822], [-0.8159481553068476, -0.42828959884051954, 0.38832541428083167, -0.1513071231922416], [0.0, 0.0, 0.0, 1.0]], "suj_ecm_transform": [[0.9779379041921846, 0.2088957999132967, -1.796612624781456e-05, 0.0590919626781432], [-0.20889580066974273, 0.977937899430496, -9.65402321745435e-05, 1.033016609548508], [-2.5970932602257756e-06, 9.816340065047088e-05, 0.999999995178601, 0.6492818834014811], [0.0, 0.0, 0.0, 1.0]], "suj_psm2_transform": [[0.1463041095347941, -0.9886958763675838, -0.032795908082664194, -0.02548728556261491], [-0.7712854978678382, -0.1347666262597561, 0.622058387312095, 0.28442005572206236], [-0.6194463562827632, -0.06571469014078057, -0.7822837024939924, -0.2211340432270552], [0.0, 0.0, 0.0, 1.0]], "ecm_transform": [[0.991283013332565, -0.06945659735279958, -0.11195431462199565, 0.04764943526722991], [-0.12443884726035756, -0.7727211619427841, -0.6224282923986563, 0.9693344306001099], [-0.04327771679309244, 0.6309340591297673, -0.7746284607856933, 0.5700702450156057], [0.0, 0.0, 0.0, 1.0]], "psm2_transform": [[0.19489973892436302, 0.9745432537262264, -0.11081307857791445, -0.01746041284318465], [0.8471837247568184, -0.22419956872549934, -0.48167861680841073, -0.07589634378125835], [-0.4942608909011301, 0.0, -0.8693136210399681, -0.005498647232079611], [0.0, 0.0, 0.0, 1.0]]}