{"ecm_psm_transform": [[-0.48459949886375275, 0.15003284334185787, -0.8617734456455232, -0.03128297652289025], [0.29056600245921205, -0.9016304481103223, -0.3203653121910248, 0.25161451128768425], [-0.825066496663071, -0.40565093486782094, 0.39333521978713015, -0.15059319793944653], [0.0, 0.0, 0.0, 1.0]], "suj_ecm_transform": [[0.9779439017140619, 0.20886772076507049, -1.7963354326997895e-05, 0.05906691385866221], [-0.20886772152137978, 0.9779438969523516, -9.654074798744966e-05, 1.033016826174297], [-2.5970932602134665e-06, 9.816340065040175e-05, 0.999999995178601, 0.649280431330038], [0.0, 0.0, 0.0, 1.0]], "suj_psm2_transform": [[0.1464995811031369, -0.9886698443181628, -0.03270797567116124, -0.025481474894076706], [-0.7713275088635253, -0.13487109355572743, 0.6219836510660637, 0.2843605969607901], [-0.6193478399146912, -0.06589178293977244, -0.7823468068152539, -0.22123139854809293], [0.0, 0.0, 0.0, 1.0]], "ecm_transform": [[0.9912852146542132, -0.06944292695098543, -0.1119433030798648, 0.04763461428105415], [-0.12442131022106805, -0.7727223905947825, -0.622430272911237, 0.9693495512000843], [-0.04327771679309247, 0.630934059129767, -0.7746284607856934, 0.570053958359273], [0.0, 0.0, 0.0, 1.0]], "psm2_transform": [[0.21588797807062793, 0.9686711464274934, -0.12275418935181669, -0.01934157783354783], [0.8420657107789457, -0.24834695504242765, -0.4787996748657036, -0.07544134523629883], [-0.49428505910549747, 0.0, -0.8692998794116302, -0.005497793114810943], [0.0, 0.0, 0.0, 1.0]]}