{"ecm_psm_transform": [[-0.48241155127235585, 0.14984026747126103, -0.8630335969376515, -0.0315568641772353], [0.27753192123080095, -0.9083536478247132, -0.31284130670593574, 0.25279910877846307], [-0.8308159410464749, -0.39043763231491635, 0.39661483504198686, -0.1500628546822457], [0.0, 0.0, 0.0, 1.0]], "suj_ecm_transform": [[0.9779437621659166, 0.20886837414527104, -1.7963418827434828e-05, 0.05906320366100638], [-0.20886837490158355, 0.9779437574042068, -9.654073598587987e-05, 1.0330038762532023], [-2.597093260231498e-06, 9.816340065046066e-05, 0.999999995178601, 0.6492815937013146], [0.0, 0.0, 0.0, 1.0]], "suj_psm2_transform": [[0.1463984866748883, -0.988684323611994, -0.032722948265653695, -0.025560615200908007], [-0.7713309604861265, -0.13480054390276985, 0.6219946645744374, 0.2843709855531825], [-0.6193674454593591, -0.0658188544978679, -0.7823374245795329, -0.2212136546751753], [0.0, 0.0, 0.0, 1.0]], "ecm_transform": [[0.9912820711761693, -0.0694624476318724, -0.11195902703075619, 0.047654549026105594], [-0.12444635227221848, -0.7727206360639173, -0.622427444773376, 0.9693531085672625], [-0.04327771679309245, 0.6309340591297672, -0.7746284607856934, 0.5700583252854361], [0.0, 0.0, 0.0, 1.0]], "psm2_transform": [[0.2298870626235967, 0.9644020389765561, -0.13069294417127383, -0.020593964972876765], [0.8383877061076106, -0.26444036609009064, -0.4766312484822597, -0.07510525758267875], [-0.4942246378782763, 0.0, -0.869334232222617, -0.005501239372491137], [0.0, 0.0, 0.0, 1.0]]}