{"ecm_psm_transform": [[-0.4823622651798458, 0.1498226996221855, -0.8630641944887348, -0.031493942809746815], [0.27692325743810225, -0.9086541398252299, -0.31250786177045586, 0.2529050744703868], [-0.8310476247607227, -0.3897445482061196, 0.3968110791335962, -0.15000901243141102], [0.0, 0.0, 0.0, 1.0]], "suj_ecm_transform": [[0.9779419345899213, 0.2088769308655396, -1.7964263530592848e-05, 0.05907261771582866], [-0.20887693162189375, 0.9779419298282181, -9.654057880739555e-05, 1.0330122004784352], [-2.597093260220888e-06, 9.816340065045249e-05, 0.9999999951786009, 0.649293080735206], [0.0, 0.0, 0.0, 1.0]], "suj_psm2_transform": [[0.14637606034272702, -0.9886864140825149, -0.032760091074362174, -0.02548922957267584], [-0.7713041738594026, -0.13480324524673723, 0.6220272955891988, 0.2844261518404839], [-0.6194061029289322, -0.0657819099723182, -0.7823099257805611, -0.22118926427622565], [0.0, 0.0, 0.0, 1.0]], "ecm_transform": [[0.9912825292126504, -0.06945960351887401, -0.1119567360937775, 0.047649619827967706], [-0.12444270371117705, -0.77272089172549, -0.6224278568509093, 0.9693356598275343], [-0.04327771679309246, 0.6309340591297673, -0.7746284607856933, 0.5700551280091035], [0.0, 0.0, 0.0, 1.0]], "psm2_transform": [[0.23055761826561488, 0.964189338904582, -0.1310805225898652, -0.020656090127725745], [0.8381928622947741, -0.2652148539255393, -0.4765436043588759, -0.07509527309581611], [-0.4942427644971456, 0.0, -0.8693239268202728, -0.005503549002453565], [0.0, 0.0, 0.0, 1.0]]}