{"ecm_psm_transform": [[-0.4754664099335141, 0.14917453560369304, -0.8669940316705521, -0.03213513241589836], [0.234588495578536, -0.9283349510553147, -0.2883790151715717, 0.256705303309375], [-0.8478796676222017, -0.34050136060895386, 0.4063974565081779, -0.1485002131182625], [0.0, 0.0, 0.0, 1.0]], "suj_ecm_transform": [[0.9779405509440241, 0.20888340885901213, -1.796490302589727e-05, 0.059075493196487035], [-0.2088834096153978, 0.977940546182326, -9.654045980791466e-05, 1.0330093647948642], [-2.597093260235169e-06, 9.816340065040086e-05, 0.9999999951786012, 0.6492874140722329], [0.0, 0.0, 0.0, 1.0]], "suj_psm2_transform": [[0.1463347863148171, -0.9886941724588689, -0.03271029899082689, -0.02551619535585674], [-0.7713490340903622, -0.13474388709093588, 0.6219845275402681, 0.2844280796934568], [-0.6193599905725766, -0.06578691539734638, -0.7823460128615984, -0.2211831690725401], [0.0, 0.0, 0.0, 1.0]], "ecm_transform": [[0.9912878368858725, -0.06942664011735214, -0.1119301839726154, 0.04762401387076858], [-0.12440041668461058, -0.7727238540850484, -0.6224326322234753, 0.9693593666848471], [-0.043277716793092474, 0.6309340591297671, -0.7746284607856934, 0.570064279451276], [0.0, 0.0, 0.0, 1.0]], "psm2_transform": [[0.2746158579744572, 0.9487926110967303, -0.1561368363878345, -0.02460155886877622], [0.8247983403684649, -0.315899637746308, -0.4689510812410794, -0.07388985135494638], [-0.4942608909011301, 0.0, -0.8693136210399681, -0.005497991675886053], [0.0, 0.0, 0.0, 1.0]]}