{"ecm_psm_transform": [[-0.4733117751467947, 0.14906818099773303, -0.868190440468805, -0.032246904789367516], [0.22144609298549245, -0.9337923191108237, -0.2810578813538069, 0.25773010316781153], [-0.8526063519637014, -0.3252853857517382, 0.40896433390638365, -0.14819373026264748], [0.0, 0.0, 0.0, 1.0]], "suj_ecm_transform": [[0.9779189109899229, 0.20898469610281553, -1.7974901927243395e-05, 0.05915546203830169], [-0.20898469685969442, 0.9779189062283031, -9.653859860889297e-05, 1.032982776691839], [-2.597093260220309e-06, 9.81634006504496e-05, 0.9999999951786009, 0.6492805770727736], [0.0, 0.0, 0.0, 1.0]], "suj_psm2_transform": [[0.1465000323346927, -0.9886693979085313, -0.03271944628377371, -0.025436183307482207], [-0.771317510775801, -0.13487760487647146, 0.6219946376564744, 0.2842820541082354], [-0.6193601844618013, -0.06588515266711609, -0.782337592450647, -0.22129491163922688], [0.0, 0.0, 0.0, 1.0]], "ecm_transform": [[0.9912863105855468, -0.06943612039405189, -0.11193782037505356, 0.047637420707024994], [-0.12441257844314582, -0.7727230022554382, -0.6224312589438854, 0.9693551348689322], [-0.04327771679309244, 0.6309340591297674, -0.7746284607856931, 0.570059047956543], [0.0, 0.0, 0.0, 1.0]], "psm2_transform": [[0.28792498784954856, 0.943557677016289, -0.1637012874581677, -0.025793747393483633], [0.8202507822727573, -0.3312082579641159, -0.4663579569786551, -0.07348213031203232], [-0.49425484879034515, 0.0, -0.869317056342065, -0.005498532959317719], [0.0, 0.0, 0.0, 1.0]]}