{"ecm_psm_transform": [[-0.4728863483349122, 0.14891647257449456, -0.8684482631420494, -0.03232625146692908], [0.21854412749005547, -0.9349940762168605, -0.2793287342522974, 0.2581551930241317], [-0.8535906313321878, -0.32188501306421535, 0.40960111384927594, -0.14797665644686758], [0.0, 0.0, 0.0, 1.0]], "suj_ecm_transform": [[0.9779477524180674, 0.20884969049015192, -1.7961574413231972e-05, 0.059046512674710915], [-0.20884969124637345, 0.9779477476563431, -9.654107915941693e-05, 1.0330272602177613], [-2.5970932602474664e-06, 9.816340065046876e-05, 0.9999999951786009, 0.6492856659833883], [0.0, 0.0, 0.0, 1.0]], "suj_psm2_transform": [[0.14640935247049808, -0.988683005942686, -0.03271414478944312, -0.02547539134671195], [-0.7713360240454953, -0.13480417822600216, 0.6219875975793245, 0.28444465404542374], [-0.6193585710385036, -0.06583120303433193, -0.7823434112895666, -0.22117137953867516], [0.0, 0.0, 0.0, 1.0]], "ecm_transform": [[0.9912826481149397, -0.06945886519807443, -0.11195614137522174, 0.04763925114655232], [-0.12444175655868009, -0.7727209580925258, -0.6224279638232518, 0.9693475820359067], [-0.04327771679309243, 0.6309340591297673, -0.7746284607856933, 0.5700682079132504], [0.0, 0.0, 0.0, 1.0]], "psm2_transform": [[0.29087273124523366, 0.9423596193071884, -0.1653825931503952, -0.026058800757305413], [0.8192028156522269, -0.334601775098715, -0.4657771988067391, -0.07339100802442367], [-0.4942669329880381, 0.0, -0.8693101856958759, -0.0054987614890304425], [0.0, 0.0, 0.0, 1.0]]}