{"ecm_psm_transform": [[-0.5444501237677873, 0.13554584280877938, -0.8277689213944307, -0.025946019363402864], [0.6087461848541823, -0.6150751341610279, -0.5011094309252938, 0.22317432001671095], [-0.5770633805352056, -0.7767302645282028, 0.2523647182377709, -0.172773932151092], [0.0, 0.0, 0.0, 1.0]], "suj_ecm_transform": [[0.977939815794091, 0.2088868506198266, -1.796524279012084e-05, 0.059078754523530064], [-0.20888685137622903, 0.9779398110323954, -9.654039658174575e-05, 1.033020100358538], [-2.597093260228059e-06, 9.816340065047875e-05, 0.999999995178601, 0.6492846508654906], [0.0, 0.0, 0.0, 1.0]], "suj_psm2_transform": [[0.14637611206681045, -0.9886871860221268, -0.0327365546729278, -0.025510618932003], [-0.7713224332954344, -0.13479041820940074, 0.6220074332788521, 0.284410300023951], [-0.6193833527884128, -0.06579659075198269, -0.782326703451954, -0.22118933916866723], [0.0, 0.0, 0.0, 1.0]], "ecm_transform": [[0.9912854911182581, -0.06944120994712481, -0.11194192002781224, 0.04764606898110128], [-0.12441910756636483, -0.7727225448963649, -0.6224305216498263, 0.9693621452124546], [-0.04327771679309243, 0.6309340591297674, -0.7746284607856931, 0.5700613754457209], [0.0, 0.0, 0.0, 1.0]], "psm2_transform": [[-0.19181062948515132, 0.9753557180734763, 0.10904084389752038, 0.01718125575691306], [0.8479201653797972, 0.22063821795276858, -0.48202714645642514, -0.07595164700693553], [-0.4942065110445302, 0.0, -0.8693445372469955, -0.005498929460325871], [0.0, 0.0, 0.0, 1.0]]}