{"ecm_psm_transform": [[-0.5419229140187409, 0.13686143236860987, -0.8292095655450732, -0.02612249399211672], [0.5974155728314144, -0.6312255577167344, -0.49461998405211133, 0.22416428540242261], [-0.5911126699707508, -0.7634286106868213, 0.26031244262393655, -0.17150292763444036], [0.0, 0.0, 0.0, 1.0]], "suj_ecm_transform": [[0.9779432956756249, 0.20887055829006973, -1.7963634442032714e-05, 0.059067304155920985], [-0.20887055904639285, 0.9779432909139169, -9.654069586603134e-05, 1.0330145609832435], [-2.5970932602337377e-06, 9.816340065045726e-05, 0.999999995178601, 0.6492836314903259], [0.0, 0.0, 0.0, 1.0]], "suj_psm2_transform": [[0.14638046489833034, -0.9886850942702329, -0.03278023587482998, -0.025459969668478383], [-0.7712863696254101, -0.13481752864876695, 0.622046276412852, 0.28438419364966516], [-0.6194272318248562, -0.06577247400622638, -0.7822939895824947, -0.22117577275742795], [0.0, 0.0, 0.0, 1.0]], "ecm_transform": [[0.9912863973096172, -0.06943558175179351, -0.11193738649669283, 0.047651900007419], [-0.12441188744688697, -0.7727230506571069, -0.622431336972262, 0.9693538170027547], [-0.043277716793092474, 0.6309340591297672, -0.7746284607856936, 0.5700740245762266], [0.0, 0.0, 0.0, 1.0]], "psm2_transform": [[-0.17395413156336564, 0.9797779799365167, 0.09886895439698909, 0.015581100841293358], [0.8518083823825209, 0.200087755826084, -0.48413569344901086, -0.07629662017269448], [-0.4941279589488017, 0.0, -0.8693891879849275, -0.00550662121405442], [0.0, 0.0, 0.0, 1.0]]}