{"ecm_psm_transform": [[-0.6572184183323001, 0.16161934468002628, -0.7361678735383588, 0.03280836322803869], [0.5696815879332715, -0.5329967203295983, -0.6256016180347668, 0.2099792365974217], [-0.49348438574550274, -0.8305381890937291, 0.25822369659326966, -0.1914788795540171], [0.0, 0.0, 0.0, 1.0]], "suj_ecm_transform": [[0.993488597331527, 0.11393158867588549, -8.603729687174021e-06, -0.09244838493805195], [-0.11393158897114719, 0.9934885925191772, -9.782011018261399e-05, 1.0067414943516828], [-2.597093260229396e-06, 9.816340065047855e-05, 0.999999995178601, 0.7425425853910426], [0.0, 0.0, 0.0, 1.0]], "suj_psm2_transform": [[0.2209399638483764, -0.9653754629477573, -0.13869299878898617, 0.021973540644882314], [-0.7721934085194704, -0.2600183926993779, 0.5797480274197702, 0.274117606561781], [-0.5957372509871786, -0.020991688746637538, -0.8029050235176037, -0.23474800099335458], [0.0, 0.0, 0.0, 1.0]], "ecm_transform": [[0.9745226355029637, 0.22341475271721742, 0.019785882862852225, -0.088383135894164], [0.19192119420646173, -0.7849834652717829, -0.5890392299875019, 0.8853345592498695], [-0.1160684630152546, 0.5778293930895245, -0.8078621815477367, 0.5760461886361788], [0.0, 0.0, 0.0, 1.0]], "psm2_transform": [[-0.2911231493746806, 0.9420672639823823, 0.16660306729143945, 0.026144044370586265], [0.8176444625021007, 0.3354240154382934, -0.46791907719914816, -0.07342780247099864], [-0.4966939146373935, 0.0, -0.867925777449997, -0.005309192071724318], [0.0, 0.0, 0.0, 1.0]]}