{"ecm_psm_transform": [[-0.6266883648504981, 0.19739256474072883, -0.7538553367497549, 0.030015186039118912], [0.47005238258946624, -0.6758278320289317, -0.5677213216685102, 0.21903572225131895], [-0.6215403856411706, -0.7101358439342088, 0.33074859361284326, -0.17998564974554435], [0.0, 0.0, 0.0, 1.0]], "suj_ecm_transform": [[0.9934957413836869, 0.1138692749540446, -8.597594206534328e-06, -0.09250566599666513], [-0.11386927524900446, 0.9934957365713187, -9.782064963253221e-05, 1.0067493659500222], [-2.5970932602279478e-06, 9.816340065048958e-05, 0.9999999951786009, 0.7425422941802329], [0.0, 0.0, 0.0, 1.0]], "suj_psm2_transform": [[0.22086332306211096, -0.9653962171527668, -0.1386706040698231, 0.021927475240610603], [-0.7722199992022749, -0.2599438489158143, 0.5797460377120924, 0.2741810411164096], [-0.59573120226995, -0.020960422657006816, -0.8029103283206908, -0.23471489007964852], [0.0, 0.0, 0.0, 1.0]], "ecm_transform": [[0.9745241954400082, 0.22340837222610796, 0.01978109504769153, -0.08838708332361699], [0.1919132731086661, -0.7849852812002734, -0.5890393907911816, 0.8853288547969121], [-0.11606846301525468, 0.577829393089525, -0.8078621815477366, 0.5760418263792767], [0.0, 0.0, 0.0, 1.0]], "psm2_transform": [[-0.13112532409616362, 0.988534625788559, 0.07486950646123958, 0.011766680629376438], [0.8584554555404409, 0.15099434961969121, -0.4901580737229373, -0.07703448017777495], [-0.495843100419407, 0.0, -0.8684121255293882, -0.0053796930160762875], [0.0, 0.0, 0.0, 1.0]]}