{"ecm_psm_transform": [[-0.6275390841718244, 0.19664350795877353, -0.7533432342660653, 0.030118331575666974], [0.47286438653612134, -0.6724277202719156, -0.5694209628699425, 0.21869912517469248], [-0.6185418092438097, -0.7135630958700027, 0.3289889639939492, -0.18030394653456455], [0.0, 0.0, 0.0, 1.0]], "suj_ecm_transform": [[0.9934851262597866, 0.11396185250556812, -8.606709502320236e-06, -0.09242206697302849], [-0.11396185280097643, 0.9934851214474458, -9.781984804837583e-05, 1.0067429402258086], [-2.597093260230584e-06, 9.816340065045796e-05, 0.999999995178601, 0.7425500046747895], [0.0, 0.0, 0.0, 1.0]], "suj_psm2_transform": [[0.22095533919717963, -0.9653661748575947, -0.13873314860218333, 0.021954894668000477], [-0.7721785102772071, -0.2600544241873188, 0.5797517095504554, 0.2741046389188773], [-0.5957508592913089, -0.020972479620165352, -0.8028954282795793, -0.2347651292848283], [0.0, 0.0, 0.0, 1.0]], "ecm_transform": [[0.9745364329371157, 0.22335830847648877, 0.019743528375761814, -0.0883496798145261], [0.19185112137144075, -0.7849995277172549, -0.5890406511542371, 0.8853294517809082], [-0.11606846301525464, 0.5778293930895247, -0.8078621815477366, 0.5760525852488124], [0.0, 0.0, 0.0, 1.0]], "psm2_transform": [[-0.1352970143966799, 0.9877894958337406, 0.07724396297361338, 0.012141405613585583], [0.8578288003395658, 0.15579445407499062, -0.48975283295500893, -0.07698061526621369], [-0.4958068849898373, 0.0, -0.8684328026949892, -0.005385557066981246], [0.0, 0.0, 0.0, 1.0]]}