{"ecm_psm_transform": [[-0.6228438221036288, 0.20113695079508015, -0.7560486097415964, 0.02969622841099794], [0.45729058090948205, -0.6905137806203664, -0.5604248775570524, 0.22008348569850422], [-0.6347841348669735, -0.6947910806841335, 0.33810420926537155, -0.17887745504720198], [0.0, 0.0, 0.0, 1.0]], "suj_ecm_transform": [[0.9934864542105143, 0.11395027523513962, -8.60556958926831e-06, -0.09243992123270792], [-0.11395027553049183, 0.9934864493981702, -9.781994833730191e-05, 1.0067300585116015], [-2.5970932602316476e-06, 9.81634006504757e-05, 0.999999995178601, 0.742540111472473], [0.0, 0.0, 0.0, 1.0]], "suj_psm2_transform": [[0.2209814402652141, -0.9653634225326553, -0.13871072595278924, 0.021952985928793203], [-0.7721774534094006, -0.260062046505201, 0.579749698071245, 0.27408226178767336], [-0.595742548005835, -0.021004628146312654, -0.8029007548208873, -0.23478541398371267], [0.0, 0.0, 0.0, 1.0]], "ecm_transform": [[0.9745202890298512, 0.22342434979286338, 0.019793084368327427, -0.08838072956330716], [0.19193310856246762, -0.7849807337772234, -0.5890389880441873, 0.8853387406134623], [-0.1160684630152546, 0.5778293930895246, -0.8078621815477367, 0.576043868562886], [0.0, 0.0, 0.0, 1.0]], "psm2_transform": [[-0.1125784831642096, 0.9915633144792757, 0.06425168096881853, 0.010101000373156987], [0.8611778559653176, 0.12962327483470343, -0.49149822686974765, -0.07726838735046727], [-0.4956801241964668, 0.0, -0.8685051608807948, -0.0053936632665233], [0.0, 0.0, 0.0, 1.0]]}