{"ecm_psm_transform": [[-0.6178713100028033, 0.20595563299561043, -0.7588262788760004, 0.029383936567087387], [0.43953656272215047, -0.709740120204128, -0.5505239066589456, 0.22167971901991712], [-0.6519529540586632, -0.6736848217156207, 0.34800302683191636, -0.1773749370186825], [0.0, 0.0, 0.0, 1.0]], "suj_ecm_transform": [[0.9934870577170521, 0.113945013382191, -8.60505150052297e-06, -0.09244517249753292], [-0.11394501367751773, 0.9934870529047065, -9.78199939139664e-05, 1.006733804851595], [-2.5970932602249535e-06, 9.816340065040927e-05, 0.9999999951786009, 0.742546803965177], [0.0, 0.0, 0.0, 1.0]], "suj_psm2_transform": [[0.22107128011216046, -0.9653556485452015, -0.13862164669143306, 0.02208514007866426], [-0.7721786410428184, -0.26008130960457154, 0.5797394748605942, 0.27409737499243386], [-0.5957076761523534, -0.021123073077674692, -0.802923520864172, -0.2348293139824711], [0.0, 0.0, 0.0, 1.0]], "ecm_transform": [[0.9745282633850005, 0.2233917321136267, 0.019768608628040626, -0.08837038252820804], [0.1918926151708071, -0.7849900168187269, -0.5890398099770873, 0.8853509354783868], [-0.1160684630152546, 0.5778293930895244, -0.8078621815477367, 0.5760450253035837], [0.0, 0.0, 0.0, 1.0]], "psm2_transform": [[-0.08762096791537065, 0.9948962565487647, 0.050040030843597344, 0.007863335252601978], [0.8639353958011309, 0.10090311543879399, -0.4933905077894071, -0.07753182617584348], [-0.4959215642251475, 0.0, -0.8683673198229439, -0.005373305190814515], [0.0, 0.0, 0.0, 1.0]]}