{"ecm_psm_transform": [[-0.6140859692770678, 0.20892447992186808, -0.761084084728108, 0.028943199158204175], [0.4274967594977499, -0.722561485170121, -0.543278400792515, 0.22280880044641604], [-0.6634342039388438, -0.6589806232645437, 0.3544003318366199, -0.17625085840146523], [0.0, 0.0, 0.0, 1.0]], "suj_ecm_transform": [[0.9934921971611204, 0.11390019361703767, -8.600638492326982e-06, -0.09247195779759249], [-0.1139001939121473, 0.9934921923487614, -9.782038201820033e-05, 1.0067411435736304], [-2.597093260224528e-06, 9.81634006504463e-05, 0.999999995178601, 0.7425361885037467], [0.0, 0.0, 0.0, 1.0]], "suj_psm2_transform": [[0.2209199209133752, -0.9653728730413207, -0.13874294410734808, 0.021987354797310718], [-0.7721871014822728, -0.260031942972068, 0.5797503505290685, 0.2741281898194914], [-0.5957528588668582, -0.020942889727013303, -0.8028947169597317, -0.23472702448060145], [0.0, 0.0, 0.0, 1.0]], "ecm_transform": [[0.9745297640727515, 0.22338559300500638, 0.0197640019760474, -0.08835715061955009], [0.1918849937581989, -0.7849917638546238, -0.5890399645616778, 0.8853454329597104], [-0.1160684630152546, 0.5778293930895245, -0.8078621815477367, 0.5760595644203966], [0.0, 0.0, 0.0, 1.0]], "psm2_transform": [[-0.0705284837097103, 0.9966978287051645, 0.04023892692430486, 0.00632751199871091], [0.865709308874259, 0.08119998925129494, -0.4939169507863061, -0.07766771311635937], [-0.49555335284312413, 0.0, -0.8685775005639613, -0.005405037177863028], [0.0, 0.0, 0.0, 1.0]]}