{"ecm_psm_transform": [[-0.614748599661988, 0.20843346348006275, -0.760683673096334, 0.02905251243435593], [0.4302048273804924, -0.7197386342116016, -0.54488540531174, 0.22252018888508843], [-0.6610657801702833, -0.6622173281672141, 0.3527892353274554, -0.17659031695654986], [0.0, 0.0, 0.0, 1.0]], "suj_ecm_transform": [[0.9934863650634833, 0.11395105246942856, -8.605646116758115e-06, -0.09244305155990018], [-0.11395105276478455, 0.9934863602511393, -9.781994160483685e-05, 1.0067358795469468], [-2.5970932602218284e-06, 9.81634006504373e-05, 0.9999999951786012, 0.7425437454276889], [0.0, 0.0, 0.0, 1.0]], "suj_psm2_transform": [[0.22110356105025697, -0.96534908804685, -0.13861584865378968, 0.022036706890641466], [-0.7721700993895748, -0.26010365428612303, 0.5797408271251036, 0.2740861084581792], [-0.5957067675455681, -0.021147747731614763, -0.8029235454676182, -0.23484356937558037], [0.0, 0.0, 0.0, 1.0]], "ecm_transform": [[0.9745304790561037, 0.22338266801519902, 0.0197618071312528, -0.08835876330418242], [0.19188136252371651, -0.7849925962148964, -0.589040038201003, 0.8853382503112887], [-0.11606846301525459, 0.5778293930895246, -0.8078621815477368, 0.5760429888878845], [0.0, 0.0, 0.0, 1.0]], "psm2_transform": [[-0.07431304981196538, 0.9963333777063236, 0.04239541361931495, 0.006667024133663033], [0.8654064813112954, 0.08555583246224914, -0.49371228629242564, -0.07764027867151024], [-0.4955292047216257, 0.0, -0.8685912774532987, -0.0054078575473427044], [0.0, 0.0, 0.0, 1.0]]}