{"ecm_psm_transform": [[-0.6048161008774025, 0.21663666534566622, -0.7663328515386546, 0.02815541914429761], [0.39501747673403154, -0.7539518170103419, -0.5248979431294075, 0.22570936769084637], [-0.6914901858986392, -0.6201815966752914, 0.3704269293007079, -0.17378649937537755], [0.0, 0.0, 0.0, 1.0]], "suj_ecm_transform": [[0.9934880687476164, 0.1139361978569564, -8.604183512849164e-06, -0.09244466553186892], [-0.11393619815224044, 0.9934880639352681, -9.782007026549069e-05, 1.006736853184691], [-2.5970932602260525e-06, 9.816340065047669e-05, 0.999999995178601, 0.742549272665161], [0.0, 0.0, 0.0, 1.0]], "suj_psm2_transform": [[0.22101393958484294, -0.9653613780191969, -0.13867317093823414, 0.02203089940212323], [-0.7721796404530427, -0.2600658748176874, 0.5797450677885243, 0.2741238920149422], [-0.5957276570539571, -0.02105114211125464, -0.8029105853311529, -0.2347831724795586], [0.0, 0.0, 0.0, 1.0]], "ecm_transform": [[0.9745219275864943, 0.2234176481620378, 0.019788055560052226, -0.08837890948757789], [0.1919247887751353, -0.7849826411912149, -0.5890391570023883, 0.8853437229588359], [-0.11606846301525461, 0.5778293930895246, -0.8078621815477367, 0.5760479342530621], [0.0, 0.0, 0.0, 1.0]], "psm2_transform": [[-0.026757414015209535, 0.9995252953798864, 0.015271695746360375, 0.0024009090651286127], [0.8680859902806155, 0.030808828211256804, -0.49545688973186414, -0.07789226276467424], [-0.49569219710798557, 0.0, -0.8684982704221454, -0.005394541170387096], [0.0, 0.0, 0.0, 1.0]]}