{"ecm_psm_transform": [[-0.6009403588653347, 0.21930340616182492, -0.7686199978745188, 0.0277121363196772], [0.38257231299675887, -0.7653993931142328, -0.5174960814814688, 0.22683946404578012], [-0.7017899332529028, -0.6050370113192964, 0.37605997462997925, -0.1728023167763381], [0.0, 0.0, 0.0, 1.0]], "suj_ecm_transform": [[0.9934938363059972, 0.1138858952989598, -8.599230663784467e-06, -0.09247145582220753], [-0.11388589559400018, 0.9934938314936339, -9.782050578818226e-05, 1.0067406269795143], [-2.597093260223442e-06, 9.816340065045868e-05, 0.9999999951786008, 0.7425443318319129], [0.0, 0.0, 0.0, 1.0]], "suj_psm2_transform": [[0.2209279336242302, -0.9653667535172504, -0.13877276154956575, 0.021937213968692665], [-0.7721760752654304, -0.26005594742672544, 0.5797542694932615, 0.2741218692060183], [-0.5957641789602701, -0.020926906401882217, -0.8028867340143583, -0.23470990863562624], [0.0, 0.0, 0.0, 1.0]], "ecm_transform": [[0.9745174955398515, 0.22343577434741957, 0.019801657216115556, -0.08840019006955713], [0.191947291671469, -0.7849774819850315, -0.5890386999140442, 0.885328926172402], [-0.11606846301525466, 0.5778293930895246, -0.8078621815477365, 0.5760502584462909], [0.0, 0.0, 0.0, 1.0]], "psm2_transform": [[-0.010076395483578398, 0.9999327260347934, 0.005745403265672648, 0.000903858072129716], [0.8686499124496898, 0.011599284660128013, -0.495290607821832, -0.0779183624245364], [-0.4953239302266801, 0.0, -0.868708353905265, -0.005425618248370619], [0.0, 0.0, 0.0, 1.0]]}