{"ecm_psm_transform": [[-0.6014756625334167, 0.21897658187587757, -0.7682943992832076, 0.02787365940655536], [0.38466555395156565, -0.7634971054347582, -0.5187529099637713, 0.2266058328115795], [-0.700185289036497, -0.6075536409097576, 0.3749921791640121, -0.1730479996123951], [0.0, 0.0, 0.0, 1.0]], "suj_ecm_transform": [[0.9934856987888442, 0.11395686125887694, -8.606218057660199e-06, -0.09243715602632628], [-0.11395686155426107, 0.993485693976502, -9.781989128702614e-05, 1.0067394993504766], [-2.5970932602264163e-06, 9.81634006504425e-05, 0.9999999951786009, 0.7425450565629883], [0.0, 0.0, 0.0, 1.0]], "suj_psm2_transform": [[0.22105481196946483, -0.9653520116948029, -0.13867322604577234, 0.02204983749606526], [-0.7721687946250204, -0.2600986069782545, 0.5797448294338765, 0.27407874416629074], [-0.595726550283339, -0.02107624645824807, -0.8029107479183122, -0.23480503388036844], [0.0, 0.0, 0.0, 1.0]], "ecm_transform": [[0.9745120027968379, 0.22345823545548688, 0.019818511851711865, -0.0884189689250616], [0.19197517625508964, -0.78497108831403, -0.5890381330719731, 0.8853493293564262], [-0.11606846301525457, 0.5778293930895245, -0.8078621815477369, 0.5760448796981793], [0.0, 0.0, 0.0, 1.0]], "psm2_transform": [[-0.012866859817225004, 0.99989030134679, 0.007336837947595923, 0.001154179615285154], [0.8686027305779587, 0.014811660022610668, -0.49528770543986744, -0.07791516964162565], [-0.49534204379495, 0.0, -0.8686980255814111, -0.005423993440756395], [0.0, 0.0, 0.0, 1.0]]}