{"ecm_psm_transform": [[-0.5871380556658565, 0.2287683716320321, -0.7764882070770593, 0.026545335630658994], [0.3346483943842715, -0.8048305475214232, -0.4901614447428475, 0.23113958539518792], [-0.7370748643963835, -0.5476429693853422, 0.3959896745596513, -0.1696773530939016], [0.0, 0.0, 0.0, 1.0]], "suj_ecm_transform": [[0.9934928666693322, 0.11389435369319874, -8.600063486761186e-06, -0.09246137029716608], [-0.11389435398828009, 0.9934928618569715, -9.782043257258559e-05, 1.0067482064531745], [-2.5970932602297456e-06, 9.816340065045502e-05, 0.9999999951786009, 0.7425436016075897], [0.0, 0.0, 0.0, 1.0]], "suj_psm2_transform": [[0.22101404415010573, -0.9653531110285245, -0.13873054211659575, 0.02200792472444664], [-0.7721649549287901, -0.26009989540407796, 0.5797493654939241, 0.27412202518538964], [-0.5957466530902502, -0.02100988906056217, -0.8028975712339826, -0.23474090479910492], [0.0, 0.0, 0.0, 1.0]], "ecm_transform": [[0.9745247796640495, 0.22340598254763785, 0.01977930187494542, -0.08837469740084038], [0.19191030642988452, -0.7849859613035868, -0.5890394510066974, 0.8853536704581244], [-0.11606846301525456, 0.5778293930895244, -0.8078621815477365, 0.5760437197988634], [0.0, 0.0, 0.0, 1.0]], "psm2_transform": [[0.05094036501723158, 0.9982794325399467, -0.02903883227048385, -0.004569027948855977], [0.8672617935091231, -0.05863594944845769, -0.4943873046019861, -0.0777878873105392], [-0.49523939739407874, 0.0, -0.8687565477559003, -0.005432546356104222], [0.0, 0.0, 0.0, 1.0]]}