{"ecm_psm_transform": [[-0.5876980606273516, 0.2283367350838686, -0.776191551710072, 0.026586414919033942], [0.33636467564226213, -0.8035610386379941, -0.49106869393507924, 0.23097811561594445], [-0.7358463117492172, -0.5496835385876749, 0.3954468521695509, -0.16977790114875366], [0.0, 0.0, 0.0, 1.0]], "suj_ecm_transform": [[0.993486785142031, 0.11394738993983677, -8.605285499418284e-06, -0.09242559091371506], [-0.11394739023517503, 0.9934867803296861, -9.781997332924096e-05, 1.0067275891523981], [-2.5970932602166467e-06, 9.816340065043412e-05, 0.9999999951786012, 0.7425414234317596], [0.0, 0.0, 0.0, 1.0]], "suj_psm2_transform": [[0.22088771125703782, -0.9653806165263362, -0.13874034831605003, 0.021998772072842218], [-0.7721955251193741, -0.260004611184713, 0.5797513890869954, 0.2741098759166699], [-0.5957538837483496, -0.020925281310357702, -0.8028944155994865, -0.23473623988036008], [0.0, 0.0, 0.0, 1.0]], "ecm_transform": [[0.9745333962956437, 0.22337073301128463, 0.01975285140124921, -0.08835253054683444], [0.1918665458013848, -0.7849959924202119, -0.5890403385901956, 0.88533427651696], [-0.11606846301525464, 0.5778293930895247, -0.8078621815477367, 0.5760422629208285], [0.0, 0.0, 0.0, 1.0]], "psm2_transform": [[0.048828721205134776, 0.9984191199512584, -0.02783912536747219, -0.004379676358093679], [0.8673522160224287, -0.056207303046442385, -0.49451074047509586, -0.07779687652876977], [-0.4952937404676678, 0.0, -0.8687255669390344, -0.0054263635760307925], [0.0, 0.0, 0.0, 1.0]]}