{"ecm_psm_transform": [[-0.5728760151072662, 0.2370723331120922, -0.7846080423928937, 0.025273036852415547], [0.28392690187649994, -0.8405905870855468, -0.4612948940688465, 0.23568385575442974], [-0.768894391776681, -0.48703611136748914, 0.4142429728050954, -0.16684040726169327], [0.0, 0.0, 0.0, 1.0]], "suj_ecm_transform": [[0.9934916941356818, 0.11390458116087736, -8.601070494955682e-06, -0.09246257554887365], [-0.11390458145600825, 0.9934916893233241, -9.782034403436767e-05, 1.0067397288521325], [-2.597093260225056e-06, 9.81634006504407e-05, 0.9999999951786012, 0.7425418524200957], [0.0, 0.0, 0.0, 1.0]], "suj_psm2_transform": [[0.2210036854355514, -0.9653562757786943, -0.13872502239536227, 0.02201337469974929], [-0.7721688658395528, -0.2600883342812102, 0.5797493432500673, 0.2741175530341505], [-0.5957454268829623, -0.021007598280511963, -0.80289854101407, -0.23476099692605668], [0.0, 0.0, 0.0, 1.0]], "ecm_transform": [[0.9745339135281346, 0.22336861680928286, 0.019751263459484046, -0.08835494390171211], [0.19186391864239263, -0.7849965945827406, -0.589040391838018, 0.8853333809190826], [-0.11606846301525459, 0.5778293930895246, -0.8078621815477367, 0.5760395019113852], [0.0, 0.0, 0.0, 1.0]], "psm2_transform": [[0.11221809321726087, 0.99162127567187, -0.0639870704875238, -0.010065678896221982], [0.8614228582708461, -0.12917912228720704, -0.4911857221190296, -0.07726744980805261], [-0.4953360059627889, 0.0, -0.8687014683979946, -0.005422572527111747], [0.0, 0.0, 0.0, 1.0]]}