{"ecm_psm_transform": [[-0.5676009676304942, 0.2396124358665796, -0.7876642826249082, 0.024624101127193727], [0.2645727870683126, -0.8528807725691095, -0.45010624093076546, 0.2375040781185612], [-0.7796347746783954, -0.46387527241706183, 0.4207010218102215, -0.16576360016521854], [0.0, 0.0, 0.0, 1.0]], "suj_ecm_transform": [[0.9934912849305076, 0.11390815024898324, -8.601421911525829e-06, -0.09247428002689086], [-0.11390815054413142, 0.9934912801181509, -9.78203131346457e-05, 1.00673682061701], [-2.597093260225702e-06, 9.816340065043541e-05, 0.9999999951786012, 0.742545202717718], [0.0, 0.0, 0.0, 1.0]], "suj_psm2_transform": [[0.22074233083079325, -0.9654097543427291, -0.13876897923995923, 0.02183504592997322], [-0.7722247762278311, -0.25990517002292085, 0.5797570159775844, 0.2741890483283261], [-0.5957698535166622, -0.020816071081455445, -0.8028854045413124, -0.23465323482334743], [0.0, 0.0, 0.0, 1.0]], "ecm_transform": [[0.9745258480697383, 0.22340161229779623, 0.01977602251977776, -0.08838385104050112], [0.19190488096250727, -0.7849872050578512, -0.5890395611147262, 0.8853383178275878], [-0.11606846301525464, 0.5778293930895247, -0.8078621815477367, 0.5760544759217759], [0.0, 0.0, 0.0, 1.0]], "psm2_transform": [[0.1348796736402733, 0.9878711744333475, -0.07692864461546212, -0.012097662092879281], [0.8581107178954328, -0.155275699076445, -0.48942359271831815, -0.07696588539399707], [-0.4954326084057027, 0.0, -0.8686463782969003, -0.005408020795038666], [0.0, 0.0, 0.0, 1.0]]}