{"ecm_psm_transform": [[-0.6496651140353021, 0.1719014860817994, -0.7405302955911846, 0.03217634888340109], [0.5453899698164925, -0.5732177899274438, -0.611531803044014, 0.21215574184633595], [-0.5296083651426438, -0.8011686741214774, 0.2786462545547138, -0.18828446173677402], [0.0, 0.0, 0.0, 1.0]], "suj_ecm_transform": [[0.9934926592712496, 0.11389616279829859, -8.600241613306579e-06, -0.0924784318159361], [-0.11389616309338871, 0.9934926544588895, -9.782041691210573e-05, 1.0067326830020271], [-2.5970932602268805e-06, 9.816340065046196e-05, 0.9999999951786009, 0.7425450549150139], [0.0, 0.0, 0.0, 1.0]], "suj_psm2_transform": [[0.2210318775428868, -0.9653500420937122, -0.13872348517657188, 0.02201910819520851], [-0.7721617042678661, -0.2601099766791617, 0.5797491720512506, 0.2740990952236998], [-0.5957442501375997, -0.021026085266502237, -0.8028989302311687, -0.23478288097827504], [0.0, 0.0, 0.0, 1.0]], "ecm_transform": [[0.974528362647246, 0.22339132605329126, 0.019768303929022624, -0.08835547177673941], [0.19189211106597004, -0.7849901323748879, -0.5890398202029314, 0.8853369832357567], [-0.11606846301525461, 0.5778293930895246, -0.8078621815477368, 0.5760454632184476], [0.0, 0.0, 0.0, 1.0]], "psm2_transform": [[-0.24921481015493493, 0.9579041648063416, 0.14251873366720974, 0.02237419338828637], [0.8315351820772867, 0.28708815901507556, -0.47553089270943105, -0.07465418672908963], [-0.4964284634941207, 0.0, -0.8680776351415043, -0.005329111748783137], [0.0, 0.0, 0.0, 1.0]]}