{"ecm_psm_transform": [[-0.5619948234568614, 0.24247957104967457, -0.7908005285982409, 0.024334440966071562], [0.2452329178630107, -0.864233041995117, -0.43927447583516666, 0.23913967613241519], [-0.7899510329153859, -0.44080030257184777, 0.426230523130949, -0.16499773514883706], [0.0, 0.0, 0.0, 1.0]], "suj_ecm_transform": [[0.9934908890161113, 0.11391160330706786, -8.60176190367909e-06, -0.0924624212879936], [-0.11391160360223275, 0.9934908842037556, -9.78202832382693e-05, 1.0067300322385897], [-2.5970932602264307e-06, 9.816340065044865e-05, 0.999999995178601, 0.7425523240614269], [0.0, 0.0, 0.0, 1.0]], "suj_psm2_transform": [[0.22105432211860276, -0.9653505451914812, -0.1386842152921343, 0.0220518450285241], [-0.7721667203343978, -0.2601047367424807, 0.5797448420918851, 0.2741064394488785], [-0.5957294206942487, -0.02106776738610122, -0.8029088407139755, -0.23480920064462318], [0.0, 0.0, 0.0, 1.0]], "ecm_transform": [[0.9745260676352583, 0.22340071416194926, 0.019775348575711248, -0.0883708094867375], [0.19190376596783168, -0.7849874606601832, -0.58903958374089, 0.8853396171972195], [-0.11606846301525459, 0.5778293930895247, -0.8078621815477367, 0.5760435722708218], [0.0, 0.0, 0.0, 1.0]], "psm2_transform": [[0.1570049885777702, 0.9835308597409609, -0.08953480607507137, -0.014083995249193331], [0.8543709983904798, -0.18074027757311426, -0.4872198160707838, -0.07664060353356049], [-0.4953782702853942, 0.0, -0.8686773678006415, -0.0054207438184539734], [0.0, 0.0, 0.0, 1.0]]}