{"ecm_psm_transform": [[-0.6502803564410884, 0.17082653274500736, -0.740238984205216, 0.03224664584316443], [0.548124932943138, -0.5691734851243637, -0.6128626287492707, 0.21198977686378434], [-0.5260176003832302, -0.8042759722518786, 0.2764880549777219, -0.18860031739691574], [0.0, 0.0, 0.0, 1.0]], "suj_ecm_transform": [[0.9934885532869441, 0.11393197274597716, -8.603767503187824e-06, -0.0924504025466157], [-0.11393197304124072, 0.9934885484745944, -9.782010685650534e-05, 1.0067463072250713], [-2.5970932602289833e-06, 9.816340065047006e-05, 0.9999999951786009, 0.7425479666111163], [0.0, 0.0, 0.0, 1.0]], "suj_psm2_transform": [[0.22095602707583967, -0.9653834094308071, -0.1386120734085293, 0.02203720077308377], [-0.7722112695135914, -0.2599834261645181, 0.5797399187187011, 0.27416961308769744], [-0.5957081410683157, -0.021059224000642918, -0.8029248531147997, -0.2347724765460013], [0.0, 0.0, 0.0, 1.0]], "ecm_transform": [[0.9745243828394103, 0.2234076057019627, 0.01978051986128869, -0.0883726189788282], [0.19191232150318785, -0.7849854993541652, -0.5890394101067847, 0.8853309137914146], [-0.1160684630152546, 0.5778293930895245, -0.8078621815477365, 0.5760437178762267], [0.0, 0.0, 0.0, 1.0]], "psm2_transform": [[-0.2535986474712463, 0.9563810758519167, 0.14499297828889843, 0.02276667759413698], [0.8302592170987894, 0.29212195698428833, -0.474694001089307, -0.07453605965068055], [-0.4963439920289758, 0.0, -0.8681259364727794, -0.005337348127576597], [0.0, 0.0, 0.0, 1.0]]}