{"ecm_psm_transform": [[-0.6465578567399389, 0.17551597199885763, -0.7423995430097954, 0.031814154264291315], [0.5359982401094757, -0.5879653173694361, -0.6058074547000913, 0.2131112024952408], [-0.5428340671765189, -0.7896144180192981, 0.2860773433333089, -0.1870348688090706], [0.0, 0.0, 0.0, 1.0]], "suj_ecm_transform": [[0.9934964942114781, 0.11386270643013388, -8.596947462718459e-06, -0.09250489597935108], [-0.11386270672506194, 0.993496489399108, -9.782070647358182e-05, 1.0067485921725083], [-2.5970932602303864e-06, 9.816340065047185e-05, 0.9999999951786008, 0.7425436060021882], [0.0, 0.0, 0.0, 1.0]], "suj_psm2_transform": [[0.2209205962632232, -0.9653805716120704, -0.13868829114476286, 0.021940291472364856], [-0.7721995845259874, -0.26000010743608976, 0.5797480019725074, 0.2741970941516855], [-0.5957364281329409, -0.020983233477573526, -0.8029058550715839, -0.23471561708406563], [0.0, 0.0, 0.0, 1.0]], "ecm_transform": [[0.9745299051204785, 0.223385015984781, 0.01976356899323485, -0.08836410783106347], [0.191884277415185, -0.7849919280573978, -0.5890399790893498, 0.885338794325725], [-0.11606846301525463, 0.5778293930895247, -0.8078621815477365, 0.5760563693413628], [0.0, 0.0, 0.0, 1.0]], "psm2_transform": [[-0.23334953730024016, 0.963203739969163, 0.13336622042774168, 0.02094668114486833], [0.8362585639100798, 0.2687723112774401, -0.47794671144138423, -0.07506696475833084], [-0.4962052072770043, 0.0, -0.8682052708151369, -0.005349806813976215], [0.0, 0.0, 0.0, 1.0]]}