{"ecm_psm_transform": [[-0.6423007263694614, 0.1808312111177535, -0.7448153126721744, 0.03153288438759321], [0.5216634843079478, -0.6088123101414413, -0.5976744767512939, 0.21434861136624997], [-0.5615309306217724, -0.7724297017243238, 0.2967075493632041, -0.18540590401570528], [0.0, 0.0, 0.0, 1.0]], "suj_ecm_transform": [[0.9934911884836567, 0.1139089914420523, -8.601504736386924e-06, -0.09246430560056002], [-0.11390899173720456, 0.9934911836713003, -9.782030585177787e-05, 1.0067412308770105], [-2.5970932602217644e-06, 9.816340065046222e-05, 0.9999999951786009, 0.7425463639903449], [0.0, 0.0, 0.0, 1.0]], "suj_psm2_transform": [[0.22098862241624323, -0.9653681595147903, -0.13866630938190275, 0.022039994466808654], [-0.7721884960912533, -0.2600415751511564, 0.5797441726289572, 0.27414931960496086], [-0.5957255704323088, -0.021040337162982037, -0.8029124167337109, -0.23476187521564906], [0.0, 0.0, 0.0, 1.0]], "ecm_transform": [[0.974522139915604, 0.2234167797220576, 0.0197874038958549, -0.08837389749084165], [0.19192371064459068, -0.7849828883615345, -0.5890391788938953, 0.8853477136436979], [-0.11606846301525464, 0.5778293930895249, -0.8078621815477366, 0.5760495306939292], [0.0, 0.0, 0.0, 1.0]], "psm2_transform": [[-0.20828256195023587, 0.9707959230177533, 0.11905314040190033, 0.01869712001081829], [0.8428266994345668, 0.2399068065981214, -0.48175499879931305, -0.07565891162513676], [-0.4962474474570935, 0.0, -0.8681811279291431, -0.005346015054312609], [0.0, 0.0, 0.0, 1.0]]}