{"ecm_psm_transform": [[-0.7224722372750334, 0.09674420901081505, -0.6845980020345364, 0.01939513384122252], [0.5462068093362604, -0.5272107503852733, -0.6509277579830952, 0.2099685454517038], [-0.4239009174341446, -0.8442093239837313, 0.32805278462074006, -0.19572818821485333], [0.0, 0.0, 0.0, 1.0]], "suj_ecm_transform": [[0.9934992615323979, 0.11383855788226536, -8.594569772134554e-06, -0.09250899201412738], [-0.11383855817707646, 0.9934992567200206, -9.78209154071232e-05, 1.0067384331921183], [-2.597093260225943e-06, 9.816340065041213e-05, 0.9999999951786012, 0.7425408373021978], [0.0, 0.0, 0.0, 1.0]], "suj_psm2_transform": [[0.18810154986318695, -0.9527340710812155, -0.23856989906541057, 0.0020650106903581933], [-0.764899699513562, -0.2944739205199758, 0.5728992580006171, 0.27360961184537985], [-0.6160732558901819, 0.07471880576272752, -0.7841370055304506, -0.23745817439740136], [0.0, 0.0, 0.0, 1.0]], "ecm_transform": [[0.9594827105597421, 0.28105871232064344, 0.019973191171970106, -0.08831638696649531], [0.23843256179220335, -0.7721029225114362, -0.5890729925285205, 0.8837994622339513], [-0.15014273746717627, 0.5699676107271019, -0.8078329537150002, 0.5739550473689519], [0.0, 0.0, 0.0, 1.0]], "psm2_transform": [[-0.2925375535196363, 0.9415558670847444, 0.1670159541452286, 0.026230127129508257], [0.8176780005463153, 0.33685686746494453, -0.4668298815031924, -0.07331639185220817], [-0.4958068849898373, 0.0, -0.8684328026949892, -0.0053476502772111766], [0.0, 0.0, 0.0, 1.0]]}