{"ecm_psm_transform": [[-0.7023945123314657, 0.14853512957507584, -0.6961172777117073, 0.017594465277391648], [0.4493812509016919, -0.6658926874266529, -0.5955194540648869, 0.21853320391593745], [-0.5519949640935807, -0.7311116495541743, 0.40097046711884043, -0.1842903790462136], [0.0, 0.0, 0.0, 1.0]], "suj_ecm_transform": [[0.9934879445946424, 0.11393728042690483, -8.604290104029225e-06, -0.09243356269867958], [-0.1139372807221941, 0.9934879397822944, -9.782006088970259e-05, 1.0067311298624588], [-2.597093260225772e-06, 9.816340065043134e-05, 0.999999995178601, 0.7425451995591001], [0.0, 0.0, 0.0, 1.0]], "suj_psm2_transform": [[0.18815368913367359, -0.9527241855003283, -0.23856826198831466, 0.0020729084928726854], [-0.7648837782196596, -0.29451477206701016, 0.5728995154917971, 0.2735042081315207], [-0.6160771015723663, 0.07468383625024394, -0.7841373154755099, -0.23751109601820986], [0.0, 0.0, 0.0, 1.0]], "ecm_transform": [[0.9594719554509682, 0.2810935365458155, 0.019999760380110268, -0.08835066643758734], [0.23847583753696744, -0.7720902450065054, -0.5890720910693671, 0.8838037836504731], [-0.15014273746717632, 0.5699676107271018, -0.8078329537150001, 0.5739585388773811], [0.0, 0.0, 0.0, 1.0]], "psm2_transform": [[-0.13581109021186005, 0.9876990932263668, 0.07749741295861906, 0.012178802511338504], [0.8578591882500652, 0.15636656049108688, -0.48951722328752284, -0.07692816264074383], [-0.4956137214710719, 0.0, -0.8685430554034698, -0.0053767375430763785], [0.0, 0.0, 0.0, 1.0]]}