{"ecm_psm_transform": [[-0.6988891356458058, 0.15517541784453176, -0.6981937881226341, 0.017324510681487448], [0.4346831921252447, -0.6830569795079465, -0.5869273253387413, 0.21987962828109348], [-0.56798283298007, -0.7136902356360609, 0.4099289560371137, -0.18291435108375861], [0.0, 0.0, 0.0, 1.0]], "suj_ecm_transform": [[0.9934814837530167, 0.11399360230195128, -8.609835630249407e-06, -0.09240926682710744], [-0.11399360259751339, 0.9934814789406855, -9.781957294468228e-05, 1.006721636985279], [-2.597093260226435e-06, 9.816340065043393e-05, 0.999999995178601, 0.7425497070094138], [0.0, 0.0, 0.0, 1.0]], "suj_psm2_transform": [[0.18812424941198497, -0.9527450488300551, -0.2385081522988125, 0.002121919800060504], [-0.764910624846125, -0.29445284035738456, 0.5728955060069676, 0.27352748100567575], [-0.6160527597379044, 0.07466188274671931, -0.7841585301991092, -0.2375649637500845], [0.0, 0.0, 0.0, 1.0]], "ecm_transform": [[0.9595022110545205, 0.2809955536162457, 0.019925005128888743, -0.08827369770167613], [0.23835407562563143, -0.7721259104381478, -0.5890746243581642, 0.8838034911311035], [-0.15014273746717627, 0.5699676107271017, -0.8078329537150003, 0.5739473376983828], [0.0, 0.0, 0.0, 1.0]], "psm2_transform": [[-0.11406439442306193, 0.9913406392717141, 0.06506190016629843, 0.01022812779344171], [0.8611073871978889, 0.13131541009473802, -0.49117240433973447, -0.07721529969702769], [-0.49546279541265764, 0.0, -0.868629160437223, -0.005392887057089041], [0.0, 0.0, 0.0, 1.0]]}