{"ecm_psm_transform": [[-0.6920232537121763, 0.1680057631151295, -0.7020526190263208, 0.016645974668497644], [0.40417794535763507, -0.7156315636482447, -0.5696592434050811, 0.2226868301468125], [-0.5981170494210092, -0.6779716282194055, 0.4273294589908761, -0.1800821996649952], [0.0, 0.0, 0.0, 1.0]], "suj_ecm_transform": [[0.99349422905525, 0.11388246906338868, -8.598893312836068e-06, -0.09248982263987834], [-0.11388246935841247, 0.9934942242428857, -9.782053544352386e-05, 1.0067476914670177], [-2.597093260227816e-06, 9.816340065045079e-05, 0.999999995178601, 0.742545487611292], [0.0, 0.0, 0.0, 1.0]], "suj_psm2_transform": [[0.18808872613354594, -0.9527303503856519, -0.23859486699318014, 0.002056899569576276], [-0.7648969330946731, -0.2944794551845081, 0.5729001066648522, 0.27360589817944303], [-0.6160806058007537, 0.07474443075085027, -0.784128788674353, -0.2374449849971496], [0.0, 0.0, 0.0, 1.0]], "ecm_transform": [[0.9594787247161702, 0.28107161898313593, 0.019983038288272637, -0.0883302311583112], [0.2384486007568387, -0.7720982241426526, -0.5890726585684215, 0.8838082476381437], [-0.15014273746717635, 0.569967610727102, -0.807832953715, 0.5739588295388658], [0.0, 0.0, 0.0, 1.0]], "psm2_transform": [[-0.07082792892702158, 0.9966695496568408, 0.040413033426590805, 0.006351779987168577], [0.865667581630588, 0.0815463597399048, -0.4939330210939732, -0.0776322293174387], [-0.4955835374563587, 0.0, -0.8685602785082001, -0.005382713517889097], [0.0, 0.0, 0.0, 1.0]]}