{"ecm_psm_transform": [[-0.6887102972827468, 0.17334832222359256, -0.7040088675570617, 0.01639967514517755], [0.39098674476449036, -0.7289153047460685, -0.5619713906645194, 0.2238214209381077], [-0.6105796359486436, -0.6622936189404305, 0.4342345800090204, -0.1790108688100473], [0.0, 0.0, 0.0, 1.0]], "suj_ecm_transform": [[0.9934886622507285, 0.11393102257609541, -8.603673948291802e-06, -0.09244999955973984], [-0.11393102287135437, 0.9934886574383787, -9.782011508505765e-05, 1.0067332828348698], [-2.5970932602259746e-06, 9.816340065044673e-05, 0.999999995178601, 0.742550287371065], [0.0, 0.0, 0.0, 1.0]], "suj_psm2_transform": [[0.18809596470310325, -0.9527269515058141, -0.23860273245888775, 0.0021095246143649216], [-0.7648964239952685, -0.2944897866578971, 0.5728954757313389, 0.2735478852606355], [-0.6160790279028007, 0.0747470496315735, -0.7841297787673389, -0.23747973127076472], [0.0, 0.0, 0.0, 1.0]], "ecm_transform": [[0.9594905300479473, 0.28103338908402253, 0.019953871009347757, -0.08830637419290384], [0.2384010929802375, -0.772112140133794, -0.5890736472834622, 0.8838057392732901], [-0.15014273746717627, 0.5699676107271018, -0.8078329537150002, 0.5739688698572303], [0.0, 0.0, 0.0, 1.0]], "psm2_transform": [[-0.052442682095782525, 0.998176038837048, 0.029905862070515894, 0.004702074440694253], [0.8670963708069883, 0.060370485268714136, -0.494468692883351, -0.07774491158449301], [-0.4953722325968124, 0.0, -0.8686808108690152, -0.005399699282065323], [0.0, 0.0, 0.0, 1.0]]}