{"ecm_psm_transform": [[-0.7200595767587123, 0.10462715610181575, -0.6859791280528228, 0.01920706924431143], [0.5334128873955932, -0.5488349769543776, -0.6436232280082692, 0.21109785130929604], [-0.4438298068836306, -0.8293571765394778, 0.33938440777988765, -0.19394936991705322], [0.0, 0.0, 0.0, 1.0]], "suj_ecm_transform": [[0.9934957736561656, 0.11386899338019472, -8.597566482469409e-06, -0.09248266376900877], [-0.11386899367515323, 0.9934957688437973, -9.782065206921469e-05, 1.006747376456929], [-2.5970932602291315e-06, 9.816340065046906e-05, 0.9999999951786008, 0.7425434555901915], [0.0, 0.0, 0.0, 1.0]], "suj_psm2_transform": [[0.18813893920882038, -0.9527233950742016, -0.23858305059594512, 0.0020940414410463987], [-0.7648884879738009, -0.2945118047795863, 0.5728947528216888, 0.27359388937863216], [-0.6160757587493059, 0.07470561775233742, -0.7841362956512786, -0.23746560160321262], [0.0, 0.0, 0.0, 1.0]], "ecm_transform": [[0.9594961792133989, 0.2810150921207228, 0.01993991161642003, -0.08829213499882757], [0.2383783556884968, -0.7721187996172743, -0.5890741199686405, 0.8837971373010398], [-0.15014273746717638, 0.5699676107271021, -0.807832953715, 0.5739551975062863], [0.0, 0.0, 0.0, 1.0]], "psm2_transform": [[-0.2700398368129002, 0.9504288496419413, 0.15415410569413424, 0.0242128315068037], [0.8254065153796724, 0.3109421196433447, -0.47118900942242975, -0.07400918737539115], [-0.4957646325655441, 0.0, -0.8684569241460115, -0.005352745985016425], [0.0, 0.0, 0.0, 1.0]]}