{"ecm_psm_transform": [[-0.681922145470323, 0.1841148541757358, -0.7078728049508606, 0.015778373559977146], [0.36285415859666403, -0.7551552061011845, -0.5459647189035065, 0.2263072875382095], [-0.6350740485221064, -0.629160023499686, 0.4481502178105197, -0.17686528817576164], [0.0, 0.0, 0.0, 1.0]], "suj_ecm_transform": [[0.9934879222844046, 0.11393747496317058, -8.604309258310164e-06, -0.09245061360245198], [-0.11393747525846079, 0.9934879174720567, -9.782005920491111e-05, 1.0067327157862498], [-2.5970932602313207e-06, 9.816340065045941e-05, 0.9999999951786012, 0.7425430204219514], [0.0, 0.0, 0.0, 1.0]], "suj_psm2_transform": [[0.18814709629544693, -0.9527174577594387, -0.23860032656302896, 0.0020972567738565123], [-0.7648810259258224, -0.2945293412177547, 0.572895700228669, 0.2735146111434716], [-0.616082532080121, 0.074712200089595, -0.7841303468324123, -0.23752990700571797], [0.0, 0.0, 0.0, 1.0]], "ecm_transform": [[0.9594948445741711, 0.28101941502736555, 0.01994320970316621, -0.08829634754413268], [0.23838372767756139, -0.7721172262679523, -0.5890740083205454, 0.8838082810432291], [-0.15014273746717635, 0.5699676107271018, -0.8078329537150002, 0.5739579571424176], [0.0, 0.0, 0.0, 1.0]], "psm2_transform": [[-0.014583904786797185, 0.999859064335199, 0.008316320575236943, 0.001307636531357772], [0.8685652678018041, 0.016788432527799466, -0.49529034323479393, -0.07787816024926306], [-0.49536015714785736, 0.0, -0.8686876968798682, -0.005402090258711082], [0.0, 0.0, 0.0, 1.0]]}