{"ecm_psm_transform": [[-0.6756733512237922, 0.1906741241294623, -0.7121157917315641, 0.01516579627043637], [0.34589304067711646, -0.7710463660769082, -0.5346452148581646, 0.22799206557993512], [-0.6510173015036915, -0.6075614205552033, 0.45502262954252587, -0.17553885706644612], [0.0, 0.0, 0.0, 1.0]], "suj_ecm_transform": [[0.9934903128098704, 0.11391662863229061, -8.602256703158103e-06, -0.09246354633285114], [-0.11391662892747985, 0.9934903079975164, -9.782023972722026e-05, 1.0067408487497311], [-2.5970932602331486e-06, 9.816340065052514e-05, 0.999999995178601, 0.7425469486092633], [0.0, 0.0, 0.0, 1.0]], "suj_psm2_transform": [[0.18811800773706866, -0.9527600022196638, -0.23845333576073618, 0.002072932685740783], [-0.7649232743775316, -0.2944135686622571, 0.5728987998792717, 0.2736040055627369], [-0.6160389593853555, 0.07462592550810118, -0.784172794581314, -0.23753323260694081], [0.0, 0.0, 0.0, 1.0]], "ecm_transform": [[0.9594953572415685, 0.2810177545063184, 0.019941942836674206, -0.08829708823126566], [0.23838166418107162, -0.7721178306283734, -0.5890740512091814, 0.8838068492968347], [-0.15014273746717627, 0.5699676107271019, -0.807832953715, 0.5739554795159059], [0.0, 0.0, 0.0, 1.0]], "psm2_transform": [[0.009364058987807285, 0.9999420526762064, -0.005310902839226729, -0.0008383127002289506], [0.8697883290153967, -0.010765281682094572, -0.4933075829732492, -0.07786736538865663], [-0.4933361704840593, 0.0, -0.8698387338421549, -0.0055808049369352394], [0.0, 0.0, 0.0, 1.0]]}