{"ecm_psm_transform": [[-0.6721019594282726, 0.1975349576560686, -0.7136237780767204, 0.014942806965238203], [0.3253208121037322, -0.7869848693992795, -0.524233902517538, 0.22970465289588618], [-0.6651656375256055, -0.5844953001012194, 0.46467183992011024, -0.17422164152017275], [0.0, 0.0, 0.0, 1.0]], "suj_ecm_transform": [[0.9934905279108066, 0.1139147526772148, -8.602071994382932e-06, -0.09245898227365021], [-0.11391475297239496, 0.993490523098452, -9.782025597017298e-05, 1.00673105062747], [-2.597093260234057e-06, 9.816340065046829e-05, 0.9999999951786009, 0.7425486880462426], [0.0, 0.0, 0.0, 1.0]], "suj_psm2_transform": [[0.18822797322865495, -0.9527188963041158, -0.23853078358840935, 0.002149468041124536], [-0.7648777181079796, -0.2945498251447435, 0.5728895852161492, 0.27353403664464393], [-0.6160619339288569, 0.07461303594057025, -0.7841559720052945, -0.23755866664528602], [0.0, 0.0, 0.0, 1.0]], "ecm_transform": [[0.9595010887911487, 0.280999189046734, 0.019927778694034712, -0.0882809322941205], [0.23835859328848025, -0.7721245874061499, -0.5890745305378771, 0.8838045791896362], [-0.15014273746717632, 0.5699676107271019, -0.8078329537150003, 0.5739540314270672], [0.0, 0.0, 0.0, 1.0]], "psm2_transform": [[0.03444419899591669, 0.9992141007657217, -0.019615758626164347, -0.0030873469035359036], [0.8682835191804315, -0.039638123453945816, -0.49448210229359685, -0.07782710913529312], [-0.49487102105010666, 0.0, -0.8689664392396435, -0.005447249311601277], [0.0, 0.0, 0.0, 1.0]]}