{"ecm_psm_transform": [[-0.668577910649, 0.20179570824334706, -0.7157388277345197, 0.014568487051272734], [0.3125338634599901, -0.7971004112570103, -0.5166754479987199, 0.2308990204523587], [-0.6747786019006461, -0.5691304125668136, 0.4698557352087321, -0.17336583033634173], [0.0, 0.0, 0.0, 1.0]], "suj_ecm_transform": [[0.9934930632978946, 0.11389263850226611, -8.599894607128179e-06, -0.09247312121159368], [-0.11389263879733916, 0.9934930584855334, -9.782044741978355e-05, 1.006737903644244], [-2.5970932602223192e-06, 9.816340065043621e-05, 0.9999999951786012, 0.7425501454736025], [0.0, 0.0, 0.0, 1.0]], "suj_psm2_transform": [[0.18817118474395486, -0.9527434577700418, -0.23847748092522608, 0.0020953295263615446], [-0.7649057933588583, -0.2944709071586833, 0.5728926706837836, 0.2735695246988109], [-0.6160444241433505, 0.07461091417163612, -0.7841699299057321, -0.2375509544020371], [0.0, 0.0, 0.0, 1.0]], "ecm_transform": [[0.9594977704453291, 0.28100993796953, 0.019935979354008607, -0.08829124615160971], [0.23837195073310347, -0.7721206754675074, -0.5890742530609322, 0.8837972139840522], [-0.15014273746717632, 0.569967610727102, -0.8078329537150002, 0.5739546087674321], [0.0, 0.0, 0.0, 1.0]], "psm2_transform": [[0.05082753491030558, 0.9982884772278016, -0.02892538554866351, -0.00455488306100525], [0.8676302246048562, -0.058481759841827304, -0.49375872358666184, -0.07775223056248512], [-0.49460525173826086, 0.0, -0.869117739407574, -0.005470413647538343], [0.0, 0.0, 0.0, 1.0]]}