{"ecm_psm_transform": [[-0.664609696713422, 0.20686933251377485, -0.7179826114188274, 0.014201891692470475], [0.29662265015389266, -0.808899984018927, -0.5076374880462058, 0.23235395170450102], [-0.6857907512136449, -0.550350701934217, 0.47624064340450817, -0.17233124626889626], [0.0, 0.0, 0.0, 1.0]], "suj_ecm_transform": [[0.993496060123855, 0.11386649394999264, -8.597320385919334e-06, -0.09248168161505148], [-0.11386649424493904, 0.993496055311486, -9.782067369859162e-05, 1.0067371638030327], [-2.5970932602250065e-06, 9.816340065045715e-05, 0.999999995178601, 0.7425451972244699], [0.0, 0.0, 0.0, 1.0]], "suj_psm2_transform": [[0.18812540230003866, -0.9527447872643254, -0.23850828780171215, 0.0020822157870238334], [-0.7649107216098595, -0.2944537925225527, 0.5728948874229635, 0.2735962651938689], [-0.6160522875338854, 0.07466146536025933, -0.7841589409134644, -0.23750440923795813], [0.0, 0.0, 0.0, 1.0]], "ecm_transform": [[0.959480152948256, 0.2810669942969566, 0.019979509885533014, -0.08832377359051852], [0.23844285370766335, -0.7720999076796435, -0.5890727782514076, 0.8838142171281776], [-0.1501427374671762, 0.5699676107271014, -0.8078329537150004, 0.5739514142377236], [0.0, 0.0, 0.0, 1.0]], "psm2_transform": [[0.07056314911298552, 0.9966984557612691, -0.04016254810591627, -0.006323369455438577], [0.8662174697464893, -0.0811922920177862, -0.49302647679702616, -0.07762427214227388], [-0.49465961740700903, 0.0, -0.8690867982582358, -0.0054629214265342375], [0.0, 0.0, 0.0, 1.0]]}