{"ecm_psm_transform": [[-0.6595634840299062, 0.2131627363889587, -0.7207896075482104, 0.01374653103688751], [0.27611818800068555, -0.8231858102473102, -0.49610872604974127, 0.23421565687558596], [-0.6990956706986176, -0.5262383201769428, 0.48408519248971005, -0.17112614494574097], [0.0, 0.0, 0.0, 1.0]], "suj_ecm_transform": [[0.9934960236560322, 0.11386681213478446, -8.597351714728574e-06, -0.09248347609766555], [-0.11386681242973239, 0.9934960188436632, -9.782067094513468e-05, 1.0067423495993388], [-2.59709326022664e-06, 9.816340065044991e-05, 0.9999999951786009, 0.7425388050064345], [0.0, 0.0, 0.0, 1.0]], "suj_psm2_transform": [[0.18812570045683713, -0.9527588824401578, -0.23845174094354188, 0.002080057888193945], [-0.7649236385811642, -0.29441845372433956, 0.5728958031320541, 0.27363400075980876], [-0.616036158003227, 0.07462094905554725, -0.7841754688809596, -0.23751332609510722], [0.0, 0.0, 0.0, 1.0]], "ecm_transform": [[0.9594805305179636, 0.28106577168724295, 0.01997857709703589, -0.08833949623994365], [0.23844133438401602, -0.7721003527443137, -0.5890728098879429, 0.8838026664401221], [-0.15014273746717632, 0.569967610727102, -0.8078329537150001, 0.573954906295477], [0.0, 0.0, 0.0, 1.0]], "psm2_transform": [[0.09537803958106501, 0.9939575072531013, -0.05432774006779527, -0.008550117552197681], [0.8636746874664766, -0.10976554001689753, -0.4919528030761516, -0.07742369351615386], [-0.4949434955581867, 0.0, -0.868925161452149, -0.005444026398088012], [0.0, 0.0, 0.0, 1.0]]}