{"ecm_psm_transform": [[-0.6560278963066781, 0.21699194578006098, -0.7228705933526536, 0.013419216172366358], [0.2631426204132369, -0.8319184333472056, -0.4885362643439954, 0.23528767393811978], [-0.7073778061188303, -0.5107114799216032, 0.48866187050638255, -0.17036353980383484], [0.0, 0.0, 0.0, 1.0]], "suj_ecm_transform": [[0.9934821438960495, 0.1139878488506112, -8.609269137449472e-06, -0.09239022674546812], [-0.11398784914614543, 0.9934821390837165, -9.781962280433567e-05, 1.0067183024030806], [-2.5970932602236906e-06, 9.816340065045246e-05, 0.9999999951786009, 0.7425498549494491], [0.0, 0.0, 0.0, 1.0]], "suj_psm2_transform": [[0.18800873534442072, -0.9527374544229822, -0.23862954212294715, 0.0020706618464638726], [-0.764911866567706, -0.29443727359494043, 0.5729018487506268, 0.2735313774676341], [-0.6160864807947821, 0.0748200164233746, -0.7841169640584921, -0.23748203656427336], [0.0, 0.0, 0.0, 1.0]], "ecm_transform": [[0.959508933141781, 0.28097377669035245, 0.019908391031950246, -0.08826073276406285], [0.23832701401012785, -0.7721338352477496, -0.5890751860829119, 0.8837888500389018], [-0.15014273746717624, 0.5699676107271016, -0.8078329537150002, 0.5739492333152689], [0.0, 0.0, 0.0, 1.0]], "psm2_transform": [[0.11118601507499812, 0.9917831013561227, -0.06327677232739641, -0.00996410846735138], [0.8619694680116246, -0.12793076199425557, -0.49055311267112167, -0.07724674068964191], [-0.49461733316524537, 0.0, -0.8691108638905055, -0.005469986069490368], [0.0, 0.0, 0.0, 1.0]]}