{"ecm_psm_transform": [[-0.656401577587055, 0.21655380045890846, -0.7226627293890482, 0.013457799694341497], [0.2650110000268371, -0.830678996327946, -0.48963412352936775, 0.23516586534199813], [-0.7063328810171596, -0.5129101837226473, 0.4878698644388676, -0.17053429591956284], [0.0, 0.0, 0.0, 1.0]], "suj_ecm_transform": [[0.993487659285425, 0.11393976818270844, -8.604535051574338e-06, -0.09245103644686928], [-0.11393976847800978, 0.9934876544730779, -9.782003934374225e-05, 1.0067396519251295], [-2.5970932602294377e-06, 9.816340065045995e-05, 0.999999995178601, 0.7425436014702587], [0.0, 0.0, 0.0, 1.0]], "suj_psm2_transform": [[0.1881513643012151, -0.952750510491147, -0.23846494264451162, 0.0020736501117671335], [-0.7649107464514707, -0.29444759706028795, 0.5728980385273423, 0.27357417328910477], [-0.6160443280110981, 0.07461284972631094, -0.7841698212639105, -0.23754457694732634], [0.0, 0.0, 0.0, 1.0]], "ecm_transform": [[0.9594852574330581, 0.2810504647289369, 0.019966898714293566, -0.08832003077921734], [0.23842231261876648, -0.7721059247264508, -0.5890732058478231, 0.883807045974752], [-0.15014273746717632, 0.569967610727102, -0.8078329537150002, 0.573959846991394], [0.0, 0.0, 0.0, 1.0]], "psm2_transform": [[0.1089197508375061, 0.9921155936051913, -0.06199303834233664, -0.009760432768453621], [0.8622379757146577, -0.1253261701537984, -0.4907535270480188, -0.0772662049597024], [-0.49465357687272915, 0.0, -0.8690902363316568, -0.005462807684314203], [0.0, 0.0, 0.0, 1.0]]}