{"ecm_psm_transform": [[-0.7177183912427612, 0.11154897166262852, -0.6873406271950707, 0.01890605998920919], [0.5214995765617967, -0.5679929082383725, -0.6367277658754822, 0.21219075366879203], [-0.4614309293033681, -0.8154390738196977, 0.3494862148501772, -0.19236131324810046], [0.0, 0.0, 0.0, 1.0]], "suj_ecm_transform": [[0.993491353838371, 0.1139075492424357, -8.601362735725193e-06, -0.09246242549865863], [-0.11390754953758096, 0.9934913490260141, -9.782031833802209e-05, 1.006751952458118], [-2.59709326022128e-06, 9.81634006504523e-05, 0.9999999951786012, 0.7425527628002775], [0.0, 0.0, 0.0, 1.0]], "suj_psm2_transform": [[0.18803535479330974, -0.95276083062885, -0.23851520908985693, 0.0020061792058249095], [-0.764928681879903, -0.2943868557204523, 0.5729053070242061, 0.2736218725640192], [-0.6160574786375281, 0.0747206718281471, -0.7841492231816098, -0.2374629098983203], [0.0, 0.0, 0.0, 1.0]], "ecm_transform": [[0.9595028706844443, 0.2809934167933376, 0.019923374892731785, -0.08828058831706051], [0.23835142024786266, -0.7721266880770566, -0.5890746794974151, 0.8838008867931453], [-0.15014273746717632, 0.5699676107271019, -0.8078329537150001, 0.5739464692845395], [0.0, 0.0, 0.0, 1.0]], "psm2_transform": [[-0.2495984411673544, 0.957806556879206, 0.1425033956298133, 0.02238302396714081], [0.8317873319432368, 0.28741363850590035, -0.4748928666757918, -0.07459147460767339], [-0.49581292095464635, 0.0, -0.868429356605603, -0.005352991084475983], [0.0, 0.0, 0.0, 1.0]]}