{"ecm_psm_transform": [[-0.6498441474402736, 0.22228041595581, -0.7268383594170963, 0.012930948000862409], [0.24606539829373614, -0.8432556438061006, -0.4778825576977091, 0.23689217135897211], [-0.7191344824163065, -0.4893989536887787, 0.4932892258383109, -0.16946146090054043], [0.0, 0.0, 0.0, 1.0]], "suj_ecm_transform": [[0.9934852522197652, 0.1139607544190375, -8.606601383280522e-06, -0.09242248374776837], [-0.11396075471444048, 0.9934852474074243, -9.781985756120676e-05, 1.0067395335715696], [-2.5970932602323824e-06, 9.8163400650462e-05, 0.9999999951786012, 0.7425467997079098], [0.0, 0.0, 0.0, 1.0]], "suj_psm2_transform": [[0.1881340500217482, -0.9527346273478412, -0.23854204886096042, 0.002152419452099999], [-0.7649034111312287, -0.29448159836277177, 0.5728903558845427, 0.2735587469907321], [-0.6160587235501379, 0.07468144400102114, -0.7841519821180698, -0.23753506914720068], [0.0, 0.0, 0.0, 1.0]], "ecm_transform": [[0.9594836262041235, 0.28105574721531373, 0.01997092895755327, -0.08832678606831844], [0.23842887709346067, -0.7721040018542067, -0.5890730692271298, 0.8838008172288584], [-0.15014273746717627, 0.5699676107271019, -0.8078329537150002, 0.5739579524731573], [0.0, 0.0, 0.0, 1.0]], "psm2_transform": [[0.13255499744116683, 0.9883261280135137, -0.07510417657619294, -0.01186314319950153], [0.8598943777662758, -0.15235309214392637, -0.48720652130296216, -0.07695711468302222], [-0.4929612882765964, 0.0, -0.8700512446176251, -0.00561238978048733], [0.0, 0.0, 0.0, 1.0]]}