{"ecm_psm_transform": [[-0.642278041765598, 0.23131537113480963, -0.7307339571571273, 0.01217161598031373], [0.21176771105553746, -0.8627088204062489, -0.45922535616792476, 0.24000229308073306], [-0.7366365139063142, -0.4496962199863639, 0.5051138051072536, -0.1677630682490942], [0.0, 0.0, 0.0, 1.0]], "suj_ecm_transform": [[0.9934945287524711, 0.1138798545176845, -8.598635881796179e-06, -0.09247549634251243], [-0.11387985481269562, 0.9934945239401061, -9.782055807262401e-05, 1.00673764346206], [-2.5970932602297215e-06, 9.81634006504715e-05, 0.999999995178601, 0.7425492751371223], [0.0, 0.0, 0.0, 1.0]], "suj_psm2_transform": [[0.18806168023534314, -0.9527610980270423, -0.23849338463228795, 0.0020545062152516613], [-0.7649295956652192, -0.29439377081555884, 0.5729005335836586, 0.2736348746441018], [-0.6160483082539095, 0.07469001132213815, -0.7841593486697683, -0.23748873276283755], [0.0, 0.0, 0.0, 1.0]], "ecm_transform": [[0.9594824253704572, 0.28105963583084154, 0.019973895760707613, -0.08832100856568711], [0.2384337094269337, -0.7721025863372522, -0.5890729686382145, 0.8838022735868082], [-0.15014273746717627, 0.5699676107271018, -0.8078329537150002, 0.5739490889458453], [0.0, 0.0, 0.0, 1.0]], "psm2_transform": [[0.17102840088467683, 0.9804476620808217, -0.09732249488726216, -0.015325179987583103], [0.8521413076663267, -0.19678003435371916, -0.48490494929261324, -0.0763570193446796], [-0.4945750477526672, 0.0, -0.8691349274654925, -0.005469844572056407], [0.0, 0.0, 0.0, 1.0]]}