{"ecm_psm_transform": [[-0.6317437370337189, 0.24144550107019008, -0.7366165357440981, 0.011316333961103936], [0.1714656344410529, -0.8831926337035723, -0.4365435922991828, 0.24351635004290068], [-0.7559757846150886, -0.40208810201834233, 0.5165518089126091, -0.16607767142393248], [0.0, 0.0, 0.0, 1.0]], "suj_ecm_transform": [[0.9934848322028093, 0.1139644159765518, -8.606961905045657e-06, -0.0924323937493137], [-0.11396441627197251, 0.9934848273904694, -9.781982584028368e-05, 1.0067241499225683], [-2.597093260225311e-06, 9.816340065042588e-05, 0.9999999951786012, 0.7425409809849659], [0.0, 0.0, 0.0, 1.0]], "suj_psm2_transform": [[0.18813123109127494, -0.9527497829767299, -0.2384837330424775, 0.002139989831741948], [-0.7649173398742065, -0.29444268695238784, 0.5728917587642763, 0.2735509241524392], [-0.6160422899832844, 0.07464151082375325, -0.7841686947424633, -0.23755927327188675], [0.0, 0.0, 0.0, 1.0]], "ecm_transform": [[0.9594808509993936, 0.28106473392860265, 0.019977785340808338, -0.08834562475584068], [0.23844004477298317, -0.7721007305162216, -0.5890728367400545, 0.8838072033355415], [-0.15014273746717627, 0.5699676107271018, -0.8078329537150003, 0.5739617371150323], [0.0, 0.0, 0.0, 1.0]], "psm2_transform": [[0.21570528956733978, 0.9686960744692275, -0.1228785716086378, -0.019335366243990123], [0.8417043978950973, -0.24824970354042528, -0.4794849228663429, -0.07544860320821295], [-0.49497973152112185, 0.0, -0.868904520291659, -0.005436195582547026], [0.0, 0.0, 0.0, 1.0]]}