{"ecm_psm_transform": [[-0.6281646004124821, 0.24442164162808444, -0.7386929645613658, 0.010889731719273581], [0.15874585387858317, -0.8891502637678901, -0.42919874454365714, 0.24472843595209626], [-0.7617145060092962, -0.38687190327720117, 0.5197317979397543, -0.1654448476766466], [0.0, 0.0, 0.0, 1.0]], "suj_ecm_transform": [[0.9934944872953413, 0.1138802161915314, -8.598671492605641e-06, -0.09248361529959435], [-0.11388021648654427, 0.9934944824829763, -9.782055494237846e-05, 1.0067497850163885], [-2.5970932602262723e-06, 9.816340065049866e-05, 0.9999999951786009, 0.7425459268994681], [0.0, 0.0, 0.0, 1.0]], "suj_psm2_transform": [[0.1880407279137604, -0.9527423038957505, -0.23858496812054347, 0.002036682650244148], [-0.7649142097554822, -0.29443467102338566, 0.572900057788003, 0.2736197251054458], [-0.6160738075586476, 0.07476848846117096, -0.7841318363473213, -0.23743915360122125], [0.0, 0.0, 0.0, 1.0]], "ecm_transform": [[0.9594970625680505, 0.28101223086984367, 0.01993772867797379, -0.0882818977272326], [0.23837480007153727, -0.7721198409726256, -0.5890741938561407, 0.8838009184289863], [-0.15014273746717632, 0.5699676107271018, -0.8078329537150003, 0.5739546104154065], [0.0, 0.0, 0.0, 1.0]], "psm2_transform": [[0.2297248679070864, 0.9644265412629613, -0.13079729191628242, -0.020589714770746777], [0.8381007343939743, -0.26435099112271454, -0.4771851972774508, -0.07511705296661539], [-0.494786463106412, 0.0, -0.8690145890183014, -0.00545482828257032], [0.0, 0.0, 0.0, 1.0]]}