{"ecm_psm_transform": [[-0.6167926163155066, 0.253707137557221, -0.7451171430125562, 0.0099019812944117], [0.11682650160714614, -0.9066387156467953, -0.4054106656374066, 0.24843224374424072], [-0.7784076290613473, -0.3371037342463756, 0.5295683481631444, -0.16396589225333758], [0.0, 0.0, 0.0, 1.0]], "suj_ecm_transform": [[0.9934913312145751, 0.11390774656496323, -8.601382164327498e-06, -0.09245106459441833], [-0.11390774686010945, 0.9934913264022183, -9.782031662966267e-05, 1.0067346148945417], [-2.5970932602259636e-06, 9.816340065045606e-05, 0.999999995178601, 0.7425393822094679], [0.0, 0.0, 0.0, 1.0]], "suj_psm2_transform": [[0.18803442332181958, -0.9527540758829559, -0.23854292388257084, 0.002066422664793219], [-0.7649287215035395, -0.2944028031303592, 0.5728970592767498, 0.2735703613523129], [-0.6160577137452234, 0.07474396562534111, -0.7841468184833797, -0.23747183507072822], [0.0, 0.0, 0.0, 1.0]], "ecm_transform": [[0.9595115450260956, 0.28096531448233963, 0.019901935068598497, -0.08826111637148557], [0.23831649826962734, -0.7721369145299808, -0.5890754042332983, 0.88379883109795], [-0.1501427374671763, 0.5699676107271018, -0.807832953715, 0.5739549028621969], [0.0, 0.0, 0.0, 1.0]], "psm2_transform": [[0.2742018338912453, 0.948895024743315, -0.1562420759848685, -0.024581680167495915], [0.8244469391530521, -0.3155918757151133, -0.4697754915954854, -0.07391012191905821], [-0.49507635654698906, 0.0, -0.8688494698094478, -0.005429497531249543], [0.0, 0.0, 0.0, 1.0]]}