{"ecm_psm_transform": [[-0.6129874449435705, 0.2564325794238257, -0.7473210317872748, 0.009573016389744459], [0.10388690190070818, -0.9114934584565237, -0.39797887733451176, 0.2496680281485537], [-0.783232981912168, -0.3215929218764136, 0.5320940599592943, -0.16351042587481457], [0.0, 0.0, 0.0, 1.0]], "suj_ecm_transform": [[0.9934955092905459, 0.11387129992055445, -8.59779358689765e-06, -0.09248722721019031], [-0.11387130021552413, 0.9934955044781784, -9.782063210844528e-05, 1.0067489664876756], [-2.597093260224862e-06, 9.816340065042769e-05, 0.9999999951786009, 0.7425374920858299], [0.0, 0.0, 0.0, 1.0]], "suj_psm2_transform": [[0.18803371148708667, -0.9527488822255964, -0.23856422775065866, 0.0020796866228709743], [-0.7649236979820843, -0.29441567804824453, 0.5728971502676601, 0.2736430796072195], [-0.6160641684190086, 0.07475945383207058, -0.7841402709036989, -0.23743816132560158], [0.0, 0.0, 0.0, 1.0]], "ecm_transform": [[0.9594950225432655, 0.28101883859024945, 0.019942769920100717, -0.08829445716806443], [0.2383830113505602, -0.772117436067485, -0.5890740232093182, 0.8838038600241489], [-0.1501427374671763, 0.5699676107271018, -0.8078329537150004, 0.5739618873896977], [0.0, 0.0, 0.0, 1.0]], "psm2_transform": [[0.2877939181385425, 0.9435627925695441, -0.16390215727936397, -0.02579614523505426], [0.8199179090901829, -0.33119368423682755, -0.46695328018423765, -0.07349259359098245], [-0.4948831003738647, 0.0, -0.8689595600281704, -0.005446166597250793], [0.0, 0.0, 0.0, 1.0]]}