{"ecm_psm_transform": [[-0.7159633792428555, 0.11636845069223672, -0.6883711377350449, 0.018841156384928007], [0.5131101830440691, -0.5809024750587474, -0.6318783542163028, 0.21293726050559125], [-0.47340720277540477, -0.8056120022406008, 0.356195062018351, -0.19136603608407415], [0.0, 0.0, 0.0, 1.0]], "suj_ecm_transform": [[0.9934892402703496, 0.11392598208059868, -8.603177654939313e-06, -0.09243849610150277], [-0.11392598237583323, 0.9934892354579983, -9.782015873480031e-05, 1.0067361519494886], [-2.5970932602271867e-06, 9.816340065045455e-05, 0.9999999951786009, 0.7425472341894941], [0.0, 0.0, 0.0, 1.0]], "suj_psm2_transform": [[0.18808342790879917, -0.9527680528794797, -0.2384484463323692, 0.002100509591370203], [-0.7649367740731123, -0.29438252508519014, 0.572896727687537, 0.27361555432415313], [-0.6160327554738433, 0.07464560493902234, -0.7841757952440203, -0.23753746114855312], [0.0, 0.0, 0.0, 1.0]], "ecm_transform": [[0.9594787910685925, 0.2810714041334015, 0.019982874368586645, -0.08834134189183526], [0.23844833376523142, -0.7720983023556762, -0.5890726641290256, 0.8838183371642323], [-0.15014273746717632, 0.5699676107271019, -0.8078329537150002, 0.5739566495777297], [0.0, 0.0, 0.0, 1.0]], "psm2_transform": [[-0.23552335120006102, 0.962524024012234, 0.13444796108081736, 0.02112058635754893], [0.835913969931082, 0.2711964291787343, -0.4771795591543729, -0.07496069115632728], [-0.49575859640913006, 0.0, -0.8684603698997724, -0.005359169857562924], [0.0, 0.0, 0.0, 1.0]]}