{"ecm_psm_transform": [[-0.7128494561424479, 0.124945872282782, -0.6900972263941589, 0.01862140388379974], [0.4974003821639284, -0.6036178262160528, -0.6230877784850103, 0.2143007389546841], [-0.4944072336653198, -0.7874224081607673, 0.36814051451273866, -0.18950636586332337], [0.0, 0.0, 0.0, 1.0]], "suj_ecm_transform": [[0.9934854714860916, 0.11395884288631583, -8.606413171278327e-06, -0.09242069606112846], [-0.11395884318170957, 0.9934854666737499, -9.78198741206941e-05, 1.0067436546659845], [-2.5970932602248138e-06, 9.816340065045062e-05, 0.9999999951786009, 0.7425501469842457], [0.0, 0.0, 0.0, 1.0]], "suj_psm2_transform": [[0.1882148788893601, -0.9527348874331208, -0.23847723923356315, 0.00215745833435127], [-0.7648940274261485, -0.294505630693366, 0.5728905308151891, 0.27357690434261966], [-0.6160456851342033, 0.07458329409258724, -0.7841715667313045, -0.2375584046974224], [0.0, 0.0, 0.0, 1.0]], "ecm_transform": [[0.9594846172801379, 0.281052537785545, 0.019968480340083694, -0.0883157240330862], [0.23842488877768211, -0.7721051701202006, -0.5890731522357866, 0.8837931756472841], [-0.15014273746717632, 0.5699676107271019, -0.8078329537150002, 0.5739598490513618], [0.0, 0.0, 0.0, 1.0]], "psm2_transform": [[-0.2100500126122116, 0.9703085192654669, 0.11991817894909322, 0.018836493205939088], [0.8426544342821928, 0.24187057994071332, -0.481073930850239, -0.07556607271247644], [-0.4957948129883645, 0.0, -0.8684396947479041, -0.00535526850701144], [0.0, 0.0, 0.0, 1.0]]}