{"ecm_psm_transform": [[-0.7108930775455412, 0.1296467808115137, -0.6912472383474966, 0.0183736223118559], [0.4882553158827059, -0.616436960059925, -0.6177476999425882, 0.21506690494849814], [-0.5061993469080225, -0.7766577022712708, 0.3749200377315162, -0.18845412478022866], [0.0, 0.0, 0.0, 1.0]], "suj_ecm_transform": [[0.9934806338024949, 0.11400100957996502, -8.61056496125377e-06, -0.09238985437325387], [-0.11400100987556298, 0.9934806289901659, -9.781950874803729e-05, 1.0067236495071197], [-2.5970932602253914e-06, 9.816340065043084e-05, 0.9999999951786009, 0.742547090644057], [0.0, 0.0, 0.0, 1.0]], "suj_psm2_transform": [[0.18811730293548978, -0.9527483681022525, -0.23850037193843554, 0.002087180312327311], [-0.7649111834662624, -0.29444277744673, 0.5728999321152844, 0.27351984120343226], [-0.6160541873443596, 0.07465921167511999, -0.7841576629527575, -0.23756718320497794], [0.0, 0.0, 0.0, 1.0]], "ecm_transform": [[0.9594882802824349, 0.28104067527249355, 0.01995942992764413, -0.08831350177121615], [0.23841014740677102, -0.7721094880678647, -0.5890734589582708, 0.8838082031142057], [-0.15014273746717624, 0.5699676107271016, -0.8078329537150002, 0.5739559256706419], [0.0, 0.0, 0.0, 1.0]], "psm2_transform": [[-0.19535701263524408, 0.974371557009778, 0.11151549894330401, 0.01751876089535127], [0.8462097975868067, 0.22494459071144818, -0.4830413124958929, -0.07588438680164578], [-0.4957465240244544, 0.0, -0.8684672612814321, -0.005360906088522504], [0.0, 0.0, 0.0, 1.0]]}