{"ecm_psm_transform": [[-0.39403886020870255, 0.022180920497869787, -0.9188260898621101, -0.0011631092625258143], [0.6128163615659211, -0.7387134979589951, -0.2806394037377724, -0.07524753010782509], [-0.6849740751609025, -0.6736544920796219, 0.2774889937608587, 0.17741895986824832], [0.0, 0.0, 0.0, 1.0]], "suj_ecm_transform": [[0.9680019197396712, 0.2509427880833461, -2.2119406291960087e-05, 0.0035210057213672513], [-0.2509427890447669, 0.9680019150151016, -9.567408210142126e-05, 0.907400141612719], [-2.5970932602311627e-06, 9.816340065042552e-05, 0.999999995178601, 1.0884634276306289], [0.0, 0.0, 0.0, 1.0]], "suj_psm2_transform": [[0.018661198612333854, -0.9994259779573589, 0.028274975691031046, 0.01268815916713148], [-0.8201193965573035, 0.0008747993113592673, 0.5721917599167692, -0.02355842941170938], [-0.5718880441632224, -0.03386664007754847, -0.8196323051423868, 0.12119399151566923], [0.0, 0.0, 0.0, 1.0]], "ecm_transform": [[0.9448783398256324, -0.3043445803583175, -0.12074476938930495, -0.00625828522373378], [-0.3216507856311302, -0.7938705883088981, -0.5160525759270668, 0.8655637024605011], [0.061202083553042186, 0.5264445511396275, -0.8480037968925391, 1.0197110799633795], [0.0, 0.0, 0.0, 1.0]], "psm2_transform": [[-0.11820733793293722, 0.9915021406548646, 0.054318784371794375, 0.009978365615993983], [0.9009339134233774, 0.13009037272919588, -0.41399828328969873, -0.07605152219134614], [-0.41754653501429884, 0.0, -0.9086555403988648, -0.011893949139998031], [0.0, 0.0, 0.0, 1.0]]}