{"ecm_psm_transform": [[-0.3914042221663198, 0.018189900618571595, -0.9200390548155358, -0.0013800107998198745], [0.5108098608900974, -0.827329029006222, -0.23366635140957162, -0.06657794472966932], [-0.7654253855783839, -0.5614230181236859, 0.3145284944692197, 0.18424537561955778], [0.0, 0.0, 0.0, 1.0]], "suj_ecm_transform": [[0.9680027101271317, 0.2509397391751127, -2.2119104948046933e-05, 0.003516781202577521], [-0.25093974013651865, 0.968002705402559, -9.567415177027378e-05, 0.9073895915080192], [-2.597093260240087e-06, 9.81634006504548e-05, 0.9999999951786009, 1.0884742371582112], [0.0, 0.0, 0.0, 1.0]], "suj_psm2_transform": [[0.018550058128647774, -0.9994272683536902, 0.02830248424616999, 0.012698431435382684], [-0.8201441447424311, 0.0009802793331649476, 0.5721561158435129, -0.023500306454119768], [-0.5718561682697233, -0.03382564594371967, -0.8196562379975889, 0.12122107123759207], [0.0, 0.0, 0.0, 1.0]], "ecm_transform": [[0.9448898172026193, -0.30431625121271016, -0.1207263541843424, -0.006303233994208644], [-0.3216170678237818, -0.7938814482170741, -0.5160568843269066, 0.8655633275733681], [0.06120208355304223, 0.5264445511396275, -0.848003796892539, 1.019720885611334], [0.0, 0.0, 0.0, 1.0]], "psm2_transform": [[0.011514940534537547, 0.9999196985513571, -0.005291747674379711, -0.000972120332535061], [0.9085709661207285, -0.012672665424575801, -0.41753826540028965, -0.07670385331715968], [-0.41757179702050284, 0.0, -0.9086439315447321, -0.011896313141407041], [0.0, 0.0, 0.0, 1.0]]}