{"ecm_psm_transform": [[-0.39035592320157847, 0.016286526218934037, -0.9205199630019785, -0.0014251262911348789], [0.4568768402825779, -0.864618703757555, -0.20904078531715709, -0.062131793103247894], [-0.7993033254246175, -0.5021645608526413, 0.33006809568454637, 0.18704890011372893], [0.0, 0.0, 0.0, 1.0]], "suj_ecm_transform": [[0.9680010996616069, 0.250945951480868, -2.211971895164487e-05, 0.003511272629218992], [-0.2509459524423043, 0.9680010949370403, -9.567400981546515e-05, 0.9073961181867691], [-2.59709326023997e-06, 9.816340065048222e-05, 0.999999995178601, 1.0884729075003665], [0.0, 0.0, 0.0, 1.0]], "suj_psm2_transform": [[0.01868666513150187, -0.9994265025764097, 0.028239590899115263, 0.012742560269050407], [-0.8200924050190621, 0.00083524219006538, 0.5722305039060178, -0.023599947382484443], [-0.571925918084077, -0.03385215382173218, -0.819606476246568, 0.1211648957832101], [0.0, 0.0, 0.0, 1.0]], "ecm_transform": [[0.9448944075478372, -0.3043049201091995, -0.12071898849044338, -0.00629609010681622], [-0.3216035813755632, -0.7938857916430613, -0.5160586074019904, 0.8655580437674949], [0.061202083553042214, 0.5264445511396276, -0.8480037968925391, 1.019708356010472], [0.0, 0.0, 0.0, 1.0]], "psm2_transform": [[0.07516661105731454, 0.9965725005455395, -0.034543186572306775, -0.006345842451261176], [0.9055295549650637, -0.08272394548382467, -0.416140569914017, -0.07644814379601805], [-0.41757179702050284, 0.0, -0.9086439315447321, -0.011897062556249314], [0.0, 0.0, 0.0, 1.0]]}