{"ecm_psm_transform": [[-0.3900486816451931, 0.015544785012871057, -0.9206630141402178, -0.0013944935393447131], [0.4358272178538091, -0.8776501548584615, -0.19946137935632374, -0.06045276582867428], [-0.8111206211930847, -0.479049648090699, 0.3355514454439472, 0.18803048831641622], [0.0, 0.0, 0.0, 1.0]], "suj_ecm_transform": [[0.9679932743181154, 0.2509761350915259, -2.2122702200669542e-05, 0.0035421126397558594], [-0.2509761360531095, 0.9679932695935788, -9.567332004272895e-05, 0.9073841478289447], [-2.597093260227563e-06, 9.816340065042382e-05, 0.9999999951786009, 1.088470468641308], [0.0, 0.0, 0.0, 1.0]], "suj_psm2_transform": [[0.01873865868914182, -0.9994254724823617, 0.028241593863312153, 0.012807018501275164], [-0.8201031632231062, 0.0007930901267428903, 0.5722151454475026, -0.02368891343946472], [-0.57190879022969, -0.03388356476906296, -0.8196171299433372, 0.12113754429950063], [0.0, 0.0, 0.0, 1.0]], "ecm_transform": [[0.944867356269592, -0.30437168748234056, -0.12076239031778223, -0.006241869705013283], [-0.3216830490170074, -0.7938601957741351, -0.5160484527063066, 0.8655467585423708], [0.0612020835530422, 0.5264445511396275, -0.8480037968925389, 1.019709157326579], [0.0, 0.0, 0.0, 1.0]], "psm2_transform": [[0.09915474409875799, 0.9940276613229355, -0.04557790306239672, -0.008372628337957395], [0.9031796939803867, -0.10912840384086726, -0.41515952579296533, -0.07626450926600288], [-0.4176538963115334, 0.0, -0.9086061979184354, -0.011897624431619087], [0.0, 0.0, 0.0, 1.0]]}