{"ecm_psm_transform": [[-0.3897495086566838, 0.014967426550104775, -0.9207992705494182, -0.0014907820473179841], [0.42327987833022335, -0.8850833896687476, -0.19354983320383215, -0.05923504857720105], [-0.8178810824946529, -0.4651917555964928, 0.3386254057545417, 0.18866725943571078], [0.0, 0.0, 0.0, 1.0]], "suj_ecm_transform": [[0.9680049608637815, 0.2509310567743502, -2.2118246808694485e-05, 0.003497543791208882], [-0.2509310577357137, 0.9680049561392001, -9.567435016120916e-05, 0.9074005449596914], [-2.5970932602251233e-06, 9.816340065043426e-05, 0.9999999951786009, 1.0884721038782392], [0.0, 0.0, 0.0, 1.0]], "suj_psm2_transform": [[0.01863986741486961, -0.9994262277307714, 0.028280216876757358, 0.012733594771258488], [-0.8201279298111998, 0.0008947978348257599, 0.5721794981301153, -0.02353833878988426], [-0.5718765024778967, -0.03385874570439873, -0.81964068423485, 0.12120763186108263], [0.0, 0.0, 0.0, 1.0]], "ecm_transform": [[0.9448536254732482, -0.3044055704000003, -0.12078441596294112, -0.006231380939947228], [-0.3217233771407119, -0.7938472039913262, -0.5160432979085465, 0.8655387808887484], [0.06120208355304227, 0.5264445511396276, -0.8480037968925389, 1.0197179611148195], [0.0, 0.0, 0.0, 1.0]], "psm2_transform": [[0.11331844338780434, 0.99219283309782, -0.05207986499105388, -0.009567847674853915], [0.9015384777977997, -0.12471319877752081, -0.4143368087687899, -0.0761198492558657], [-0.4175970587039511, 0.0, -0.9086323219882775, -0.01190017555162004], [0.0, 0.0, 0.0, 1.0]]}