{"ecm_psm_transform": [[-0.38921882157876847, 0.013193358958630256, -0.9210508369293327, -0.001577089155393837], [0.3784546047815223, -0.909318058112079, -0.1729531188239745, -0.05545907402303777], [-0.839809991038745, -0.41589253957082095, 0.3489306155682483, 0.1905340769867465], [0.0, 0.0, 0.0, 1.0]], "suj_ecm_transform": [[0.9679948388503355, 0.25097010074852605, -2.212210578579181e-05, 0.0035415026703068397], [-0.2509701017100802, 0.967994834125793, -9.567345795079304e-05, 0.9073813637920302], [-2.5970932602396127e-06, 9.816340065043358e-05, 0.9999999951786009, 1.0884694930404628], [0.0, 0.0, 0.0, 1.0]], "suj_psm2_transform": [[0.018550027630977843, -0.9994293131416071, 0.028230205599426184, 0.012692423917820217], [-0.8200786453918162, 0.0009427932413399939, 0.572250055931171, -0.02354691747534715], [-0.5719500955915771, -0.03376624311646165, -0.8195931484453651, 0.12121319557895305], [0.0, 0.0, 0.0, 1.0]], "ecm_transform": [[0.944886274903876, -0.3043249948836911, -0.12073203794899802, -0.006294351206086131], [-0.3216274746769053, -0.7938780964760503, -0.5160555546339167, 0.8655713610617229], [0.061202083553042255, 0.5264445511396278, -0.8480037968925387, 1.0197282059422297], [0.0, 0.0, 0.0, 1.0]], "psm2_transform": [[0.16274684512706278, 0.9838268362634529, -0.07482125800220699, -0.01374230649630685], [0.8938854560486188, -0.17912218245612402, -0.4109550282170882, -0.07547948410318193], [-0.4177107322848439, 0.0, -0.9085800702932348, -0.011890577349454787], [0.0, 0.0, 0.0, 1.0]]}