{"ecm_psm_transform": [[-0.38891016973198334, 0.012753091491763062, -0.921187406848597, -0.001550901411297427], [0.3648249059315103, -0.9160307341123677, -0.16670477549734897, -0.05429784498752818], [-0.8459619778046201, -0.4009052915826373, 0.3516010228795359, 0.19104616558966014], [0.0, 0.0, 0.0, 1.0]], "suj_ecm_transform": [[0.9680006109642002, 0.25094783657892933, -2.211990526846735e-05, 0.0035269375774890505], [-0.2509478375403748, 0.9680006062396355, -9.567396673901019e-05, 0.9074062196338111], [-2.59709326023935e-06, 9.816340065045025e-05, 0.9999999951786009, 1.0884713712391754], [0.0, 0.0, 0.0, 1.0]], "suj_psm2_transform": [[0.018632770210899513, -0.9994259988262475, 0.02829298047971307, 0.012742099552591118], [-0.8201414687252759, 0.0009071269231573365, 0.5721600723555365, -0.023537086194117873], [-0.5718573171267595, -0.033865173717299746, -0.8196538042720731, 0.12121540730787239], [0.0, 0.0, 0.0, 1.0]], "ecm_transform": [[0.9448753173965548, -0.30435203993939264, -0.1207496184651968, -0.0062672412877397745], [-0.32165966415378644, -0.7938677285040164, -0.516051441327652, 0.8655554566379642], [0.061202083553042214, 0.5264445511396276, -0.8480037968925392, 1.019719608471229], [0.0, 0.0, 0.0, 1.0]], "psm2_transform": [[0.17731503901507, 0.9807730415620227, -0.08150839149598693, -0.014971374390603207], [0.8911307701113698, -0.1951518407424815, -0.4096360697198652, -0.07524151625508756], [-0.4176665266690657, 0.0, -0.9086003920867515, -0.011892062092057062], [0.0, 0.0, 0.0, 1.0]]}