{"ecm_psm_transform": [[-0.38818847932302203, 0.010447394583587571, -0.9215207846094926, -0.001680859732739362], [0.30632275475734594, -0.9416191630277928, -0.13971299773718177, -0.04932662876356718], [-0.8691812667325216, -0.3365177614409879, 0.36232543630829417, 0.19303195666675127], [0.0, 0.0, 0.0, 1.0]], "suj_ecm_transform": [[0.9679970466490107, 0.2509615850871262, -2.2121264125657093e-05, 0.0035285094776990877], [-0.2509615860486387, 0.9679970419244597, -9.5673652559875e-05, 0.9073922662411238], [-2.597093260235481e-06, 9.816340065045831e-05, 0.999999995178601, 1.0884620939329581], [0.0, 0.0, 0.0, 1.0]], "suj_psm2_transform": [[0.018522939225574853, -0.999428821190554, 0.028265386891134336, 0.012673929027984254], [-0.820107883242494, 0.0009834361468218922, 0.5722080851376193, -0.023509331460838334], [-0.5719090492079676, -0.03377964219770502, -0.8196212388701464, 0.12123755380363632], [0.0, 0.0, 0.0, 1.0]], "ecm_transform": [[0.9448724473065377, -0.304359123320805, -0.12075422300004854, -0.006271698072313099], [-0.3216680949204022, -0.7938650128496576, -0.5160503639021022, 0.8655571297578295], [0.06120208355304225, 0.5264445511396277, -0.8480037968925391, 1.019719841333445], [0.0, 0.0, 0.0, 1.0]], "psm2_transform": [[0.23868453424274805, 0.9648803680535385, -0.10970673843566074, -0.02015279251772561], [0.8767074860210675, -0.2626896940210408, -0.4029616713904086, -0.07402282732969412], [-0.41762863535435657, 0.0, -0.9086178090550823, -0.011896010705674753], [0.0, 0.0, 0.0, 1.0]]}