{"ecm_psm_transform": [[-0.38764729526675923, 0.008326164280299137, -0.9217701717135046, -0.0016655097114526615], [0.24581259448128695, -0.962816652458591, -0.11207257533764257, -0.04431504770691902], [-0.8884288057389543, -0.2700273481275752, 0.3711865951195502, 0.1945960047112203], [0.0, 0.0, 0.0, 1.0]], "suj_ecm_transform": [[0.9680067499363051, 0.2509241550520102, -2.211756466576808e-05, 0.0034948766000336834], [-0.2509241560133401, 0.9680067452117169, -9.567450785823335e-05, 0.9074026945257931], [-2.597093260224278e-06, 9.816340065043225e-05, 0.999999995178601, 1.0884757814990544], [0.0, 0.0, 0.0, 1.0]], "suj_psm2_transform": [[0.01867928832903347, -0.9994257583299807, 0.02827079365819507, 0.01273421668480712], [-0.8201240927211412, 0.0008572835294269748, 0.5721850553826756, -0.023599709204680186], [-0.5718807189666795, -0.033873568626490824, -0.8196371298462879, 0.12117685468372352], [0.0, 0.0, 0.0, 1.0]], "ecm_transform": [[0.9448678868907299, -0.3043703779941493, -0.12076153908569463, -0.00626094909026708], [-0.321681490439555, -0.7938606978400524, -0.5160486519055074, 0.865551229914625], [0.06120208355304217, 0.5264445511396274, -0.8480037968925391, 1.019711490864052], [0.0, 0.0, 0.0, 1.0]], "psm2_transform": [[0.29923749755004847, 0.944208094365538, -0.1375790485305955, -0.025266824750302327], [0.8578804326990318, -0.32934947173875845, -0.3944237425124438, -0.07243716020614895], [-0.41772967724607085, 0.0, -0.9085713602947725, -0.011886729937866658], [0.0, 0.0, 0.0, 1.0]]}