{"ecm_psm_transform": [[-0.4218586122357566, 0.27972739500574956, -0.8624313861205535, 0.09561799997672463], [0.6665901035790404, -0.5490772336203292, -0.5041545649206508, -0.07975803502145272], [-0.6145672828039302, -0.7875701721136623, 0.04516944657454269, 0.18081751852626016], [0.0, 0.0, 0.0, 1.0]], "suj_ecm_transform": [[0.9942040826571484, 0.10750926455108303, -7.971434325839932e-06, -0.10589967973729174], [-0.10750926481524106, 0.9942040778429913, -9.787366528053498e-05, 0.9752863714292317], [-2.5970932602215302e-06, 9.816340065042109e-05, 0.9999999951786012, 1.0565591794562994], [0.0, 0.0, 0.0, 1.0]], "suj_psm2_transform": [[0.2804975251864244, -0.9598029994148718, 0.00996697940736918, 0.10528478597642715], [-0.6411242954946674, -0.17961727650672216, 0.7461214858900487, -0.014968008676593425], [-0.7143393983889994, -0.21567530293133574, -0.6657352233543897, 0.1390807124234703], [0.0, 0.0, 0.0, 1.0]], "ecm_transform": [[0.9943399609003216, -0.10213226694358496, -0.029275283187554076, -0.10825578950872425], [-0.0923125772904039, -0.6940921356813279, -0.7139429215696004, 0.9179745073314358], [0.05259686521790428, 0.7126044535605273, -0.6995916398406661, 1.0003868882322422], [0.0, 0.0, 0.0, 1.0]], "psm2_transform": [[-0.10668778418381729, 0.9930819995397469, 0.04904955551363713, 0.009012705483860302], [0.9022916297447947, 0.1174229202078459, -0.41482728056667667, -0.07622324131721595], [-0.41771704729209896, 0.0, -0.908577167004306, -0.011914019974472948], [0.0, 0.0, 0.0, 1.0]]}