{"ecm_psm_transform": [[-0.40993907102718974, 0.2801653293516419, -0.8680192084710174, 0.09452518095317153], [0.642605470318986, -0.5866608016078163, -0.49283599033856085, -0.0775484137464992], [-0.6473084022021346, -0.7598266197535863, 0.06045941078408923, 0.18377670653296038], [0.0, 0.0, 0.0, 1.0]], "suj_ecm_transform": [[0.9942035592912896, 0.10751410432580608, -7.971910773816183e-06, -0.10589718351487096], [-0.10751410458998756, 0.9942035544771336, -9.787362647454282e-05, 0.975279892829369], [-2.597093260226366e-06, 9.816340065045475e-05, 0.999999995178601, 1.0565450856015697], [0.0, 0.0, 0.0, 1.0]], "suj_psm2_transform": [[0.2801656220679887, -0.959900282993857, 0.009933323692044027, 0.10520494064114425], [-0.6411380190441736, -0.17940715690905665, 0.746160245916333, -0.014795115896330535], [-0.7144573218516068, -0.21541708093399442, -0.665692283637498, 0.13926286515042818], [0.0, 0.0, 0.0, 1.0]], "ecm_transform": [[0.994336412544398, -0.1021589411996615, -0.029302720373736282, -0.10822775859393083], [-0.09235079023802066, -0.6940882101712053, -0.7139417959776176, 0.917965400997784], [0.05259686521790424, 0.712604453560527, -0.6995916398406664, 1.000397317157848], [0.0, 0.0, 0.0, 1.0]], "psm2_transform": [[-0.06437540566219033, 0.9974869297940938, 0.0295910803415661, 0.005438183656137456], [0.9063228067535449, 0.07085072257890236, -0.4166043027483322, -0.0765626223892918], [-0.4176538963115334, 0.0, -0.9086061979184354, -0.011920853328973434], [0.0, 0.0, 0.0, 1.0]]}