{"ecm_psm_transform": [[-0.4037292083093391, 0.2803717750558517, -0.8708584236889171, 0.09395267522357868], [0.6296506029874357, -0.605428751829103, -0.4868224980588028, -0.07644988989567905], [-0.6637340163917116, -0.7448809933208694, 0.06789301343910034, 0.1851356892897769], [0.0, 0.0, 0.0, 1.0]], "suj_ecm_transform": [[0.9942103744167421, 0.10745106485591138, -7.965704905531267e-06, -0.10595411259525675], [-0.10745106511978761, 0.9942103696025695, -9.78741317510682e-05, 0.9752984654242354], [-2.5970932602268026e-06, 9.81634006504723e-05, 0.999999995178601, 1.0565451360993967], [0.0, 0.0, 0.0, 1.0]], "suj_psm2_transform": [[0.2802101637902713, -0.9598862855638558, 0.010029102405165413, 0.10516137820374777], [-0.6412264406438529, -0.17939163802283525, 0.7460879921475077, -0.014786799782463556], [-0.7143604943779049, -0.21549236411972472, -0.6657718265879438, 0.13923573475057194], [0.0, 0.0, 0.0, 1.0]], "ecm_transform": [[0.9943404485013969, -0.10212860059776692, -0.029271511986619127, -0.10826039657442908], [-0.09230732497093934, -0.694092675156311, -0.7139430761980012, 0.9179598775607976], [0.05259686521790425, 0.7126044535605272, -0.6995916398406661, 1.0003870238525245], [0.0, 0.0, 0.0, 1.0]], "psm2_transform": [[-0.042732282505149946, 0.9988934992507968, 0.019639989470424654, 0.0036100970778988268], [0.9076211210249349, 0.047029534916883185, -0.4171476039904129, -0.07667740089606706], [-0.4176096894246357, 0.0, -0.9086265169466823, -0.011929833293941289], [0.0, 0.0, 0.0, 1.0]]}