{"ecm_psm_transform": [[-0.39982879148761796, 0.2805597865624813, -0.8725956358254185, 0.09377064349275034], [0.6210138605167895, -0.6172778172457253, -0.48302161585418435, -0.07591226922210126], [-0.6741503708695747, -0.7350199334034203, 0.07257392752254002, 0.1858583326195575], [0.0, 0.0, 0.0, 1.0]], "suj_ecm_transform": [[0.9941981553721931, 0.10756406365928647, -7.976828986394099e-06, -0.1058846879281724], [-0.10756406392370985, 0.9941981505580505, -9.787322575652192e-05, 0.9752624109665209], [-2.597093260223379e-06, 9.81634006504613e-05, 0.999999995178601, 1.0565534744493108], [0.0, 0.0, 0.0, 1.0]], "suj_psm2_transform": [[0.2803854825171331, -0.9598359184063686, 0.009949418608032223, 0.1053050413266271], [-0.6411256456909421, -0.17955016691566467, 0.7461364781311326, -0.014973482711649333], [-0.7143821719717028, -0.21558466387375597, -0.6657186831323217, 0.1390839917262663], [0.0, 0.0, 0.0, 1.0]], "ecm_transform": [[0.9943375263517764, -0.10215056951756388, -0.029294109234923225, -0.10821624958952514], [-0.09233879714334534, -0.6940894423004431, -0.7139421493574813, 0.9179612570082873], [0.05259686521790425, 0.7126044535605272, -0.6995916398406661, 1.0003926258439462], [0.0, 0.0, 0.0, 1.0]], "psm2_transform": [[-0.028653094755013455, 0.9995026667498174, 0.013168876981872569, 0.0024205859070456303], [0.9081775278670209, 0.031534412314223846, -0.4173956860310647, -0.07672196472479847], [-0.4176033740743804, 0.0, -0.9086294194894271, -0.01192886806833655], [0.0, 0.0, 0.0, 1.0]]}