{"ecm_psm_transform": [[-0.3985990419913237, 0.2802354768255948, -0.873262206471762, 0.09349666912842461], [0.6182151205655262, -0.6212316934639149, -0.4815404943928477, -0.07548132025114175], [-0.6774428894215, -0.7318054800042754, 0.0743765487768914, 0.18633585209770687], [0.0, 0.0, 0.0, 1.0]], "suj_ecm_transform": [[0.9942012027303846, 0.10753589366286641, -7.97405580945664e-06, -0.10587261357511558], [-0.10753589392715339, 0.9942011979162344, -9.787345173541309e-05, 0.9752700419630943], [-2.597093260224372e-06, 9.816340065041687e-05, 0.9999999951786009, 1.0565528814703555], [0.0, 0.0, 0.0, 1.0]], "suj_psm2_transform": [[0.280071107998098, -0.9599279491615591, 0.00992506338522181, 0.10513424975318844], [-0.6411430064694137, -0.17934662985777444, 0.7461705110857837, -0.014793914595709556], [-0.7144899017621446, -0.21534418677350303, -0.6656809006594522, 0.13927460730957342], [0.0, 0.0, 0.0, 1.0]], "ecm_transform": [[0.9943435700182854, -0.10210512443087807, -0.029247364466668133, -0.10828676677544789], [-0.09227369361058885, -0.6940961290272818, -0.7139440658320523, 0.9179652956723706], [0.052596865217904284, 0.7126044535605273, -0.6995916398406659, 1.0003955947785481], [0.0, 0.0, 0.0, 1.0]], "psm2_transform": [[-0.023974272869492004, 0.9996518416737131, 0.011019513543379607, 0.002025171451280173], [0.9082985644917315, 0.02638551569239432, -0.41748954753850576, -0.07672642803645519], [-0.417634950623914, 0.0, -0.908614906336761, -0.011920955093995881], [0.0, 0.0, 0.0, 1.0]]}