{"ecm_psm_transform": [[-0.47043842981264133, 0.26975717730419735, -0.8401897101537775, 0.09967552048630345], [0.7489093968083562, -0.38152522340097383, -0.5418239744427901, -0.08665266479024916], [-0.4667144728070477, -0.8841207888075641, -0.022539557908940022, 0.16838945460486113], [0.0, 0.0, 0.0, 1.0]], "suj_ecm_transform": [[0.9941945537454007, 0.1075973477335824, -7.980105618086134e-06, -0.10584154031714814], [-0.10759734799816695, 0.9941945489312669, -9.787295865042024e-05, 0.975252041351061], [-2.5970932602267844e-06, 9.816340065044795e-05, 0.9999999951786009, 1.0565573358822153], [0.0, 0.0, 0.0, 1.0]], "suj_psm2_transform": [[0.2801981518578788, -0.959890526509654, 0.009958554736951564, 0.10523792315325879], [-0.6411637182386274, -0.1794188549691828, 0.746135350252195, -0.01492375601485152], [-0.7144215017129927, -0.21545081015992285, -0.665719810649785, 0.13913339567058314], [0.0, 0.0, 0.0, 1.0]], "ecm_transform": [[0.9943421489351045, -0.10211581312604702, -0.029258358818033493, -0.10826323348288923], [-0.09228900595611682, -0.6940945565809522, -0.713943615353708, 0.9179563014916772], [0.05259686521790429, 0.7126044535605274, -0.6995916398406659, 1.0003930549238365], [0.0, 0.0, 0.0, 1.0]], "psm2_transform": [[-0.27855865754391895, 0.9518404950042006, 0.12808101489872678, 0.02353024135043233], [0.8648039587057301, 0.3065936595400469, -0.39763606594062784, -0.07305120597785338], [-0.41775493691185406, 0.0, -0.9085597463490074, -0.011905574705836634], [0.0, 0.0, 0.0, 1.0]]}