{"ecm_psm_transform": [[-0.3926702985675202, 0.2802665106740004, -0.8759341982235397, 0.0930771999483264], [0.6049052916274068, -0.6387135357901761, -0.47553612624024005, -0.07435799369630783], [-0.692747879667673, -0.7165861442932259, 0.0812691394251929, 0.18759441345825856], [0.0, 0.0, 0.0, 1.0]], "suj_ecm_transform": [[0.994208893679107, 0.10746476476451393, -7.967053580760539e-06, -0.10591537872837069], [-0.10746476502845649, 0.9942088888649381, -9.787402197671184e-05, 0.9752930252604253], [-2.5970932602288444e-06, 9.816340065041683e-05, 0.999999995178601, 1.0565518493119448], [0.0, 0.0, 0.0, 1.0]], "suj_psm2_transform": [[0.2802344988695089, -0.9598792695311649, 0.010020657047955905, 0.10521332064750943], [-0.6412177780859645, -0.1794132175480541, 0.7460902481841949, -0.014790044006455338], [-0.714358724108451, -0.21550565025857715, -0.6657694255496973, 0.13924641253665326], [0.0, 0.0, 0.0, 1.0]], "ecm_transform": [[0.9943372179496477, -0.10215288766298464, -0.029296493685567013, -0.10822092788405953], [-0.09234211806864967, -0.6940891011302628, -0.7139420515159332, 0.9179574053070296], [0.05259686521790427, 0.7126044535605272, -0.6995916398406659, 1.000383880633185], [0.0, 0.0, 0.0, 1.0]], "psm2_transform": [[-0.003045299941543952, 0.9999943831725444, 0.0013999184363620693, 0.00025725239135612694], [0.9085894826604785, 0.003351659792167758, -0.41767681091413456, -0.07675329907139816], [-0.41767915694589103, 0.0, -0.9085945860794956, -0.01191722081095807], [0.0, 0.0, 0.0, 1.0]]}