{"ecm_psm_transform": [[-0.38592890414184927, 0.2799815587980262, -0.8790160451783, 0.0924979998650463], [0.5893392973699273, -0.6582358255819329, -0.4684066507811264, -0.07312885957076012], [-0.7097450764347664, -0.6988103638709855, 0.0890280956951752, 0.1889646417767901], [0.0, 0.0, 0.0, 1.0]], "suj_ecm_transform": [[0.9942037494942222, 0.10751234546823717, -7.971737624407562e-06, -0.1059052734173688], [-0.10751234573241013, 0.9942037446800659, -9.787364057762109e-05, 0.975268255326182], [-2.5970932602223027e-06, 9.816340065048408e-05, 0.999999995178601, 1.0565634985339836], [0.0, 0.0, 0.0, 1.0]], "suj_psm2_transform": [[0.2802870503265678, -0.9598643660465247, 0.009978387311371295, 0.10520728545736255], [-0.6411626000503354, -0.17946749527142652, 0.746124613209948, -0.014869280957414355], [-0.7143876326728551, -0.21552683576553566, -0.6657315475091821, 0.1391797816288256], [0.0, 0.0, 0.0, 1.0]], "ecm_transform": [[0.9943370667378286, -0.10215402423576105, -0.029297662767704877, -0.108221478327017], [-0.09234374629860014, -0.6940889338536829, -0.7139420035418826, 0.9179790415918407], [0.05259686521790427, 0.7126044535605272, -0.6995916398406661, 1.0003865725535903], [0.0, 0.0, 0.0, 1.0]], "psm2_transform": [[0.020999914564223135, 0.9997328801707738, -0.009652558922102837, -0.0017740736529120841], [0.9083692952913183, -0.02311208137423668, -0.41752970560967834, -0.0767390757215807], [-0.41764126587329614, 0.0, -0.908612003574546, -0.011924917630558293], [0.0, 0.0, 0.0, 1.0]]}