{"ecm_psm_transform": [[-0.37344953170302186, 0.27880731243963786, -0.8847609450020835, 0.09150083488383974], [0.558621392476504, -0.6938512600602854, -0.45443653988248534, -0.07061852359096413], [-0.7405927269008288, -0.6639555041137472, 0.10337069903340296, 0.19155902973221633], [0.0, 0.0, 0.0, 1.0]], "suj_ecm_transform": [[0.9941967992325847, 0.10757659751095719, -7.978062873918625e-06, -0.10585074726894578], [-0.10757659777544126, 0.9941967944184454, -9.787312518481636e-05, 0.975256753046151], [-2.597093260227808e-06, 9.816340065044921e-05, 0.9999999951786012, 1.0565580301429305], [0.0, 0.0, 0.0, 1.0]], "suj_psm2_transform": [[0.2802763371932727, -0.9598687759853312, 0.009854323819769029, 0.1052640040807204], [-0.6410451417900304, -0.17952074994647654, 0.7462127220344439, -0.014948463217851815], [-0.7144972365215436, -0.2154628349091245, -0.6656346338465275, 0.13916173939041987], [0.0, 0.0, 0.0, 1.0]], "ecm_transform": [[0.9943403160079834, -0.10212959685659198, -0.029272536737592406, -0.1082407073127444], [-0.09230875218739179, -0.6940925285663379, -0.713943034182696, 0.9179721593090104], [0.05259686521790427, 0.7126044535605272, -0.699591639840666, 1.0003962688401329], [0.0, 0.0, 0.0, 1.0]], "psm2_transform": [[0.0663808601392857, 0.9973274445623599, -0.03052129960997057, -0.005608188055762183], [0.9061344658508553, -0.07306140104537413, -0.41663216567431777, -0.07655478518410619], [-0.4177486220256793, 0.0, -0.9085626499012858, -0.011915098639835649], [0.0, 0.0, 0.0, 1.0]]}