{"ecm_psm_transform": [[-0.3429487219164394, 0.273003637432164, -0.8988076479896514, 0.08890635693874507], [0.4777580724075534, -0.7731439940841853, -0.417127784570835, -0.06369311422565696], [-0.8087851373419891, -0.572466049963106, 0.1347190530487011, 0.1973607502479996], [0.0, 0.0, 0.0, 1.0]], "suj_ecm_transform": [[0.9941991897471208, 0.10755450266052909, -7.975887759865277e-06, -0.10585711657563437], [-0.10755450292490616, 0.9941991849329757, -9.787330246348673e-05, 0.975282889324375], [-2.5970932602288948e-06, 9.816340065047054e-05, 0.9999999951786009, 1.0565577528426273], [0.0, 0.0, 0.0, 1.0]], "suj_psm2_transform": [[0.2801960750365342, -0.9598911901627776, 0.009953018738448616, 0.10524578838317127], [-0.6411610902321456, -0.17942086136126367, 0.7461371260570735, -0.014861862651882385], [-0.7144246747603611, -0.21544618250567643, -0.6657179031220982, 0.13920382607385595], [0.0, 0.0, 0.0, 1.0]], "ecm_transform": [[0.9943354598504806, -0.10216610103438319, -0.02931008501123275, -0.10820799724874805], [-0.0923610472720134, -0.6940871563176592, -0.7139414936685515, 0.9179751759667955], [0.0525968652179043, 0.7126044535605274, -0.6995916398406661, 1.0003852489554848], [0.0, 0.0, 0.0, 1.0]], "psm2_transform": [[0.1754032863047472, 0.9811882653888814, -0.08064288571630517, -0.014818287700790838], [0.8914824057488047, -0.1930533290652046, -0.4098652612471147, -0.07531354199160982], [-0.4177233622791747, 0.0, -0.9085742636714852, -0.011915734214897215], [0.0, 0.0, 0.0, 1.0]]}