{"ecm_psm_transform": [[-0.33743687943025236, 0.27155785040730546, -0.9013282899601773, 0.08837644829393457], [0.46197530885663657, -0.7864815745674626, -0.4099091934474034, -0.062345500506332883], [-0.8201921521248478, -0.5547098942222403, 0.1399348664370766, 0.19834666001595666], [0.0, 0.0, 0.0, 1.0]], "suj_ecm_transform": [[0.9942057243890765, 0.10749408136484546, -7.969939628904423e-06, -0.10589525907613362], [-0.10749408162892997, 0.9942057195749153, -9.787378700640803e-05, 0.9752769710972706], [-2.5970932602288236e-06, 9.816340065045517e-05, 0.999999995178601, 1.0565517116717498], [0.0, 0.0, 0.0, 1.0]], "suj_psm2_transform": [[0.28023858815813907, -0.9598789552094444, 0.009936048166093059, 0.10518094948693263], [-0.6411286555066456, -0.17945506430309244, 0.7461567710503033, -0.014845981851823065], [-0.7144371076556527, -0.21547220526554922, -0.6656961378606812, 0.13922728546894492], [0.0, 0.0, 0.0, 1.0]], "ecm_transform": [[0.9943378463507857, -0.10214816411331708, -0.029291635030508696, -0.1082336793786394], [-0.092335351213559, -0.6940897963044705, -0.7139422508734776, 0.9179641171342585], [0.05259686521790429, 0.7126044535605274, -0.6995916398406661, 1.0003917373854703], [0.0, 0.0, 0.0, 1.0]], "psm2_transform": [[0.19522726555739633, 0.976642195500699, -0.08975709860816775, -0.016493042114627113], [0.8873519636475502, -0.21487210607143611, -0.40796626164826705, -0.07496459710763823], [-0.4177233622791747, 0.0, -0.9085742636714852, -0.011915734214897215], [0.0, 0.0, 0.0, 1.0]]}