{"ecm_psm_transform": [[-0.32955253166524284, 0.2690686148674623, -0.9049846459285013, 0.08773376092693702], [0.4384538295063252, -0.8052857213812212, -0.399090398695289, -0.06036419171313036], [-0.8361539142193067, -0.5283152349051008, 0.1474097836064513, 0.1996878263250576], [0.0, 0.0, 0.0, 1.0]], "suj_ecm_transform": [[0.9941900116619113, 0.1076393080985778, -7.984236386440865e-06, -0.10579808513034232], [-0.10763930836336555, 0.9941900068477887, -9.787262175905605e-05, 0.9752817605047799], [-2.5970932602285987e-06, 9.81634006504639e-05, 0.9999999951786009, 1.0565632780773526], [0.0, 0.0, 0.0, 1.0]], "suj_psm2_transform": [[0.28016604640190523, -0.9598998960912489, 0.009958711138263021, 0.10520488909194059], [-0.6411650184317442, -0.17939587104193755, 0.7461397594234782, -0.014852727681572198], [-0.7144329258810425, -0.21542820367146537, -0.6657148665006205, 0.13921484016561392], [0.0, 0.0, 0.0, 1.0]], "ecm_transform": [[0.9943336412454395, -0.10217976626285827, -0.02932414114774794, -0.10820252845165905], [-0.09238062381709167, -0.6940851447280587, -0.7139409164706803, 0.9179487177356921], [0.05259686521790427, 0.7126044535605272, -0.6995916398406661, 1.0003962910591766], [0.0, 0.0, 0.0, 1.0]], "psm2_transform": [[0.22392519986730375, 0.9691507234912459, -0.10297757047426737, -0.0189183506681755], [0.8805060077768916, -0.24646881173161572, -0.40492257915854213, -0.07438966865019984], [-0.41781176997924385, 0.0, -0.908533612403422, -0.011907516063540655], [0.0, 0.0, 0.0, 1.0]]}