{"ecm_psm_transform": [[-0.32467495324467965, 0.26739493179251017, -0.9072409410885534, 0.08730719749164517], [0.42394998909616644, -0.8163069465879276, -0.39231285436199337, -0.059134303392371586], [-0.8454895513730051, -0.5119989447293548, 0.15167234129893772, 0.20051690235914457], [0.0, 0.0, 0.0, 1.0]], "suj_ecm_transform": [[0.9941959051355033, 0.10758486021803873, -7.978876291405812e-06, -0.10584834281291444], [-0.10758486048256283, 0.9941959003213662, -9.787305887620888e-05, 0.9752649557117365], [-2.597093260221803e-06, 9.816340065043143e-05, 0.9999999951786009, 1.0565605477785989], [0.0, 0.0, 0.0, 1.0]], "suj_psm2_transform": [[0.28008556116713323, -0.9599241680954104, 0.009882809925634894, 0.10518855133901182], [-0.6411042503190242, -0.17937826148979427, 0.7461962071250301, -0.014854958370485782], [-0.7145190120973506, -0.21533469486182005, -0.6656527251804749, 0.13925866371973905], [0.0, 0.0, 0.0, 1.0]], "ecm_transform": [[0.9943383847965038, -0.10214411645909036, -0.029287471605991558, -0.10823198871927034], [-0.09232955263364806, -0.6940903919796718, -0.7139424216783705, 0.9179576191465338], [0.05259686521790427, 0.7126044535605272, -0.6995916398406662, 1.0003861535732657], [0.0, 0.0, 0.0, 1.0]], "psm2_transform": [[0.24138545257696675, 0.9640642927297224, -0.11096442117973247, -0.020390808887346026], [0.8759435970067837, -0.2656690412591202, -0.4026695610289871, -0.07399451082067447], [-0.41767915694589103, 0.0, -0.9085945860794956, -0.01191647152109681], [0.0, 0.0, 0.0, 1.0]]}