{"ecm_psm_transform": [[-0.3257573624306192, 0.267920464963797, -0.9066977254167066, 0.08742302495982501], [0.42740775842553214, -0.813689039579279, -0.393995881839154, -0.059402780732170306], [-0.843329561239204, -0.5158767016663319, 0.15055391000554674, 0.20026607227948384], [0.0, 0.0, 0.0, 1.0]], "suj_ecm_transform": [[0.994200965854871, 0.10753808362460551, -7.97427139873478e-06, -0.10587835926466345], [-0.1075380838889031, 0.9942009610407215, -9.787343417050863e-05, 0.975283672311291], [-2.597093260233825e-06, 9.816340065048283e-05, 0.9999999951786009, 1.056563413411528], [0.0, 0.0, 0.0, 1.0]], "suj_psm2_transform": [[0.2802429437769992, -0.9598769528113938, 0.010006394191467705, 0.1052125997513629], [-0.6411990891957996, -0.17942478333894274, 0.7461035284317121, -0.014825895571947911], [-0.7143721862430528, -0.21550634001181224, -0.6657547573521608, 0.13919424712817507], [0.0, 0.0, 0.0, 1.0]], "ecm_transform": [[0.9943505124499119, -0.1020528809754246, -0.02919362730483667, -0.10831758001093844], [-0.09219885118507441, -0.694103812300666, -0.7139462651977628, 0.9179734198076178], [0.05259686521790427, 0.7126044535605272, -0.6995916398406659, 1.0003915856058834], [0.0, 0.0, 0.0, 1.0]], "psm2_transform": [[0.23710651476358746, 0.9653474580676279, -0.1090173649426279, -0.020030757895395226], [0.8770814474718351, -0.2609679773504202, -0.4032664743049452, -0.07409583893706304], [-0.41774230711932353, 0.0, -0.9085655534096728, -0.011912635288309721], [0.0, 0.0, 0.0, 1.0]]}