{"ecm_psm_transform": [[-0.31322733212631365, 0.2632175688823128, -0.9124719994831169, 0.08639465282971234], [0.38770177076537027, -0.841665910086743, -0.3758800776088716, -0.05609345374884667], [-0.8669348160931296, -0.47150292388228093, 0.16158285000590766, 0.20225988210121754], [0.0, 0.0, 0.0, 1.0]], "suj_ecm_transform": [[0.9942042148160208, 0.10750804238994348, -7.97131401111142e-06, -0.10588490156934055], [-0.1075080426540956, 0.9942042100018633, -9.787367507966506e-05, 0.9752731590815036], [-2.5970932602303724e-06, 9.816340065045249e-05, 0.999999995178601, 1.0565592706384936], [0.0, 0.0, 0.0, 1.0]], "suj_psm2_transform": [[0.2802613290441752, -0.9598721374245345, 0.009953252656710432, 0.10524004481338084], [-0.6411472274759646, -0.1794637641495274, 0.7461387203845989, -0.014867606101095499], [-0.7144115201634674, -0.21549532977152552, -0.6657161126969852, 0.13918932450613664], [0.0, 0.0, 0.0, 1.0]], "ecm_transform": [[0.9943310455791257, -0.10219926534485978, -0.029344198072083265, -0.10818629020603876], [-0.09240855786545059, -0.6940822738902597, -0.7139400923778928, 0.9179364997572659], [0.052596865217904236, 0.712604453560527, -0.6995916398406661, 1.0003925326418384], [0.0, 0.0, 0.0, 1.0]], "psm2_transform": [[0.28298879603930777, 0.9502485910081432, -0.1301727951734219, -0.023908129613058483], [0.8632941480852698, -0.31149256056451585, -0.39710905126260926, -0.07293486058632026], [-0.4179001737232845, 0.0, -0.9084929525329566, -0.011896301875261469], [0.0, 0.0, 0.0, 1.0]]}