{"ecm_psm_transform": [[-0.30751498623965723, 0.26102698145168945, -0.9150406811679159, 0.08587909480096464], [0.3706649721837183, -0.8528173053814642, -0.36784524196724666, -0.05465798395583153], [-0.8763800611801179, -0.45229145315395725, 0.16550054311033188, 0.20302826532669255], [0.0, 0.0, 0.0, 1.0]], "suj_ecm_transform": [[0.9942055701159581, 0.10749550821723093, -7.970080094252424e-06, -0.10592667400105937], [-0.10749550848132235, 0.9942055653017973, -9.787377556813573e-05, 0.9752714265382728], [-2.597093260229119e-06, 9.816340065048822e-05, 0.999999995178601, 1.0565622274536175], [0.0, 0.0, 0.0, 1.0]], "suj_psm2_transform": [[0.28029383769799837, -0.9598628814042929, 0.009930430543388158, 0.10520373457814011], [-0.6411145434163659, -0.17949519308018552, 0.7461592443179486, -0.014880624859823555], [-0.7144280976897208, -0.21551038156746838, -0.6656934494706188, 0.13917879921497955], [0.0, 0.0, 0.0, 1.0]], "ecm_transform": [[0.9943398813228748, -0.10213286527830628, -0.02927589863446175, -0.10823236370578328], [-0.0923134344505801, -0.6940920476390333, -0.7139428963328879, 0.9179572170862202], [0.05259686521790428, 0.7126044535605273, -0.6995916398406661, 1.0003958680390255], [0.0, 0.0, 0.0, 1.0]], "psm2_transform": [[0.30219883034775696, 0.9430783785011944, -0.13884897889435693, -0.025523851643887326], [0.8569525511655253, -0.332570551918774, -0.3937374163669741, -0.07237860502844923], [-0.41750232572687007, 0.0, -0.9086758542036069, -0.011929159790937525], [0.0, 0.0, 0.0, 1.0]]}