{"ecm_psm_transform": [[-0.4628878368607966, 0.2719990777048611, -0.8436535735798422, 0.09899560660434283], [0.7378825386381686, -0.40915599508219214, -0.5367687871525256, -0.08566491651799502], [-0.4911865324489514, -0.8709809833836826, -0.01131003646188078, 0.17052812059273184], [0.0, 0.0, 0.0, 1.0]], "suj_ecm_transform": [[0.9941970582236307, 0.10757420395165948, -7.977827241369615e-06, -0.10584304553070023], [-0.10757420421613195, 0.9941970534094907, -9.787314439198488e-05, 0.9752746387262028], [-2.5970932602339617e-06, 9.816340065047211e-05, 0.999999995178601, 1.0565436486022257], [0.0, 0.0, 0.0, 1.0]], "suj_psm2_transform": [[0.28023256015140585, -0.9598809879807482, 0.009909649039799961, 0.10519742131416071], [-0.6411031592667213, -0.17946353054191333, 0.7461766415425111, -0.014863578306977154], [-0.7144623512888683, -0.2154560978912759, -0.6656742585320897, 0.13920492912450344], [0.0, 0.0, 0.0, 1.0]], "ecm_transform": [[0.9943445560957033, -0.10209770658031761, -0.029239734504241062, -0.10828183520726238], [-0.09226306699914513, -0.6940972201909051, -0.7139443783595257, 0.9179630874996074], [0.05259686521790429, 0.7126044535605273, -0.699591639840666, 1.0003938969243122], [0.0, 0.0, 0.0, 1.0]], "psm2_transform": [[-0.25184078538022187, 0.9608173203003628, 0.115785559677807, 0.02127377016741639], [0.8729738893147116, 0.27718238943127316, -0.40135584157193427, -0.07374280482566851], [-0.4177233622791747, 0.0, -0.9085742636714852, -0.011910489546129072], [0.0, 0.0, 0.0, 1.0]]}