{"ecm_psm_transform": [[-0.4576877040995987, 0.2735708035457929, -0.845979302916654, 0.09872604447489558], [0.7297276738879414, -0.42800989531167943, -0.5332026364126305, -0.08510022431008629], [-0.5079561865733433, -0.861374799354262, -0.003737319798014227, 0.17181018877745804], [0.0, 0.0, 0.0, 1.0]], "suj_ecm_transform": [[0.9941975874894965, 0.10756931238242265, -7.97734569375247e-06, -0.10587282769828255], [-0.10756931264687145, 0.9941975826753552, -9.787318364265138e-05, 0.9752616320113032], [-2.5970932602242255e-06, 9.816340065046388e-05, 0.999999995178601, 1.0565536686470722], [0.0, 0.0, 0.0, 1.0]], "suj_psm2_transform": [[0.2804238701809266, -0.9598249064880673, 0.00992984984398737, 0.10536368718168386], [-0.6411044844155436, -0.17958680103990446, 0.7461458442922095, -0.014980972407843351], [-0.7143860952559417, -0.2156031766403897, -0.6657084775842518, 0.13907662327472492], [0.0, 0.0, 0.0, 1.0]], "ecm_transform": [[0.9943374614829437, -0.10215105711975181, -0.029294610783781094, -0.10823458012320464], [-0.09233949567170935, -0.694089370538852, -0.7139421287780088, 0.917954496933959], [0.052596865217904284, 0.7126044535605274, -0.6995916398406659, 1.0003899645083436], [0.0, 0.0, 0.0, 1.0]], "psm2_transform": [[-0.23330140476228556, 0.9664690262199231, 0.10727570038670362, 0.01970800933837319], [0.8780892408026018, 0.2567832186057212, -0.40375941330103604, -0.07417611126386243], [-0.41776756662366055, 0.0, -0.9085539391127779, -0.011906006225623763], [0.0, 0.0, 0.0, 1.0]]}