{"ecm_psm_transform": [[-0.4462564669315601, 0.27587811811527235, -0.851320403647732, 0.09754561671561979], [0.7113444668056906, -0.4678597628538752, -0.524496226723552, -0.08342443016171418], [-0.542995594150348, -0.8396418916701878, 0.012541071956542194, 0.17488016796590464], [0.0, 0.0, 0.0, 1.0]], "suj_ecm_transform": [[0.9941993320239491, 0.10755318749121746, -7.975758288865234e-06, -0.10587902323272831], [-0.10755318775558818, 0.9941993272098035, -9.787331301420238e-05, 0.9752732319387982], [-2.5970932602252928e-06, 9.816340065042638e-05, 0.999999995178601, 1.0565636684927875], [0.0, 0.0, 0.0, 1.0]], "suj_psm2_transform": [[0.2801704694255729, -0.9598988677771505, 0.009933363075951773, 0.10515187832291636], [-0.6411378972888058, -0.17941060040884443, 0.7461595225694213, -0.014870010605162798], [-0.714455530261991, -0.2154205192201581, -0.6656930938330174, 0.13917988474328746], [0.0, 0.0, 0.0, 1.0]], "ecm_transform": [[0.9943361361375529, -0.10216101857873233, -0.029304857174158212, -0.10822340432795213], [-0.09235376624854841, -0.6940879044102832, -0.7139417082724961, 0.9179642749953483], [0.05259686521790425, 0.7126044535605272, -0.6995916398406661, 1.000390891345168], [0.0, 0.0, 0.0, 1.0]], "psm2_transform": [[-0.19315157437162817, 0.9771423193821778, 0.08879953260113242, 0.016315521738933712], [0.8878120372307536, 0.21258618880919375, -0.40816283377564033, -0.07499352071371512], [-0.4177107322848439, 0.0, -0.9085800702932348, -0.011910057930058612], [0.0, 0.0, 0.0, 1.0]]}