{"ecm_psm_transform": [[-0.4396338975289946, 0.277269020348198, -0.8543090345411407, 0.09708074106528762], [0.6996661686485581, -0.4906968770972022, -0.5193109157871618, -0.08248165205450647], [-0.5631956042016956, -0.8260378109761101, 0.02173122743158612, 0.17657892726711488], [0.0, 0.0, 0.0, 1.0]], "suj_ecm_transform": [[0.9941993910008092, 0.10755264231997501, -7.975704619838853e-06, -0.10588330116141302], [-0.10755264258434309, 0.9941993861866635, -9.787331738770716e-05, 0.9752830545184765], [-2.5970932602195338e-06, 9.816340065042317e-05, 0.999999995178601, 1.0565485179545842], [0.0, 0.0, 0.0, 1.0]], "suj_psm2_transform": [[0.28033998357844164, -0.959849735145824, 0.009898461887111853, 0.10524468296078718], [-0.6410762706594015, -0.1795419239393255, 0.7461808847361336, -0.014904786602431441], [-0.7144443356936023, -0.21553000600532868, -0.6656696686094914, 0.13917610107772171], [0.0, 0.0, 0.0, 1.0]], "ecm_transform": [[0.9943438837937895, -0.10210276412211483, -0.029244936664436637, -0.10827593929265629], [-0.09227031229562813, -0.6940964762367883, -0.713944165285032, 0.9179588849573652], [0.05259686521790425, 0.7126044535605272, -0.6995916398406661, 1.0003883737094998], [0.0, 0.0, 0.0, 1.0]], "psm2_transform": [[-0.16941442840813684, 0.982461751725538, 0.07789517214520829, 0.014311008240004437], [0.8926280525744139, 0.18646422283212227, -0.4104220429762785, -0.07540330263297695], [-0.4177486220256793, 0.0, -0.9085626499012858, -0.011907606549979459], [0.0, 0.0, 0.0, 1.0]]}