{"ecm_psm_transform": [[-0.5830504618787931, 0.2523878970611375, -0.7722386343093584, 0.03564974243750192], [0.5776137869306506, -0.5396574246351085, -0.6124803484062452, 0.20720713299724278], [-0.5713269397206463, -0.8031626320075276, 0.1688647816928729, -0.1734628973892532], [0.0, 0.0, 0.0, 1.0]], "suj_ecm_transform": [[0.9905338755690378, 0.13726850050657455, -1.0902234012215111e-05, -0.06329173040603173], [-0.13726850091494872, 0.9905338707649646, -9.759067278282193e-05, 1.0298267069703981], [-2.5970932602208585e-06, 9.816340065043914e-05, 0.999999995178601, 0.7495739874293499], [0.0, 0.0, 0.0, 1.0]], "suj_psm2_transform": [[0.27933076576130944, -0.9596481373072864, -0.032400244780809606, 0.031167589935397408], [-0.7779612478146803, -0.2459664603246614, 0.5781667556112013, 0.2712237243537265], [-0.5628060235976747, -0.13629362772342898, -0.8152750620766963, -0.2178851207943595], [0.0, 0.0, 0.0, 1.0]], "ecm_transform": [[0.9937466251313942, 0.11152221570414243, 0.0055172859635097965, -0.06217381087229481], [0.09324527318037885, -0.8016746381590347, -0.5904431332161441, 0.9112351984951119], [-0.06142445823514389, 0.5872653318024311, -0.8070603855929861, 0.587485503038387], [0.0, 0.0, 0.0, 1.0]], "psm2_transform": [[-0.29067883131121475, 0.9423570352389586, 0.1657378507257365, 0.026053335469208905], [0.81863667311727, 0.33460905268034835, -0.4667663005100604, -0.0733738187122623], [-0.49531789232273304, 0.0, -0.8687117965959512, -0.005390179098810267], [0.0, 0.0, 0.0, 1.0]]}