{"ecm_psm_transform": [[-0.5438163897634471, 0.2696796836788971, -0.7946927723564, 0.03204051753191742], [0.48752460349145554, -0.669254415102952, -0.5607301390648669, 0.21539694064373668], [-0.6830691730821632, -0.6923665185983907, 0.23247603899927935, -0.16338569198292327], [0.0, 0.0, 0.0, 1.0]], "suj_ecm_transform": [[0.9905363692450151, 0.1372505048591193, -1.0900461021941828e-05, -0.06330440053364733], [-0.13725050526740615, 0.9905363644409345, -9.759087083419633e-05, 1.0298376349456153], [-2.5970932602301776e-06, 9.816340065047326e-05, 0.9999999951786009, 0.7495745642203899], [0.0, 0.0, 0.0, 1.0]], "suj_psm2_transform": [[0.2791511818311132, -0.9597012284565262, -0.032375450287644825, 0.031081211332480284], [-0.7780186111333992, -0.2458086852485696, 0.5781566664723555, 0.2713270403231846], [-0.5628158299233859, -0.13620441386168294, -0.8152832018582538, -0.21782242531360652], [0.0, 0.0, 0.0, 1.0]], "ecm_transform": [[0.9937444771211275, 0.11154068088965167, 0.005530885817817764, -0.06219355999242348], [0.09326816242306864, -0.8016720692213579, -0.5904430059781981, 0.9112512005249814], [-0.06142445823514386, 0.5872653318024309, -0.8070603855929863, 0.5874820124912767], [0.0, 0.0, 0.0, 1.0]], "psm2_transform": [[-0.14666805926006027, 0.9856486297242175, 0.08357786259327185, 0.013144594684640899], [0.8563667225913651, 0.16880988929198543, -0.4879951410776051, -0.07674877220484999], [-0.4951005118468486, 0.0, -0.8688357055099593, -0.00541293357411031], [0.0, 0.0, 0.0, 1.0]]}