{"ecm_psm_transform": [[-0.5333054797329324, 0.27282514458083545, -0.8007194925635778, 0.03119547338297013], [0.4616570185206252, -0.699306624108055, -0.5457499818866166, 0.21770102179207512], [-0.7088427629153549, -0.6607092295125304, 0.24699241182571663, -0.16116997658028417], [0.0, 0.0, 0.0, 1.0]], "suj_ecm_transform": [[0.9905201005104263, 0.13736786511314458, -1.0912023755064945e-05, -0.06322060656573278], [-0.13736786552200064, 0.990520095706394, -9.758957863540599e-05, 1.0298035061163215], [-2.5970932602196913e-06, 9.816340065047111e-05, 0.999999995178601, 0.7495649697820987], [0.0, 0.0, 0.0, 1.0]], "suj_psm2_transform": [[0.27908579230322167, -0.9597246557651571, -0.032244466981698694, 0.03117700996569269], [-0.7780862737008294, -0.2456890935033859, 0.5781164415685152, 0.271297906039762], [-0.5627547167397542, -0.1362551079774088, -0.8153169165037751, -0.21790551438729366], [0.0, 0.0, 0.0, 1.0]], "ecm_transform": [[0.9937458169665767, 0.1115291635622573, 0.005522403148494906, -0.062189214995299], [0.09325388566676628, -0.8016736716009103, -0.5904430853773848, 0.9112487703108756], [-0.06142445823514385, 0.5872653318024308, -0.8070603855929865, 0.5874825976595199], [0.0, 0.0, 0.0, 1.0]], "psm2_transform": [[-0.10914236336200804, 0.9920797422637919, 0.06217499102986321, 0.009779961316035627], [0.8620191594508451, 0.12560965325088738, -0.49106535588437744, -0.07724327908447542], [-0.49498577076458866, 0.0, -0.8689010799513293, -0.005419943278578813], [0.0, 0.0, 0.0, 1.0]]}