{"ecm_psm_transform": [[-0.5269076433646004, 0.274740150407563, -0.8042923505280858, 0.030650498689091116], [0.4447771793389811, -0.7172567411582224, -0.536391674061359, 0.2190708656976511], [-0.7242524394872434, -0.6403597559318646, 0.25572991002160866, -0.1598191260407859], [0.0, 0.0, 0.0, 1.0]], "suj_ecm_transform": [[0.9905205709636273, 0.13736447276797895, -1.0911689529106753e-05, -0.06324317440794519], [-0.13736447317681857, 0.9905205661595937, -9.758961600645654e-05, 1.0298145226760826], [-2.5970932602278915e-06, 9.816340065047123e-05, 0.999999995178601, 0.7495729690155035], [0.0, 0.0, 0.0, 1.0]], "suj_psm2_transform": [[0.27928472387870407, -0.9596635229172645, -0.0323413943734856, 0.031207837839637403], [-0.777996400121306, -0.2458993354011839, 0.5781480072157521, 0.27117523751602796], [-0.5627802807546524, -0.13630641815879904, -0.8152906941468384, -0.2179412802575733], [0.0, 0.0, 0.0, 1.0]], "ecm_transform": [[0.993749189043373, 0.11150016924197166, 0.005501048504628181, -0.06216000437341687], [0.09321794465744064, -0.8016777047679402, -0.5904432847207679, 0.9112248096474229], [-0.06142445823514385, 0.5872653318024308, -0.8070603855929865, 0.5874777976250847], [0.0, 0.0, 0.0, 1.0]], "psm2_transform": [[-0.08559730883662417, 0.995135732856121, 0.048764473880464905, 0.007671355126323267], [0.864664241909429, 0.09851331480013736, -0.49259605720131505, -0.07749246506546972], [-0.49500388835151565, 0.0, -0.8688907586784891, -0.005424865797344372], [0.0, 0.0, 0.0, 1.0]]}