{"ecm_psm_transform": [[-0.5230019944242815, 0.2756202092316364, -0.8065372986361717, 0.03027904378745166], [0.43477901933696983, -0.7276283989992371, -0.5305884632313352, 0.22003578014770697], [-0.73310034659152, -0.6281643202482263, 0.2607172195971664, -0.15893515014400802], [0.0, 0.0, 0.0, 1.0]], "suj_ecm_transform": [[0.9905369570428828, 0.13724626265736797, -1.0900043066425298e-05, -0.06330623002933061], [-0.13724626306563428, 0.9905369522388004, -9.759091751705823e-05, 1.0298101993107096], [-2.597093260231123e-06, 9.816340065049118e-05, 0.9999999951786009, 0.7495700581433882], [0.0, 0.0, 0.0, 1.0]], "suj_psm2_transform": [[0.2792467495723742, -0.959671606146602, -0.0324293263769912, 0.0311872743594589], [-0.7779706363290619, -0.24591293218458196, 0.5781768923038484, 0.27123946071766686], [-0.5628347376122218, -0.13622495417647568, -0.8152667170911608, -0.21784796041167387], [0.0, 0.0, 0.0, 1.0]], "ecm_transform": [[0.9937519157604464, 0.11147671567120865, 0.005483774758593858, -0.062151274395207075], [0.09318887193738079, -0.8016809664237647, -0.590443445404297, 0.9112411744979034], [-0.06142445823514386, 0.5872653318024308, -0.8070603855929865, 0.5874844883324832], [0.0, 0.0, 0.0, 1.0]], "psm2_transform": [[-0.07167757608169052, 0.996592276489195, 0.04081861743294753, 0.006423163411306117], [0.866012097476227, 0.08248535895590114, -0.49317259918079603, -0.07760498502234751], [-0.4948589416307231, 0.0, -0.8689733182832029, -0.005437855440270988], [0.0, 0.0, 0.0, 1.0]]}