{"ecm_psm_transform": [[-0.5760757879197786, 0.2561105130730361, -0.7762371362322681, 0.034995282614652665], [0.5626466969300761, -0.564617284961062, -0.6038509882055958, 0.20854256070430632], [-0.592929490754408, -0.7846111945522226, 0.18116261307745918, -0.17153898382264862], [0.0, 0.0, 0.0, 1.0]], "suj_ecm_transform": [[0.9905287981719891, 0.1373051341830227, -1.0905843284959655e-05, -0.06328060739325672], [-0.1373051345915745, 0.990528793367931, -9.759026950931598e-05, 1.029820128079566], [-2.5970932602231396e-06, 9.816340065041924e-05, 0.9999999951786012, 0.7495771844310202], [0.0, 0.0, 0.0, 1.0]], "suj_psm2_transform": [[0.279287580860942, -0.9596613593719348, -0.03238089722743159, 0.031140698456931785], [-0.7779807316412504, -0.24592183301416176, 0.5781595223136087, 0.2712166600648995], [-0.5628005227181192, -0.13628106022248815, -0.8152809603154283, -0.21789835212790676], [0.0, 0.0, 0.0, 1.0]], "ecm_transform": [[0.99374991330338, 0.11149394031830727, 0.005496460845182627, -0.06216343683102713], [0.09321022336655972, -0.8016785710839966, -0.5904433274452998, 0.9112434900814433], [-0.061424458235143864, 0.5872653318024308, -0.8070603855929865, 0.5874865237868638], [0.0, 0.0, 0.0, 1.0]], "psm2_transform": [[-0.26491807480230034, 0.9523694445050045, 0.15103262831677128, 0.023744702445064363], [0.8273575210338557, 0.3049466202029942, -0.47168537312013786, -0.07415635255274927], [-0.4952756263251359, 0.0, -0.8687358942556963, -0.00539593006077143], [0.0, 0.0, 0.0, 1.0]]}