{"ecm_psm_transform": [[-0.5054761147158198, 0.2788684047561903, -0.8165331042159509, 0.02868203193140024], [0.3879240202074772, -0.7718476510130574, -0.5037520800668662, 0.22424065962058778], [-0.7707196974243413, -0.5713874486321547, 0.2819707991047449, -0.15562758394322362], [0.0, 0.0, 0.0, 1.0]], "suj_ecm_transform": [[0.9905308843791932, 0.13729008329835177, -1.0904360420862949e-05, -0.063287127844744], [-0.13729008370683057, 0.9905308795751289, -9.759043521000241e-05, 1.0298108026082295], [-2.5970932602220317e-06, 9.816340065046378e-05, 0.9999999951786009, 0.7495693335496443], [0.0, 0.0, 0.0, 1.0]], "suj_psm2_transform": [[0.2792265911841124, -0.9596809384010552, -0.032326571815933625, 0.031165572664625225], [-0.7780169805210628, -0.24584465466033636, 0.5781435667685219, 0.27124464827774625], [-0.5627806755713889, -0.13628243556896866, -0.8152944308400499, -0.2179099061679124], [0.0, 0.0, 0.0, 1.0]], "ecm_transform": [[0.9937465073788293, 0.11152322807290138, 0.005518031585489747, -0.062176659971678636], [0.09324652810103928, -0.8016744973261783, -0.5904431262483473, 0.911229622757011], [-0.06142445823514385, 0.5872653318024309, -0.8070603855929867, 0.5874783810080224], [0.0, 0.0, 0.0, 1.0]], "psm2_transform": [[-0.009207695317853547, 0.9999438672666925, 0.005242200174053668, 0.0008251433367181172], [0.8689795636503289, 0.010595391249560842, -0.4947345304730129, -0.07787319974630058], [-0.49476230283340855, 0.0, -0.8690283445866323, -0.005451099494824193], [0.0, 0.0, 0.0, 1.0]]}