{"ecm_psm_transform": [[-0.4888375318021021, 0.2807524313418574, -0.8259636431449416, 0.027266985664340812], [0.3412920644180934, -0.8097885859580708, -0.47724435336341475, 0.228382306769944], [-0.8028434431860703, -0.5151897886678884, 0.3000364767581961, -0.1527490407721755], [0.0, 0.0, 0.0, 1.0]], "suj_ecm_transform": [[0.9905293613535668, 0.13730107129067395, -1.0905442994987411e-05, -0.06326659347600334], [-0.13730107169920605, 0.990529356549507, -9.759031424145198e-05, 1.0298225316098513], [-2.5970932602326645e-06, 9.816340065044568e-05, 0.999999995178601, 0.7495699172072439], [0.0, 0.0, 0.0, 1.0]], "suj_psm2_transform": [[0.2793545185226002, -0.9596408104271171, -0.03241246587028174, 0.031238535314971], [-0.7779486193650876, -0.2459914951535723, 0.5781730968663831, 0.27120766129066254], [-0.5628116901850566, -0.13630003402382548, -0.8152700792474503, -0.21789874249018326], [0.0, 0.0, 0.0, 1.0]], "ecm_transform": [[0.9937443251347553, 0.11154198725352751, 0.005531847973697806, -0.06217787977383001], [0.09326978177839412, -0.8016718874592741, -0.590442996964564, 0.9112339331358199], [-0.06142445823514388, 0.5872653318024309, -0.8070603855929865, 0.587474450348749], [0.0, 0.0, 0.0, 1.0]], "psm2_transform": [[0.049783011566873814, 0.9983582084314983, -0.028329126650525234, -0.004460558656191257], [0.8677045571857818, -0.057279033314547055, -0.49376908953637133, -0.07774634261272936], [-0.4945810885975713, 0.0, -0.8691314899378813, -0.005466027553609091], [0.0, 0.0, 0.0, 1.0]]}