{"ecm_psm_transform": [[-0.4882124151160311, 0.2806538026526221, -0.8263667955473499, 0.027073652272497587], [0.3392008949337365, -0.8114137491584543, -0.47597319310311326, 0.2286436102405857], [-0.8041090663602323, -0.512680378728545, 0.30094424510867673, -0.15257051920434894], [0.0, 0.0, 0.0, 1.0]], "suj_ecm_transform": [[0.9905382005825009, 0.13723728745493982, -1.0899158800440132e-05, -0.06330914477783631], [-0.1372372878631626, 0.9905381957784147, -9.759101627765575e-05, 1.0298287286190981], [-2.5970932602259534e-06, 9.816340065044898e-05, 0.9999999951786009, 0.749579656426953], [0.0, 0.0, 0.0, 1.0]], "suj_psm2_transform": [[0.2792098893838168, -0.9596837625879884, -0.03238693402035081, 0.03110570947232548], [-0.7779985336606252, -0.24586197731117704, 0.5781610240534686, 0.2712811005544093], [-0.5628144625826472, -0.13623128839440682, -0.8152796555601066, -0.21784517193749253], [0.0, 0.0, 0.0, 1.0]], "ecm_transform": [[0.9937467534414156, 0.11152111255273792, 0.005516473479139528, -0.06216888589730743], [0.09324390572667768, -0.8016747916193826, -0.5904431408076938, 0.9112522409352348], [-0.06142445823514385, 0.5872653318024308, -0.8070603855929864, 0.5874853592182878], [0.0, 0.0, 0.0, 1.0]], "psm2_transform": [[0.052352678746196535, 0.9981839560619078, -0.029799108857427318, -0.004691403899902427], [0.8674982027059501, -0.06023943775135406, -0.4937793823574927, -0.07773784548949587], [-0.49467773886647026, 0.0, -0.8690764837860684, -0.005459987459310006], [0.0, 0.0, 0.0, 1.0]]}