{"ecm_psm_transform": [[-0.48134273863076976, 0.2810782074765113, -0.830243463840109, 0.026514958033714366], [0.3186496756260825, -0.8262722955658798, -0.46447441027863345, 0.23045370752993527], [-0.8165608074055621, -0.4881281951107549, 0.3081546899644624, -0.15152473595933913], [0.0, 0.0, 0.0, 1.0]], "suj_ecm_transform": [[0.9905290967981066, 0.13730297985620973, -1.0905631033356368e-05, -0.06324971488677517], [-0.1373029802647511, 0.9905290919940476, -9.759029322852411e-05, 1.029823482715083], [-2.597093260225058e-06, 9.816340065045993e-05, 0.9999999951786012, 0.7495786354038139], [0.0, 0.0, 0.0, 1.0]], "suj_psm2_transform": [[0.2793112365132241, -0.9596564332584765, -0.03232279788436715, 0.031154965224808248], [-0.7779978293051175, -0.2459116176301389, 0.5781408599217444, 0.27125090087467846], [-0.5627651470675663, -0.13633417187245533, -0.8152964999470271, -0.21791177530317896], [0.0, 0.0, 0.0, 1.0]], "ecm_transform": [[0.9937417631445259, 0.11156400479360934, 0.0055480642408782185, -0.06220140302604959], [0.09329707451430869, -0.8016688237030255, -0.590442844811993, 0.9112457201095727], [-0.06142445823514386, 0.5872653318024309, -0.8070603855929867, 0.5874716883779871], [0.0, 0.0, 0.0, 1.0]], "psm2_transform": [[0.07717877140970796, 0.9960478895617251, -0.04395496494506257, -0.006916190241739615], [0.8655219098057914, -0.08881780057867698, -0.4929332834639007, -0.07756166724698191], [-0.49488913999988315, 0.0, -0.8689561203594668, -0.005434494529467655], [0.0, 0.0, 0.0, 1.0]]}