{"ecm_psm_transform": [[-0.4581960927618334, 0.28059496866686146, -0.8433995518949677, 0.02447805711868946], [0.24970586250050225, -0.8700169196989276, -0.42510885861208514, 0.23661756191195], [-0.8530552870773791, -0.40538503055297015, 0.3285721445784745, -0.14822290982730554], [0.0, 0.0, 0.0, 1.0]], "suj_ecm_transform": [[0.9905341006123335, 0.1372668765772001, -1.0902074017325004e-05, -0.0632805031731984], [-0.1372668769855664, 0.9905340958082596, -9.759069065634958e-05, 1.0298293600325739], [-2.597093260223109e-06, 9.816340065044739e-05, 0.9999999951786008, 0.7495752947193755], [0.0, 0.0, 0.0, 1.0]], "suj_psm2_transform": [[0.27935452516352965, -0.9596408876257038, -0.032410122918775375, 0.031196351072183742], [-0.7779505092411635, -0.2459905470369216, 0.5781709573645932, 0.2712372830233748], [-0.5628090745910848, -0.13630120162869927, -0.8152716896792747, -0.21787181522055232], [0.0, 0.0, 0.0, 1.0]], "ecm_transform": [[0.9937502279808991, 0.1114912338037848, 0.0054944674738390265, -0.06213558558835033], [0.0932068684080221, -0.8016789474895115, -0.5904433459983092, 0.91122862892149], [-0.06142445823514385, 0.5872653318024308, -0.8070603855929867, 0.5874740190257821], [0.0, 0.0, 0.0, 1.0]], "psm2_transform": [[0.1578493018770155, 0.9833699538620116, -0.08981721292917032, -0.014143392139522636], [0.8546946945541941, -0.18161369398100213, -0.48632648011339863, -0.07658115735011475], [-0.49455088413413206, 0.0, -0.8691486771560711, -0.005470044210103577], [0.0, 0.0, 0.0, 1.0]]}