{"ecm_psm_transform": [[-0.4595654920723188, 0.2804860439451471, -0.84269041625518, 0.02449746587177416], [0.25362279642414226, -0.867866611471279, -0.42718031535565676, 0.23633943732976542], [-0.8511609927800532, -0.41004283172049383, 0.32770389153062107, -0.1483556350209347], [0.0, 0.0, 0.0, 1.0]], "suj_ecm_transform": [[0.9905358669420466, 0.13725412992890368, -1.090081817564932e-05, -0.06330078330260298], [-0.13725413033720812, 0.9905358621379675, -9.759083094106249e-05, 1.0298216670942333], [-2.597093260228237e-06, 9.816340065046281e-05, 0.999999995178601, 0.7495825612564955], [0.0, 0.0, 0.0, 1.0]], "suj_psm2_transform": [[0.27915785057302517, -0.959699848642537, -0.032358846996459856, 0.031096740379838957], [-0.778024048254842, -0.24580581848362332, 0.578150568569074, 0.2713039558447808], [-0.562805006019488, -0.13621930889227035, -0.8152881852966573, -0.21784479957020952], [0.0, 0.0, 0.0, 1.0]], "ecm_transform": [[0.9937434288642438, 0.11154969047315802, 0.005537521510454925, -0.0622065977523415], [0.09327933061324559, -0.8016708156209277, -0.5904429437820575, 0.9112567975681399], [-0.06142445823514391, 0.5872653318024312, -0.8070603855929864, 0.5874839081081631], [0.0, 0.0, 0.0, 1.0]], "psm2_transform": [[0.1534217178970633, 0.9842951339202552, -0.08732047765799668, -0.013747852719122926], [0.8554446745964678, -0.17653070367759477, -0.4868791630000574, -0.07665490620826498], [-0.49464753631455316, 0.0, -0.8690936743630935, -0.005462038867606017], [0.0, 0.0, 0.0, 1.0]]}