{"ecm_psm_transform": [[-0.4535962670294076, 0.28007744700749204, -0.8460538104723317, 0.023997376961195305], [0.23497409928198, -0.8781587789161452, -0.41668253104627195, 0.23796728144668536], [-0.8596729606097941, -0.38780637267877727, 0.33251859813568413, -0.1475872399826042], [0.0, 0.0, 0.0, 1.0]], "suj_ecm_transform": [[0.990536649123727, 0.13724848496039138, -1.0900262014939632e-05, -0.06329837633273125], [-0.13724848536866846, 0.9905366443196455, -9.75908930621855e-05, 1.029836770761915], [-2.5970932602333294e-06, 9.816340065048131e-05, 0.9999999951786008, 0.7495715089788506], [0.0, 0.0, 0.0, 1.0]], "suj_psm2_transform": [[0.2792556162709406, -0.9596701220349115, -0.0323968772358611, 0.031131383340581756], [-0.7779822868517934, -0.24590394069999827, 0.5781650398398939, 0.2712669900175471], [-0.5628142341181426, -0.13625163786799047, -0.8152764126676907, -0.21783971400717217], [0.0, 0.0, 0.0, 1.0]], "ecm_transform": [[0.993746628359443, 0.11152218795104438, 0.0055172655230151454, -0.062175027040937095], [0.09324523877795898, -0.8016746420198116, -0.5904431334071459, 0.9112320679534854], [-0.06142445823514387, 0.5872653318024309, -0.8070603855929867, 0.5874901588407293], [0.0, 0.0, 0.0, 1.0]], "psm2_transform": [[0.17436118671984704, 0.9796681217331706, -0.09923984998703006, -0.015624720285541027], [0.8514199994436715, -0.20062495173781747, -0.484596340563501, -0.0762967928074362], [-0.49465357687272915, 0.0, -0.8690902363316568, -0.005462807684314203], [0.0, 0.0, 0.0, 1.0]]}