{"ecm_psm_transform": [[-0.4424520951405837, 0.2786703208458483, -0.8523960322440387, 0.023095047450435245], [0.1995713227071072, -0.8960632295555551, -0.3965374834632972, 0.2411281134240038], [-0.8743039692570564, -0.3455626439853432, 0.34085044876487297, -0.14634433751233217], [0.0, 0.0, 0.0, 1.0]], "suj_ecm_transform": [[0.9905281618719354, 0.13730972441767558, -1.0906295530536177e-05, -0.06325708295637922], [-0.13730972482624965, 0.9905281570678792, -9.759021896922516e-05, 1.0298211955294783], [-2.5970932602252767e-06, 9.816340065043796e-05, 0.9999999951786012, 0.7495652589329398], [0.0, 0.0, 0.0, 1.0]], "suj_psm2_transform": [[0.27926563488295253, -0.9596682903381866, -0.032364760045517416, 0.03122565938174729], [-0.7779905778486604, -0.24589534226840115, 0.5781575403204681, 0.2712538235292472], [-0.5627978020143019, -0.1362800541902164, -0.8152830066165875, -0.21790525789652704], [0.0, 0.0, 0.0, 1.0]], "ecm_transform": [[0.9937595640670787, 0.11141088997455374, 0.00543529394677739, -0.06210208422476592], [0.0931072755252191, -0.801690116976665, -0.5904438936818742, 0.9112193964204731], [-0.06142445823514385, 0.5872653318024309, -0.8070603855929865, 0.5874757573641118], [0.0, 0.0, 0.0, 1.0]], "psm2_transform": [[0.2132300782605996, 0.9694336903181164, -0.12137237659853584, -0.01910741059245053], [0.8425086896984142, -0.24535345947468978, -0.4795631217123174, -0.07549666347775147], [-0.49468377930516366, 0.0, -0.8690730455447115, -0.00545813614107311], [0.0, 0.0, 0.0, 1.0]]}