{"ecm_psm_transform": [[-0.42536466214807717, 0.2752569785345453, -0.8621476091503621, 0.021507475406099083], [0.14371329223179602, -0.9199950222032959, -0.3646308390098896, 0.2461451731702252], [-0.8935386918491841, -0.2790031449449818, 0.3517752852024413, -0.1446002955071688], [0.0, 0.0, 0.0, 1.0]], "suj_ecm_transform": [[0.990527979776177, 0.13731103801798272, -1.0906424950930383e-05, -0.06326040401715928], [-0.13731103842656317, 0.9905279749721213, -9.759020450565633e-05, 1.0298147625266476], [-2.5970932602283946e-06, 9.816340065046532e-05, 0.9999999951786012, 0.7495719497776703], [0.0, 0.0, 0.0, 1.0]], "suj_psm2_transform": [[0.2791913463661533, -0.9596918262991107, -0.032307749053948176, 0.031169682231621476], [-0.7780340373268414, -0.24580668626963728, 0.5781367569581057, 0.2712601420852998], [-0.5627745808715514, -0.13627425112550928, -0.8153000058904893, -0.2178828261823047], [0.0, 0.0, 0.0, 1.0]], "ecm_transform": [[0.9937502955657526, 0.1114906524993469, 0.005494039338209064, -0.06216001434939251], [0.0932061478310255, -0.8016790283325682, -0.5904433499822407, 0.9112305754908104], [-0.06142445823514389, 0.5872653318024311, -0.8070603855929864, 0.5874843414910975], [0.0, 0.0, 0.0, 1.0]], "psm2_transform": [[0.2722888971035967, 0.9496526858374228, -0.154979136647086, -0.02439884935605839], [0.82533061219178, -0.3133046062249472, -0.469754834245878, -0.07395497021734676], [-0.49465961740700903, 0.0, -0.8690867982582358, -0.005459646210908449], [0.0, 0.0, 0.0, 1.0]]}