{"ecm_psm_transform": [[-0.41925566664285213, 0.273870571807192, -0.8655747199900535, 0.020984966298382996], [0.12300068207615382, -0.927488630916198, -0.35303777663303704, 0.24793166477238462], [-0.8994973697552757, -0.25447936933904663, 0.3551685971255658, -0.14410537626160183], [0.0, 0.0, 0.0, 1.0]], "suj_ecm_transform": [[0.9905313191994884, 0.13728694608746717, -1.0904051332296484e-05, -0.06328212473998963], [-0.13728694649593076, 0.9905313143954229, -9.759046974581707e-05, 1.0298168790631852], [-2.5970932602297854e-06, 9.81634006504678e-05, 0.999999995178601, 0.7495764568159899], [0.0, 0.0, 0.0, 1.0]], "suj_psm2_transform": [[0.2793411452947007, -0.9596457484458848, -0.03238150761133557, 0.031187517423128717], [-0.7779654983712815, -0.24596525981428854, 0.5781615468953412, 0.27119579626211], [-0.5627949963258105, -0.1363126129682343, -0.815279500328816, -0.21791504894044533], [0.0, 0.0, 0.0, 1.0]], "ecm_transform": [[0.9937432146330069, 0.11155153161846633, 0.005538877542627482, -0.062197222568725674], [0.09328161287937183, -0.8016705594298418, -0.5904429310628316, 0.9112455863509668], [-0.061424458235143836, 0.5872653318024308, -0.8070603855929864, 0.5874786679615649], [0.0, 0.0, 0.0, 1.0]], "psm2_transform": [[0.29342697388380634, 0.9412771899077159, -0.16702653309227772, -0.02629101513163399], [0.8180321613399871, -0.33763479050511624, -0.46564592906412866, -0.07329556532341618], [-0.4946958601108577, 0.0, -0.8690661689360475, -0.00545181361120483], [0.0, 0.0, 0.0, 1.0]]}