{"ecm_psm_transform": [[-0.5557500546320413, 0.26537771111006103, -0.7878556639527755, 0.03323008460023358], [0.516997434502256, -0.631821575885541, -0.5775077046789918, 0.21270953517149438], [-0.6510418799851277, -0.7282692954474306, 0.21393527949810937, -0.166364836616895], [0.0, 0.0, 0.0, 1.0]], "suj_ecm_transform": [[0.9905356450062532, 0.1372557315860243, -1.090097597614507e-05, -0.06330144421451019], [-0.13725573199433652, 0.9905356402021748, -9.759081331473051e-05, 1.0298256828206531], [-2.597093260229073e-06, 9.816340065044988e-05, 0.999999995178601, 0.7495809676995837], [0.0, 0.0, 0.0, 1.0]], "suj_psm2_transform": [[0.27931333024021543, -0.9596576521707535, -0.03226847037338315, 0.031198627179465817], [-0.7780179261842751, -0.24588558556707082, 0.5781248873264833, 0.2712783139428295], [-0.5627363237663272, -0.136372539172871, -0.8153099781515639, -0.21791736238755965], [0.0, 0.0, 0.0, 1.0]], "ecm_transform": [[0.9937510431669989, 0.11148422199858785, 0.00548930322275638, -0.062146193167678776], [0.09319817667219057, -0.8016799226052442, -0.5904433940325094, 0.9112194935607145], [-0.06142445823514388, 0.5872653318024311, -0.8070603855929865, 0.5874860868333183], [0.0, 0.0, 0.0, 1.0]], "psm2_transform": [[-0.19109675621374367, 0.975515630482606, 0.10886360479383642, 0.017124494103202895], [0.8476232286890248, 0.21993011318171868, -0.4828722476004079, -0.07595690931136316], [-0.4949918099841434, 0.0, -0.8688976395690241, -0.005421365965118701], [0.0, 0.0, 0.0, 1.0]]}