{"ecm_psm_transform": [[-0.5496831052729854, 0.267627931991087, -0.7913430190477595, 0.032632209445852996], [0.5023519253579547, -0.6509744491638167, -0.5690999996705512, 0.21405513262020456], [-0.6674511419322048, -0.710357344266982, 0.22338624975444762, -0.16486199107479146], [0.0, 0.0, 0.0, 1.0]], "suj_ecm_transform": [[0.9905336769072658, 0.13726993404861373, -1.0902375249519712e-05, -0.06328862450436155], [-0.13726993445699484, 0.9905336721031931, -9.759065700457968e-05, 1.0298258435142447], [-2.5970932602258103e-06, 9.816340065046924e-05, 0.9999999951786009, 0.7495723861818906], [0.0, 0.0, 0.0, 1.0]], "suj_psm2_transform": [[0.279207147070911, -0.9596888951797659, -0.03225823140166284, 0.031144704333317688], [-0.7780504241027756, -0.2457946151320393, 0.5781198359558197, 0.2713067853276613], [-0.56274408622216, -0.13631665943945825, -0.8153139651577502, -0.2178880649319117], [0.0, 0.0, 0.0, 1.0]], "ecm_transform": [[0.9937440094229056, 0.11154470080861416, 0.005533846546898109, -0.06220231691063707], [0.0932731454739623, -0.801671509899471, -0.5904429782365911, 0.9112468932703279], [-0.06142445823514385, 0.5872653318024309, -0.8070603855929864, 0.587486665272333], [0.0, 0.0, 0.0, 1.0]], "psm2_transform": [[-0.16872639722537625, 0.9809639722104205, 0.09613057840509348, 0.015119885249672005], [0.8523336545653255, 0.1941898175115093, -0.4856106012744811, -0.07637919888876216], [-0.49503408385146663, 0.0, -0.8688735557175965, -0.005416268553486616], [0.0, 0.0, 0.0, 1.0]]}