{"ecm_psm_transform": [[-0.7205999833682498, 0.09958110727703715, -0.6861627117842805, 0.01911656172366942], [0.5424966630465236, -0.5353088176496449, -0.6474116467363915, 0.21032629732920183], [-0.43177891860657736, -0.8387658033205803, 0.33172110669494115, -0.19507879921332869], [0.0, 0.0, 0.0, 1.0]], "suj_ecm_transform": [[0.9934878187910031, 0.1139383773794387, -8.604398111348393e-06, -0.09244350463403914], [-0.11393837767473329, 0.9934878139786555, -9.782005138931753e-05, 1.0067298258949648], [-2.5970932602265595e-06, 9.816340065047147e-05, 0.999999995178601, 0.7425389501998458], [0.0, 0.0, 0.0, 1.0]], "suj_psm2_transform": [[0.18799264202812127, -0.9527727092608117, -0.23850142773388067, 0.0019806084948935793], [-0.7649421567196032, -0.2943442428607238, 0.5729092105804455, 0.27359149001682337], [-0.6160537828927346, 0.07473708037219606, -0.7841505629666993, -0.23748972315887795], [0.0, 0.0, 0.0, 1.0]], "ecm_transform": [[0.9594925390028537, 0.2810268825402137, 0.01994890692710838, -0.08830545328289777], [0.23839300741364056, -0.7721145083546663, -0.589073815412391, 0.8837971623409785], [-0.15014273746717627, 0.5699676107271016, -0.8078329537150002, 0.5739559229240176], [0.0, 0.0, 0.0, 1.0]], "psm2_transform": [[-0.284447025981897, 0.9449256430337432, 0.16188087764563508, 0.025488235928266684], [0.821245141929348, 0.32728508847374493, -0.4673766015968046, -0.07358871079836939], [-0.49461733316524537, 0.0, -0.8691108638905055, -0.0054647452891060586], [0.0, 0.0, 0.0, 1.0]]}