{"ecm_psm_transform": [[-0.6948446711757923, 0.1620384581414742, -0.7006671256893241, 0.016967591166939144], [0.41910434874607994, -0.7005028484620406, -0.5776221119024894, 0.2213209060974847], [-0.5844163137701837, -0.6950102858085637, 0.41882964892611096, -0.18136889697654046], [0.0, 0.0, 0.0, 1.0]], "suj_ecm_transform": [[0.993490095625968, 0.11391852272173725, -8.602443197467902e-06, -0.09245226459240387], [-0.11391852301693567, 0.9934900908136145, -9.78202233267544e-05, 1.0067411138599325], [-2.5970932602229367e-06, 9.816340065044339e-05, 0.9999999951786009, 0.7425482558992891], [0.0, 0.0, 0.0, 1.0]], "suj_psm2_transform": [[0.1881328608857575, -0.9527200689541033, -0.23860112503303288, 0.002138565618729632], [-0.7648880146883288, -0.29451807867147023, 0.5728921594172962, 0.27356379161570776], [-0.6160782025368916, 0.07472329989872284, -0.7841326908190721, -0.23748196947242872], [0.0, 0.0, 0.0, 1.0]], "ecm_transform": [[0.9594919705045429, 0.2810287238001624, 0.019950311690829753, -0.08831226082324556], [0.23839529551392535, -0.7721138381879261, -0.5890737678385766, 0.8838067025129036], [-0.1501427374671763, 0.5699676107271018, -0.8078329537150001, 0.5739534507907535], [0.0, 0.0, 0.0, 1.0]], "psm2_transform": [[-0.0912448569983886, 0.9944716793729131, 0.05196590224908576, 0.008179743144066802], [0.8641522523152502, 0.10500513761344213, -0.49215323415910056, -0.07746785620399828], [-0.49488913999988315, 0.0, -0.8689561203594668, -0.005451517968617335], [0.0, 0.0, 0.0, 1.0]]}