{"ecm_psm_transform": [[-0.6887634158213111, 0.17242130030851144, -0.704184529953678, 0.01632968091771531], [0.3938173041175631, -0.7265280614442475, -0.5630851684351478, 0.22363543609713496], [-0.6086976983722995, -0.6651525171973615, 0.4325034576304324, -0.1792078563300259], [0.0, 0.0, 0.0, 1.0]], "suj_ecm_transform": [[0.9934946047003925, 0.11387919194161555, -8.598570643833308e-06, -0.09248076859686094], [-0.11387919223662346, 0.9934945998880272, -9.782056380715309e-05, 1.0067506079585344], [-2.5970932602277284e-06, 9.816340065046636e-05, 0.9999999951786008, 0.7425494193692155], [0.0, 0.0, 0.0, 1.0]], "suj_psm2_transform": [[0.18812941617326473, -0.9527374443220585, -0.23853445234803997, 0.002047121214632422], [-0.7649011722042692, -0.29447375521553965, 0.5728973767175004, 0.27360291270997966], [-0.6160629184838524, 0.07467643320306092, -0.7841491636118905, -0.23748831146213512], [0.0, 0.0, 0.0, 1.0]], "ecm_transform": [[0.9594826538439803, 0.2810588959800494, 0.01997333129422184, -0.0883284461768239], [0.23843279002346876, -0.7721028556562365, -0.5890729877774993, 0.8838102009196737], [-0.15014273746717627, 0.5699676107271018, -0.8078329537150003, 0.5739579541211313], [0.0, 0.0, 0.0, 1.0]], "psm2_transform": [[-0.05581189632017354, 0.9979354853823627, 0.03177733852629127, 0.005002723772400675], [0.867220495696333, 0.06422434907936643, -0.49376496922071966, -0.07773368897635859], [-0.494786463106412, 0.0, -0.8690145890183014, -0.0054587575616535655], [0.0, 0.0, 0.0, 1.0]]}