{"ecm_psm_transform": [[-0.6824853956883473, 0.18236479318369173, -0.7077829942003334, 0.01572621239838176], [0.3676693769943733, -0.7512709016097746, -0.5480978576997046, 0.22597736662341666], [-0.6316905206607816, -0.6342989158129672, 0.44568146865873287, -0.17709432726481406], [0.0, 0.0, 0.0, 1.0]], "suj_ecm_transform": [[0.9934959857025439, 0.1138671432811762, -8.597384319755124e-06, -0.09249446399072087], [-0.11386714357612573, 0.9934959808901751, -9.782066807949577e-05, 1.0067428901089936], [-2.597093260223397e-06, 9.816340065043671e-05, 0.999999995178601, 0.742539096217244], [0.0, 0.0, 0.0, 1.0]], "suj_psm2_transform": [[0.1880135773021816, -0.9527481529831964, -0.23858300806458163, 0.0020056626209368766], [-0.7649214214057455, -0.2944118374148894, 0.5729021636061454, 0.2735924832446254], [-0.6160731399960969, 0.07478386842826712, -0.784130894174087, -0.23743495825540206], [0.0, 0.0, 0.0, 1.0]], "ecm_transform": [[0.9594873438235276, 0.2810437080401148, 0.019961743749840014, -0.08830923389070154], [0.23841391618010502, -0.772108384161901, -0.5890733805550581, 0.8838107564808834], [-0.15014273746717627, 0.5699676107271019, -0.807832953715, 0.5739610095000016], [0.0, 0.0, 0.0, 1.0]], "psm2_transform": [[-0.020387140588505007, 0.9997247878215778, 0.011606597853190546, 0.0018272303287880005], [0.8687960530423054, 0.02345951012065588, -0.4946140612669746, -0.07786724630453043], [-0.49475022255349843, 0.0, -0.8690352221189104, -0.005458731323678426], [0.0, 0.0, 0.0, 1.0]]}