{"ecm_psm_transform": [[-0.7185388778196786, 0.10652113508645432, -0.687280967902888, 0.018947629614602494], [0.5308851486595842, -0.5543823038194182, -0.6409533681513544, 0.2114074099938597], [-0.44929148667021085, -0.8254171727022451, 0.3417947498337329, -0.19344758226889194], [0.0, 0.0, 0.0, 1.0]], "suj_ecm_transform": [[0.9934992712773293, 0.11383847283563438, -8.594561398360744e-06, -0.09250251142741245], [-0.11383847313044505, 0.9934992664649519, -9.782091614285636e-05, 1.0067381882620194], [-2.597093260226031e-06, 9.816340065042377e-05, 0.999999995178601, 0.7425444705707578], [0.0, 0.0, 0.0, 1.0]], "suj_psm2_transform": [[0.18800067286784058, -0.9527646847763765, -0.23852715242548667, 0.001996748602107981], [-0.7649382774172614, -0.2943663285713941, 0.5729030427090706, 0.2736481978404131], [-0.6160561490182144, 0.07475239157625782, -0.7841472445978993, -0.23743845094103277], [0.0, 0.0, 0.0, 1.0]], "ecm_transform": [[0.9594924518220989, 0.28102716490366114, 0.01994912235230971, -0.08830986497398287], [0.23839335830152558, -0.7721144055826501, -0.5890738081170058, 0.8837987397244591], [-0.15014273746717632, 0.5699676107271018, -0.807832953715, 0.5739530098546035], [0.0, 0.0, 0.0, 1.0]], "psm2_transform": [[-0.26439138056915323, 0.9525976143335854, 0.15051572358627166, 0.023696292930362343], [0.8278474307232051, 0.3042331099107422, -0.47128637395857975, -0.07419650057364102], [-0.4947381421779861, 0.0, -0.8690420994832614, -0.005459814041989381], [0.0, 0.0, 0.0, 1.0]]}