{"ecm_psm_transform": [[-0.6750484098725438, 0.19362581606005524, -0.7119119943389267, 0.01514595505034173], [0.3363901388603777, -0.7780277088795471, -0.5305794555890178, 0.22873407775465768], [-0.6566211379525075, -0.5976469924384463, 0.4600725525645207, -0.17488451289389934], [0.0, 0.0, 0.0, 1.0]], "suj_ecm_transform": [[0.9934936948992974, 0.1138871288662283, -8.599352122187448e-06, -0.09249153744066828], [-0.11388712916127465, 0.9934936900869346, -9.782049511092732e-05, 1.006733222549152], [-2.5970932602275154e-06, 9.816340065047669e-05, 0.9999999951786009, 0.7425374931844795], [0.0, 0.0, 0.0, 1.0]], "suj_psm2_transform": [[0.1881180096176809, -0.9527220856916981, -0.23860478178934905, 0.002091031796273915], [-0.7648883303363062, -0.2945088728697997, 0.572896470504312, 0.2735663941383738], [-0.6160823456104062, 0.07473386940484819, -0.7841284283782595, -0.2374775737504864], [0.0, 0.0, 0.0, 1.0]], "ecm_transform": [[0.9594874838894947, 0.2810432544330076, 0.019961397674273865, -0.08832081972327596], [0.23841335248947224, -0.7721085492725377, -0.5890733922823098, 0.8838099317390038], [-0.15014273746717627, 0.5699676107271018, -0.8078329537150002, 0.5739454560892785], [0.0, 0.0, 0.0, 1.0]], "psm2_transform": [[0.020243035931839064, 0.9997285792765579, -0.011532010836679322, -0.0018148979493446049], [0.8686618027430951, -0.023297377055690557, -0.4948574589489795, -0.07788024137193753], [-0.4949918099841434, 0.0, -0.8688976395690241, -0.005443622890855846], [0.0, 0.0, 0.0, 1.0]]}