{"ecm_psm_transform": [[-0.6666606940816091, 0.2046872092634433, -0.7167054243764106, 0.014277504907552831], [0.30291735746643855, -0.8041639688050601, -0.5114307243618087, 0.2317500058037208], [-0.6810320062318492, -0.558053274911668, 0.47410120106174064, -0.17267655723798134], [0.0, 0.0, 0.0, 1.0]], "suj_ecm_transform": [[0.9934918259960619, 0.113903431050318, -8.600957253739077e-06, -0.09246062524101462], [-0.11390343134544331, 0.9934918211837038, -9.782035399134484e-05, 1.006740869340626], [-2.597093260230422e-06, 9.816340065049869e-05, 0.999999995178601, 0.7425376418111704], [0.0, 0.0, 0.0, 1.0]], "suj_psm2_transform": [[0.1880093577923568, -0.9527539559614203, -0.23856315889585686, 0.001974496005408277], [-0.764924734797609, -0.29439627022399506, 0.5729057393437494, 0.27357630047781184], [-0.616070313744554, 0.07477122092131949, -0.7841343207924407, -0.23746153263118708], [0.0, 0.0, 0.0, 1.0]], "ecm_transform": [[0.9595097115588567, 0.28097125475018, 0.019906466998178232, -0.08826296130196934], [0.2383238800668172, -0.7721347529584124, -0.5890752511044317, 0.8837971740142044], [-0.15014273746717632, 0.5699676107271021, -0.8078329537150002, 0.5739515601177905], [0.0, 0.0, 0.0, 1.0]], "psm2_transform": [[0.06251617346404027, 0.9974080774949401, -0.035620991048278365, -0.00560505195267387], [0.866604343375702, -0.07195225464047322, -0.4937811105080073, -0.07769769161939546], [-0.49506427875356, 0.0, -0.8688563517073564, -0.005435816455102993], [0.0, 0.0, 0.0, 1.0]]}