{"ecm_psm_transform": [[-0.6645803703786992, 0.20692503265366757, -0.7179937062179513, 0.014122341298890576], [0.2960323505304384, -0.8093505631114033, -0.5072637513470462, 0.23241297934356414], [-0.6860741787494518, -0.5496668962676696, 0.47662199319873216, -0.1723184443593262], [0.0, 0.0, 0.0, 1.0]], "suj_ecm_transform": [[0.9934884565656669, 0.11393281615383256, -8.603850546167228e-06, -0.09244635885887278], [-0.11393281644910021, 0.9934884517533176, -9.782009955241398e-05, 1.0067346489738258], [-2.597093260226166e-06, 9.81634006504596e-05, 0.999999995178601, 0.7425447657641722], [0.0, 0.0, 0.0, 1.0]], "suj_psm2_transform": [[0.18800942005204863, -0.9527847342904374, -0.23844015617087905, 0.002007678246714023], [-0.764956189961983, -0.2943185401869801, 0.5729036780655642, 0.2736060899693566], [-0.6160312373658816, 0.07468498513962349, -0.7841732382478729, -0.23753338557619585], [0.0, 0.0, 0.0, 1.0]], "ecm_transform": [[0.959485581899896, 0.2810494139736067, 0.019966097047511774, -0.08831404945240187], [0.23842100685988432, -0.7721063072059, -0.5890732330201295, 0.8837982780787692], [-0.15014273746717627, 0.5699676107271018, -0.8078329537150004, 0.5739495204061427], [0.0, 0.0, 0.0, 1.0]], "psm2_transform": [[0.07124397627967641, 0.9966335567315878, -0.04056906999680651, -0.006385845201017081], [0.8660616801746877, -0.08198508154868715, -0.4931689492825475, -0.0776281183747741], [-0.494834782505088, 0.0, -0.868987075866576, -0.005451807083621137], [0.0, 0.0, 0.0, 1.0]]}