{"ecm_psm_transform": [[-0.6322143237249163, 0.24120702699590596, -0.7362908521806064, 0.011274902929669983], [0.17233855879806972, -0.8827201921616199, -0.43715498796371666, 0.24339973253494984], [-0.7553836575068666, -0.40326694939946334, 0.5164990779213451, -0.1660926694555438], [0.0, 0.0, 0.0, 1.0]], "suj_ecm_transform": [[0.9934850121213648, 0.11396284752556457, -8.606807473300763e-06, -0.09243300062838673], [-0.11396284782097768, 0.9934850073090243, -9.7819839428323e-05, 1.0067309365015136], [-2.5970932602256087e-06, 9.816340065046165e-05, 0.9999999951786012, 0.7425501454736025], [0.0, 0.0, 0.0, 1.0]], "suj_psm2_transform": [[0.1881084445972923, -0.95273825606316, -0.2385477488992851, 0.0020555505394477536], [-0.7649027961133826, -0.294465502662595, 0.5728994503746662, 0.27351990248188385], [-0.6160673060381607, 0.07469861561899413, -0.7841436037203194, -0.23753778745313014], [0.0, 0.0, 0.0, 1.0]], "ecm_transform": [[0.9594893401449588, 0.28103724279320524, 0.01995681115272324, -0.0883066970773824], [0.2384058819200043, -0.7721107374497732, -0.5890735476837446, 0.8837968879843289], [-0.15014273746717624, 0.5699676107271018, -0.8078329537150005, 0.5739477790465266], [0.0, 0.0, 0.0, 1.0]], "psm2_transform": [[0.2146200763146907, 0.9690078049750568, -0.12231964985274679, -0.019241761124212397], [0.8418752327491086, -0.24703010726917932, -0.4798147752896026, -0.07547831686163756], [-0.4951608984222305, 0.0, -0.8688012918232164, -0.005422572672570031], [0.0, 0.0, 0.0, 1.0]]}