{"ecm_psm_transform": [[-0.6245706444807105, 0.24742652925849762, -0.7407372156656125, 0.010514278008829845], [0.14555538352440206, -0.8949864824452952, -0.4216785820589682, 0.2458236054691587], [-0.7672842630863834, -0.3711863532772878, 0.5229680207820496, -0.16499414125466283], [0.0, 0.0, 0.0, 1.0]], "suj_ecm_transform": [[0.9934916752276114, 0.11390474607958993, -8.601086733043891e-06, -0.09246520577413224], [-0.11390474637472163, 0.9934916704152537, -9.782034260660867e-05, 1.0067183418713448], [-2.5970932602260005e-06, 9.816340065045288e-05, 0.999999995178601, 0.742543312456748], [0.0, 0.0, 0.0, 1.0]], "suj_psm2_transform": [[0.18801793780692172, -0.9527515706981903, -0.23856592295414747, 0.00198496652418563], [-0.7649202609552098, -0.2944050420093161, 0.5729072050687677, 0.27353450230462695], [-0.6160732500628855, 0.07476707678935005, -0.7841324089624973, -0.23749480240285648], [0.0, 0.0, 0.0, 1.0]], "ecm_transform": [[0.9594887351507795, 0.28103920214041916, 0.019958306016143637, -0.08831007117339892], [0.23840831676898352, -0.7721100242726522, -0.5890734970384123, 0.8838095437104414], [-0.15014273746717627, 0.5699676107271018, -0.8078329537150002, 0.5739487933404372], [0.0, 0.0, 0.0, 1.0]], "psm2_transform": [[0.2439345631428097, 0.9597919025358759, -0.13890800096067274, -0.02186542795033066], [0.8340434577812252, -0.2807124931786323, -0.47494421430919, -0.0747606935999614], [-0.49484082232235455, 0.0, -0.8689836365337014, -0.005452575332338599], [0.0, 0.0, 0.0, 1.0]]}