{"ecm_psm_transform": [[-0.6244865858257986, 0.2474297101388619, -0.7408070212033874, 0.010590803605648702], [0.14514877598466536, -0.8952043376232103, -0.42135617561718774, 0.24594072871048797], [-0.7674296951211822, -0.37065851189631105, 0.5231289808498678, -0.16493943256042826], [0.0, 0.0, 0.0, 1.0]], "suj_ecm_transform": [[0.9934872860484558, 0.11394302254210394, -8.604855479896411e-06, -0.09244263168305969], [-0.11394302283742104, 0.9934872812361095, -9.782001115737545e-05, 1.0067318146771445], [-2.5970932602217653e-06, 9.816340065042912e-05, 0.9999999951786009, 0.7425401102364926], [0.0, 0.0, 0.0, 1.0]], "suj_psm2_transform": [[0.18792970280933718, -0.9527755300657552, -0.2385397579228943, 0.0020699763974486307], [-0.7649614384349805, -0.29431677852931803, 0.5728975751245675, 0.2736112458271652], [-0.6160490439157253, 0.07480924531127944, -0.7841474047055677, -0.23745651200339057], [0.0, 0.0, 0.0, 1.0]], "ecm_transform": [[0.9594799909389644, 0.28106751889717313, 0.019979910128737968, -0.08832338987112338], [0.23844350562266894, -0.772099716709588, -0.5890727646762719, 0.883815320826091], [-0.15014273746717643, 0.5699676107271021, -0.8078329537150002, 0.5739566483417489], [0.0, 0.0, 0.0, 1.0]], "psm2_transform": [[0.2443815350049745, 0.9596400115670299, -0.1391715256374056, -0.021905882357657752], [0.8338982645261548, -0.2812313072892679, -0.4748922364291044, -0.07474900786016045], [-0.49486498135236795, 0.0, -0.8689698787824125, -0.005450409783435358], [0.0, 0.0, 0.0, 1.0]]}