{"ecm_psm_transform": [[-0.6135858862734801, 0.2562554444045354, -0.7468905591711696, 0.009755539274615227], [0.10547863320570791, -0.9108004093938719, -0.39914517682794476, 0.24941229922581723], [-0.7825513517354907, -0.3236908424113814, 0.5318248023888754, -0.16374031972509648], [0.0, 0.0, 0.0, 1.0]], "suj_ecm_transform": [[0.9934835545794264, 0.11397555310736256, -8.608058481793045e-06, -0.09240883911198419], [-0.11397555340283723, 0.9934835497670897, -9.781972934861535e-05, 1.0067354290398516], [-2.5970932602264807e-06, 9.816340065044616e-05, 0.9999999951786009, 0.7425440365011675], [0.0, 0.0, 0.0, 1.0]], "suj_psm2_transform": [[0.18829025759329054, -0.9527345658550399, -0.23841901333673277, 0.00220557031450222], [-0.7648896712310371, -0.29452884349720276, 0.5728844134659943, 0.2735423001643218], [-0.6160280592144552, 0.07449568694366857, -0.7841937406580484, -0.23761431383144904], [0.0, 0.0, 0.0, 1.0]], "ecm_transform": [[0.9594962022109865, 0.28101501763043135, 0.01993985478539588, -0.08829353223090222], [0.23837826312094165, -0.7721188267282488, -0.589074121892344, 0.8837908874794083], [-0.15014273746717632, 0.569967610727102, -0.8078329537150002, 0.5739607246064273], [0.0, 0.0, 0.0, 1.0]], "psm2_transform": [[0.2858618287886088, 0.9443148707711609, -0.1629491935606856, -0.025630079130778076], [0.8203894782943812, -0.32904319600995496, -0.4676448214868066, -0.07355528136039344], [-0.4952212826055692, 0.0, -0.8687668739394332, -0.005417158808797135], [0.0, 0.0, 0.0, 1.0]]}