{"ecm_psm_transform": [[-0.715410064316084, 0.1160006047130856, -0.6890081999377479, 0.018788029991875777], [0.5145142071895006, -0.5797126078352275, -0.6318294254915957, 0.21279111124209066], [-0.472719335838314, -0.8065216376657719, 0.3550482748887888, -0.19144462819902067], [0.0, 0.0, 0.0, 1.0]], "suj_ecm_transform": [[0.9934905505229574, 0.11391455546854319, -8.602052576992622e-06, -0.09245733627750999], [-0.1139145557637224, 0.9934905457106027, -9.782025767771992e-05, 1.006737118735244], [-2.5970932602281176e-06, 9.816340065049981e-05, 0.9999999951786009, 0.742540258039196], [0.0, 0.0, 0.0, 1.0]], "suj_psm2_transform": [[0.18816563756491125, -0.9527314414610927, -0.23852985828038267, 0.002114306051524892], [-0.7648938429559763, -0.2944996042454327, 0.5728938750827436, 0.273569989854078], [-0.6160609562761052, 0.07465107869784923, -0.7841531193596175, -0.23752949752618246], [0.0, 0.0, 0.0, 1.0]], "ecm_transform": [[0.9594902318684834, 0.28103435479835426, 0.019954607789604756, -0.08830978060441667], [0.23840229305698127, -0.7721117886323922, -0.589073622325819, 0.883796477856299], [-0.15014273746717632, 0.5699676107271018, -0.8078329537150003, 0.5739531608159252], [0.0, 0.0, 0.0, 1.0]], "psm2_transform": [[-0.23694041397825738, 0.9621124235186164, 0.1349033903760264, 0.021235723260344553], [0.836093040974814, 0.2726530478669449, -0.47603439195330594, -0.0749346223378775], [-0.494780423074014, 0.0, -0.8690180279733556, -0.005454059860418685], [0.0, 0.0, 0.0, 1.0]]}