{"ecm_psm_transform": [[-0.6098329421652631, 0.25893509784109914, -0.749036980232672, 0.00928870069428394], [0.09157590524895784, -0.91576824558536, -0.39112961273131197, 0.25069468499451514], [-0.7872214658073631, -0.3071174620296485, 0.5347534275613149, -0.1631988685172726], [0.0, 0.0, 0.0, 1.0]], "suj_ecm_transform": [[0.9934895483544969, 0.11392329540690076, -8.602913121792925e-06, -0.09245087130334848], [-0.1139232957021223, 0.9934895435421447, -9.78201819998789e-05, 1.0067368570794706], [-2.59709326022622e-06, 9.816340065048805e-05, 0.999999995178601, 0.7425440373251544], [0.0, 0.0, 0.0, 1.0]], "suj_psm2_transform": [[0.1880880854746142, -0.9527440798774234, -0.2385405423843434, 0.002075971445931163], [-0.7649124531316549, -0.2944444159502456, 0.572897394792325, 0.27357475783545576], [-0.6160615319483993, 0.07470745728668096, -0.7841472978204737, -0.2375042263670779], [0.0, 0.0, 0.0, 1.0]], "ecm_transform": [[0.9594961545789629, 0.28101517191281267, 0.019939972492357808, -0.08829805448619882], [0.23837845484448936, -0.7721187705766852, -0.589074117908012, 0.8838083267494041], [-0.1501427374671762, 0.5699676107271018, -0.8078329537150004, 0.5739511235762389], [0.0, 0.0, 0.0, 1.0]], "psm2_transform": [[0.3013587629657897, 0.937907098350144, -0.17179397791582315, -0.027019998844046378], [0.8148097044660884, -0.34688654465749075, -0.4644942094832532, -0.07305630357691228], [-0.4952454356090672, 0.0, -0.8687531056107859, -0.005414993255959077], [0.0, 0.0, 0.0, 1.0]]}