{"ecm_psm_transform": [[-0.713516086240982, 0.12091867676996601, -0.6901256902069017, 0.018599829397854543], [0.5054640140220541, -0.5932553643727166, -0.6265414616541419, 0.21362770210376575], [-0.4851813322914072, -0.7958811131388885, 0.36217720599830605, -0.19029367011472614], [0.0, 0.0, 0.0, 1.0]], "suj_ecm_transform": [[0.9934843061664841, 0.11396900160487695, -8.607413412091113e-06, -0.09241739040255159], [-0.11396900190031987, 0.9934843013541456, -9.78197861121235e-05, 1.0067427140173542], [-2.59709326022368e-06, 9.816340065047633e-05, 0.9999999951786012, 0.7425502897056953], [0.0, 0.0, 0.0, 1.0]], "suj_psm2_transform": [[0.18806900328719775, -0.9527499649284548, -0.23853208239435755, 0.0020981712722332735], [-0.7649201733627335, -0.2944237875672992, 0.5728976886820648, 0.27359167124183736], [-0.6160577719542918, 0.07471370452169057, -0.7841496566162354, -0.23749833976335155], [0.0, 0.0, 0.0, 1.0]], "ecm_transform": [[0.95948213259398, 0.2810605839051178, 0.019974619090808277, -0.088331440226083], [0.23843488758730588, -0.772102241220004, -0.5890729441115724, 0.8838078683527848], [-0.1501427374671764, 0.5699676107271018, -0.8078329537150002, 0.5739479223173012], [0.0, 0.0, 0.0, 1.0]], "psm2_transform": [[-0.2219301498378372, 0.9668427964841292, 0.1263408701873782, 0.019890296455312463], [0.8402304183310412, 0.25537229075753076, -0.47832816896404384, -0.0753049196947205], [-0.4947321019543797, 0.0, -0.869045538102464, -0.005459700450924074], [0.0, 0.0, 0.0, 1.0]]}