{"ecm_psm_transform": [[-0.7108493912521305, 0.12763428770631627, -0.6916665609657423, 0.0182768206157755], [0.4925012011280788, -0.611739461607256, -0.6190455540587174, 0.214875177242113], [-0.5021311679669715, -0.7806947673157327, 0.37199458388793644, -0.18864692802496874], [0.0, 0.0, 0.0, 1.0]], "suj_ecm_transform": [[0.993496692648773, 0.11386097497406555, -8.596776981739886e-06, -0.09248442837237614], [-0.11386097526898523, 0.9934966878364024, -9.782072145607504e-05, 1.0067478059788306], [-2.5970932602283967e-06, 9.81634006504383e-05, 0.9999999951786009, 0.7425318261095131], [0.0, 0.0, 0.0, 1.0]], "suj_psm2_transform": [[0.18789814312777608, -0.9527735827457957, -0.238572395366426, 0.0020151481041165153], [-0.7649600693716925, -0.29431241521490537, 0.5729016447150634, 0.273672327561749], [-0.616060370480028, 0.07485120087286282, -0.7841345022710715, -0.23737798869202198], [0.0, 0.0, 0.0, 1.0]], "ecm_transform": [[0.9594733048928366, 0.2810891675336454, 0.019996427012349563, -0.08835283211029327], [0.23847040819330304, -0.7720918356110762, -0.5890722042320774, 0.8838094333141439], [-0.15014273746717627, 0.5699676107271018, -0.8078329537150002, 0.5739448702343795], [0.0, 0.0, 0.0, 1.0]], "psm2_transform": [[-0.2009679202730606, 0.9728936142322909, 0.11441114634139052, 0.01801173496802974], [0.8454821636347802, 0.23125314135386424, -0.4813334557138329, -0.0757762762877503], [-0.4947441823776926, 0.0, -0.8690386608220768, -0.005458617748691025], [0.0, 0.0, 0.0, 1.0]]}