{"ecm_psm_transform": [[-0.5932136084319354, 0.24184830662246914, -0.7678587183557968, -0.005149929916625306], [0.6119213122484553, -0.48432198081305167, -0.6252875550636289, 0.21683674127188135], [-0.5231155918028931, -0.8407982014045738, 0.13931425672752473, -0.1726159289258115], [0.0, 0.0, 0.0, 1.0]], "suj_ecm_transform": [[0.9779420288808583, 0.20887648940385203, -1.7964219950315237e-05, 0.0590726056029948], [-0.20887649016020401, 0.9779420241191548, -9.654058691679902e-05, 1.0330128164119414], [-2.5970932602354385e-06, 9.816340065045102e-05, 0.999999995178601, 0.6492855206526458], [0.0, 0.0, 0.0, 1.0]], "suj_psm2_transform": [[0.27203230130900125, -0.9610927473960945, -0.04794953542168928, -0.010521441423340855], [-0.7307778476318264, -0.23874804520036844, 0.6395022348073524, 0.2835450024226256], [-0.6260688176671347, -0.13892480633648518, -0.7672924694855582, -0.2125867186859265], [0.0, 0.0, 0.0, 1.0]], "ecm_transform": [[0.9909317774848247, -0.07443506055748528, -0.11186435594312, 0.04857196045032492], [-0.12822591930703967, -0.7726578568354554, -0.6217378465947728, 0.9743081635746209], [-0.04015377925712724, 0.630443699334242, -0.7751957275302319, 0.5760972891026978], [0.0, 0.0, 0.0, 1.0]], "psm2_transform": [[-0.2810454424912443, 0.9461198619675547, 0.1608436074122811, 0.02518567905334545], [0.821152017900111, 0.3238166252533914, -0.46994910012476926, -0.07358692954959936], [-0.4967120118876495, 0.0, -0.8679154205603928, -0.005211011970256536], [0.0, 0.0, 0.0, 1.0]]}