{"ecm_psm_transform": [[-0.5582795612579177, 0.2597277638311153, -0.787950138128648, -0.008392865654962951], [0.5364353048420105, -0.6114989017786936, -0.5816410034054604, 0.22368960242988475], [-0.6328989612890245, -0.7474025567381609, 0.20206019642802947, -0.16270569746958582], [0.0, 0.0, 0.0, 1.0]], "suj_ecm_transform": [[0.9779269290713833, 0.20894717292667492, -1.7971197700934133e-05, 0.0591412861462049], [-0.20894717368337107, 0.9779269243097345, -9.65392882398817e-05, 1.032993262038231], [-2.597093260239987e-06, 9.81634006504799e-05, 0.9999999951786009, 0.6492820310668541], [0.0, 0.0, 0.0, 1.0]], "suj_psm2_transform": [[0.2718322307561466, -0.9611510049817464, -0.04791642666889839, -0.010615423934536128], [-0.7308621938299302, -0.23858157507507255, 0.6394679707888418, 0.28364103000718166], [-0.6260572593239683, -0.13880770028091516, -0.7673230938727733, -0.21252823537744758], [0.0, 0.0, 0.0, 1.0]], "ecm_transform": [[0.9909371522047961, -0.07440266850408392, -0.11183829084763697, 0.04852424847129269], [-0.12818437655041717, -0.7726609766833237, -0.6217425357164762, 0.9743214621257488], [-0.04015377925712726, 0.630443699334242, -0.7751957275302324, 0.5761029526070532], [0.0, 0.0, 0.0, 1.0]], "psm2_transform": [[-0.14758767313336876, 0.9854406025933066, 0.08440792320403762, 0.01322863332234087], [0.855421946589733, 0.17002005399522965, -0.4892304922345818, -0.07667349872162281], [-0.49645863073544194, 0.0, -0.8680603826740916, -0.005251339986199366], [0.0, 0.0, 0.0, 1.0]]}