{"ecm_psm_transform": [[-0.5582804957581056, 0.25994105044893345, -0.787879139429132, -0.008247286249273868], [0.5365751927133966, -0.6111753764825226, -0.5818519758031493, 0.22356180270869866], [-0.6327795434593836, -0.7475930105832667, 0.20172937293905024, -0.16281322836972692], [0.0, 0.0, 0.0, 1.0]], "suj_ecm_transform": [[0.9779321280214957, 0.20892283901113212, -1.7968795498873183e-05, 0.059114621754096014], [-0.2089228397677098, 0.9779321232598279, -9.65397353890435e-05, 1.0329944849870554], [-2.5970932602277407e-06, 9.816340065046922e-05, 0.9999999951786009, 0.6492820254362746], [0.0, 0.0, 0.0, 1.0]], "suj_psm2_transform": [[0.2720822759562364, -0.9610794371240119, -0.04793277216964881, -0.01047297136581371], [-0.7307847761437858, -0.23877918350122335, 0.6394826913083469, 0.28353142476965487], [-0.626039013214793, -0.13896336590584646, -0.7673098050130511, -0.2126137250848239], [0.0, 0.0, 0.0, 1.0]], "ecm_transform": [[0.9909389701433877, -0.07439170985051127, -0.11182947266565998, 0.048527128099693256], [-0.1281703220817212, -0.7726620318582202, -0.6217441218557639, 0.9743262965174776], [-0.04015377925712723, 0.6304436993342423, -0.7751957275302321, 0.576097433060128], [0.0, 0.0, 0.0, 1.0]], "psm2_transform": [[-0.14787452902938977, 0.9853854039397991, 0.08455015888060276, 0.013253402484187547], [0.8554284282436563, 0.17033967741662248, -0.489107961957469, -0.0766686279939113], [-0.4963620934528785, 0.0, -0.8681155868794639, -0.005259992544259743], [0.0, 0.0, 0.0, 1.0]]}