{"ecm_psm_transform": [[-0.5461720116641247, 0.26442466950396915, -0.7948432095907221, -0.009415268286384379], [0.5076583127674091, -0.6502833823804915, -0.5651677273853626, 0.2262230318895937], [-0.6663176203230043, -0.7121875572891629, 0.2209292015320392, -0.15973048895090627], [0.0, 0.0, 0.0, 1.0]], "suj_ecm_transform": [[0.977944660269394, 0.20886416908581984, -1.7963003712039306e-05, 0.05907340442207801], [-0.20886416984211187, 0.977944655507681, -9.654081322579989e-05, 1.0330038080836985], [-2.5970932602225484e-06, 9.816340065042175e-05, 0.9999999951786009, 0.6492807225408472], [0.0, 0.0, 0.0, 1.0]], "suj_psm2_transform": [[0.2719768409082417, -0.9611098806509618, -0.04792071915849583, -0.010550726259889023], [-0.7308231034691702, -0.23869368593253948, 0.6394708091317611, 0.2836002331088983], [-0.6260400861328802, -0.13889968182480716, -0.7673204603968955, -0.2125419754685287], [0.0, 0.0, 0.0, 1.0]], "ecm_transform": [[0.9909386969027738, -0.07439335704061809, -0.11183079812314722, 0.04851871019577615], [-0.128172434602776, -0.7726618732653909, -0.6217438834520324, 0.9743114866285488], [-0.04015377925712723, 0.6304436993342422, -0.7751957275302321, 0.5760997587640001], [0.0, 0.0, 0.0, 1.0]], "psm2_transform": [[-0.1024130215446391, 0.9930174656237079, 0.05854815099015019, 0.009179294967787341], [0.8620847708078381, 0.11796742332639185, -0.4928423023391246, -0.07726879140103565], [-0.4963077885337834, 0.0, -0.8681466345270858, -0.00526877709613674], [0.0, 0.0, 0.0, 1.0]]}