{"ecm_psm_transform": [[-0.5421765944046575, 0.2656876008817729, -0.7971540874996855, -0.00977036695771799], [0.498058369673477, -0.6624569510662698, -0.5595432497869852, 0.22709363878039057], [-0.6767439699605506, -0.7004005187902634, 0.22684072033116964, -0.15876677269324116], [0.0, 0.0, 0.0, 1.0]], "suj_ecm_transform": [[0.9779399420392185, 0.20888625958062065, -1.796518444381838e-05, 0.05909645347736934], [-0.2088862603370202, 0.9779399372775225, -9.654040743940468e-05, 1.03300479915969], [-2.5970932602394924e-06, 9.816340065046796e-05, 0.999999995178601, 0.6492762134425596], [0.0, 0.0, 0.0, 1.0]], "suj_psm2_transform": [[0.27192156608762574, -0.9611216169786394, -0.04799895074706767, -0.010544929117092067], [-0.7307475885636405, -0.2386839182827143, 0.6395607468893283, 0.28360736052228575], [-0.6261522368441064, -0.13883524239031303, -0.7672406087828939, -0.2125127342545201], [0.0, 0.0, 0.0, 1.0]], "ecm_transform": [[0.9909366941278194, -0.07440542963039232, -0.11184051266220751, 0.04853332891366844], [-0.12818791769273172, -0.77266071079826, -0.6217421360550766, 0.9743121535533286], [-0.040153779257127244, 0.6304436993342424, -0.7751957275302318, 0.5760982998259973], [0.0, 0.0, 0.0, 1.0]], "psm2_transform": [[-0.08763971068784183, 0.9948923595680295, 0.05008466815014535, 0.007854731986123503], [0.8637879460565769, 0.10094153195369487, -0.49364075133056173, -0.07741722052557812], [-0.4961750350006656, 0.0, -0.8682225144754588, -0.0052826345061658675], [0.0, 0.0, 0.0, 1.0]]}