{"ecm_psm_transform": [[-0.5418705258278058, 0.2656314686140103, -0.797380872683225, -0.009859886475938558], [0.4975789153654866, -0.6632140926860255, -0.5590727056889453, 0.22719829088413193], [-0.6773415358759591, -0.699704930770547, 0.2272035511002872, -0.15868077743420161], [0.0, 0.0, 0.0, 1.0]], "suj_ecm_transform": [[0.9779276848186554, 0.20894363580227332, -1.7970848522028674e-05, 0.059135897412993715], [-0.20894363655895226, 0.9779276800570039, -9.65393532403181e-05, 1.0329982399038131], [-2.5970932602287063e-06, 9.81634006504374e-05, 0.9999999951786009, 0.6492878455325306], [0.0, 0.0, 0.0, 1.0]], "suj_psm2_transform": [[0.2717891516429402, -0.9611609299629322, -0.04796169056655836, -0.010603144651695748], [-0.7308213546391933, -0.2385675113532027, 0.6395198903318599, 0.2836634018533443], [-0.626123633679919, -0.13876314078144436, -0.7672769943820313, -0.21248329967624202], [0.0, 0.0, 0.0, 1.0]], "ecm_transform": [[0.9909283116699086, -0.0744559424979967, -0.11188115908301823, 0.04858298010775736], [-0.1282527003317845, -0.7726558448601104, -0.621734823104766, 0.974285947607795], [-0.04015377925712725, 0.630443699334242, -0.7751957275302321, 0.5761025192241184], [0.0, 0.0, 0.0, 1.0]], "psm2_transform": [[-0.08681628379736597, 0.9949885668946858, 0.049605288190619934, 0.007780887670081902], [0.8639092176898879, 0.09998875811239605, -0.4936224385515579, -0.07742764704928888], [-0.4961086538834623, 0.0, -0.8682604468372028, -0.00529054331452505], [0.0, 0.0, 0.0, 1.0]]}