{"ecm_psm_transform": [[-0.5294380612676344, 0.26942225948729265, -0.8044296024972795, -0.010851465288090542], [0.4663828180352899, -0.6996456348471232, -0.5412790894546247, 0.22987186788943287], [-0.7086482952231173, -0.6617458966492561, 0.2447651158667054, -0.15602664676538755], [0.0, 0.0, 0.0, 1.0]], "suj_ecm_transform": [[0.9779252821890787, 0.20895488061402032, -1.797195859085086e-05, 0.05913872696538765], [-0.20895488137075405, 0.9779252774274358, -9.653914659390255e-05, 1.032987943024976], [-2.5970932602360975e-06, 9.816340065048633e-05, 0.9999999951786009, 0.6492782457383226], [0.0, 0.0, 0.0, 1.0]], "suj_psm2_transform": [[0.2720049560660978, -0.9611035093192708, -0.047888915728619585, -0.010482281294690407], [-0.7308540888140662, -0.2387023305306481, 0.6394321686175932, 0.2835432977471607], [-0.6259916970210078, -0.13892890906294425, -0.7673546464884011, -0.21262165614879258], [0.0, 0.0, 0.0, 1.0]], "ecm_transform": [[0.9909367427153417, -0.0744051367656212, -0.11184027700072147, 0.04853823038973473], [-0.1281875420939133, -0.7726607390004006, -0.6217421784464007, 0.9743133719595315], [-0.04015377925712726, 0.6304436993342418, -0.7751957275302321, 0.5760993234584287], [0.0, 0.0, 0.0, 1.0]], "psm2_transform": [[-0.041259617190777836, 0.9988704996441592, 0.023566266778983713, 0.0036975581212750574], [0.8673589535074026, 0.047515523154309916, -0.495409649512316, -0.07773000238399617], [-0.4959698476317023, 0.0, -0.8683397435567406, -0.005303636509549667], [0.0, 0.0, 0.0, 1.0]]}