{"ecm_psm_transform": [[-0.5256873268828837, 0.27026777888659415, -0.8066028527413199, -0.011218398718091792], [0.4568026661853639, -0.7101978477894811, -0.5356774600084757, 0.23084547113946063], [-0.7176239673538443, -0.6500571857082239, 0.24988296618303674, -0.15510698148025265], [0.0, 0.0, 0.0, 1.0]], "suj_ecm_transform": [[0.9779423465928748, 0.20887500189757902, -1.7964073106515077e-05, 0.05908493178796251], [-0.20887500265392378, 0.9779423418311701, -9.654061424131444e-05, 1.033010618594083], [-2.597093260236301e-06, 9.816340065046716e-05, 0.9999999951786009, 0.6492843545734266], [0.0, 0.0, 0.0, 1.0]], "suj_psm2_transform": [[0.27192250537164314, -0.961124489880069, -0.04793606184477278, -0.010510054527197693], [-0.7308192557342401, -0.2386587313515079, 0.6394882527441299, 0.283655445507454], [-0.6260681804088595, -0.13885865080169107, -0.7673049645200232, -0.21250821993614855], [0.0, 0.0, 0.0, 1.0]], "ecm_transform": [[0.9909278029591717, -0.0744590071681779, -0.1118836251380799, 0.048578128129958056], [-0.12825663075989113, -0.7726555495311509, -0.6217343793331973, 0.9743100330994174], [-0.04015377925712724, 0.6304436993342422, -0.7751957275302319, 0.5760923449735008], [0.0, 0.0, 0.0, 1.0]], "psm2_transform": [[-0.027504868028111952, 0.9994982735196913, 0.015706160126285756, 0.0024648425226100217], [0.8679557518693692, 0.03167335206694081, -0.4956305192032887, -0.07778165824191485], [-0.4958793149866549, 0.0, -0.8683914468535293, -0.005313709908171694], [0.0, 0.0, 0.0, 1.0]]}