{"ecm_psm_transform": [[-0.5185141902153013, 0.27191148758298156, -0.8106831547934006, -0.011886519532413348], [0.43810590583753195, -0.7297087801105949, -0.5249650574083793, 0.23248681339415647], [-0.7343066456294985, -0.6273669095114257, 0.25923832863686747, -0.15361985928135166], [0.0, 0.0, 0.0, 1.0]], "suj_ecm_transform": [[0.9779504184345338, 0.20883720636214773, -1.796034200488366e-05, 0.059053603918306566], [-0.20883720711830847, 0.9779504136727999, -9.654130844216621e-05, 1.0330313451239532], [-2.597093260227483e-06, 9.816340065042339e-05, 0.9999999951786009, 0.6492884257568505], [0.0, 0.0, 0.0, 1.0]], "suj_psm2_transform": [[0.27199076652417337, -0.9611033866670061, -0.04797189867833146, -0.010536612471529538], [-0.7307617565456009, -0.23872548570236357, 0.6395290436302002, 0.28361885516777713], [-0.6261056445169462, -0.1388899658484446, -0.7672687269077487, -0.2125079581435314], [0.0, 0.0, 0.0, 1.0]], "ecm_transform": [[0.9909358280812283, -0.07441064964251123, -0.11184471308358693, 0.04854100959226566], [-0.12819461235301713, -0.7726602081054358, -0.6217413804582453, 0.9743127625480325], [-0.040153779257127244, 0.6304436993342423, -0.775195727530232, 0.576101794355712], [0.0, 0.0, 0.0, 1.0]], "psm2_transform": [[-0.0014285777182233303, 0.9999986470830452, 0.0008154739616356153, 0.00012800731354519387], [0.8684660863173496, 0.0016449413603864004, -0.4957458533205767, -0.07781866481359546], [-0.4957465240244544, 0.0, -0.8684672612814321, -0.005324955715414293], [0.0, 0.0, 0.0, 1.0]]}