{"ecm_psm_transform": [[-0.4970095118314677, 0.27506842706393675, -0.8229938672806849, -0.013905850185993844], [0.3791791239595918, -0.7842442263816789, -0.49110506548012567, 0.2378038838464866], [-0.7805156866471568, -0.556145982471845, 0.2854766349075588, -0.1494589072519881], [0.0, 0.0, 0.0, 1.0]], "suj_ecm_transform": [[0.9779406112925955, 0.2088831263217018, -1.7964875134358527e-05, 0.05908305976713581], [-0.20888312707808615, 0.9779406065308971, -9.654046499815417e-05, 1.0330266586908152], [-2.5970932602188604e-06, 9.816340065039847e-05, 0.9999999951786009, 0.6492877013004379], [0.0, 0.0, 0.0, 1.0]], "suj_psm2_transform": [[0.2719032084686184, -0.9611290177018719, -0.04795473444724552, -0.010624492158814294], [-0.7308009614000059, -0.23865136283170996, 0.6395119090645572, 0.28365016474002613], [-0.6260979156979346, -0.13883997389081548, -0.7672840814253217, -0.21248567397404328], [0.0, 0.0, 0.0, 1.0]], "ecm_transform": [[0.990941707808817, -0.07437520472699698, -0.11181619134437897, 0.04850532565931015], [-0.1281491542551701, -0.7726636207895212, -0.6217465105427705, 0.9743194590088973], [-0.04015377925712722, 0.630443699334242, -0.7751957275302319, 0.5761065901328802], [0.0, 0.0, 0.0, 1.0]], "psm2_transform": [[0.0764362953404476, 0.9961202629286376, -0.04361094515840868, -0.006848632899969651], [0.865200786265576, -0.08800239646158428, -0.49364276320275086, -0.07752132077445782], [-0.49556542676023807, 0.0, -0.8685706118675344, -0.005344451187287175], [0.0, 0.0, 0.0, 1.0]]}