{"ecm_psm_transform": [[-0.479073254467341, 0.2759571181318795, -0.8332685556328275, -0.015510256841204776], [0.3266709427751542, -0.8250562921185332, -0.4610512010417172, 0.24253306694616597], [-0.8147238256001005, -0.4930819240125983, 0.3051152310383271, -0.14637400085887053], [0.0, 0.0, 0.0, 1.0]], "suj_ecm_transform": [[0.9779280090890178, 0.20894211810031044, -1.7970698697085498e-05, 0.05913034439722309], [-0.208942118856982, 0.9779280043273649, -9.653938113020829e-05, 1.0330007773500065], [-2.5970932602296634e-06, 9.816340065045993e-05, 0.9999999951786009, 0.6492810116916892], [0.0, 0.0, 0.0, 1.0]], "suj_psm2_transform": [[0.27177059680033816, -0.9611647430241792, -0.04799041031343626, -0.010616923238610576], [-0.7307926815311605, -0.23856513848741615, 0.6395535406195295, 0.28367418975085784], [-0.6261651534022667, -0.13874080677920209, -0.7672471500103291, -0.21247537348791412], [0.0, 0.0, 0.0, 1.0]], "ecm_transform": [[0.990937684591247, -0.0743994593694564, -0.11183570853028521, 0.048539648760849145], [-0.12818026083726075, -0.7726612856972246, -0.6217430002150436, 0.9743091332068485], [-0.0401537792571272, 0.6304436993342423, -0.7751957275302319, 0.5761016455916895], [0.0, 0.0, 0.0, 1.0]], "psm2_transform": [[0.1412249107107318, 0.9866928494066948, -0.08057757457533274, -0.012654608870242091], [0.8570090133586394, -0.16259526724261525, -0.4889768195859123, -0.07679320742881895], [-0.49557146368288524, 0.0, -0.868567167456382, -0.005347179626331973], [0.0, 0.0, 0.0, 1.0]]}