{"ecm_psm_transform": [[-0.5895145559031817, 0.2439577148762199, -0.7700371560714767, -0.005550996405119002], [0.60483267214579, -0.49855067206812564, -0.6209868485607435, 0.21753588570383725], [-0.535397074219927, -0.8318244170092588, 0.14634928146030896, -0.17145372844217227], [0.0, 0.0, 0.0, 1.0]], "suj_ecm_transform": [[0.9779387293205947, 0.20889193706807502, -1.7965744914842526e-05, 0.059089514561850895], [-0.20889193782450222, 0.9779387245589031, -9.654030313969807e-05, 1.0330158557387614], [-2.597093260218991e-06, 9.816340065038349e-05, 0.9999999951786009, 0.6492798501443993], [0.0, 0.0, 0.0, 1.0]], "suj_psm2_transform": [[0.27190859998383726, -0.9611272206647344, -0.04796018090158455, -0.010585473805943227], [-0.7307949376051724, -0.2386580473190921, 0.639516298166427, 0.2836049152136315], [-0.62610260534954, -0.13884092389177316, -0.7672800827777281, -0.2125284528294915], [0.0, 0.0, 0.0, 1.0]], "ecm_transform": [[0.9909344234265945, -0.07441911547575228, -0.11185152533608882, 0.048549624729172534], [-0.12820546977244368, -0.7726593927608482, -0.6217401549673827, 0.9743135226443158], [-0.04015377925712722, 0.6304436993342424, -0.775195727530232, 0.5760939434743361], [0.0, 0.0, 0.0, 1.0]], "psm2_transform": [[-0.2670892294024626, 0.9514799426771509, 0.15280465379131777, 0.02393483804703792], [0.8258730876724365, 0.3077107711522068, -0.47249097808879936, -0.07400949355041517], [-0.49658532660117405, 0.0, -0.8679879108630519, -0.005226279616786022], [0.0, 0.0, 0.0, 1.0]]}