{"ecm_psm_transform": [[-0.4801687334052009, 0.276087872094473, -0.8325944236796157, -0.015333631787705342], [0.3301301732766117, -0.8225088630322, -0.46313414787276486, 0.2421629884140799], [-0.8126820141681491, -0.49724707853925454, 0.3037981019226038, -0.14662185296338262], [0.0, 0.0, 0.0, 1.0]], "suj_ecm_transform": [[0.9779289410572853, 0.2089377560893342, -1.797026808684546e-05, 0.05912699991034244], [-0.2089377568459845, 0.9779289362956292, -9.65394612868504e-05, 1.03300328855753], [-2.5970932602315964e-06, 9.816340065047688e-05, 0.9999999951786009, 0.6492885716369179], [0.0, 0.0, 0.0, 1.0]], "suj_psm2_transform": [[0.2719298356391017, -0.9611220403093592, -0.04794359311593038, -0.010539957799786712], [-0.730807886431734, -0.23866719817155524, 0.6394980857251423, 0.2836195339223107], [-0.6260782679653343, -0.13886105338976207, -0.7672962988526746, -0.21253455969392832], [0.0, 0.0, 0.0, 1.0]], "ecm_transform": [[0.9909371874195219, -0.07440245623894993, -0.11183812004275855, 0.04852905092191079], [-0.1281841043205328, -0.7726609971231673, -0.6217425664406255, 0.9743119939905419], [-0.04015377925712722, 0.6304436993342419, -0.7751957275302321, 0.5760980136964416], [0.0, 0.0, 0.0, 1.0]], "psm2_transform": [[0.13696860890343945, 0.987488083127209, -0.07814656650683292, -0.012273285844778069], [0.8577065298472307, -0.1576936450265204, -0.4893589919227716, -0.07685613145979313], [-0.49555938981365105, 0.0, -0.8685740562367275, -0.005348915397793249], [0.0, 0.0, 0.0, 1.0]]}