{"ecm_psm_transform": [[-0.4739050407740023, 0.27609771700536767, -0.8361722687302033, -0.015935232909817177], [0.3112744606697083, -0.8357435300785261, -0.4523725920816447, 0.24383018582800522], [-0.8237246035318924, -0.47466072367145323, 0.31012090374548895, -0.14562879375503052], [0.0, 0.0, 0.0, 1.0]], "suj_ecm_transform": [[0.9779432674333899, 0.20887069052170254, -1.7963647495694083e-05, 0.059071466654332376], [-0.20887069127802632, 0.9779432626716819, -9.654069343708962e-05, 1.0330145855103507], [-2.5970932602258484e-06, 9.816340065045304e-05, 0.999999995178601, 0.6492908978901146], [0.0, 0.0, 0.0, 1.0]], "suj_psm2_transform": [[0.2719153929633584, -0.9611256128526536, -0.047953888144692536, -0.010579480726996701], [-0.7308007039723351, -0.23866067815510977, 0.6395087268959532, 0.28359769201136137], [-0.6260929245272797, -0.13884753156305818, -0.7672867865640094, -0.21253284430283936], [0.0, 0.0, 0.0, 1.0]], "ecm_transform": [[0.9909469775850739, -0.07434342597607553, -0.11179061959371706, 0.048504407137513424], [-0.1281083979541438, -0.7726666790951295, -0.6217511088769582, 0.9743273477704115], [-0.04015377925712726, 0.630443699334242, -0.7751957275302321, 0.5761070269490945], [0.0, 0.0, 0.0, 1.0]], "psm2_transform": [[0.15938647565494563, 0.983018899979207, -0.09093840586883642, -0.014282342615583716], [0.8538213274322903, -0.18350433859631166, -0.48715018068157556, -0.07650943206298363], [-0.49556542676023807, 0.0, -0.8685706118675344, -0.005349028323124231], [0.0, 0.0, 0.0, 1.0]]}