{"ecm_psm_transform": [[-0.46725803598284055, 0.2759591822317714, -0.8399502708800268, -0.01650339341912159], [0.29068031329897726, -0.8492737414846018, -0.44072561473682725, 0.2456794676328321], [-0.834969989442655, -0.450089593044227, 0.3166140789090328, -0.14461100670918367], [0.0, 0.0, 0.0, 1.0]], "suj_ecm_transform": [[0.977933885121754, 0.2089146141556973, -1.7967983555743265e-05, 0.05912088962440114], [-0.20891461491223495, 0.97793388036008, -9.65398865112658e-05, 1.032993844485344], [-2.5970932602217776e-06, 9.816340065047283e-05, 0.9999999951786012, 0.6492904639578554], [0.0, 0.0, 0.0, 1.0]], "suj_psm2_transform": [[0.2719610400415889, -0.9611119588485076, -0.04796869039156659, -0.01055263992971689], [-0.7307707654296519, -0.238701109314075, 0.6395278483425025, 0.28360602277552704], [-0.6261080426674442, -0.13887254217668343, -0.7672699237794529, -0.21252606805132834], [0.0, 0.0, 0.0, 1.0]], "ecm_transform": [[0.9909469315126077, -0.0743437038548865, -0.1117908431978415, 0.04849648436581863], [-0.12810875433442223, -0.7726666523585012, -0.6217510686729778, 0.9743267265491129], [-0.04015377925712726, 0.630443699334242, -0.7751957275302322, 0.5760993264797153], [0.0, 0.0, 0.0, 1.0]], "psm2_transform": [[0.18328476929748896, 0.977479282458693, -0.10459897565275156, -0.016424921500842144], [0.848959271538448, -0.21103140136965082, -0.48449344980594855, -0.07607882229318536], [-0.49565597808608547, 0.0, -0.868518941294619, -0.005340913907180032], [0.0, 0.0, 0.0, 1.0]]}