{"ecm_psm_transform": [[-0.4632867945532058, 0.27568230644983777, -0.8422378594572398, -0.01686771011675276], [0.2787087619208604, -0.8568350048186708, -0.433768602535879, 0.24678353562940197], [-0.8412412091791253, -0.435698336498874, 0.32012526852930107, -0.1440534216149823], [0.0, 0.0, 0.0, 1.0]], "suj_ecm_transform": [[0.9779387784118477, 0.20889170724462985, -1.7965722227100013e-05, 0.059094439804125244], [-0.20889170800105594, 0.9779387736501559, -9.654030736186105e-05, 1.0330047755664702], [-2.5970932602309323e-06, 9.816340065045415e-05, 0.999999995178601, 0.6492837743491067], [0.0, 0.0, 0.0, 1.0]], "suj_psm2_transform": [[0.271895015957629, -0.9611319709819195, -0.04794199259325094, -0.010560804390535722], [-0.7308191323524247, -0.238640233970385, 0.639495296713126, 0.2836312018311585], [-0.6260802632930141, -0.13883865847439808, -0.7672987233326924, -0.21252664134335442], [0.0, 0.0, 0.0, 1.0]], "ecm_transform": [[0.9909322246039702, -0.07443236629071519, -0.11186218793583304, 0.04855574801922636], [-0.12822246391641648, -0.7726581163866209, -0.6217382366632139, 0.9743131158896692], [-0.04015377925712722, 0.630443699334242, -0.7751957275302321, 0.5761007771778467], [0.0, 0.0, 0.0, 1.0]], "psm2_transform": [[0.19703345177177578, 0.9739301891337245, -0.11241799489782228, -0.017655568226353197], [0.8459271402921426, -0.2268479373808532, -0.48264612981273347, -0.07580095768332469], [-0.49556542676023807, 0.0, -0.8685706118675344, -0.005348374446576088], [0.0, 0.0, 0.0, 1.0]]}