{"ecm_psm_transform": [[-0.45686782975524337, 0.275305173681915, -0.8458598273228874, -0.017376741887961164], [0.258674843510181, -0.8686897152051141, -0.4224517771673373, 0.2485027211581497], [-0.8510928923858532, -0.41180728507498376, 0.32566186219674803, -0.14322741596461008], [0.0, 0.0, 0.0, 1.0]], "suj_ecm_transform": [[0.9779311354476268, 0.20892748502583727, -1.7969254145274003e-05, 0.059121134754650105], [-0.2089274857824376, 0.9779311306859626, -9.653965002070824e-05, 1.0329987225363095], [-2.597093260229865e-06, 9.816340065042545e-05, 0.9999999951786009, 0.6492773775991418], [0.0, 0.0, 0.0, 1.0]], "suj_psm2_transform": [[0.27201360346369674, -0.9610970441645337, -0.04796948226624487, -0.010499011599533578], [-0.7307590791623864, -0.23874190604860135, 0.6395259732943006, 0.2835575497770452], [-0.6260988482280065, -0.13890562981563304, -0.7672714371414371, -0.21257610257834858], [0.0, 0.0, 0.0, 1.0]], "ecm_transform": [[0.9909330598265592, -0.07442733317920494, -0.11185813791854746, 0.0485584080715127], [-0.12821600896199767, -0.7726586012241031, -0.6217389653224813, 0.9742995555967068], [-0.040153779257127216, 0.630443699334242, -0.7751957275302322, 0.5760946675187552], [0.0, 0.0, 0.0, 1.0]], "psm2_transform": [[0.21956502453348853, 0.9675217155838906, -0.12527142481513365, -0.019673334732653876], [0.8403642610018172, -0.252787914809243, -0.4794644710062095, -0.0752978186720556], [-0.49555938981365105, 0.0, -0.8685740562367275, -0.0053462998604825035], [0.0, 0.0, 0.0, 1.0]]}