{"ecm_psm_transform": [[-0.4506843004624625, 0.27442723903066824, -0.849454737931731, -0.018044732283614234], [0.23849209208431038, -0.8799709108186163, -0.41081956882103843, 0.2504051674394616], [-0.8602355394483014, -0.38773816757066815, 0.33114034800825887, -0.14230326789790287], [0.0, 0.0, 0.0, 1.0]], "suj_ecm_transform": [[0.9779305643364458, 0.20893015821967206, -1.796951803830161e-05, 0.05911961647894369], [-0.2089301589762854, 0.9779305595747837, -9.653960090106906e-05, 1.0330103247023021], [-2.5970932602388927e-06, 9.81634006504673e-05, 0.9999999951786009, 0.6492824696683739], [0.0, 0.0, 0.0, 1.0]], "suj_psm2_transform": [[0.27182226001191, -0.9611516915983408, -0.0479591982800589, -0.010609395157270607], [-0.730816130892426, -0.23859169084499188, 0.6395168394085902, 0.2836471503314749], [-0.6261153582124003, -0.13878555687598138, -0.7672796930801582, -0.21248340800262344], [0.0, 0.0, 0.0, 1.0]], "ecm_transform": [[0.9909323631711129, -0.0744315312928773, -0.1118615160343856, 0.04856279084356385], [-0.12822139303362592, -0.7726581968238952, -0.6217383575503149, 0.9743102169962405], [-0.040153779257127216, 0.630443699334242, -0.7751957275302319, 0.5760943823505184], [0.0, 0.0, 0.0, 1.0]], "psm2_transform": [[0.2418067898396214, 0.9604611903456185, -0.13799919647351166, -0.021668176382363354], [0.8341754273658263, -0.27841390381925557, -0.4760641285994604, -0.07475001138712586], [-0.49566201464959814, 0.0, -0.8685154962540977, -0.005337757935766831], [0.0, 0.0, 0.0, 1.0]]}