{"ecm_psm_transform": [[-0.4399193091543283, 0.2727841837459721, -0.8556049266637159, -0.019048385450563705], [0.2037195401277847, -0.8975979552519843, -0.39091720312309264, 0.2535652325130153], [-0.8746252628430662, -0.3462754681254523, 0.3392992039059279, -0.14100917643327127], [0.0, 0.0, 0.0, 1.0]], "suj_ecm_transform": [[0.9779416329747179, 0.20887834299424707, -1.7964402933260955e-05, 0.0590719657819035], [-0.2088783437506081, 0.9779416282130159, -9.654055286725527e-05, 1.0330229057631892], [-2.5970932602328906e-06, 9.816340065045381e-05, 0.9999999951786009, 0.6492846426256187], [0.0, 0.0, 0.0, 1.0]], "suj_psm2_transform": [[0.2717953804184264, -0.9611600548010613, -0.04794392806210401, -0.010650819359752872], [-0.7308395249043322, -0.23856479899055788, 0.6395001372323583, 0.2836864904996008], [-0.6260997205084932, -0.13877386546974907, -0.7672945681039134, -0.21247267484626509], [0.0, 0.0, 0.0, 1.0]], "ecm_transform": [[0.9909362330820677, -0.07440820857345407, -0.11184274881283778, 0.04853218803937046], [-0.12819148168459585, -0.772660443187462, -0.6217417338066207, 0.9743176710346619], [-0.04015377925712722, 0.6304436993342422, -0.7751957275302319, 0.5761007762165279], [0.0, 0.0, 0.0, 1.0]], "psm2_transform": [[0.27914830470997987, 0.9469445179771195, -0.15928686025728878, -0.025011890176738417], [0.8224653468857989, -0.3213970750848253, -0.4693129801091609, -0.07369349046147088], [-0.4956076847160128, 0.0, -0.8685465001083323, -0.0053400110261893445], [0.0, 0.0, 0.0, 1.0]]}