{"ecm_psm_transform": [[-0.43374149835044434, 0.27171184750332844, -0.8590931174995173, -0.019521332635051788], [0.18303014748504842, -0.9070016148214675, -0.37927303598179984, 0.25535602344089553], [-0.882251822168882, -0.3217463949099946, 0.3436727798969666, -0.140346839951206], [0.0, 0.0, 0.0, 1.0]], "suj_ecm_transform": [[0.9779491394137464, 0.20884319571706844, -1.7960933262070337e-05, 0.05905644079123501], [-0.20884319647325833, 0.9779491346520172, -9.654119844407496e-05, 1.0330206431281934], [-2.597093260231974e-06, 9.816340065044846e-05, 0.9999999951786009, 0.6492837751730938], [0.0, 0.0, 0.0, 1.0]], "suj_psm2_transform": [[0.2719247482600855, -0.9611228213930604, -0.04795678764400707, -0.01056909459047048], [-0.7307948975068203, -0.23866894827081847, 0.6395122758081327, 0.2836326550497183], [-0.6260956389096517, -0.13885263889730237, -0.7672836474274491, -0.21249845302219406], [0.0, 0.0, 0.0, 1.0]], "ecm_transform": [[0.9909357333800839, -0.07441122042776627, -0.1118451723809568, 0.0485367595653461], [-0.12819534438444113, -0.7726601531360384, -0.62174129783532, 0.9743131904997017], [-0.04015377925712722, 0.6304436993342418, -0.7751957275302321, 0.5761012123460866], [0.0, 0.0, 0.0, 1.0]], "psm2_transform": [[0.3006714726591396, 0.9381613425616505, -0.17160990895605582, -0.026943727262271608], [0.8147882711517005, -0.34619834679403294, -0.4650449202719038, -0.07301468529838559], [-0.49569823352782605, 0.0, -0.868494825129887, -0.005334512338305612], [0.0, 0.0, 0.0, 1.0]]}