{"ecm_psm_transform": [[-0.5779814130803054, 0.2506416650165952, -0.7766055896601585, -0.006571362390171641], [0.580434883854791, -0.5426730111678746, -0.6071254800734914, 0.21966484079682855], [-0.5736138350303005, -0.801676218125311, 0.16817374811227354, -0.16806268841845853], [0.0, 0.0, 0.0, 1.0]], "suj_ecm_transform": [[0.9779365134044927, 0.2089023107279084, -1.7966768983522106e-05, 0.05909845449937241], [-0.20890231148438612, 0.9779365086428092, -9.654011255931257e-05, 1.0330066680087033], [-2.5970932602352386e-06, 9.816340065049515e-05, 0.9999999951786009, 0.6492830476953946], [0.0, 0.0, 0.0, 1.0]], "suj_psm2_transform": [[0.2719881263161871, -0.9611045775755496, -0.047963007686490144, -0.010568129860131295], [-0.7307722384841753, -0.2387197419088644, 0.6395192102539164, 0.28356331246281075], [-0.6260945572386314, -0.13889159724868033, -0.7672774788887478, -0.21256660617816148], [0.0, 0.0, 0.0, 1.0]], "ecm_transform": [[0.9909394643941183, -0.07438873026419746, -0.11182707505778183, 0.04852676538381816], [-0.12816650076236066, -0.7726623187262571, -0.6217445530946739, 0.9743198686991991], [-0.040153779257127216, 0.6304436993342422, -0.7751957275302319, 0.5761007700366242], [0.0, 0.0, 0.0, 1.0]], "psm2_transform": [[-0.2222332808889131, 0.9666670448166353, 0.12715027853222563, 0.019918641785397588], [0.8390419626826138, 0.2560367638943148, -0.48005599714224423, -0.07520285094448102], [-0.49660945794764816, 0.0, -0.8679741046119654, -0.0052312949321218286], [0.0, 0.0, 0.0, 1.0]]}