{"ecm_psm_transform": [[-0.5739363100096597, 0.252621569865988, -0.7789604961042249, -0.006920978906907301], [0.5718549491676896, -0.5572347029099801, -0.6020559799430996, 0.22046735747850943], [-0.5861561474256798, -0.7909942024511117, 0.1753543342031064, -0.1669266727412297], [0.0, 0.0, 0.0, 1.0]], "suj_ecm_transform": [[0.9779249999986551, 0.20895620128303058, -1.797208896508041e-05, 0.05914188978378115], [-0.2089562020397707, 0.9779249952370133, -9.653912232295208e-05, 1.0329885555719178], [-2.5970932602264464e-06, 9.816340065040717e-05, 0.9999999951786009, 0.6492811585330747], [0.0, 0.0, 0.0, 1.0]], "suj_psm2_transform": [[0.2718982785047206, -0.9611312249946092, -0.047938444765466826, -0.010553437102684929], [-0.7308222748660876, -0.23864123069909499, 0.6394913334596322, 0.2835898845303874], [-0.6260751781581239, -0.1388421094293214, -0.7673022481027213, -0.21255494636034133], [0.0, 0.0, 0.0, 1.0]], "ecm_transform": [[0.9909405925597814, -0.0743819287901342, -0.1118216020576043, 0.04851724717469863], [-0.12815777787024754, -0.7726629735138184, -0.6217455374444959, 0.9743179793424689], [-0.04015377925712726, 0.630443699334242, -0.7751957275302324, 0.5760994661798787], [0.0, 0.0, 0.0, 1.0]], "psm2_transform": [[-0.20699881507912787, 0.9711487393963447, 0.11841290691781661, 0.018552278410388964], [0.842968827743984, 0.23847458138948577, -0.4822172015627845, -0.07555112031731875], [-0.4965430958212697, 0.0, -0.8680120701880991, -0.005237242786151893], [0.0, 0.0, 0.0, 1.0]]}