{"ecm_psm_transform": [[-0.5742615954872817, 0.25239790752275343, -0.7787932435675963, -0.006937552021685396], [0.5726696815062102, -0.5559665319555813, -0.6024538581741006, 0.2204713043058607], [-0.5850410719188675, -0.7919573925555713, 0.17472959836445376, -0.16696437662183888], [0.0, 0.0, 0.0, 1.0]], "suj_ecm_transform": [[0.9779427586278797, 0.20887307276092765, -1.7963882665814826e-05, 0.05908003099476955], [-0.20887307351726303, 0.9779427538661736, -9.654064967791729e-05, 1.033012981195514], [-2.5970932602270732e-06, 9.816340065046238e-05, 0.999999995178601, 0.6492900268669786], [0.0, 0.0, 0.0, 1.0]], "suj_psm2_transform": [[0.2718523018605747, -0.9611444584986759, -0.04793386976235153, -0.010597346972967173], [-0.7308379895068202, -0.23860418050108645, 0.6394871993566673, 0.2836660028424554], [-0.6260767996553904, -0.13881417414908342, -0.7673059793775702, -0.21249442951354758], [0.0, 0.0, 0.0, 1.0]], "ecm_transform": [[0.990938632325038, -0.07439374633380626, -0.11183111137874048, 0.048528451163708755], [-0.1281729338712073, -0.7726618357834021, -0.621743827107813, 0.9743044753640788], [-0.040153779257127195, 0.630443699334242, -0.7751957275302319, 0.5761017932570623], [0.0, 0.0, 0.0, 1.0]], "psm2_transform": [[-0.20836245331292982, 0.9707625643869692, 0.11918528279218349, 0.01867470030523649], [0.8426470239752986, 0.24004175383635992, -0.48200202219569255, -0.07552311074109258], [-0.4965189634193137, 0.0, -0.868025874594191, -0.005240710928544841], [0.0, 0.0, 0.0, 1.0]]}