{"ecm_psm_transform": [[-0.5392223446130381, 0.13770736625457383, -0.8308284686680201, 0.03707926596044858], [0.5481456989610184, -0.6915752465983209, -0.47038279199287125, 0.21674038947634433], [-0.6393555785168026, -0.7090559636387672, 0.2974291254193922, -0.16293077496124087], [0.0, 0.0, 0.0, 1.0]], "suj_ecm_transform": [[0.9905270577521614, 0.13731768910771136, -1.0907080239102908e-05, -0.0632459791149153], [-0.13731768951632406, 0.9905270529481084, -9.759013127016342e-05, 1.0298102893579677], [-2.5970932602298888e-06, 9.816340065048493e-05, 0.9999999951786009, 0.749570059104707], [0.0, 0.0, 0.0, 1.0]], "suj_psm2_transform": [[0.14573443342476117, -0.9887288461515699, -0.03430369808270817, 0.03802405739202739], [-0.802757374164549, -0.13844637672011245, 0.5800113783345217, 0.27276577369881516], [-0.5782232035631247, -0.056990083004488046, -0.813885776568395, -0.21739144682633404], [0.0, 0.0, 0.0, 1.0]], "ecm_transform": [[0.993860805868555, 0.11050412428880213, 0.005434802063732456, -0.062173314206578074], [0.09238345871250675, -0.8018517750126, -0.5903380620165514, 0.9113296750132345], [-0.06087688489584156, 0.587215947862716, -0.8071378045049498, 0.5875792450304831], [0.0, 0.0, 0.0, 1.0]], "psm2_transform": [[-0.14892103401375023, 0.9852284447967409, 0.08454251706491128, 0.013346677526970607], [0.8567904744160585, 0.1712451796792989, -0.48640021729693966, -0.07678771669793433], [-0.4936928281615816, 0.0, -0.8696363558533067, -0.005586935781880204], [0.0, 0.0, 0.0, 1.0]]}