{"ecm_psm_transform": [[-0.5354717728964515, 0.13937929444622707, -0.8329726242265126, 0.036739793092393364], [0.5292862256453931, -0.7131885513602744, -0.4595847925581166, 0.21848996657046477], [-0.6581231433198387, -0.6869756200101318, 0.3081207973157768, -0.16122255359800844], [0.0, 0.0, 0.0, 1.0]], "suj_ecm_transform": [[0.9905271091872951, 0.1373173180851442, -1.0907043684686848e-05, -0.0632640848257859], [-0.13731731849375511, 0.9905271043832421, -9.759013535562401e-05, 1.0298227412873266], [-2.5970932602261076e-06, 9.816340065047853e-05, 0.9999999951786009, 0.7495779080634457], [0.0, 0.0, 0.0, 1.0]], "suj_psm2_transform": [[0.14565374027973532, -0.9887407162052089, -0.03430428632888022, 0.03802136828254617], [-0.802768191537939, -0.13838115911384186, 0.580011970098218, 0.27282115335455587], [-0.5782285176272699, -0.05694252295358865, -0.8138853300571585, -0.21736683911119492], [0.0, 0.0, 0.0, 1.0]], "ecm_transform": [[0.9938537041726554, 0.11056573839920773, 0.005480163732041177, -0.062212713902089115], [0.09245982688535857, -0.8018432814883032, -0.5903376426625695, 0.9113520653278019], [-0.06087688489584156, 0.5872159478627161, -0.8071378045049498, 0.5875766252318462], [0.0, 0.0, 0.0, 1.0]], "psm2_transform": [[-0.12234204312585328, 0.9900550935592269, 0.06945024262896603, 0.010964455353347304], [0.8609980952200291, 0.14068017528219956, -0.488765146374055, -0.07716378550786311], [-0.4936746950282884, 0.0, -0.8696466497887096, -0.00558856090804823], [0.0, 0.0, 0.0, 1.0]]}