{"ecm_psm_transform": [[-0.5325859893619455, 0.14058024513605952, -0.8346192896242235, 0.036417658626246505], [0.5142955599601547, -0.7294245520053457, -0.45104312425429094, 0.21983546798501624], [-0.6721995544037714, -0.6694602434867108, 0.3161815008030753, -0.15993460980237031], [0.0, 0.0, 0.0, 1.0]], "suj_ecm_transform": [[0.9905285695303773, 0.13730678360941856, -1.0906005792072002e-05, -0.0632663470045937], [-0.13730678401797836, 0.9905285647263199, -9.759025134887306e-05, 1.02981035711024], [-2.597093260230469e-06, 9.816340065050006e-05, 0.999999995178601, 0.7495684648611387], [0.0, 0.0, 0.0, 1.0]], "suj_psm2_transform": [[0.14559203629620143, -0.9887498712659816, -0.034302347421580226, 0.0379570457100161], [-0.8027791954471722, -0.13833015683561978, 0.5800089060238851, 0.2728201107537264], [-0.5782287802628961, -0.056907466832903986, -0.8138875953682704, -0.21734189018241423], [0.0, 0.0, 0.0, 1.0]], "ecm_transform": [[0.9938678956854449, 0.11044256174137418, 0.005389478804924172, -0.06212708577658906], [0.09230715471275466, -0.8018602566106484, -0.590338477533983, 0.9113300730299004], [-0.06087688489584159, 0.5872159478627161, -0.8071378045049499, 0.5875662964492958], [0.0, 0.0, 0.0, 1.0]], "psm2_transform": [[-0.10172092610474354, 0.9931353991764656, 0.05774887094130464, 0.009116304680384003], [0.8636598336856984, 0.11697041892120483, -0.49031582961942966, -0.0774018334829282], [-0.4937049167978632, 0.0, -0.8696294930196509, -0.005584539820786098], [0.0, 0.0, 0.0, 1.0]]}