{"ecm_psm_transform": [[-0.52213729703074, 0.14440785967053027, -0.8405468536106773, 0.035482059780641936], [0.4584308053144902, -0.783552899784857, -0.4193877084243766, 0.22487605352313977], [-0.7191758058973766, -0.6043105354899238, 0.34292118177176034, -0.1556829852540849], [0.0, 0.0, 0.0, 1.0]], "suj_ecm_transform": [[0.9905285123872233, 0.13730719583842962, -1.0906046406280728e-05, -0.06325793579174306], [-0.13730719624699142, 0.990528507583166, -9.759024681002566e-05, 1.0298259148018731], [-2.5970932602188714e-06, 9.816340065042264e-05, 0.999999995178601, 0.7495741331720858], [0.0, 0.0, 0.0, 1.0]], "suj_psm2_transform": [[0.14559680724915003, -0.9887482566202942, -0.034328628711074116, 0.03795888811750071], [-0.8027709068772514, -0.1383486974276271, 0.5800159558077297, 0.27285819372314984], [-0.5782390861835001, -0.05689044691692813, -0.8138814632729161, -0.2173050643437937], [0.0, 0.0, 0.0, 1.0]], "ecm_transform": [[0.9938585232455059, 0.11052393388522516, 0.005449386277054172, -0.06218420539607063], [0.0924080118693213, -0.8018490447797679, -0.5903379275704154, 0.9113286182498291], [-0.060876884895841574, 0.587215947862716, -0.8071378045049495, 0.5875728452592317], [0.0, 0.0, 0.0, 1.0]], "psm2_transform": [[-0.0281808759087776, 0.9994747670690572, 0.01600088201530723, 0.0025257532027620692], [0.8691452963763988, 0.03240663500355605, -0.49349393491159366, -0.0778984486889038], [-0.49375327038896266, 0.0, -0.8696020400046242, -0.005581518677114202], [0.0, 0.0, 0.0, 1.0]]}