{"ecm_psm_transform": [[-0.5551143824532128, 0.1281451139947203, -0.8218435691497918, 0.03848802205218417], [0.6260233953678204, -0.5862082193262255, -0.5142515260517193, 0.20987763346147997], [-0.5476702756638655, -0.799961719930183, 0.24519077429750383, -0.17110117118929763], [0.0, 0.0, 0.0, 1.0]], "suj_ecm_transform": [[0.9905345676093256, 0.13726350662925194, -1.0901741998933927e-05, -0.06328933757662952], [-0.13726350703760185, 0.9905345628052503, -9.759072774632074e-05, 1.0298321591906392], [-2.597093260230962e-06, 9.8163400650474e-05, 0.999999995178601, 0.7495720953830747], [0.0, 0.0, 0.0, 1.0]], "suj_psm2_transform": [[0.14567622890352921, -0.9887385134451065, -0.03427226813048445, 0.03800900755898436], [-0.8027747644012679, -0.13838159321135973, 0.5800027692181953, 0.2728658055795792], [-0.5782137268977068, -0.056979704199363934, -0.8138932358340483, -0.21733534297695378], [0.0, 0.0, 0.0, 1.0]], "ecm_transform": [[0.9938642252046347, 0.1104744398212524, 0.005412947863396987, -0.06215659471514504], [0.09234666612157598, -0.8018558653036546, -0.5903382628073143, 0.9113368333927914], [-0.06087688489584157, 0.587215947862716, -0.8071378045049499, 0.5875695043001308], [0.0, 0.0, 0.0, 1.0]], "psm2_transform": [[-0.266752282369281, 0.9518097095751913, 0.15133240435930873, 0.023901863277763606], [0.827865464697426, 0.30668921852323067, -0.4696599787111151, -0.07417941085200186], [-0.49343894476631495, 0.0, -0.8697804365401107, -0.005608374100885657], [0.0, 0.0, 0.0, 1.0]]}