{"ecm_psm_transform": [[-0.517984124043484, 0.14549166505618963, -0.8429262260945987, 0.03491524126271297], [0.4352611182309813, -0.8034836905564973, -0.40615479557186945, 0.22695246741742714], [-0.736369612487656, -0.577274747766511, 0.3528649308104883, -0.1541315775316458], [0.0, 0.0, 0.0, 1.0]], "suj_ecm_transform": [[0.9905380075258127, 0.13723868087386526, -1.0899296084568882e-05, -0.06332062549124642], [-0.13723868128209477, 0.9905380027217272, -9.759100094540689e-05, 1.0298221398174803], [-2.597093260226176e-06, 9.816340065046235e-05, 0.999999995178601, 0.7495702048474424], [0.0, 0.0, 0.0, 1.0]], "suj_psm2_transform": [[0.14545122515283648, -0.9887702856632843, -0.034311270610201006, 0.03776644523436017], [-0.8027989268218745, -0.13822106838780923, 0.5800076028358416, 0.2728561139996521], [-0.578236823624357, -0.05681776520666876, -0.8138881479427836, -0.21730427838809763], [0.0, 0.0, 0.0, 1.0]], "ecm_transform": [[0.9938584078140289, 0.11052493550822248, 0.005450123692775741, -0.062190239216194806], [0.09240925333938019, -0.801848906719087, -0.5903379207628993, 0.9113378880226886], [-0.060876884895841574, 0.587215947862716, -0.8071378045049495, 0.587567611841862], [0.0, 0.0, 0.0, 1.0]], "psm2_transform": [[0.0010274416833964328, 0.9999993019366429, -0.0005835150505468733, -9.209478042230803e-05], [0.8695499513535665, -0.0011815778548175384, -0.4938435845232608, -0.07794214808514492], [-0.49384392925761206, 0.0, -0.8695505583549485, -0.005574705154288439], [0.0, 0.0, 0.0, 1.0]]}