{"ecm_psm_transform": [[-0.5156132354594422, 0.1462882327765773, -0.8442409279169972, 0.03489099513354555], [0.42297055336548434, -0.8134338933607959, -0.39927585967297574, 0.22802194127920178], [-0.7451435448319619, -0.5629609703016755, 0.357541666819763, -0.1534254992516727], [0.0, 0.0, 0.0, 1.0]], "suj_ecm_transform": [[0.9905341614696287, 0.13726643742301212, -1.0902030750406809e-05, -0.06329120338429867], [-0.13726643783137624, 0.9905341566655547, -9.759069548980025e-05, 1.029818539685527], [-2.5970932602227466e-06, 9.816340065046363e-05, 0.9999999951786012, 0.7495829990340286], [0.0, 0.0, 0.0, 1.0]], "suj_psm2_transform": [[0.14567477391469882, -0.9887380386280331, -0.03429214509026829, 0.03795272218843296], [-0.8027698559618832, -0.13839156823741386, 0.5800071828863216, 0.272827588024708], [-0.5782209081344596, -0.05696371486112767, -0.8138892532681468, -0.21737049532724662], [0.0, 0.0, 0.0, 1.0]], "ecm_transform": [[0.9938604383832219, 0.11050731384659944, 0.00543715027559534, -0.06217315375808795], [0.09238741203263946, -0.8018513354494718, -0.5903380403936461, 0.9113261222899919], [-0.06087688489584156, 0.587215947862716, -0.80713780450495, 0.5875769161679931], [0.0, 0.0, 0.0, 1.0]], "psm2_transform": [[0.016197725478958848, 0.9998265181359595, -0.009196049229544017, -0.0014517275138129552], [0.869471766263086, -0.018626154517879145, -0.4936313543923498, -0.07792674886405115], [-0.4937170053387444, 0.0, -0.8696226300179535, -0.005585425198821031], [0.0, 0.0, 0.0, 1.0]]}