{"ecm_psm_transform": [[-0.5124033286767039, 0.1468742652311418, -0.8460914719897878, 0.034582995319124135], [0.40485379867191285, -0.8275823055939789, -0.38884563668463157, 0.22966056737558144], [-0.7573217483091028, -0.5417891450375935, 0.36459332393432214, -0.15226879862586254], [0.0, 0.0, 0.0, 1.0]], "suj_ecm_transform": [[0.9905251819641919, 0.13733121923223135, -1.0908413273733931e-05, -0.06325297366904224], [-0.13733121964090966, 0.9905251771601445, -9.758998227541787e-05, 1.029814982126141], [-2.597093260233609e-06, 9.816340065046951e-05, 0.9999999951786009, 0.7495688963214362], [0.0, 0.0, 0.0, 1.0]], "suj_psm2_transform": [[0.14550130147189358, -0.9887619467736724, -0.03433924696790347, 0.03793239650744448], [-0.8027814165026861, -0.13827710426430478, 0.5800184822522638, 0.27283482535366893], [-0.5782485353097976, -0.0568265347229277, -0.8138792148491433, -0.2173094356413401], [0.0, 0.0, 0.0, 1.0]], "ecm_transform": [[0.9938556000038965, 0.11054929526596391, 0.005468057890486815, -0.06219902922547305], [0.09243944626766995, -0.8018455486512914, -0.5903377549181789, 0.9113460716975263], [-0.06087688489584157, 0.587215947862716, -0.8071378045049498, 0.5875699364470846], [0.0, 0.0, 0.0, 1.0]], "psm2_transform": [[0.03835573454267151, 0.9990268718658881, -0.02177491486895932, -0.003437503345766728], [0.8687866601923445, -0.04410566051946519, -0.49321844022904626, -0.07786207425766266], [-0.49369887249164723, 0.0, -0.8696329244574841, -0.005585737793698305], [0.0, 0.0, 0.0, 1.0]]}