{"ecm_psm_transform": [[-0.5066513950506469, 0.14797903629012696, -0.8493565615875813, 0.03411148870903177], [0.3714535308342685, -0.8515669119423974, -0.369940628906375, 0.23272963262844473], [-0.7780274020392783, -0.5029274294602895, 0.37648022839516715, -0.150351487052245], [0.0, 0.0, 0.0, 1.0]], "suj_ecm_transform": [[0.9905375581101433, 0.1372419245507468, -1.0899615662100258e-05, -0.06331321969138798], [-0.13724192495899207, 0.9905375533060591, -9.759096525338485e-05, 1.0298355307853884], [-2.597093260226405e-06, 9.816340065047948e-05, 0.9999999951786009, 0.7495729699768217], [0.0, 0.0, 0.0, 1.0]], "suj_psm2_transform": [[0.14548424445368935, -0.988764012782515, -0.034352025296303934, 0.03798137388112489], [-0.8027774465394102, -0.13827012711932163, 0.5800256401867689, 0.27291820730421557], [-0.578258338412343, -0.05680756087551542, -0.8138735743860782, -0.21726093875943175], [0.0, 0.0, 0.0, 1.0]], "ecm_transform": [[0.9938585089263765, 0.11052405813603931, 0.005449477753086126, -0.06217936922097324], [0.09240816587303545, -0.8018490276534813, -0.5903379267259967, 0.9113380221189535], [-0.060876884895841574, 0.5872159478627161, -0.8071378045049498, 0.587572408443017], [0.0, 0.0, 0.0, 1.0]], "psm2_transform": [[0.07799652034097168, 0.9959693091179205, -0.04429083550659817, -0.00699147433038951], [0.8660730162289914, -0.08969467818757222, -0.49180524119293945, -0.07763329998232298], [-0.49379557852892714, 0.0, -0.8695780164109959, -0.005582319769926149], [0.0, 0.0, 0.0, 1.0]]}