{"ecm_psm_transform": [[-0.5032351808625495, 0.14857688638214073, -0.8512809533727543, 0.033858869529960624], [0.3523342796424288, -0.8642301255579696, -0.3591195420287055, 0.2344043168848149], [-0.7890595086120489, -0.480657049164001, 0.382562273307062, -0.14947344488877473], [0.0, 0.0, 0.0, 1.0]], "suj_ecm_transform": [[0.9905309266440048, 0.13728977836264689, -1.09043303775721e-05, -0.06326465487036623], [-0.13728977877112425, 0.9905309218399403, -9.759043856689301e-05, 1.02981921355881], [-2.5970932602184894e-06, 9.816340065044349e-05, 0.9999999951786009, 0.7495684600545469], [0.0, 0.0, 0.0, 1.0]], "suj_psm2_transform": [[0.1456047458767334, -0.9887506299380961, -0.034226448474682036, 0.03803052826448964], [-0.802798069750456, -0.13829798754056405, 0.5799904532379583, 0.2728768418517097], [-0.5781993749418224, -0.05697243578475614, -0.8139039405099584, -0.2173582352473018], [0.0, 0.0, 0.0, 1.0]], "ecm_transform": [[0.9938511354471207, 0.11058801189876406, 0.005496562084452643, -0.06222686975092943], [0.09248743404294381, -0.8018402098922022, -0.5903374902072386, 0.9113469866388586], [-0.06087688489584158, 0.5872159478627162, -0.8071378045049498, 0.5875737165570301], [0.0, 0.0, 0.0, 1.0]], "psm2_transform": [[0.10195885211704972, 0.9931019353750864, -0.057904563112343294, -0.009138652303012439], [0.8635557511358722, -0.11725419375978738, -0.49043135985161235, -0.0774011828304784], [-0.4938378855000222, 0.0, -0.8695539907589793, -0.005573278584942842], [0.0, 0.0, 0.0, 1.0]]}