{"ecm_psm_transform": [[-0.5475466449100976, 0.13294800691757763, -0.8261461729647722, 0.037723699095818734], [0.5891228409964036, -0.6398921278089179, -0.4934291671400281, 0.2132177281898794], [-0.5942448568258896, -0.756877065463619, 0.27204808014606346, -0.16682886015777226], [0.0, 0.0, 0.0, 1.0]], "suj_ecm_transform": [[0.9905325435482076, 0.13727811206830826, -1.0903180975185562e-05, -0.06328239269354316], [-0.137278112476729, 0.9905325387441384, -9.759056698926566e-05, 1.0298313105235752], [-2.597093260224809e-06, 9.816340065045471e-05, 0.999999995178601, 0.7495748561178555], [0.0, 0.0, 0.0, 1.0]], "suj_psm2_transform": [[0.14546829927268862, -0.9887656493557514, -0.03437243897093728, 0.03792260945930958], [-0.8027753285886904, -0.13826872926461503, 0.5800289047253324, 0.27290340326943685], [-0.5782652900840857, -0.05678247231010558, -0.8138703859474926, -0.21725441885350327], [0.0, 0.0, 0.0, 1.0]], "ecm_transform": [[0.993861438473193, 0.11049863332663755, 0.005430759517919718, -0.06216417665202261], [0.09237665290198939, -0.8018525317093146, -0.5903380992194119, 0.9113296234074761], [-0.06087688489584159, 0.5872159478627162, -0.8071378045049498, 0.5875692103426973], [0.0, 0.0, 0.0, 1.0]], "psm2_transform": [[-0.20895278695413044, 0.970705069439425, 0.11861872107177207, 0.01872590194490583], [0.844167080819933, 0.2402741520942298, -0.4792183964492095, -0.07565244862717052], [-0.49368073942990187, 0.0, -0.8696432185189196, -0.0055860502929097715], [0.0, 0.0, 0.0, 1.0]]}