{"ecm_psm_transform": [[-0.5471155120554648, 0.1333433885320141, -0.8263680519012621, 0.03774386430870434], [0.5876982213966947, -0.6417927540328789, -0.4926589707272713, 0.21328625941787688], [-0.5960498444219646, -0.7551963993595924, 0.2727690989809124, -0.16681994917232595], [0.0, 0.0, 0.0, 1.0]], "suj_ecm_transform": [[0.9905334769159494, 0.13727137716922583, -1.0902517430542049e-05, -0.06329370207714849], [-0.13727137757761393, 0.9905334721118774, -9.759064112070056e-05, 1.0298209112384793], [-2.597093260231166e-06, 9.816340065049859e-05, 0.999999995178601, 0.7495806737421498], [0.0, 0.0, 0.0, 1.0]], "suj_psm2_transform": [[0.14566287989736276, -0.9887424614196128, -0.034215061097301824, 0.03798156713465129], [-0.8027943059597615, -0.13833893940384961, 0.5799858965209439, 0.2728478009171056], [-0.5781899581786174, -0.05701475976011522, -0.8139076664038157, -0.21739549440181483], [0.0, 0.0, 0.0, 1.0]], "ecm_transform": [[0.9938618756231125, 0.11049483865777907, 0.005427965816047112, -0.06217788389655314], [0.09237194957500497, -0.8018530546214085, -0.5903381249131969, 0.9113385247409099], [-0.060876884895841546, 0.5872159478627159, -0.8071378045049499, 0.5875660134783582], [0.0, 0.0, 0.0, 1.0]], "psm2_transform": [[-0.20686517226375783, 0.9712977250950402, 0.1174203122525461, 0.01853876951048073], [0.844705808426624, 0.23786704106538098, -0.4794698822503076, -0.0757005450227207], [-0.49363842811779696, 0.0, -0.8696672365252072, -0.00559115479647871], [0.0, 0.0, 0.0, 1.0]]}