{"ecm_psm_transform": [[-0.54385332090595, 0.13517124084121548, -0.8282223741176135, 0.03738826923159825], [0.5713973991209973, -0.6631659063958716, -0.4834418195314738, 0.21475143037011313], [-0.6145962720496521, -0.7361655494816288, 0.28342848505237056, -0.1650770600876463], [0.0, 0.0, 0.0, 1.0]], "suj_ecm_transform": [[0.9905365402262114, 0.1372492708828358, -1.0900339446585434e-05, -0.06330241776157447], [-0.13724927129111666, 0.9905365354221303, -9.759088441352005e-05, 1.02982436155937], [-2.5970932602208145e-06, 9.81634006504539e-05, 0.999999995178601, 0.7495754408741053], [0.0, 0.0, 0.0, 1.0]], "suj_psm2_transform": [[0.1456140923239918, -0.9887465442995487, -0.03430462435825077, 0.03791612743890246], [-0.8027755712364804, -0.13834934710158286, 0.58000934508205, 0.2728500159346514], [-0.5782282579938505, -0.056918619908308044, -0.8138871865099799, -0.21731755128481733], [0.0, 0.0, 0.0, 1.0]], "ecm_transform": [[0.9938562834658428, 0.1105433664876724, 0.005463692985041083, -0.062203045397670804], [0.09243209778448772, -0.8018463660211127, -0.5903377953323798, 0.9113458866192546], [-0.060876884895841574, 0.5872159478627161, -0.8071378045049499, 0.5875703764219165], [0.0, 0.0, 0.0, 1.0]], "psm2_transform": [[-0.18251964940672133, 0.9777279501467531, 0.10360807440675615, 0.0163563333991881], [0.8502845458234356, 0.20987628618266616, -0.48266772797858115, -0.07619748098833021], [-0.4936626061535161, 0.0, -0.8696535122022555, -0.005586362696456425], [0.0, 0.0, 0.0, 1.0]]}