{"ecm_psm_transform": [[-0.5410492830529142, 0.13683875799057546, -0.8297836028866351, 0.03725462851571967], [0.5570880954947285, -0.6808346985526296, -0.475517578123887, 0.21595094108886628], [-0.630014703928396, -0.7195410117278566, 0.29213388245061345, -0.16377407627346227], [0.0, 0.0, 0.0, 1.0]], "suj_ecm_transform": [[0.9905276004148952, 0.13731377460893787, -1.0906694569240878e-05, -0.06326104151051122], [-0.1373137750175316, 0.9905275956108407, -9.75901743734077e-05, 1.0298241884539119], [-2.597093260225069e-06, 9.816340065042839e-05, 0.9999999951786012, 0.7495755855181914], [0.0, 0.0, 0.0, 1.0]], "suj_psm2_transform": [[0.14576186968984794, -0.9887255216646474, -0.03428294260257109, 0.03803477005444655], [-0.802758684958823, -0.13845698488974167, 0.5800070319042896, 0.27277939200413037], [-0.5782144680546324, -0.05702197948346971, -0.8138897485458862, -0.2173971874234959], [0.0, 0.0, 0.0, 1.0]], "ecm_transform": [[0.9938674039756925, 0.11044683303603592, 0.005392623380840733, -0.06212395496639721], [0.09231244878127781, -0.8018596683011323, -0.5903384488172881, 0.9113330872436766], [-0.06087688489584159, 0.587215947862716, -0.8071378045049498, 0.5875673224163578], [0.0, 0.0, 0.0, 1.0]], "psm2_transform": [[-0.16178804513915365, 0.9825408638349025, 0.0918590188528857, 0.014500158946625756], [0.8544262832536688, 0.18604690509267718, -0.48512088760509753, -0.07657745604563579], [-0.49374118213429646, 0.0, -0.8696089035104387, -0.005581945875695098], [0.0, 0.0, 0.0, 1.0]]}