{"ecm_psm_transform": [[-0.7142615984210108, 0.19132619075901242, -0.6732196207410392, 0.01788368057243129], [0.5074345984847448, -0.5209128082011996, -0.6864109370577995, 0.2056864120286776], [-0.48201711305895434, -0.8318919010193491, 0.27498248623635085, -0.19260317687445017], [0.0, 0.0, 0.0, 1.0]], "suj_ecm_transform": [[0.9934929098456233, 0.1138939770686566, -8.600026403883195e-06, -0.09247218164005835], [-0.11389397736373612, 0.9934929050332625, -9.782043583279956e-05, 1.0067391032785133], [-2.597093260230191e-06, 9.816340065046653e-05, 0.9999999951786009, 0.7425488358489467], [0.0, 0.0, 0.0, 1.0]], "suj_psm2_transform": [[0.2738645665999421, -0.9381282392231787, -0.21192830375635097, 0.0005995680975636464], [-0.7438269294734501, -0.3462863633086058, 0.57167058134611, 0.2683606872322278], [-0.6096881974838655, 0.0010776634533137264, -0.7926406124406926, -0.23582361940390162], [0.0, 0.0, 0.0, 1.0]], "ecm_transform": [[0.9594767104625215, 0.28107814102955936, 0.019988014293219322, -0.0883330837390685], [0.2384567056425157, -0.7720958498511736, -0.5890724897469856, 0.8838124621713677], [-0.15014273746717632, 0.5699676107271018, -0.807832953715, 0.5739589737709585], [0.0, 0.0, 0.0, 1.0]], "psm2_transform": [[-0.2791743175727623, 0.9470611125930384, 0.1585463636348018, 0.025001325953388758], [0.8235240206045129, 0.32105334294169297, -0.4676889334518636, -0.07375031001629448], [-0.4938318417185758, 0.0, -0.8695574231210033, -0.0055351099220072], [0.0, 0.0, 0.0, 1.0]]}