{"ecm_psm_transform": [[-0.6895801873189868, 0.22864705701746552, -0.6871678751035755, 0.01563381532978519], [0.43967824565092206, -0.6217942287022833, -0.6481164844793412, 0.2117596513951628], [-0.5754669456697219, -0.7490610525649992, 0.3282458437996999, -0.18416603434836432], [0.0, 0.0, 0.0, 1.0]], "suj_ecm_transform": [[0.9935008121160589, 0.11382502471288006, -8.593237283191502e-06, -0.09250390182178272], [-0.11382502500762559, 0.9935008073036775, -9.782103247082812e-05, 1.0067496212957143], [-2.597093260228636e-06, 9.816340065045484e-05, 0.9999999951786009, 0.7425409841435835], [0.0, 0.0, 0.0, 1.0]], "suj_psm2_transform": [[0.2738577119648659, -0.9381156015534325, -0.21199309356535675, 0.0005580399591288143], [-0.7438085567918747, -0.34632044774366927, 0.5716738391056679, 0.2683770879814195], [-0.6097136905470937, 0.0011249874070437538, -0.7926209371211292, -0.23576586970444824], [0.0, 0.0, 0.0, 1.0]], "ecm_transform": [[0.9594763266327548, 0.2810793838225543, 0.01998896248554341, -0.08834767982222798], [0.23845825005056515, -0.7720953974166485, -0.5890724575727929, 0.883815088819446], [-0.15014273746717627, 0.5699676107271018, -0.8078329537150002, 0.5739597030339636], [0.0, 0.0, 0.0, 1.0]], "psm2_transform": [[-0.16501321843372713, 0.9818254065593617, 0.0937523801121185, 0.014780025099002975], [0.8536659375926064, 0.1897863826372801, -0.4850109235466682, -0.07646177744754414], [-0.49398897228205324, 0.0, -0.869468168056612, -0.005523005072904621], [0.0, 0.0, 0.0, 1.0]]}