{"ecm_psm_transform": [[-0.6744399013039075, 0.24708442269324243, -0.6957586561384073, 0.014344787508601046], [0.39847714142253887, -0.6715042431660715, -0.6247383605747958, 0.21543303472632155], [-0.6215680069734104, -0.6985923986648501, 0.35443176104123886, -0.18009327665805347], [0.0, 0.0, 0.0, 1.0]], "suj_ecm_transform": [[0.9934932480690846, 0.1138910267193396, -8.59973590916557e-06, -0.09245470717701643], [-0.11389102701440482, 0.9934932432567228, -9.782046137161234e-05, 1.0067341476735927], [-2.5970932602242234e-06, 9.816340065044705e-05, 0.9999999951786012, 0.7425428744045532], [0.0, 0.0, 0.0, 1.0]], "suj_psm2_transform": [[0.273881313117824, -0.9381159985546661, -0.21196084445160643, 0.0006235926406142067], [-0.7438124377468935, -0.34631948563108, 0.5716693723869137, 0.2683585734548582], [-0.6096983547442786, 0.0010895540398692671, -0.7926327832572371, -0.23581964501689], [0.0, 0.0, 0.0, 1.0]], "ecm_transform": [[0.9594900172705575, 0.28103504981373734, 0.01995513804350861, -0.08829227447013757], [0.23840315674086168, -0.772111535659343, -0.5890736043634645, 0.8837980557890738], [-0.15014273746717643, 0.5699676107271022, -0.8078329537150001, 0.5739563594655697], [0.0, 0.0, 0.0, 1.0]], "psm2_transform": [[-0.10213974852271354, 0.9930756503077413, 0.05803640700089646, 0.009148377744473996], [0.8634272077107765, 0.11747660518527452, -0.49060442743509236, -0.077334812012368], [-0.49402523089057754, 0.0, -0.8694475667017025, -0.005517789814042592], [0.0, 0.0, 0.0, 1.0]]}