{"ecm_psm_transform": [[-0.6689381122658113, 0.2530072655333553, -0.6989342784164955, 0.013752437959358939], [0.38366700564142797, -0.6878304887065086, -0.6161889706801853, 0.21681127213612825], [-0.6366485928205557, -0.6803503085860253, 0.36304548870149445, -0.17873322913457018], [0.0, 0.0, 0.0, 1.0]], "suj_ecm_transform": [[0.9934965908797524, 0.11386186295860398, -8.596864413629048e-06, -0.09249658905419653], [-0.11386186325352796, 0.993496586067382, -9.78207137722965e-05, 1.0067429691445626], [-2.5970932602294254e-06, 9.816340065047436e-05, 0.9999999951786009, 0.7425422939055706], [0.0, 0.0, 0.0, 1.0]], "suj_psm2_transform": [[0.27376943444627877, -0.9381622979120272, -0.21190044723735152, 0.0005247596731731141], [-0.7438662812336665, -0.34619395148560006, 0.5716753480764952, 0.2684007398552557], [-0.6096829113617672, 0.0011183609484177737, -0.7926446220483861, -0.23580898410351048], [0.0, 0.0, 0.0, 1.0]], "ecm_transform": [[0.9594923249998587, 0.28102757565824416, 0.019949435731759585, -0.08828531928879031], [0.23839386873874993, -0.7721142560798168, -0.5890737975042541, 0.8838050442450587], [-0.1501427374671763, 0.5699676107271019, -0.8078329537150003, 0.5739626100608053], [0.0, 0.0, 0.0, 1.0]], "psm2_transform": [[-0.08037798980790904, 0.9957175206337168, 0.04567272553158562, 0.007198887048863659], [0.865717337392651, 0.09244792643993635, -0.49192161228668874, -0.07753616808564984], [-0.4940373169024976, 0.0, -0.8694406992473847, -0.005514083923173142], [0.0, 0.0, 0.0, 1.0]]}