{"ecm_psm_transform": [[-0.6548346875385509, 0.2672466717101214, -0.7069446572795862, 0.012563927592884591], [0.34534726343380096, -0.7262196098507703, -0.5944243819923445, 0.22018793667018416], [-0.6722550108664673, -0.6333911072379044, 0.3832608845641157, -0.1755619742915989], [0.0, 0.0, 0.0, 1.0]], "suj_ecm_transform": [[0.9934890614204535, 0.11392754172670082, -8.603331219595647e-06, -0.09244423532616527], [-0.11392754202194293, 0.9934890566081026, -9.782014522885723e-05, 1.0067279793365265], [-2.597093260229451e-06, 9.8163400650479e-05, 0.9999999951786009, 0.7425415657412153], [0.0, 0.0, 0.0, 1.0]], "suj_psm2_transform": [[0.27378122285247375, -0.9381439302392697, -0.2119665260568776, 0.0005988712270807994], [-0.7438457382854854, -0.3462435945008082, 0.5716720133972641, 0.2683449016131501], [-0.6097026813520882, 0.0011573341681490046, -0.7926293591141436, -0.23582514083575146], [0.0, 0.0, 0.0, 1.0]], "ecm_transform": [[0.9594983405929485, 0.2810080911705489, 0.019934570375677363, -0.0882846488946579], [0.23836965575601468, -0.7721213475994064, -0.5890743007431537, 0.8838029445030458], [-0.15014273746717627, 0.5699676107271018, -0.8078329537150002, 0.5739573758194483], [0.0, 0.0, 0.0, 1.0]], "psm2_transform": [[-0.02629084897664741, 0.9995427388584116, 0.014936681542846369, 0.0023545466761800173], [0.8690774576918829, 0.030237612263955126, -0.49375100945353867, -0.07783253561606146], [-0.4939768858882982, 0.0, -0.869475034838896, -0.005518840259274776], [0.0, 0.0, 0.0, 1.0]]}