{"ecm_psm_transform": [[-0.6550975165857328, 0.26713009187170833, -0.7067451858907978, 0.01262903919694552], [0.34613467989075364, -0.7253662118681382, -0.595008102513733, 0.22009858823865164], [-0.6715936473345553, -0.6344173489877779, 0.3827226151708164, -0.17565611274162235], [0.0, 0.0, 0.0, 1.0]], "suj_ecm_transform": [[0.9934979465643053, 0.11385003337119559, -8.595699660260912e-06, -0.09251954766555703], [-0.11385003366606225, 0.9934979417519315, -9.782081612836234e-05, 1.0067386794894322], [-2.5970932602246486e-06, 9.816340065047656e-05, 0.9999999951786008, 0.7425463626170332], [0.0, 0.0, 0.0, 1.0]], "suj_psm2_transform": [[0.27395981971396743, -0.9380987939022183, -0.21193553279592792, 0.0006386436325548916], [-0.7437909330882166, -0.34636629402264296, 0.5716689935800089, 0.2683328642448133], [-0.6096893184549411, 0.0010213932755871458, -0.7926398247108998, -0.23585388255106876], [0.0, 0.0, 0.0, 1.0]], "ecm_transform": [[0.9594939560984039, 0.28102229274826046, 0.019945405213857556, -0.08830739646930087], [0.238387303765315, -0.7721161788879638, -0.5890739339870279, 0.8837953103512455], [-0.1501427374671762, 0.5699676107271017, -0.8078329537150002, 0.5739454549906293], [0.0, 0.0, 0.0, 1.0]], "psm2_transform": [[-0.027458760946956748, 0.9995012044857651, 0.015599957652593527, 0.0024591665169483405], [0.8690447762073878, 0.03158072563296842, -0.4937244522151462, -0.07783038060262257], [-0.4939708426556257, 0.0, -0.8694784681670336, -0.005520037405042852], [0.0, 0.0, 0.0, 1.0]]}