{"ecm_psm_transform": [[-0.6464578134907796, 0.2749801078612263, -0.7116728431360505, 0.01180496168345422], [0.3228008409553904, -0.7466091492739402, -0.5816995747797454, 0.22219559030733405], [-0.6912972677909364, -0.6057728274700609, 0.3938875081082343, -0.1739223681036213], [0.0, 0.0, 0.0, 1.0]], "suj_ecm_transform": [[0.9934953621418778, 0.1138725837445294, -8.597919993588265e-06, -0.09248405293281643], [-0.1138725840395053, 0.9934953573295107, -9.78206209980762e-05, 1.00673725953228], [-2.597093260224787e-06, 9.816340065046192e-05, 0.9999999951786009, 0.7425427268765115], [0.0, 0.0, 0.0, 1.0]], "suj_psm2_transform": [[0.27394101621162903, -0.9381125976442423, -0.21189873472513387, 0.0005868781644062793], [-0.7438058876804624, -0.3463289475982512, 0.5716721626136501, 0.2683326970662231], [-0.6096795232651494, 0.0010070733143119903, -0.7926473772835687, -0.23587816100378078], [0.0, 0.0, 0.0, 1.0]], "ecm_transform": [[0.9594867046072, 0.2810457781431961, 0.0199633231176915, -0.0883159890125776], [0.23841648866611242, -0.7721076306512742, -0.5890733270333985, 0.8838082051191349], [-0.1501427374671763, 0.5699676107271019, -0.8078329537150002, 0.5739487981470288], [0.0, 0.0, 0.0, 1.0]], "psm2_transform": [[0.0042773122448426775, 0.9999878998704734, -0.0024299614400388834, -0.0003830334319249241], [0.869474813812128, -0.004919360999149885, -0.4939527791537622, -0.07786149405115342], [-0.49395875611869206, 0.0, -0.8694853346972993, -0.005517184184086872], [0.0, 0.0, 0.0, 1.0]]}