{"ecm_psm_transform": [[-0.6465269375948216, 0.2749036522221104, -0.711639586419423, 0.011864697221631365], [0.32301171274244556, -0.7464372743190346, -0.5818030843321157, 0.22220398233694055], [-0.691134105941426, -0.6060192880611275, 0.39379470552869356, -0.1739483381172657], [0.0, 0.0, 0.0, 1.0]], "suj_ecm_transform": [[0.9934918402567953, 0.11390330666486562, -8.600945006601772e-06, -0.09245764668067494], [-0.11390330695999032, 0.9934918354444372, -9.782035506814044e-05, 1.0067368989137289], [-2.597093260226979e-06, 9.816340065045292e-05, 0.9999999951786012, 0.7425479594698938], [0.0, 0.0, 0.0, 1.0]], "suj_psm2_transform": [[0.273934681654416, -0.9381236812459312, -0.21185785062743587, 0.000640683747815049], [-0.7438226931987711, -0.34629898748051907, 0.5716684461753112, 0.2683592680973248], [-0.6096618663402043, 0.0009848632140938007, -0.7926609860306163, -0.23588951513002332], [0.0, 0.0, 0.0, 1.0]], "ecm_transform": [[0.9594926496326042, 0.2810265242288543, 0.01994863355855861, -0.08828708395590767], [0.23839256214669755, -0.7721146387693267, -0.5890738246699176, 0.8838045707022995], [-0.15014273746717638, 0.5699676107271019, -0.807832953715, 0.5739591195136944], [0.0, 0.0, 0.0, 1.0]], "psm2_transform": [[0.003988515981742715, 0.9999894783425427, -0.0022660415867334035, -0.0003571780634241184], [0.8694624531863958, -0.004587287238599986, -0.4939777315779379, -0.07786177031022179], [-0.4939829290971076, 0.0, -0.8694716014687554, -0.0055150194739621225], [0.0, 0.0, 0.0, 1.0]]}