{"ecm_psm_transform": [[-0.6403539068117018, 0.28031852061821866, -0.7151002734088444, 0.011310956988756376], [0.30571326519398156, -0.7610785811378288, -0.5721003345722356, 0.22370280357677147], [-0.7046178208897537, -0.5849623238565395, 0.4016625525897733, -0.17270258683891754], [0.0, 0.0, 0.0, 1.0]], "suj_ecm_transform": [[0.9934888222199655, 0.1139296276214624, -8.60353659935093e-06, -0.09244199234042288], [-0.11392962791671461, 0.9934888174076152, -9.782012716537427e-05, 1.006731441690448], [-2.597093260222898e-06, 9.816340065046681e-05, 0.999999995178601, 0.7425460745648409], [0.0, 0.0, 0.0, 1.0]], "suj_psm2_transform": [[0.27391203877814874, -0.938107319547106, -0.21195955280322284, 0.0006365750660971004], [-0.7438022946834303, -0.34634305807459487, 0.5716682889116744, 0.26831188077955104], [-0.6096969258870032, 0.0010691752344982874, -0.7926339100923304, -0.23585749207943574], [0.0, 0.0, 0.0, 1.0]], "ecm_transform": [[0.9594918458366015, 0.28102912757378606, 0.01995061974445944, -0.08831104700007836], [0.23839579727615567, -0.7721136912250395, -0.589073757405565, 0.8837978968688345], [-0.1501427374671763, 0.5699676107271018, -0.8078329537150002, 0.5739525746863632], [0.0, 0.0, 0.0, 1.0]], "psm2_transform": [[0.026812447000888313, 0.9995243431895865, -0.015237455734152583, -0.002401175877558947], [0.8689996854272317, -0.030839704463981234, -0.49385064478640356, -0.07782285153552196], [-0.49408565999550796, 0.0, -0.8694132277500747, -0.0055038520636286475], [0.0, 0.0, 0.0, 1.0]]}