{"ecm_psm_transform": [[-0.6291602645481701, 0.28889716333605975, -0.7215925377455444, 0.010309984973630577], [0.2767978310113555, -0.7842251302510349, -0.5553142406153082, 0.22636171127744564], [-0.7263197107755551, -0.5491169038548397, 0.4134371822173096, -0.17077521277501911], [0.0, 0.0, 0.0, 1.0]], "suj_ecm_transform": [[0.9934943939218295, 0.11388103078194602, -8.598751698070065e-06, -0.09247484148147422], [-0.11388103107696283, 0.9934943891094647, -9.78205478920512e-05, 1.0067439843879815], [-2.5970932602234145e-06, 9.816340065046569e-05, 0.999999995178601, 0.7425465091837562], [0.0, 0.0, 0.0, 1.0]], "suj_psm2_transform": [[0.27391128847871893, -0.9381164355915305, -0.21192017203883656, 0.0006416967221804099], [-0.7438133216231696, -0.3463184466305178, 0.5716688517833839, 0.26836197538290407], [-0.6096838103638929, 0.0010424953080240829, -0.7926440339671381, -0.23584478792014307], [0.0, 0.0, 0.0, 1.0]], "ecm_transform": [[0.9594786071972943, 0.2810719995096609, 0.01998332861116542, -0.08833783843232128], [0.2384490736333509, -0.7720980856171582, -0.5890726487197625, 0.8838114367066754], [-0.15014273746717627, 0.5699676107271018, -0.8078329537150004, 0.5739575199142102], [0.0, 0.0, 0.0, 1.0]], "psm2_transform": [[0.06460535598339498, 0.9972369795570543, -0.036668168514150654, -0.0057832572675690485], [0.8672814352324216, -0.07428597851494814, -0.4922443554752735, -0.07763615859689355], [-0.4936082050365954, 0.0, -0.8696843909836203, -0.005543320837135872], [0.0, 0.0, 0.0, 1.0]]}