{"ecm_psm_transform": [[-0.6153411253798963, 0.29875589114933954, -0.7294519976802909, 0.00906044138976312], [0.23910200798707054, -0.8110533795477181, -0.5338751214476812, 0.22974880152411895], [-0.7511228456069979, -0.5029287554194823, 0.4276413658422873, -0.16858511882834593], [0.0, 0.0, 0.0, 1.0]], "suj_ecm_transform": [[0.9934884155977702, 0.1139331733912698, -8.60388572020773e-06, -0.09243653564853618], [-0.1139331736865392, 0.993488410785421, -9.78200964586835e-05, 1.0067269664156253], [-2.5970932602293695e-06, 9.816340065049809e-05, 0.9999999951786009, 0.7425466517678745], [0.0, 0.0, 0.0, 1.0]], "suj_psm2_transform": [[0.27384157480562, -0.9381547745436889, -0.21184053178950057, 0.0006282130581047596], [-0.7438601143593964, -0.34621460541346505, 0.5716708644522867, 0.26836973865937236], [-0.6096580370775112, 0.001032472410788965, -0.7926638706460117, -0.23587659721322962], [0.0, 0.0, 0.0, 1.0]], "ecm_transform": [[0.9595017649504551, 0.28099699872303363, 0.019926107638194218, -0.08827261739172955], [0.23835587142511103, -0.7721253845268181, -0.589074587065585, 0.8837858930350171], [-0.15014273746717627, 0.5699676107271018, -0.8078329537150002, 0.5739551920130388], [0.0, 0.0, 0.0, 1.0]], "psm2_transform": [[0.11156364983532001, 0.991736601195609, -0.06334087056872222, -0.00998712122461341], [0.8624297849601625, -0.12829073952932657, -0.4896492133809535, -0.07720427597007104], [-0.493729093784223, 0.0, -0.8696157668482156, -0.005529873836505734], [0.0, 0.0, 0.0, 1.0]]}