{"ecm_psm_transform": [[-0.6113051162006692, 0.3015776619115524, -0.7316809200347152, 0.008713008078462686], [0.22792818185431546, -0.8182792342219952, -0.5277005199520375, 0.23063800579994637], [-0.7578619919374979, -0.4893567294694394, 0.43148023419329584, -0.16798002606465906], [0.0, 0.0, 0.0, 1.0]], "suj_ecm_transform": [[0.9934874736723341, 0.11394138660786259, -8.604694403753805e-06, -0.09245189713854954], [-0.11394138690317175, 0.9934874688599873, -9.782002532649246e-05, 1.0067266238587511], [-2.59709326021772e-06, 9.816340065042241e-05, 0.9999999951786008, 0.7425374963430968], [0.0, 0.0, 0.0, 1.0]], "suj_psm2_transform": [[0.2739319579729147, -0.9380932806331371, -0.21199594154625503, 0.0006381010045695967], [-0.7437824303461286, -0.3463810484356008, 0.5716711166335589, 0.26826377286631503], [-0.6097122097428682, 0.001079868330796152, -0.7926221389633629, -0.23587241101990852], [0.0, 0.0, 0.0, 1.0]], "ecm_transform": [[0.9594865572269876, 0.28104625543078965, 0.019963687260471874, -0.08832618999819684], [0.2384170817843494, -0.772107456919288, -0.5890733146927168, 0.8838105931046606], [-0.15014273746717632, 0.5699676107271018, -0.8078329537150001, 0.5739512684949875], [0.0, 0.0, 0.0, 1.0]], "psm2_transform": [[0.1250927253406571, 0.989600249817085, -0.07101517886205574, -0.011197456478316738], [0.8605923550024518, -0.1438448663038165, -0.48855854608160426, -0.07703441918360751], [-0.4936928281615816, 0.0, -0.8696363558533067, -0.005531151413301773], [0.0, 0.0, 0.0, 1.0]]}