{"ecm_psm_transform": [[-0.6110509646161106, 0.3017414678145579, -0.7318256658814563, 0.008644948782179031], [0.2273579633376739, -0.8186471686790557, -0.5273757386538659, 0.23077881919318172], [-0.7582381388117231, -0.48863984673262345, 0.43163181652474675, -0.16795029894832048], [0.0, 0.0, 0.0, 1.0]], "suj_ecm_transform": [[0.9934948910438673, 0.11387669382188474, -8.598324676241436e-06, -0.09247407945425305], [-0.11387669411688055, 0.9934948862315014, -9.782058542774993e-05, 1.0067398581120963], [-2.5970932602294034e-06, 9.81634006504637e-05, 0.999999995178601, 0.742545053679033], [0.0, 0.0, 0.0, 1.0]], "suj_psm2_transform": [[0.2739784434365872, -0.9381031404818305, -0.2118922139914345, 0.0005932372154672516], [-0.7437924854660076, -0.3463546482428069, 0.5716740296750417, 0.2683542373655369], [-0.6096790558124525, 0.0009774756920949423, -0.7926477738850389, -0.23587465097819194], [0.0, 0.0, 0.0, 1.0]], "ecm_transform": [[0.9594999921077576, 0.2810027415415216, 0.019930488989526624, -0.0882869050027669], [0.23836300789148346, -0.7721232945379821, -0.5890744388451572, 0.8838040263687034], [-0.1501427374671763, 0.5699676107271019, -0.807832953715, 0.5739594118231537], [0.0, 0.0, 0.0, 1.0]], "psm2_transform": [[0.12716143502796004, 0.9892507843660187, -0.0722001043825193, -0.011383578650932664], [0.8602578950458984, -0.14622888097505493, -0.48843983086966103, -0.07701087524049674], [-0.4937472262735557, 0.0, -0.8696054717785361, -0.005528250614467239], [0.0, 0.0, 0.0, 1.0]]}