{"ecm_psm_transform": [[-0.7107044520686084, 0.19761321846417768, -0.6751653113853588, 0.017752167283243383], [0.497541930689244, -0.5373062976525338, -0.6809948382395762, 0.20643121721063326], [-0.4973441555059019, -0.8199091159336844, 0.2835451156217742, -0.1913348438488473], [0.0, 0.0, 0.0, 1.0]], "suj_ecm_transform": [[0.9934842104898199, 0.11396983562912809, -8.607495531224782e-06, -0.09241192769496905], [-0.11396983592457506, 0.9934842056774816, -9.78197788861987e-05, 1.0067182018133394], [-2.5970932602263964e-06, 9.816340065045906e-05, 0.999999995178601, 0.7425420022827676], [0.0, 0.0, 0.0, 1.0]], "suj_psm2_transform": [[0.27408614798237824, -0.9380456934168914, -0.2120072181464714, 0.0007833918120362104], [-0.7437272677420571, -0.3465101680802248, 0.5716646347588321, 0.26822830225866096], [-0.6097102055084173, 0.000990191414867947, -0.7926237977879831, -0.23592175793078873], [0.0, 0.0, 0.0, 1.0]], "ecm_transform": [[0.9595009873427176, 0.28099951767241377, 0.019928029411386355, -0.08828153604325684], [0.23835900166390372, -0.7721244678093746, -0.5890745220563162, 0.8838015561583807], [-0.15014273746717627, 0.5699676107271018, -0.8078329537150002, 0.5739611597746674], [0.0, 0.0, 0.0, 1.0]], "psm2_transform": [[-0.26159393905811745, 0.9536793461071175, 0.14854062022476827, 0.023425986974187553], [0.8293084132367939, 0.3008250401956275, -0.4709053524074347, -0.07426536010741888], [-0.49377744661206335, 0.0, -0.8695883124888875, -0.0055399811530753434], [0.0, 0.0, 0.0, 1.0]]}