{"ecm_psm_transform": [[-0.59680627732924, 0.31044628595065804, -0.7398955134881254, 0.007535452328874991], [0.18859207189304825, -0.8420153402588741, -0.5054138870152065, 0.2341867796845054], [-0.7799072366374745, -0.44117260829314286, 0.44397233239507555, -0.1660350760409816], [0.0, 0.0, 0.0, 1.0]], "suj_ecm_transform": [[0.993488187566443, 0.11393516178912433, -8.604081500313955e-06, -0.0924407889426602], [-0.11393516208440335, 0.9934881827540943, -9.782007923832216e-05, 1.0067223382665518], [-2.597093260228164e-06, 9.81634006504122e-05, 0.9999999951786009, 0.7425466587717657], [0.0, 0.0, 0.0, 1.0]], "suj_psm2_transform": [[0.2739913080768148, -0.9380875630704094, -0.2119445378182148, 0.0007563428049819354], [-0.7437818323743343, -0.3463967435886126, 0.5716623845077466, 0.2682912985589528], [-0.6096862709035146, 0.0010099721905745818, -0.792642183477476, -0.2358967965077674], [0.0, 0.0, 0.0, 1.0]], "ecm_transform": [[0.9595031709824743, 0.2809924439912278, 0.019922632717929725, -0.08824918339672046], [0.23835021137066228, -0.7721270420998579, -0.5890747045983938, 0.8837798486009761], [-0.15014273746717627, 0.5699676107271018, -0.8078329537150001, 0.5739537393922705], [0.0, 0.0, 0.0, 1.0]], "psm2_transform": [[0.17170764535839025, 0.9803121790152768, -0.09749110831146232, -0.015369993203569379], [0.8524881990914037, -0.19745387226975314, -0.4840204941276507, -0.07630841246940276], [-0.49374118213429646, 0.0, -0.8696089035104387, -0.005524854341565851], [0.0, 0.0, 0.0, 1.0]]}