{"ecm_psm_transform": [[-0.592299320882083, 0.31294658651947893, -0.7424593917975781, 0.006992528458426091], [0.17605384401989108, -0.8489528812663608, -0.49828109476014093, 0.23537806474435596], [-0.7862484076221988, -0.4258443839894463, 0.44773876550529534, -0.16537095165832189], [0.0, 0.0, 0.0, 1.0]], "suj_ecm_transform": [[0.9934969491592154, 0.1138587367637222, -8.596556605222057e-06, -0.09249962746868498], [-0.11385873705863102, 0.9934969443468441, -9.782074082318257e-05, 1.0067530404123295], [-2.597093260226244e-06, 9.816340065044982e-05, 0.9999999951786009, 0.7425392408613307], [0.0, 0.0, 0.0, 1.0]], "suj_psm2_transform": [[0.2739133360974199, -0.9381052771709439, -0.2119669154656182, 0.0006184108856448212], [-0.7437984576513359, -0.34634857928949486, 0.5716699362566153, 0.26836167340988165], [-0.6097010240302012, 0.0010726454097890192, -0.7926307530801142, -0.2358105044043768], [0.0, 0.0, 0.0, 1.0]], "ecm_transform": [[0.959488907394949, 0.2810386443089537, 0.019957880424346347, -0.08831112657862084], [0.23840762356080322, -0.7721102273166859, -0.5890735114576671, 0.8837963641006483], [-0.15014273746717635, 0.5699676107271019, -0.8078329537150001, 0.573951416572354], [0.0, 0.0, 0.0, 1.0]], "psm2_transform": [[0.18618919867273825, 0.9768078442343026, -0.10573560299132076, -0.016667954379268088], [0.8493972173099628, -0.21411780739194627, -0.48236700942721755, -0.07603939524378375], [-0.49381975408411477, 0.0, -0.8695642877190302, -0.005519789331731979], [0.0, 0.0, 0.0, 1.0]]}