{"ecm_psm_transform": [[-0.5844212512638338, 0.3171255275754388, -0.7469157923295063, 0.006294466974488223], [0.15420913441268772, -0.8602900978592118, -0.4859223090053365, 0.23728581935992268], [-0.7966626286797345, -0.39916456166021, 0.4538681623331914, -0.1645187166366262], [0.0, 0.0, 0.0, 1.0]], "suj_ecm_transform": [[0.9934844001338381, 0.11396818247485462, -8.607332759447574e-06, -0.09241246947246119], [-0.1139681827702936, 0.9934843953214992, -9.781979320887913e-05, 1.0067267546406886], [-2.597093260231376e-06, 9.816340065043282e-05, 0.9999999951786009, 0.7425486892822235], [0.0, 0.0, 0.0, 1.0]], "suj_psm2_transform": [[0.2739110012935787, -0.9381287629574849, -0.21186596584210537, 0.0006253096545839748], [-0.7438275343224098, -0.3462851632682642, 0.5716705212656291, 0.26831651864657335], [-0.6096665995068071, 0.0010048940892786185, -0.7926573204315192, -0.2359008997478369], [0.0, 0.0, 0.0, 1.0]], "ecm_transform": [[0.9594965818062923, 0.28101378809841465, 0.01993891673638369, -0.08829271917275476], [0.23837673520690666, -0.7721192742190927, -0.5890741536440706, 0.8838094090517761], [-0.15014273746717632, 0.5699676107271018, -0.8078329537150001, 0.5739554811638801], [0.0, 0.0, 0.0, 1.0]], "psm2_transform": [[0.2109141854502224, 0.9701289340375503, -0.11985431873335053, -0.018884999746108744], [0.843456253648495, -0.24258988301898823, -0.47930334532327157, -0.07552204751901322], [-0.4940614886399413, 0.0, -0.8694269638347347, -0.005498802759161349], [0.0, 0.0, 0.0, 1.0]]}