{"ecm_psm_transform": [[-0.5730690276080157, 0.3225195624876264, -0.7533744231185405, 0.0053037579955087484], [0.12366376588828942, -0.874741980687616, -0.46854427776788954, 0.2400521364672508], [-0.8101229305498826, -0.36167333193850065, 0.46140355261069826, -0.16329722348278153], [0.0, 0.0, 0.0, 1.0]], "suj_ecm_transform": [[0.9934894702063748, 0.11392397691024386, -8.602980223430778e-06, -0.09245984496287783], [-0.11392397720546871, 0.9934894653940228, -9.782017609847727e-05, 1.0067420175861568], [-2.597093260227318e-06, 9.816340065044368e-05, 0.999999995178601, 0.7425476719670265], [0.0, 0.0, 0.0, 1.0]], "suj_psm2_transform": [[0.27391857629280736, -0.9381195997411891, -0.21189674405982004, 0.0006537654070461335], [-0.7438191226089728, -0.3463099341453598, 0.5716664607561429, 0.2683499940518584], [-0.6096734588309873, 0.001022787205602671, -0.7926520216989247, -0.23588492970725228], [0.0, 0.0, 0.0, 1.0]], "ecm_transform": [[0.959478355144239, 0.28107281565554587, 0.01998395129021495, -0.088336182880076], [0.23845008784978192, -0.7720977885096567, -0.5890726275960624, 0.883808650437681], [-0.15014273746717638, 0.5699676107271022, -0.8078329537150002, 0.5739570815873523], [0.0, 0.0, 0.0, 1.0]], "psm2_transform": [[0.2449527231452026, 0.9594965432173606, -0.13915655564034912, -0.021932590972580403], [0.8342714671658222, -0.28172039960559453, -0.4739459204582847, -0.07469904647108587], [-0.49395271281443154, 0.0, -0.8694887678994272, -0.005511821787902615], [0.0, 0.0, 0.0, 1.0]]}