{"ecm_psm_transform": [[-0.5733789851324026, 0.3222450419604284, -0.7532560469989328, 0.005141085861760276], [0.12413951326387526, -0.8746139919597591, -0.46865738692015013, 0.2400298819200836], [-0.8098307975467129, -0.3622271359245976, 0.46148194043182117, -0.16324154783224892], [0.0, 0.0, 0.0, 1.0]], "suj_ecm_transform": [[0.9934927256562003, 0.11389558373462538, -8.60018459803811e-06, -0.09247062429276665], [-0.1138955840297127, 0.9934927208438399, -9.782042192477933e-05, 1.006730005195129], [-2.5970932602259213e-06, 9.816340065044543e-05, 0.999999995178601, 0.7425465124797053], [0.0, 0.0, 0.0, 1.0]], "suj_psm2_transform": [[0.2737022976420819, -0.9381785655893612, -0.21191515126138252, 0.0004667840597615963], [-0.7438840900983125, -0.3461496917396185, 0.5716789758309934, 0.2683647533037114], [-0.6096913258067984, 0.0011704602755047144, -0.7926380745704137, -0.23581575044056513], [0.0, 0.0, 0.0, 1.0]], "ecm_transform": [[0.9594848242848647, 0.2810518674288348, 0.01996796889540091, -0.08832414697803295], [0.23842405573453707, -0.7721054141351452, -0.5890731695725843, 0.8838121133754887], [-0.15014273746717627, 0.5699676107271018, -0.8078329537150005, 0.5739595555059219], [0.0, 0.0, 0.0, 1.0]], "psm2_transform": [[0.24610892173737597, 0.9591018130705784, -0.13983601398064582, -0.022038675804277784], [0.8338953240201576, -0.28306132226909636, -0.47380890284226074, -0.07467404501651764], [-0.49401314478319536, 0.0, -0.8694544339880139, -0.005509690080918284], [0.0, 0.0, 0.0, 1.0]]}