{"ecm_psm_transform": [[-0.559617725639501, 0.3283044450754875, -0.7609495334736389, 0.004085712621661274], [0.08628518752247691, -0.8901173350595192, -0.44748854313909625, 0.24335123041380718], [-0.824246848683259, -0.31608119395214895, 0.4697976279905005, -0.16203057527328443], [0.0, 0.0, 0.0, 1.0]], "suj_ecm_transform": [[0.9934877006533985, 0.11393940747777428, -8.604499536115781e-06, -0.09243381477527184], [-0.11393940777307388, 0.9934876958410511, -9.78200424677888e-05, 1.0067294980113286], [-2.597093260229514e-06, 9.816340065047e-05, 0.9999999951786012, 0.7425463665996377], [0.0, 0.0, 0.0, 1.0]], "suj_psm2_transform": [[0.27396695430735024, -0.9381017171467367, -0.21191336964405652, 0.0006401961287067076], [-0.7437951137782284, -0.34635843353399237, 0.5716683166308165, 0.2683133681541905], [-0.6096810122245786, 0.0010019013041740465, -0.792646238574681, -0.2359052959142458], [0.0, 0.0, 0.0, 1.0]], "ecm_transform": [[0.9594818222839889, 0.28106158875117004, 0.01997538573506591, -0.08832070305425943], [0.23843613629745608, -0.7721018754353, -0.5890729181152652, 0.8838076854040829], [-0.15014273746717638, 0.5699676107271019, -0.8078329537150002, 0.5739493813926355], [0.0, 0.0, 0.0, 1.0]], "psm2_transform": [[0.2850323882876115, 0.9447181956833639, -0.16206192758272853, -0.025529340717842575], [0.821253150119778, -0.32788341029208734, -0.4669429651184095, -0.07355673371355104], [-0.4942669329880381, 0.0, -0.8693101856958759, -0.005487617165876504], [0.0, 0.0, 0.0, 1.0]]}