{"ecm_psm_transform": [[-0.7022462650760602, 0.210913824756133, -0.6799746625525565, 0.016794008178535016], [0.47414562962053275, -0.5739117739395772, -0.6676909447081611, 0.20864157361859087], [-0.531070715722937, -0.7912904866484034, 0.30302353149757294, -0.18817940227593088], [0.0, 0.0, 0.0, 1.0]], "suj_ecm_transform": [[0.9934960388373965, 0.11386667967622646, -8.59733867272464e-06, -0.09248754280995458], [-0.11386667997117375, 0.9934960340250275, -9.782067209138277e-05, 1.0067431172732444], [-2.597093260220745e-06, 9.816340065045158e-05, 0.999999995178601, 0.7425428770138456], [0.0, 0.0, 0.0, 1.0]], "suj_psm2_transform": [[0.2738520502490666, -0.9381182349483176, -0.21198875402208514, 0.0005841875132356344], [-0.7438128248972816, -0.3463133102351194, 0.5716726096922258, 0.2683469118096064], [-0.609711026710776, 0.001126237740171676, -0.7926229844609882, -0.23580347013198977], [0.0, 0.0, 0.0, 1.0]], "ecm_transform": [[0.9594977119162282, 0.2810101275535158, 0.019936123993380392, -0.08829623957964475], [0.2383721863250519, -0.7721206064692197, -0.5890742481658989, 0.8838017548332038], [-0.15014273746717627, 0.5699676107271018, -0.8078329537150002, 0.5739434198109108], [0.0, 0.0, 0.0, 1.0]], "psm2_transform": [[-0.22118750831211864, 0.9671006561920139, 0.12566784377736678, 0.019811769576007422], [0.8408632358656177, 0.25439402664562744, -0.47773705924559234, -0.07531613697821503], [-0.49398897228205324, 0.0, -0.869468168056612, -0.005523660978838454], [0.0, 0.0, 0.0, 1.0]]}