{"ecm_psm_transform": [[-0.7029332380222086, 0.20982851947329584, -0.6796005115501742, 0.01687777624458102], [0.4762939480714699, -0.5707533540704587, -0.6688682111207067, 0.20851205918701146], [-0.5282318978574708, -0.7938593082108234, 0.3012614493308559, -0.18846646424167846], [0.0, 0.0, 0.0, 1.0]], "suj_ecm_transform": [[0.993502876454404, 0.11380700507003895, -8.591463052484304e-06, -0.09252951258994724], [-0.11380700536469719, 0.9935028716420173, -9.78211883146088e-05, 1.0067529375077606], [-2.597093260228471e-06, 9.816340065045646e-05, 0.9999999951786009, 0.7425434539422171], [0.0, 0.0, 0.0, 1.0]], "suj_psm2_transform": [[0.27391719746933063, -0.9381188764212547, -0.21190172871562668, 0.0006065077447057199], [-0.743816460981944, -0.34631188375972033, 0.5716687428389722, 0.2684058292720693], [-0.6096773255606975, 0.001026094009946632, -0.7926490432898021, -0.23582844130029845], [0.0, 0.0, 0.0, 1.0]], "ecm_transform": [[0.9594801231224248, 0.28106709087571635, 0.019979583570193346, -0.0883279121248726], [0.2384429737250379, -0.7720998725221375, -0.5890727757522493, 0.8837955887355838], [-0.15014273746717627, 0.5699676107271016, -0.8078329537150002, 0.5739553369317876], [0.0, 0.0, 0.0, 1.0]], "psm2_transform": [[-0.22476977064712933, 0.9660093998229665, 0.12768864341400465, 0.02013142885992422], [0.8399376392962872, 0.2585069427571955, -0.47715712573502245, -0.0752287319757598], [-0.49394666948630894, 0.0, -0.8694922010595513, -0.0055261380615354745], [0.0, 0.0, 0.0, 1.0]]}