{"ecm_psm_transform": [[-0.6979852125153581, 0.2172084281065089, -0.6823761000133217, 0.016516794345596712], [0.46264007198574253, -0.5905668056476926, -0.6612072382091021, 0.20963680168333537], [-0.5466084584992427, -0.7772074027095861, 0.31171757452941545, -0.18681729739485312], [0.0, 0.0, 0.0, 1.0]], "suj_ecm_transform": [[0.9934953830189365, 0.11387240159991875, -8.597902059433485e-06, -0.0924949262601891], [-0.11387240189489377, 0.9934953782065692, -9.782062257438179e-05, 1.0067443052784775], [-2.5970932602241713e-06, 9.816340065045098e-05, 0.999999995178601, 0.7425393845440988], [0.0, 0.0, 0.0, 1.0]], "suj_psm2_transform": [[0.2739741423664531, -0.9380769145885188, -0.21201384773323595, 0.0006881068118492623], [-0.7437655039526965, -0.34642540932374744, 0.5716662583228664, 0.26831493047300253], [-0.6097139037651664, 0.0010668134604138735, -0.7926208535387412, -0.23582799812427657], [0.0, 0.0, 0.0, 1.0]], "ecm_transform": [[0.9594936465187454, 0.28102329544755766, 0.019946170207730707, -0.08829457440897122], [0.23838854980058002, -0.7721158139410393, -0.5890739080846671, 0.883797507346696], [-0.15014273746717627, 0.5699676107271018, -0.8078329537150002, 0.5739642062270098], [0.0, 0.0, 0.0, 1.0]], "psm2_transform": [[-0.20205084920991595, 0.9726268701667833, 0.11477118873270933, 0.01809691345408997], [0.8457115123957573, 0.23237248423504742, -0.48039053526450104, -0.07574711072386058], [-0.49391040901648653, 0.0, -0.8695127991382112, -0.005531353695910922], [0.0, 0.0, 0.0, 1.0]]}