{"ecm_psm_transform": [[-0.6888105669730502, 0.2295511449474295, -0.6876381858794562, 0.015493791360151835], [0.43767517431761377, -0.6244800945540884, -0.6468887487750608, 0.21198868085308326], [-0.5779104122719297, -0.7465459686844751, 0.32967965061351145, -0.183947002338067], [0.0, 0.0, 0.0, 1.0]], "suj_ecm_transform": [[0.9935010159587027, 0.11382324549574763, -8.593062099791557e-06, -0.09251470294883592], [-0.11382324579048453, 0.9935010111463208, -9.782104785991446e-05, 1.0067385040781276], [-2.597093260224284e-06, 9.816340065044735e-05, 0.999999995178601, 0.7425431649287064], [0.0, 0.0, 0.0, 1.0]], "suj_psm2_transform": [[0.2737713086152078, -0.9381533454803687, -0.2119376581523654, 0.0004890310996557568], [-0.743853064003697, -0.34621813558991765, 0.5716779003608182, 0.26842484356786955], [-0.6096981956274996, 0.0011414695062295088, -0.7926328325876602, -0.2357691562960229], [0.0, 0.0, 0.0, 1.0]], "ecm_transform": [[0.9595025658977074, 0.2809944041309121, 0.019924128157315146, -0.0882797597015054], [0.23835264718810661, -0.7721263287630804, -0.5890746540204131, 0.8837990363872801], [-0.15014273746717632, 0.5699676107271018, -0.8078329537150002, 0.573947339209026], [0.0, 0.0, 0.0, 1.0]], "psm2_transform": [[-0.1617916541661643, 0.982533679149662, 0.091929483729678, 0.014492211646282237], [0.8542648902298218, 0.1860848444571154, -0.48539049020762826, -0.07651932143844613], [-0.49401918784881915, 0.0, -0.8694510003658592, -0.005521610406937386], [0.0, 0.0, 0.0, 1.0]]}