{"ecm_psm_transform": [[-0.5807385512480583, 0.13264086537733993, -0.8032117628161688, -0.003908263907546026], [0.5855599125520764, -0.617376742648823, -0.525324229831762, 0.21634702910729506], [-0.5655637222332349, -0.7754046417634342, 0.2808653015689359, -0.17124816730432915], [0.0, 0.0, 0.0, 1.0]], "suj_ecm_transform": [[0.9779418684463056, 0.20887724054341827, -1.796429410139847e-05, 0.059089561646058095], [-0.20887724129977392, 0.9779418636846026, -9.654057311877844e-05, 1.0330164147518919], [-2.597093260230612e-06, 9.816340065045327e-05, 0.9999999951786009, 0.6492830474207321], [0.0, 0.0, 0.0, 1.0]], "suj_psm2_transform": [[0.14787066971624244, -0.9852492581262087, -0.08612876638746164, -0.006955287465034862], [-0.7296233156955363, -0.16746584470784762, 0.6630271548358628, 0.27700966320790643], [-0.6676706390362857, -0.03520071331724778, -0.7436241171121573, -0.22006894711927982], [0.0, 0.0, 0.0, 1.0]], "ecm_transform": [[0.990932333294362, -0.07449381843180372, -0.1118203105309628, 0.04869157779133401], [-0.128227402473124, -0.7729126273958782, -0.6214207943632045, 0.9749440270753521], [-0.04013532218366962, 0.6301243856790896, -0.775456262135888, 0.5768457681728105], [0.0, 0.0, 0.0, 1.0]], "psm2_transform": [[-0.13550207159852073, 0.9877810722777272, 0.07699182971181308, 0.012115236388102293], [0.858827241434331, 0.1558478528882046, -0.4879828030990785, -0.07678771935935708], [-0.49401918784881915, 0.0, -0.8694510003658592, -0.005438315288162448], [0.0, 0.0, 0.0, 1.0]]}