{"ecm_psm_transform": [[-0.572144097883463, 0.1403095423598565, -0.8080621037889888, -0.004650140174351439], [0.5442400226090154, -0.6721213658896202, -0.5020514588219118, 0.220036953858378], [-0.6135584153506959, -0.7270255166343468, 0.30818820404892866, -0.16697199466082324], [0.0, 0.0, 0.0, 1.0]], "suj_ecm_transform": [[0.9779518549977458, 0.2088304790587765, -1.795967789901643e-05, 0.059051550635618955], [-0.2088304798149045, 0.9779518502360067, -9.654143198866734e-05, 1.0330211364849782], [-2.5970932602278576e-06, 9.816340065042867e-05, 0.999999995178601, 0.6492766509454297], [0.0, 0.0, 0.0, 1.0]], "suj_psm2_transform": [[0.14796202636988412, -0.9852403511694929, -0.08607374268574747, -0.006928011964155337], [-0.7296510427688436, -0.16749875635948128, 0.6629883275023525, 0.2770176876397266], [-0.667620097464761, -0.03529330029115568, -0.7436651050141464, -0.22008921666104797], [0.0, 0.0, 0.0, 1.0]], "ecm_transform": [[0.9909433765370963, -0.07442723095277254, -0.11176677408765774, 0.04863832223030112], [-0.12814203217708037, -0.7729190422452104, -0.6214304254896725, 0.9749688004250495], [-0.04013532218366965, 0.6301243856790895, -0.7754562621358885, 0.5768463516930793], [0.0, 0.0, 0.0, 1.0]], "psm2_transform": [[-0.07213697105485767, 0.9965513859699671, 0.04100722531906123, 0.006450965418277697], [0.8663533495938722, 0.08297791948065238, -0.4924901405369859, -0.07747505081671667], [-0.4941944263693273, 0.0, -0.869351407053265, -0.005425268776035191], [0.0, 0.0, 0.0, 1.0]]}