{"ecm_psm_transform": [[-0.5724780402729968, 0.1400831935155084, -0.8078648354147407, -0.004558931428966363], [0.5459713243823658, -0.6699578542346849, -0.5030624081576978, 0.21982228235552637], [-0.6117059803184489, -0.7290632156704612, 0.307054752770401, -0.1671849927918975], [0.0, 0.0, 0.0, 1.0]], "suj_ecm_transform": [[0.9779517437233185, 0.2088310001555539, -1.7959729340642105e-05, 0.05904430580215228], [-0.20883100091168438, 0.9779517389615797, -9.65414224189304e-05, 1.0330213491749816], [-2.5970932602247947e-06, 9.81634006504317e-05, 0.9999999951786009, 0.649286248267676], [0.0, 0.0, 0.0, 1.0]], "suj_psm2_transform": [[0.1480290740753021, -0.9852277282292587, -0.08610294278724046, -0.006866451374814744], [-0.7296246843157919, -0.16756726872298366, 0.663000022993816, 0.2769599138876777], [-0.6676340414220128, -0.035320447065877614, -0.7436512978228282, -0.22013383035593126], [0.0, 0.0, 0.0, 1.0]], "ecm_transform": [[0.9909421924348195, -0.07443437288799336, -0.11177251623384266, 0.04863836822907879], [-0.1281511887018084, -0.7729183544885717, -0.6214293927140816, 0.9749688279433777], [-0.04013532218366961, 0.6301243856790896, -0.7754562621358881, 0.5768478071978025], [0.0, 0.0, 0.0, 1.0]], "psm2_transform": [[-0.0747018136259935, 0.9963015944606778, 0.04245906164882213, 0.006680159998718647], [0.86616699071785, 0.0859251585690195, -0.4923125138727156, -0.07745640705021013], [-0.4941400441491979, 0.0, -0.869382319102608, -0.005430787608670721], [0.0, 0.0, 0.0, 1.0]]}