{"ecm_psm_transform": [[-0.5968105511580094, 0.11408446977197959, -0.794230382057574, -0.00235954236757547], [0.6621908922132842, -0.4889548527766762, -0.5678260069915025, 0.20962308703373134], [-0.4531229284600903, -0.8648166775120527, 0.21626771835104489, -0.18146441976552477], [0.0, 0.0, 0.0, 1.0]], "suj_ecm_transform": [[0.9779365350525823, 0.20890220938646203, -1.7966758979280144e-05, 0.059113299788478776], [-0.20890221014293925, 0.9779365302908987, -9.654011442113478e-05, 1.033009418774089], [-2.5970932602268293e-06, 9.81634006504615e-05, 0.999999995178601, 0.6492829003046845], [0.0, 0.0, 0.0, 1.0]], "suj_psm2_transform": [[0.14792547377350967, -0.9852540153043119, -0.08598011127937771, -0.006867351922363166], [-0.7297359880971168, -0.16741284611123536, 0.6629165306679725, 0.27702845170877854], [-0.6675353487904652, -0.03531946041019446, -0.7437399369615199, -0.22016909798730944], [0.0, 0.0, 0.0, 1.0]], "ecm_transform": [[0.9909340973986476, -0.0744831844187455, -0.11181176079273064, 0.04868126814051166], [-0.1282137688625551, -0.772913652235095, -0.621422332767874, 0.9749527740759958], [-0.04013532218366964, 0.6301243856790896, -0.775456262135888, 0.5768530397911851], [0.0, 0.0, 0.0, 1.0]], "psm2_transform": [[-0.2690324364766869, 0.9509796543299065, 0.15250981992641938, 0.02401819938166305], [0.8272967447559584, 0.3092534511538577, -0.4689801691602995, -0.07385792740672469], [-0.4931547873027412, 0.0, -0.8699415818090247, -0.005476158129190022], [0.0, 0.0, 0.0, 1.0]]}