{"ecm_psm_transform": [[-0.5635475422006835, 0.14679196461748167, -0.8129368282980598, -0.005325943731845813], [0.5025688815051028, -0.7200959710473256, -0.4784206431835062, 0.2236940096938854], [-0.6556208408998904, -0.6781695301361965, 0.3320352411605905, -0.1632450372377378], [0.0, 0.0, 0.0, 1.0]], "suj_ecm_transform": [[0.9779470980430488, 0.20885275460608788, -1.7961876896763027e-05, 0.05906886552191588], [-0.20885275536232434, 0.9779470932813269, -9.65410228815104e-05, 1.0330183946854103], [-2.5970932602263854e-06, 9.81634006504485e-05, 0.999999995178601, 0.6492861037609208], [0.0, 0.0, 0.0, 1.0]], "suj_psm2_transform": [[0.1480333531612636, -0.9852255388800986, -0.08612063568188633, -0.006830650445077635], [-0.7296113864029796, -0.167581679089366, 0.6630110147386024, 0.27695848867094786], [-0.6676476250110944, -0.035313147296840264, -0.743639449225925, -0.22012818201450002], [0.0, 0.0, 0.0, 1.0]], "ecm_transform": [[0.9909362397640672, -0.07447026870958354, -0.11180137655938557, 0.04866954471473055], [-0.12819720993634823, -0.7729148967712244, -0.6214242011007163, 0.9749401248263752], [-0.04013532218366964, 0.6301243856790897, -0.7754562621358879, 0.5768515860717673], [0.0, 0.0, 0.0, 1.0]], "psm2_transform": [[-0.012380113401100172, 0.9998986026688156, 0.0070368439748246855, 0.0011072206194033436], [0.869287297701862, 0.014240238093168473, -0.49410202354700433, -0.07774507300679342], [-0.49415212925410973, 0.0, -0.8693754500522946, -0.0054349524701867435], [0.0, 0.0, 0.0, 1.0]]}