{"ecm_psm_transform": [[-0.5599301516098892, 0.149005312587318, -0.8150310682046925, -0.005762477266292466], [0.48484037743942227, -0.7387600385832899, -0.46814892266971503, 0.22534341872887806], [-0.6718690599532956, -0.6572906679796785, 0.34141022841195484, -0.1617412452756675], [0.0, 0.0, 0.0, 1.0]], "suj_ecm_transform": [[0.9779368609680134, 0.20890068366865047, -1.7966608363190825e-05, 0.0591015487784307], [-0.2089006844251203, 0.9779368562063285, -9.654014245163634e-05, 1.0330040959717488], [-2.5970932602265735e-06, 9.816340065042675e-05, 0.9999999951786009, 0.6492814471345916], [0.0, 0.0, 0.0, 1.0]], "suj_psm2_transform": [[0.1478302211603421, -0.9852598465134861, -0.08607706175228247, -0.006939808220137095], [-0.7296700990203135, -0.16740320035974315, 0.662991489466495, 0.277017293288937], [-0.6676284687664017, -0.035202320343090954, -0.7436619018983642, -0.22008685095482683], [0.0, 0.0, 0.0, 1.0]], "ecm_transform": [[0.9909447165555894, -0.07441914798267947, -0.11176027534009914, 0.048626931510458056], [-0.128131669167992, -0.7729198205416148, -0.6214315942806115, 0.9749724256848809], [-0.040135322183669636, 0.6301243856790897, -0.775456262135888, 0.5768473714802378], [0.0, 0.0, 0.0, 1.0]], "psm2_transform": [[0.012010787346037236, 0.9999045610168869, -0.0068271403204462925, -0.0010742611165381866], [0.8692856091806833, -0.013815529581843457, -0.4941170517334345, -0.07775008433707087], [-0.4941642142635347, 0.0, -0.8693685808339886, -0.005436494359731807], [0.0, 0.0, 0.0, 1.0]]}