{"ecm_psm_transform": [[-0.5567666377084264, 0.1511766652150641, -0.8167965028263198, -0.005994146109346233], [0.46827986640941727, -0.7550372584699733, -0.45894738809336866, 0.22681565445493995], [-0.6860939278629656, -0.6380159513809974, 0.3495865671517837, -0.1604757074139497], [0.0, 0.0, 0.0, 1.0]], "suj_ecm_transform": [[0.977948190837745, 0.20884763756042576, -1.7961371752055737e-05, 0.059058173248089346], [-0.2088476383166373, 0.9779481860760192, -9.654111686450498e-05, 1.033022099586892], [-2.597093260236887e-06, 9.816340065044196e-05, 0.9999999951786012, 0.6492849358963959], [0.0, 0.0, 0.0, 1.0]], "suj_psm2_transform": [[0.14792241520495186, -0.9852458783144478, -0.08607855914411022, -0.006889385709551388], [-0.7296590847603328, -0.1674727311850911, 0.6629860513888053, 0.27701829036646974], [-0.6676200859071326, -0.03526249528604675, -0.7436665767126787, -0.22009835453052484], [0.0, 0.0, 0.0, 1.0]], "ecm_transform": [[0.9909412359223931, -0.07444014173351884, -0.11177715440685655, 0.04865049840748739], [-0.12815858481511747, -0.7729177989095889, -0.621428558457803, 0.9749666883354012], [-0.04013532218366965, 0.6301243856790899, -0.7754562621358881, 0.5768608932818537], [0.0, 0.0, 0.0, 1.0]], "psm2_transform": [[0.03400716256887799, 0.9992344766874968, -0.01933839427352832, -0.003042041414366039], [0.8686138121663161, -0.0391211017107715, -0.49394289620849424, -0.07770007816290089], [-0.494321310695699, 0.0, -0.8692792657092923, -0.005423098109698769], [0.0, 0.0, 0.0, 1.0]]}