{"ecm_psm_transform": [[-0.5543067097635597, 0.1526859972587541, -0.8181876665852381, -0.00616433750433312], [0.45662917759582716, -0.7660907118788093, -0.45232158398774014, 0.2277974788308834], [-0.6958691440775744, -0.6243332502871518, 0.3549283405233023, -0.15965020520354722], [0.0, 0.0, 0.0, 1.0]], "suj_ecm_transform": [[0.9779467937737999, 0.2088541793331199, -1.7962017543019732e-05, 0.05907021255233335], [-0.2088541800893633, 0.9779467890120791, -9.654099671349935e-05, 1.033013917241138], [-2.597093260224549e-06, 9.816340065039178e-05, 0.9999999951786009, 0.6492897364801562], [0.0, 0.0, 0.0, 1.0]], "suj_psm2_transform": [[0.14803404744495452, -0.9852257294210612, -0.08611726240309237, -0.006839301875144879], [-0.7296138936363036, -0.1675800620516037, 0.6630086643594137, 0.2769587055257802], [-0.6676447311332113, -0.03531550494497793, -0.7436419354101432, -0.2201387611890424], [0.0, 0.0, 0.0, 1.0]], "ecm_transform": [[0.9909386201104164, -0.07445591630013695, -0.1117898372016489, 0.048643928047867935], [-0.1281788090398612, -0.7729162794898663, -0.6214262770535747, 0.9749671844856596], [-0.04013532218366963, 0.6301243856790898, -0.7754562621358883, 0.5768499907295497], [0.0, 0.0, 0.0, 1.0]], "psm2_transform": [[0.04937410961573997, 0.9983859583603772, -0.02806555626535747, -0.004416233965079064], [0.867961954615897, -0.056793293167688844, -0.49337264536100983, -0.07763427217630625], [-0.494170256732439, 0.0, -0.8693651461618388, -0.005437265257477196], [0.0, 0.0, 0.0, 1.0]]}