{"ecm_psm_transform": [[-0.554494214620602, 0.1525791620555102, -0.8180805371469976, -0.006137921763240491], [0.4574986292511057, -0.7652755092370325, -0.45282270172260597, 0.2276969586116711], [-0.6951483080506211, -0.625358292715815, 0.3545360849700915, -0.15970261222275256], [0.0, 0.0, 0.0, 1.0]], "suj_ecm_transform": [[0.9779383043867483, 0.20889392640858812, -1.796594129887513e-05, 0.05909759685827766], [-0.20889392716502503, 0.9779382996250582, -9.65402665932847e-05, 1.0330142724894826], [-2.5970932602175373e-06, 9.816340065041982e-05, 0.9999999951786009, 0.6492775196339353], [0.0, 0.0, 0.0, 1.0]], "suj_psm2_transform": [[0.14802319606549127, -0.9852236319750497, -0.08615990032752502, -0.006830239972387839], [-0.7295835529988076, -0.16759901832871604, 0.6630372600758474, 0.2769354456369481], [-0.6676802922209051, -0.03528404813995445, -0.7436115002652018, -0.22012659956680292], [0.0, 0.0, 0.0, 1.0]], "ecm_transform": [[0.9909361543919569, -0.07447078342596461, -0.11180179039175997, 0.04867953031439711], [-0.12819786984225984, -0.7729148471781825, -0.6214241266473599, 0.974960215365381], [-0.0401353221836696, 0.6301243856790897, -0.7754562621358881, 0.5768428636179304], [0.0, 0.0, 0.0, 1.0]], "psm2_transform": [[0.049548974873041746, 0.9983745346492301, -0.02816358735963749, -0.004431943144631921], [0.8679623103814246, -0.056993758991079495, -0.4933489020899981, -0.07763550348216701], [-0.49415212925410973, 0.0, -0.8693754500522946, -0.00544019803896565], [0.0, 0.0, 0.0, 1.0]]}