{"ecm_psm_transform": [[-0.5506229470336091, 0.15463959712710199, -0.8203054097105487, -0.006573984597927662], [0.43792980758601746, -0.7830866198307577, -0.4415799242149855, 0.22948561357946884], [-0.7106559320991399, -0.6023802294584428, 0.36346417337874815, -0.15831088048493422], [0.0, 0.0, 0.0, 1.0]], "suj_ecm_transform": [[0.9779256837283543, 0.20895300136979747, -1.7971773075009137e-05, 0.05914151448312036], [-0.20895300212652204, 0.97792567896671, -9.653918112969973e-05, 1.0329894950612624], [-2.5970932602193263e-06, 9.816340065039677e-05, 0.9999999951786012, 0.6492744709842939], [0.0, 0.0, 0.0, 1.0]], "suj_psm2_transform": [[0.14788834524890487, -0.9852484536003334, -0.086107618813277, -0.0069184304777386435], [-0.7296384218587988, -0.16746565839277, 0.6630105780502131, 0.2769694355041095], [-0.6676502158218347, -0.03522411016942745, -0.7436413459294943, -0.22012766788709692], [0.0, 0.0, 0.0, 1.0]], "ecm_transform": [[0.9909415615810475, -0.07443817768347546, -0.11177557530372484, 0.04865588413400458], [-0.12815606674882138, -0.7729179880658188, -0.6214288424910439, 0.974971473306241], [-0.040135322183669615, 0.6301243856790899, -0.775456262135888, 0.5768462074609866], [0.0, 0.0, 0.0, 1.0]], "psm2_transform": [[0.07350845625619279, 0.9964187698058751, -0.041786864411893915, -0.006575031026354299], [0.8662380595450209, -0.08455551536444335, -0.4924246023678452, -0.07748145462159163], [-0.4941944263693273, 0.0, -0.869351407053265, -0.005435103401408365], [0.0, 0.0, 0.0, 1.0]]}