{"ecm_psm_transform": [[-0.5473008486380363, 0.15636726056846384, -0.8221989180863712, -0.006900755599828362], [0.4206010971702112, -0.7979380886184428, -0.4317285302029051, 0.2310935957723551], [-0.7235720407390684, -0.5821031580005902, 0.37094395170489025, -0.15708644042328906], [0.0, 0.0, 0.0, 1.0]], "suj_ecm_transform": [[0.9779397014058002, 0.20888738614761487, -1.7965295656416445e-05, 0.05909463348891081], [-0.20888738690401992, 0.9779396966441051, -9.654038674377272e-05, 1.0330047955903636], [-2.5970932602289723e-06, 9.816340065043252e-05, 0.999999995178601, 0.6492765036920507], [0.0, 0.0, 0.0, 1.0]], "suj_psm2_transform": [[0.1478165919959831, -0.9852586060386843, -0.0861146582028966, -0.006946700272763423], [-0.72964182668914, -0.16741679445117094, 0.6630191714282698, 0.2770289215669584], [-0.6676623846499277, -0.035172377832654866, -0.7436328690699257, -0.22006622296420186], [0.0, 0.0, 0.0, 1.0]], "ecm_transform": [[0.9909394636883135, -0.07445082940715428, -0.11178574732811261, 0.04865379647290484], [-0.1281722872477934, -0.7729167694992372, -0.6214270127766675, 0.974966470933119], [-0.04013532218366963, 0.6301243856790897, -0.775456262135888, 0.5768437393103276], [0.0, 0.0, 0.0, 1.0]], "psm2_transform": [[0.09531353509694776, 0.9939710627043075, -0.0541927719700013, -0.008526105388690967], [0.8640691690958087, -0.1096427220861907, -0.49128702864171886, -0.07729379454173052], [-0.4942669329880381, 0.0, -0.8693101856958759, -0.005429928904844339], [0.0, 0.0, 0.0, 1.0]]}