{"ecm_psm_transform": [[-0.544760021671621, 0.15758592502930893, -0.8236523508258762, -0.007135134920244496], [0.4086987114585055, -0.8077520255559005, -0.42485530297090235, 0.23219504882375422], [-0.7322580706557575, -0.5680698385260363, 0.3756258464436529, -0.156348042144638], [0.0, 0.0, 0.0, 1.0]], "suj_ecm_transform": [[0.9779482634013668, 0.20884729777433483, -1.796133820904466e-05, 0.059081434864386106], [-0.2088472985305447, 0.9779482586396406, -9.654112310510408e-05, 1.0330194883943216], [-2.597093260227522e-06, 9.81634006504065e-05, 0.999999995178601, 0.6492965719689721], [0.0, 0.0, 0.0, 1.0]], "suj_psm2_transform": [[0.14788792867905992, -0.9852565320548478, -0.08601585083153013, -0.006951700534725561], [-0.7297083854505132, -0.16740728925605802, 0.6629483175234279, 0.27706332533118466], [-0.6675738406754885, -0.03527556586637942, -0.7437074705141694, -0.22009642676001873], [0.0, 0.0, 0.0, 1.0]], "ecm_transform": [[0.9909371828039553, -0.07446458285604343, -0.11179680512714316, 0.048676085118585656], [-0.12818992023468154, -0.7729154445815052, -0.62142502353671, 0.974972903266267], [-0.040135322183669636, 0.6301243856790897, -0.775456262135888, 0.5768469354880108], [0.0, 0.0, 0.0, 1.0]], "psm2_transform": [[0.1100420244870203, 0.9919570463310666, -0.06254575190166207, -0.009843124077686583], [0.8623899173894758, -0.12657495105330374, -0.4901656986681412, -0.07713972002770399], [-0.4941400441491979, 0.0, -0.869382319102608, -0.005443246129861048], [0.0, 0.0, 0.0, 1.0]]}