{"ecm_psm_transform": [[-0.5446041486051247, 0.15762021727615452, -0.8237488624744229, -0.007237437400914064], [0.40780805904794726, -0.8084866145975718, -0.4243135409011875, 0.23227871477817752], [-0.7328703216106064, -0.5670143394327656, 0.3760263695274458, -0.1562452228578354], [0.0, 0.0, 0.0, 1.0]], "suj_ecm_transform": [[0.977948097503927, 0.208848074604094, -1.796141489614377e-05, 0.05907472824542716], [-0.20884807536030764, 0.9779480927422015, -9.654110883758807e-05, 1.0330137011497458], [-2.597093260239384e-06, 9.81634006504464e-05, 0.9999999951786009, 0.649289157629148], [0.0, 0.0, 0.0, 1.0]], "suj_psm2_transform": [[0.14782856737290767, -0.9852624910354462, -0.08604962769879637, -0.00703685982204838], [-0.7296841422294003, -0.16738424091485807, 0.6629808205915926, 0.27706949327513497], [-0.6676134864181658, -0.03521845612721436, -0.7436745881772467, -0.2200551254906833], [0.0, 0.0, 0.0, 1.0]], "ecm_transform": [[0.9909341547631333, -0.07448283860665313, -0.11181148275991212, 0.04867890971510603], [-0.12821332550514358, -0.7729136855598079, -0.6214223827939148, 0.9749512720516154], [-0.040135322183669615, 0.6301243856790896, -0.7754562621358881, 0.5768472288961195], [0.0, 0.0, 0.0, 1.0]], "psm2_transform": [[0.11119498566858357, 0.9917870527833228, -0.06319902763123736, -0.009946881873510623], [0.8622489404732574, -0.12790012482937774, -0.4900697121036707, -0.07713197051897633], [-0.4941279589488017, 0.0, -0.8693891879849275, -0.00544760576734106], [0.0, 0.0, 0.0, 1.0]]}