{"ecm_psm_transform": [[-0.5408145610778986, 0.15948799868973487, -0.8258832779515899, -0.007405610527712492], [0.38807065271497676, -0.8238082904142382, -0.41320826364696767, 0.2339893853194884], [-0.7462712503021215, -0.5439701084790536, 0.3836349072409795, -0.15511491968458194], [0.0, 0.0, 0.0, 1.0]], "suj_ecm_transform": [[0.9779454181664581, 0.20886062042561884, -1.7962653395148596e-05, 0.05907220626939372], [-0.2088606211818936, 0.9779454134047423, -9.654087840736777e-05, 1.0330140504443444], [-2.597093260232369e-06, 9.816340065043625e-05, 0.9999999951786008, 0.6492837742117756], [0.0, 0.0, 0.0, 1.0]], "suj_psm2_transform": [[0.14791974743903238, -0.9852499005065577, -0.08603709589119696, -0.006869183385259908], [-0.7296924908537489, -0.16744459597040337, 0.6629563907769196, 0.2770165696358252], [-0.6675841648131151, -0.035283719080143994, -0.7436978163600112, -0.2201195898133428], [0.0, 0.0, 0.0, 1.0]], "ecm_transform": [[0.9909400427491062, -0.07444733743770404, -0.11178293977542467, 0.048652706155401036], [-0.12816781027080326, -0.7729171058535234, -0.621427517808313, 0.9749567793353635], [-0.040135322183669615, 0.6301243856790898, -0.7754562621358878, 0.5768505691685641], [0.0, 0.0, 0.0, 1.0]], "psm2_transform": [[0.1350294748641555, 0.987863978456365, -0.07675806789043702, -0.012078823286080728], [0.8588043328031225, -0.15532147330090113, -0.4881909031211265, -0.07682282541412042], [-0.4941883839959152, 0.0, -0.8693548418934043, -0.005439577762602888], [0.0, 0.0, 0.0, 1.0]]}