{"ecm_psm_transform": [[-0.5948740894173171, 0.11683753442255576, -0.7952822192718607, -0.0025955961176632745], [0.6525738638678381, -0.5074791070898493, -0.562683132912201, 0.21044861304740833], [-0.4693316204311384, -0.8537060070172562, 0.22564105044546862, -0.17992277551453353], [0.0, 0.0, 0.0, 1.0]], "suj_ecm_transform": [[0.977948064615959, 0.20884822860461985, -1.7961430098772454e-05, 0.05906897023017769], [-0.20884822936083428, 0.9779480598542335, -9.654110600913758e-05, 1.0330304941988067], [-2.5970932602372478e-06, 9.816340065043723e-05, 0.999999995178601, 0.6492798493204124], [0.0, 0.0, 0.0, 1.0]], "suj_psm2_transform": [[0.14793875724232897, -0.9852462693206646, -0.08604599290674547, -0.0069142423002369335], [-0.729679960311011, -0.1674641699740297, 0.6629652383763652, 0.2770466735606709], [-0.6675936485813183, -0.035292216771148244, -0.7436888998830503, -0.22010253760271126], [0.0, 0.0, 0.0, 1.0]], "ecm_transform": [[0.990940080870846, -0.07444710754395054, -0.11178275494020068, 0.048645760324413284], [-0.12816751552907052, -0.7729171279968439, -0.6214275510566104, 0.9749686102330984], [-0.040135322183669615, 0.6301243856790896, -0.775456262135888, 0.5768440262638697], [0.0, 0.0, 0.0, 1.0]], "psm2_transform": [[-0.25085219571294104, 0.9575108424021578, 0.14228901077843803, 0.022410411329751127], [0.8328570353744988, 0.288397272321203, -0.47241525371741633, -0.07440504432729078], [-0.4933784901403762, 0.0, -0.8698147305413968, -0.00547982601240796], [0.0, 0.0, 0.0, 1.0]]}