{"ecm_psm_transform": [[-0.5352248734126461, 0.16188515474722662, -0.8290521886786643, -0.007970385396843895], [0.3588229367131119, -0.8449401181076752, -0.3966387486123438, 0.2366058418083942], [-0.7647093794174328, -0.5097738650467034, 0.3941448611187902, -0.1534027257086664], [0.0, 0.0, 0.0, 1.0]], "suj_ecm_transform": [[0.9779439423258841, 0.20886753061552352, -1.7963335555791172e-05, 0.059089701762149914], [-0.20886753137183192, 0.9779439375641736, -9.654075148023859e-05, 1.0330218165490839], [-2.597093260227439e-06, 9.816340065042991e-05, 0.999999995178601, 0.6492820284575611], [0.0, 0.0, 0.0, 1.0]], "suj_psm2_transform": [[0.14792428298604593, -0.9852409037331427, -0.0861322710380073, -0.006929058253260095], [-0.7296124044976442, -0.16750781140431353, 0.6630285607134155, 0.27702526122657106], [-0.66767068657103, -0.035234851065918726, -0.7436224576787149, -0.2200664288550469], [0.0, 0.0, 0.0, 1.0]], "ecm_transform": [[0.9909397108559802, -0.07444933890183189, -0.11178454895801482, 0.04865909729298418], [-0.12817037630388572, -0.7729169130699823, -0.6214272283449528, 0.9749739218780608], [-0.04013532218366963, 0.6301243856790896, -0.7754562621358881, 0.5768501333136682], [0.0, 0.0, 0.0, 1.0]], "psm2_transform": [[0.16959961510292115, 0.9807866031428327, -0.09640336950794065, -0.015172928230084957], [0.8526650572752728, -0.19508367203726595, -0.4846696411022791, -0.07628216438161102], [-0.4941642142635347, 0.0, -0.8693685808339886, -0.005447640929132837], [0.0, 0.0, 0.0, 1.0]]}