{"ecm_psm_transform": [[-0.5348860605102924, 0.16212916022557136, -0.8292231531236518, -0.007897240759976543], [0.357032206551773, -0.8461216740666574, -0.39573490642020626, 0.23663604389484988], [-0.7657838505456696, -0.5077324571850693, 0.39469335713216624, -0.15337265064625116], [0.0, 0.0, 0.0, 1.0]], "suj_ecm_transform": [[0.9779350771122121, 0.2089090343443847, -1.7967432726767375e-05, 0.05910288431392753], [-0.20890903510089517, 0.9779350723505337, -9.653998902978661e-05, 1.0330159611340033], [-2.5970932602256112e-06, 9.816340065044568e-05, 0.999999995178601, 0.6492823181577274], [0.0, 0.0, 0.0, 1.0]], "suj_psm2_transform": [[0.1480283216594851, -0.9852213376501611, -0.0861773277927772, -0.006821862031516038], [-0.7295721757317737, -0.16761398729061772, 0.66304599513348, 0.2769055873178078], [-0.6676915877743872, -0.035277005306125486, -0.7436016921120807, -0.22013730743557924], [0.0, 0.0, 0.0, 1.0]], "ecm_transform": [[0.9909395747275656, -0.07445015980537861, -0.11178520896659341, 0.0486480210355873], [-0.12817142876618176, -0.7729168339980077, -0.621427109619891, 0.9749592906456445], [-0.04013532218366964, 0.6301243856790896, -0.775456262135888, 0.5768434402716394], [0.0, 0.0, 0.0, 1.0]], "psm2_transform": [[0.17164838550613654, 0.9803152286653648, -0.09756476925565996, -0.015357847796388244], [0.8522619931140696, -0.19743873086801744, -0.4844248575852195, -0.07625419798908875], [-0.49415212925410973, 0.0, -0.8693754500522946, -0.005453967657010263], [0.0, 0.0, 0.0, 1.0]]}