{"ecm_psm_transform": [[-0.5310782538238663, 0.1636149750632177, -0.831375984889181, -0.008189945726425472], [0.3371053254723335, -0.8593859010578503, -0.3844682985646265, 0.2384081929254615], [-0.7773775709740955, -0.4844440246282839, 0.4012456842738194, -0.1524238176086281], [0.0, 0.0, 0.0, 1.0]], "suj_ecm_transform": [[0.9779287418629729, 0.2089386884121026, -1.7970360124147912e-05, 0.05913019908532654], [-0.20893868916875746, 0.9779287371013173, -9.653944415457123e-05, 1.032997114490625], [-2.5970932602256993e-06, 9.816340065046052e-05, 0.9999999951786012, 0.6492845001788314], [0.0, 0.0, 0.0, 1.0]], "suj_psm2_transform": [[0.14810827436765, -0.9852145017756645, -0.0861180849459976, -0.006778493405439595], [-0.7296047358821286, -0.16763576834559218, 0.6630046595232588, 0.2768928559903125], [-0.6676382766455248, -0.03536431339800189, -0.7436454107272374, -0.22021749538965496], [0.0, 0.0, 0.0, 1.0]], "ecm_transform": [[0.990937393462173, -0.07446331269348357, -0.1117957839147215, 0.048663347449790825], [-0.12818829178832072, -0.7729155669510497, -0.6214252072559737, 0.9749669422139717], [-0.04013532218366961, 0.6301243856790896, -0.775456262135888, 0.5768473714802376], [0.0, 0.0, 0.0, 1.0]], "psm2_transform": [[0.19439629610429077, 0.9746781287135069, -0.11051074820337348, -0.01739210953785688], [0.847331106771211, -0.22361248938182435, -0.48169227738291376, -0.07580841671948466], [-0.4942065110445302, 0.0, -0.8693445372469955, -0.005444512490146342], [0.0, 0.0, 0.0, 1.0]]}