{"ecm_psm_transform": [[-0.5252503175748423, 0.16533575005527013, -0.8347312104151782, -0.008845599568093783], [0.30617198529128953, -0.8785290653507952, -0.36666796527191836, 0.24128506862541227], [-0.793958953164657, -0.4481637770810125, 0.4108264957401882, -0.15079621888305794], [0.0, 0.0, 0.0, 1.0]], "suj_ecm_transform": [[0.9779333526827668, 0.20891710649869266, -1.796822959539474e-05, 0.059117651011948186], [-0.20891710725524243, 0.9779333479210947, -9.653984071807791e-05, 1.0330047647269558], [-2.5970932602262347e-06, 9.816340065045812e-05, 0.999999995178601, 0.6492808663609466], [0.0, 0.0, 0.0, 1.0]], "suj_psm2_transform": [[0.14787368849009236, -0.9852502250896298, -0.08611252065274239, -0.0069097246149036895], [-0.7296376816569676, -0.16745793234042133, 0.6630133440606731, 0.2769941352091211], [-0.6676542711303364, -0.035211288773697724, -0.7436383122085055, -0.22008201381093118], [0.0, 0.0, 0.0, 1.0]], "ecm_transform": [[0.9909363836882146, -0.07446940097146246, -0.11180067889720284, 0.04866065692049466], [-0.12819609742943402, -0.7729149803772093, -0.6214243266177802, 0.9749721526157495], [-0.04013532218366968, 0.6301243856790896, -0.775456262135888, 0.5768508631259979], [0.0, 0.0, 0.0, 1.0]], "psm2_transform": [[0.2290247668059219, 0.9646751776448076, -0.13019008343745736, -0.020490541325767365], [0.8386450365398934, -0.2634422168824864, -0.47673126712125985, -0.07503245617725057], [-0.4941883839959152, 0.0, -0.8693548418934043, -0.005447445556169682], [0.0, 0.0, 0.0, 1.0]]}