{"ecm_psm_transform": [[-0.5180440556239091, 0.16727484515762647, -0.8388381742685679, -0.009538264248973465], [0.2679093446717055, -0.8996135436669922, -0.344847872385048, 0.24476172083715872], [-0.812314556973042, -0.40337897593752836, 0.42122495450920444, -0.14916747791763615], [0.0, 0.0, 0.0, 1.0]], "suj_ecm_transform": [[0.9779403647342791, 0.20888428064515668, -1.7964989087014805e-05, 0.05908875751342728], [-0.20888428140154663, 0.9779403599725817, -9.654044379307669e-05, 1.0330113313549667], [-2.597093260222245e-06, 9.81634006504383e-05, 0.999999995178601, 0.6492852271072058], [0.0, 0.0, 0.0, 1.0]], "suj_psm2_transform": [[0.14785897348428612, -0.985259631993469, -0.086030119866633, -0.006954776105247307], [-0.7296987745902543, -0.16739467816825038, 0.662962080425743, 0.2770467208555709], [-0.6675907596137431, -0.03524881962622228, -0.743693551399569, -0.22009797355922234], [0.0, 0.0, 0.0, 1.0]], "ecm_transform": [[0.990947086125517, -0.07440485315457926, -0.11174878221436432, 0.04862162000471135], [-0.12811334205523237, -0.7729211967591494, -0.6214336611319375, 0.9749744123020987], [-0.04013532218366963, 0.6301243856790897, -0.775456262135888, 0.5768405373647338], [0.0, 0.0, 0.0, 1.0]], "psm2_transform": [[0.2702031093425252, 0.9504720642716982, -0.15360056881642148, -0.024176210419004272], [0.8262942264394222, -0.3108099982933253, -0.4697179965828222, -0.0739320251902958], [-0.4941944263693273, 0.0, -0.869351407053265, -0.005449527518622373], [0.0, 0.0, 0.0, 1.0]]}