{"ecm_psm_transform": [[-0.5953552445753559, 0.11621065488420759, -0.7950139724860197, -0.0025420759238325248], [0.6547263501352253, -0.5033635696707462, -0.5638781102037301, 0.21023781874945152], [-0.46570971559032803, -0.8562243867233095, 0.22359396321248967, -0.18022019650286938], [0.0, 0.0, 0.0, 1.0]], "suj_ecm_transform": [[0.9779473121895138, 0.2088517518688325, -1.7961777908493975e-05, 0.05907879895020005], [-0.20885175262506409, 0.9779473074277911, -9.65410412986335e-05, 1.03301432379854], [-2.597093260233253e-06, 9.816340065042659e-05, 0.999999995178601, 0.6492813020785118], [0.0, 0.0, 0.0, 1.0]], "suj_psm2_transform": [[0.14792979735393263, -0.9852424768592931, -0.08610480153272337, -0.006903505592035036], [-0.7296342981711097, -0.16749461469452895, 0.6630078015986565, 0.27702705710346726], [-0.6676455391801676, -0.03525359329907435, -0.7436441475412328, -0.22007670440033578], [0.0, 0.0, 0.0, 1.0]], "ecm_transform": [[0.990933464072448, -0.07448700223808177, -0.11181483031764008, 0.04870372429986243], [-0.12821866359696502, -0.7729132843146985, -0.6214217804641823, 0.9749574231795294], [-0.04013532218366963, 0.6301243856790896, -0.7754562621358881, 0.5768546406266504], [0.0, 0.0, 0.0, 1.0]], "psm2_transform": [[-0.25485256749193375, 0.9561167358421002, 0.14453704122271516, 0.022766884753763313], [0.8316739276793346, 0.2929859850618242, -0.4716754080676471, -0.07429638496690597], [-0.4933240789391881, 0.0, -0.8698455915499036, -0.005484686855160851], [0.0, 0.0, 0.0, 1.0]]}