{"ecm_psm_transform": [[-0.5150190237473354, 0.1679834353174789, -0.8405575355900868, -0.00980830561345412], [0.25156718385767557, -0.9078065593384059, -0.3355610269803157, 0.246224329821862], [-0.8194323383808209, -0.3842770046218015, 0.4252785281843372, -0.14853131009885667], [0.0, 0.0, 0.0, 1.0]], "suj_ecm_transform": [[0.9779403647342791, 0.20888428064515668, -1.7964989087014805e-05, 0.05908875751342728], [-0.20888428140154663, 0.9779403599725817, -9.654044379307669e-05, 1.0330113313549667], [-2.597093260222245e-06, 9.81634006504383e-05, 0.999999995178601, 0.6492852271072058], [0.0, 0.0, 0.0, 1.0]], "suj_psm2_transform": [[0.14785897348428612, -0.985259631993469, -0.086030119866633, -0.006954776105247307], [-0.7296987745902543, -0.16739467816825038, 0.662962080425743, 0.2770467208555709], [-0.6675907596137431, -0.03524881962622228, -0.743693551399569, -0.22009797355922234], [0.0, 0.0, 0.0, 1.0]], "ecm_transform": [[0.990947086125517, -0.07440485315457926, -0.11174878221436432, 0.04862162000471135], [-0.12811334205523237, -0.7729211967591494, -0.6214336611319375, 0.9749744123020987], [-0.04013532218366963, 0.6301243856790897, -0.775456262135888, 0.5768405373647338], [0.0, 0.0, 0.0, 1.0]], "psm2_transform": [[0.2873270072674907, 0.9438029696401983, -0.16333751985704426, -0.025708102199178164], [0.8204931977857957, -0.3305086299907205, -0.4664278699744435, -0.07341225310842653], [-0.4942004687188658, 0.0, -0.8693479721711287, -0.005448331249037035], [0.0, 0.0, 0.0, 1.0]]}