{"ecm_psm_transform": [[-0.592920214044152, 0.11906827900931602, -0.7964096714076221, -0.002818386657734738], [0.6440125602050782, -0.5236108674098912, -0.5577449971343192, 0.21121528294649122], [-0.4834184957942106, -0.8435961145382433, 0.23377800037651467, -0.1786029649598947], [0.0, 0.0, 0.0, 1.0]], "suj_ecm_transform": [[0.9779479464485253, 0.20884878193204115, -1.796148472218192e-05, 0.05905931027894202], [-0.20884878268825824, 0.9779479416868004, -9.654109584650273e-05, 1.0330239550589384], [-2.5970932602298074e-06, 9.816340065047904e-05, 0.9999999951786009, 0.6492856621381144], [0.0, 0.0, 0.0, 1.0]], "suj_psm2_transform": [[0.14779761112223821, -0.9852612366045452, -0.08611713993765613, -0.0069591040861128745], [-0.729646454061895, -0.16740448187996668, 0.6630171879532256, 0.27705018562975753], [-0.6676615296851112, -0.03515729072300794, -0.7436343501261593, -0.22005040407835286], [0.0, 0.0, 0.0, 1.0]], "ecm_transform": [[0.9909447839059642, -0.07441874170882841, -0.11175994869378236, 0.04862002074145665], [-0.12813114829258038, -0.7729198596588296, -0.6214316530256566, 0.9749771768569555], [-0.040135322183669636, 0.6301243856790896, -0.775456262135888, 0.5768517308531849], [0.0, 0.0, 0.0, 1.0]], "psm2_transform": [[-0.23477373976673166, 0.962885492180933, 0.1331646351830143, 0.0209753308372414], [0.837538588677327, 0.2699102238661632, -0.4750553478584457, -0.07482799824170361], [-0.49336639892916717, 0.0, -0.869821588837427, -0.005484189732584584], [0.0, 0.0, 0.0, 1.0]]}