{"ecm_psm_transform": [[-0.59011569506448, 0.12272037426374215, -0.7979368246792053, -0.0029445601886423766], [0.6302861372715906, -0.547592121100755, -0.5503473939900451, 0.21226569363037184], [-0.5044827564960207, -0.8276971539451754, 0.24579375449598692, -0.17683839699151552], [0.0, 0.0, 0.0, 1.0]], "suj_ecm_transform": [[0.9779126595349523, 0.20901394689846808, -1.7977789520431055e-05, 0.059201850756816554], [-0.20901394765548936, 0.9779126547733551, -9.653806091184988e-05, 1.0329741637958674], [-2.597093260229128e-06, 9.816340065043911e-05, 0.9999999951786009, 0.6492919176772731], [0.0, 0.0, 0.0, 1.0]], "suj_psm2_transform": [[0.14794660852127897, -0.985236661683798, -0.08614244889261635, -0.0068374552408926315], [-0.7296091684599482, -0.16753122325682387, 0.6630262065207191, 0.2768909704805283], [-0.6676692761586641, -0.03524215810982406, -0.7436233777696394, -0.2201707073588144], [0.0, 0.0, 0.0, 1.0]], "ecm_transform": [[0.990938329453831, -0.07445766893939551, -0.11179124632708093, 0.04866226844866313], [-0.12818105605924668, -0.7729161106541003, -0.6214260235610308, 0.9749677164618752], [-0.040135322183669636, 0.6301243856790896, -0.7754562621358878, 0.5768435906836362], [0.0, 0.0, 0.0, 1.0]], "psm2_transform": [[-0.21034052336229936, 0.9703122549534853, 0.11937751931899344, 0.01879548282722925], [0.8438754091327121, 0.24185559304486356, -0.47893649471930533, -0.0754065146702864], [-0.493590070901727, 0.0, -0.8696946831545127, -0.005464204625224876], [0.0, 0.0, 0.0, 1.0]]}